{"NPM1 Subtype":{"min":-37.0,"max":37.0,"top_text":"Committed NPM1 Subtype","bottom_text":"Primative NPM1 Subtype","map":{"UQCRFS1":-0.49368966531224734,"HSPA9":-2.5132734144160525,"CS":-1.850068308565346,"COX5A":-0.0912481299382667,"UQCRB":-2.5495258250937733,"CLPP":-0.39062562953059843,"COX8A":0.4680638686980566}},"Overall Survival":{"min":-6.0,"max":6.0,"top_text":"High Survival Correlation","bottom_text":"Low Survival Correlation","map":{"UQCRB":2.4868271595342466,"CLPP":0.2137204635743449,"UQCRFS1":1.0638431467173055,"COX8A":0.894554036224755,"CS":0.443087791218423,"COX5A":0.3391024028103507,"HSPA9":1.2464076866493112}},"Blast Percent":{"min":-11.0,"max":11.0,"top_text":"High Blast Percent Correlation","bottom_text":"Low Blast Percent Correlation","map":{"CLPP":1.4695157069569262,"COX8A":-0.768880794484098,"COX5A":0.6845688229481113,"HSPA9":2.00678707596388,"UQCRB":0.985800360678504,"UQCRFS1":1.260132430115625,"CS":1.125905481821006}},"MuSiC CD14 Mono":{"min":-50.0,"max":50.0,"top_text":"High CD14 Mono Correlation","bottom_text":"Low CD14 Mono Correlation","map":{"COX8A":-0.126146137004691,"CS":-1.4501864816626708,"COX5A":0.2648524131197143,"CLPP":-0.6394174915155585,"UQCRFS1":-0.37053921472764745,"HSPA9":-3.170139798242404,"UQCRB":-2.031372126878803}},"Mutation FLT3 ITD":{"min":-10.0,"max":10.0,"top_text":"High FLT3 ITD Correlation","bottom_text":"Low FLT3 ITD Correlation","map":{"CS":-1.2075195041230298,"UQCRB":2.9803493778743717,"UQCRFS1":1.6826617982525498,"HSPA9":1.4528862874312167,"CLPP":1.723796926770455,"COX5A":2.2103108331551917,"COX8A":0.4376282038966664}},"Mutation NPM1":{"min":-30.0,"max":30.0,"top_text":"High NPM1 Correlation","bottom_text":"Low NPM1 Correlation","map":{"UQCRFS1":0.7710882611850347,"CLPP":1.2089139134388258,"CS":-1.2210554487371215,"COX5A":1.4408743086420104,"UQCRB":-0.31150850444539796,"HSPA9":-0.24377381089369762,"COX8A":-0.29969750753842095}}}