{"NPM1 Subtype":{"min":-37.0,"max":37.0,"top_text":"Committed NPM1 Subtype","bottom_text":"Primative NPM1 Subtype","map":{"COMMD2":7.47625020479409,"CCDC93":7.075671947222225,"COMMD6":2.8020263623630264,"COMMD5":6.580719385200754,"VPS26C":5.690240575846372,"COMMD8":9.208439387828573,"COMMD4":9.223004631110626,"CCDC22":9.755688811882381,"COMMD7":7.085311614100784,"COMMD10":5.988420742704395,"VPS29":6.6084231548273165,"COMMD1":7.545236192416645,"VPS35L":6.765553514381913,"DENND10":3.953822096804194,"COMMD3":0.0}},"Blast Percent":{"min":-11.0,"max":11.0,"top_text":"High Blast Percent Correlation","bottom_text":"Low Blast Percent Correlation","map":{"VPS26C":-0.4888960829231388,"COMMD10":-0.15328226322718533,"COMMD5":0.49210141286073766,"COMMD6":0.6757448483697164,"COMMD8":-0.8185305228155537,"VPS29":0.13246331104539896,"CCDC93":0.5049578991494926,"COMMD7":0.09677491528878403,"CCDC22":0.20373496063370355,"VPS35L":0.4243839478432036,"COMMD2":0.7160645782734987,"DENND10":0.1170939641350091,"COMMD3":0.0,"COMMD4":-0.6322473373083426,"COMMD1":-0.7226583978630516}},"Overall Survival":{"min":-6.0,"max":6.0,"top_text":"High Survival Correlation","bottom_text":"Low Survival Correlation","map":{"COMMD6":0.2579325061649042,"COMMD1":-0.2952927904696657,"VPS26C":0.12929300713925243,"VPS35L":0.11761046548846794,"COMMD3":0.0,"DENND10":-0.4648010902040649,"COMMD7":0.1819601535483594,"CCDC93":0.2202027198144714,"VPS29":-0.7778905992406077,"COMMD10":0.484270734935356,"COMMD4":0.040071603050989876,"CCDC22":-0.08493504387932033,"COMMD5":-0.1509696890145803,"COMMD8":0.11345227380994262,"COMMD2":0.5573031555632894}},"MuSiC CD14 Mono":{"min":-50.0,"max":50.0,"top_text":"High CD14 Mono Correlation","bottom_text":"Low CD14 Mono Correlation","map":{"COMMD8":12.371260635199285,"COMMD4":11.949224956420501,"COMMD10":7.973634759069626,"COMMD2":9.554831774916309,"COMMD1":9.338963824949554,"VPS35L":11.227944143351575,"CCDC93":11.02771661795474,"COMMD5":8.658326326569387,"COMMD6":5.393154816532634,"CCDC22":13.779260715183959,"COMMD7":11.517288687555002,"VPS26C":6.579618359918953,"VPS29":8.58030516877181,"COMMD3":0.0,"DENND10":5.750357267580391}},"Mutation FLT3 ITD":{"min":-10.0,"max":10.0,"top_text":"High FLT3 ITD Correlation","bottom_text":"Low FLT3 ITD Correlation","map":{"CCDC93":2.557064745092291,"CCDC22":2.157970320683464,"VPS26C":3.291423359724646,"VPS35L":2.7546498592967628,"COMMD6":1.982605468661448,"COMMD3":0.0,"COMMD8":-0.09864541281635343,"COMMD2":2.8943281234639664,"COMMD7":2.5861602931470458,"VPS29":-0.38026168287318907,"DENND10":2.408286499946695,"COMMD4":0.7948016225172744,"COMMD1":3.2564749503206305,"COMMD10":1.5197375811505152,"COMMD5":1.6871014747455966}},"Mutation NPM1":{"min":-30.0,"max":30.0,"top_text":"High NPM1 Correlation","bottom_text":"Low NPM1 Correlation","map":{"CCDC22":5.757707233759037,"COMMD3":0.0,"COMMD10":3.2979686955608867,"DENND10":2.9206561969175038,"COMMD2":3.5559746536676973,"CCDC93":6.870773503356418,"VPS29":1.7572657974100843,"COMMD7":3.354275172359143,"VPS35L":7.998801410093294,"COMMD4":2.6591491837207224,"COMMD6":3.698515859937729,"COMMD1":2.897651941775906,"COMMD8":1.2984542496534528,"VPS26C":3.5847218901767746,"COMMD5":4.698155549699295}}}