{"NPM1 Subtype":{"min":-37.0,"max":37.0,"top_text":"Committed NPM1 Subtype","bottom_text":"Primative NPM1 Subtype","map":{"S100A8":16.612739689259254,"S100A12":10.773738300548397,"S100A9":16.32157484099056,"CR1":16.546507815637604,"LRRK2":16.56766263389641,"C5AR1":20.443010774912853,"ADGRE3":10.58045039308085,"FPR1":15.124582064372433}},"Overall Survival":{"min":-6.0,"max":6.0,"top_text":"High Survival Correlation","bottom_text":"Low Survival Correlation","map":{"FPR1":-1.8451323179379087,"ADGRE3":-0.02214028988320754,"CR1":-0.28001638353397307,"S100A8":-0.4830674302025152,"C5AR1":-0.07654769095433445,"S100A9":-0.23830462424115587,"S100A12":-0.1696207526049155,"LRRK2":0.5663779300424407}},"Mutation NPM1":{"min":-30.0,"max":30.0,"top_text":"High NPM1 Correlation","bottom_text":"Low NPM1 Correlation","map":{"C5AR1":0.13640271729085762,"ADGRE3":0.38658540190630086,"S100A12":-2.432761729835104,"FPR1":0.2704380823394476,"CR1":1.2138728080165448,"LRRK2":-0.1844384562449975,"S100A8":-1.9797069615275174,"S100A9":-2.2988673507799655}},"Blast Percent":{"min":-11.0,"max":11.0,"top_text":"High Blast Percent Correlation","bottom_text":"Low Blast Percent Correlation","map":{"S100A8":-9.031405664331206,"S100A12":-8.58183340517275,"C5AR1":-5.416288521531332,"ADGRE3":-3.913304857367371,"LRRK2":-4.868075224987361,"FPR1":-3.0308427383209424,"CR1":-3.0011071806911587,"S100A9":-9.878657917074811}},"MuSiC CD14 Mono":{"min":-50.0,"max":50.0,"top_text":"High CD14 Mono Correlation","bottom_text":"Low CD14 Mono Correlation","map":{"ADGRE3":11.610579878787798,"S100A9":20.68058472030229,"S100A8":23.248745794365977,"CR1":19.117304166451323,"S100A12":11.983901576761205,"FPR1":24.1128360842872,"LRRK2":25.381118218009846,"C5AR1":27.309197415501416}},"Mutation FLT3 ITD":{"min":-10.0,"max":10.0,"top_text":"High FLT3 ITD Correlation","bottom_text":"Low FLT3 ITD Correlation","map":{"S100A9":-1.1137848617687773,"C5AR1":-0.7406060277987441,"S100A8":-1.188206156875096,"LRRK2":-0.30782610109903563,"FPR1":-0.1716659637125416,"CR1":-0.06764524156321385,"ADGRE3":0.6411132194341965,"S100A12":-1.5655865968234972}}}