{"Overall Survival":{"min":-6.0,"max":6.0,"top_text":"High Survival Correlation","bottom_text":"Low Survival Correlation","map":{"SH3BP1":0.7749091994819717,"ARHGAP27":0.5072628762619831,"PLCB2":1.8179594588684018,"RGS14":0.2693326056321631,"SIPA1":0.9491718197982356,"ARHGAP9":-0.04185608271033079}},"Blast Percent":{"min":-11.0,"max":11.0,"top_text":"High Blast Percent Correlation","bottom_text":"Low Blast Percent Correlation","map":{"SH3BP1":-1.0603487195936083,"ARHGAP27":-2.870828028853152,"SIPA1":-1.7933570392065759,"ARHGAP9":-2.582558991805526,"RGS14":-2.4721437053750717,"PLCB2":-0.7796803993013985}},"Mutation NPM1":{"min":-30.0,"max":30.0,"top_text":"High NPM1 Correlation","bottom_text":"Low NPM1 Correlation","map":{"ARHGAP27":0.03979593038792623,"SIPA1":-0.20209628049621878,"ARHGAP9":-0.41609374198423604,"PLCB2":0.7738895101022252,"SH3BP1":2.126417543906806,"RGS14":3.710569362712673}},"NPM1 Subtype":{"min":-37.0,"max":37.0,"top_text":"Committed NPM1 Subtype","bottom_text":"Primative NPM1 Subtype","map":{"PLCB2":3.4714980190110802,"ARHGAP27":14.206132911276503,"RGS14":11.735608946905295,"SH3BP1":8.775555863320365,"SIPA1":3.7904967026773626,"ARHGAP9":6.77585458597015}},"Mutation FLT3 ITD":{"min":-10.0,"max":10.0,"top_text":"High FLT3 ITD Correlation","bottom_text":"Low FLT3 ITD Correlation","map":{"SH3BP1":-0.18986278516761168,"SIPA1":-0.33912518849589657,"ARHGAP9":-0.7361304892693097,"RGS14":1.7838809892189087,"PLCB2":0.2970901190438887,"ARHGAP27":0.1891539962684581}},"MuSiC CD14 Mono":{"min":-50.0,"max":50.0,"top_text":"High CD14 Mono Correlation","bottom_text":"Low CD14 Mono Correlation","map":{"RGS14":14.702947926365745,"ARHGAP27":13.771860732365552,"SH3BP1":11.542878913563653,"PLCB2":6.399845591209565,"SIPA1":4.478476327631307,"ARHGAP9":10.630450387791536}}}