{"Mutation FLT3 ITD":{"min":-10.0,"max":10.0,"top_text":"High FLT3 ITD Correlation","bottom_text":"Low FLT3 ITD Correlation","map":{"MIA3":0.3729972206290923,"SEC11A":-0.4906962281949859,"SPCS3":-0.26955049241404266,"SEC61A1":0.0923583004694661,"SSR3":0.14975281107010277,"TXNDC11":-0.7553560993428469,"MIA2":0.053736138638229965}},"Mutation NPM1":{"min":-30.0,"max":30.0,"top_text":"High NPM1 Correlation","bottom_text":"Low NPM1 Correlation","map":{"SEC11A":-0.4424912269009379,"SPCS3":0.6598699278526087,"MIA3":-0.2963906752291445,"MIA2":-0.5570774202637462,"SSR3":0.3418926832289491,"SEC61A1":0.37909031734077525,"TXNDC11":-0.5022195078461875}},"NPM1 Subtype":{"min":-37.0,"max":37.0,"top_text":"Committed NPM1 Subtype","bottom_text":"Primative NPM1 Subtype","map":{"SPCS3":4.759693819125096,"SEC61A1":0.725836348467317,"SEC11A":2.651077545241421,"MIA3":0.0514120471758986,"SSR3":0.536008430390255,"MIA2":-0.3886893608002013,"TXNDC11":0.754408923365387}},"MuSiC CD14 Mono":{"min":-50.0,"max":50.0,"top_text":"High CD14 Mono Correlation","bottom_text":"Low CD14 Mono Correlation","map":{"SEC11A":2.104465225047795,"MIA2":0.37831279551192143,"SEC61A1":0.8164262158908863,"TXNDC11":0.9686204760964526,"MIA3":0.05504844875566271,"SPCS3":6.889074960072013,"SSR3":0.42490713958655957}},"Blast Percent":{"min":-11.0,"max":11.0,"top_text":"High Blast Percent Correlation","bottom_text":"Low Blast Percent Correlation","map":{"SSR3":-0.45897956434742815,"SEC61A1":-0.06651398094308174,"TXNDC11":-1.2691783107386503,"MIA3":-0.9444943799037876,"SEC11A":-1.6785707211207723,"SPCS3":-1.806122322268004,"MIA2":-0.9365464249505612}},"Overall Survival":{"min":-6.0,"max":6.0,"top_text":"High Survival Correlation","bottom_text":"Low Survival Correlation","map":{"MIA3":0.4306896469548568,"MIA2":0.9974870765225774,"SEC61A1":1.0919723319359687,"TXNDC11":0.1773271768297225,"SEC11A":0.14131862862746986,"SPCS3":0.006336432981994319,"SSR3":0.7311270747761731}}}