{"Mutation NPM1":{"min":-30.0,"max":30.0,"top_text":"High NPM1 Correlation","bottom_text":"Low NPM1 Correlation","map":{"ARCN1":1.9430389447666199,"SEC24D":4.792239778104236,"SND1":5.273642643334842,"COPE":1.6171408243176646,"COPB1":2.723266249015639,"COPA":2.179975643904687,"SEC24C":6.045044665369259,"SEC31A":5.754227500411292}},"Overall Survival":{"min":-6.0,"max":6.0,"top_text":"High Survival Correlation","bottom_text":"Low Survival Correlation","map":{"COPE":-0.48269694432986376,"COPA":-0.12390698827896839,"SEC31A":-0.37625156987550884,"ARCN1":0.10212089540570427,"SEC24D":-0.47507115634237945,"SND1":-0.045779185873273245,"COPB1":0.05547447994275629,"SEC24C":0.2590440397602164}},"NPM1 Subtype":{"min":-37.0,"max":37.0,"top_text":"Committed NPM1 Subtype","bottom_text":"Primative NPM1 Subtype","map":{"COPE":4.413985479403299,"SEC24D":6.612888838166192,"COPA":8.188973403615647,"SND1":1.2884549310497515,"SEC24C":2.550658983760188,"ARCN1":3.8983564691639243,"COPB1":4.632683499775661,"SEC31A":2.896361364092904}},"Blast Percent":{"min":-11.0,"max":11.0,"top_text":"High Blast Percent Correlation","bottom_text":"Low Blast Percent Correlation","map":{"SEC31A":0.5676933913043383,"SEC24D":-0.14918886196252482,"SND1":-0.027636527905586773,"COPA":-0.40776821967265975,"SEC24C":0.09164457040912236,"COPE":-0.26547325252457094,"COPB1":-0.6656693622464817,"ARCN1":-0.054812928233737436}},"MuSiC CD14 Mono":{"min":-50.0,"max":50.0,"top_text":"High CD14 Mono Correlation","bottom_text":"Low CD14 Mono Correlation","map":{"SND1":2.700395953366487,"ARCN1":7.837201102697319,"COPE":7.956184738590105,"COPA":12.663181198732282,"SEC31A":5.731384162773265,"COPB1":8.709704446816756,"SEC24D":13.008519080317926,"SEC24C":6.791000766504295}},"Mutation FLT3 ITD":{"min":-10.0,"max":10.0,"top_text":"High FLT3 ITD Correlation","bottom_text":"Low FLT3 ITD Correlation","map":{"COPB1":1.3472150078584273,"SEC31A":1.5709391989823096,"SND1":5.1057207311253565,"ARCN1":1.3456627959410719,"SEC24C":1.9848691305596293,"COPA":0.826836817245681,"SEC24D":2.545603978354736,"COPE":0.6844538864014061}}}