{"Overall Survival":{"min":-6.0,"max":6.0,"top_text":"High Survival Correlation","bottom_text":"Low Survival Correlation","map":{"ATAD2":-1.1209407394811495,"CHAF1B":-0.10499204523455148,"H4C4":0.0,"H3C7":0.0,"H2BC6":0.0,"H4C9":0.0,"H4C13":0.0,"H4C1":0.0,"ATAD5":0.22109253082186764,"BARD1":-0.4640280754711098,"HELLS":-0.2712742470257146,"H2BC10":0.0,"H4C8":0.0,"H3C8":0.0}},"MuSiC CD14 Mono":{"min":-50.0,"max":50.0,"top_text":"High CD14 Mono Correlation","bottom_text":"Low CD14 Mono Correlation","map":{"BARD1":-0.38424077277492347,"H3C7":0.0,"H4C9":0.0,"H4C4":0.0,"H2BC10":0.0,"H4C1":0.0,"ATAD5":-0.02318990725390716,"CHAF1B":-0.8490957139286119,"ATAD2":0.3544315214515391,"H4C13":0.0,"H3C8":0.0,"H2BC6":0.0,"H4C8":0.0,"HELLS":-1.0408594473783581}},"Mutation NPM1":{"min":-30.0,"max":30.0,"top_text":"High NPM1 Correlation","bottom_text":"Low NPM1 Correlation","map":{"H3C8":0.0,"BARD1":-2.1858492652884407,"H4C4":0.0,"H4C8":0.0,"H4C13":0.0,"H2BC6":0.0,"H3C7":0.0,"H4C9":0.0,"ATAD5":-2.643003685905105,"HELLS":-1.9401688026851103,"CHAF1B":-1.4922894246731504,"H2BC10":0.0,"H4C1":0.0,"ATAD2":0.6569625893366446}},"Mutation FLT3 ITD":{"min":-10.0,"max":10.0,"top_text":"High FLT3 ITD Correlation","bottom_text":"Low FLT3 ITD Correlation","map":{"ATAD5":-2.049054732670422,"H2BC10":0.0,"BARD1":-0.8075049370269058,"CHAF1B":-1.3617989024904178,"H4C1":0.0,"H4C4":0.0,"H3C7":0.0,"ATAD2":0.2213953042123065,"H2BC6":0.0,"H4C9":0.0,"HELLS":-1.053437218123235,"H4C13":0.0,"H4C8":0.0,"H3C8":0.0}},"Blast Percent":{"min":-11.0,"max":11.0,"top_text":"High Blast Percent Correlation","bottom_text":"Low Blast Percent Correlation","map":{"H2BC6":0.0,"H4C8":0.0,"H4C9":0.0,"H4C1":0.0,"H2BC10":0.0,"ATAD5":-0.4219835804351562,"ATAD2":-0.1320097305452917,"CHAF1B":-0.6982775654482742,"HELLS":-0.27620395478124,"H4C13":0.0,"BARD1":-1.2704626115685969,"H3C8":0.0,"H3C7":0.0,"H4C4":0.0}},"NPM1 Subtype":{"min":-37.0,"max":37.0,"top_text":"Committed NPM1 Subtype","bottom_text":"Primative NPM1 Subtype","map":{"HELLS":-0.06442921147733686,"H4C8":0.0,"BARD1":0.29048509841799475,"H2BC6":0.0,"H4C9":0.0,"H3C8":0.0,"ATAD5":0.7102387838483634,"CHAF1B":-0.06344185166517675,"H4C13":0.0,"ATAD2":0.26608733428721176,"H4C1":0.0,"H3C7":0.0,"H4C4":0.0,"H2BC10":0.0}}}