{"NPM1 Subtype":{"min":-37.0,"max":37.0,"top_text":"Committed NPM1 Subtype","bottom_text":"Primative NPM1 Subtype","map":{"TNFAIP2":22.391681870885204,"ANKRD44":15.506870081862171,"DMXL2":8.594686433669906,"HSPA2":-0.8414553448568982,"DPYSL2":7.50708423141782,"NAAA":10.871486465305452,"SPG11":1.1941704712669998,"POMGNT1":-4.1422441427263665,"SPINT1":3.8653534069170963,"LY86":11.403846635184195,"TSPYL1":0.0,"TXNDC11":0.754408923365387,"NPTN":5.3813604416668515,"CNIH4":3.9155672895603506,"SQOR":11.452545825555195,"DNAJC5":10.73333268017894,"GRN":5.779800207397377,"FBXO6":2.5587762026512535,"GGT7":0.5162534062846117,"LGALS3":13.84404584297216,"NBEAL2":17.686115755963275,"ABHD6":5.028023844784436,"CLEC2B":-0.03909411139779473,"FIG4":1.2817607059210323,"SLC15A4":9.65824689221112,"BSG":5.545907414789077,"HGFAC":0.0,"NDRG2":5.328679983593518,"ATP6V0D1":19.605570631556883,"FAM174A":1.025289250211505,"ATP2B4":0.6517790330936445,"ATP6V1H":6.179913771060044,"UBE2D1":0.0,"DOP1B":6.618147147695052,"ATP6AP2":3.597205606233515,"SETX":0.8932653911460896,"ERO1A":12.083252848858335,"XPO6":2.7324422922195533,"DHRS7":0.4437141271890355,"ATP2B1":3.786339804321688,"GNS":6.23463108259876,"TUBA4A":2.011480242204897,"MTCH1":0.31561017280406983,"HLA-E":1.2496370633737686,"SMCO4":0.0,"CCR1":24.58489212417773,"SLC4A3":0.0,"TRIP13":2.086301639653522,"FAR2":3.253762890313145,"IL17RA":15.036429700586773,"ADAM10":14.848653506984187}},"Blast Percent":{"min":-11.0,"max":11.0,"top_text":"High Blast Percent Correlation","bottom_text":"Low Blast Percent Correlation","map":{"LY86":-0.4450624977936947,"DMXL2":-1.3854457490195784,"GGT7":-0.8165741912960279,"BSG":-3.822718729706639,"SPG11":0.02681187489491069,"ATP2B1":-0.21749591723322204,"SETX":0.13062666960717942,"SLC4A3":0.0,"GRN":-0.9375401688273576,"TSPYL1":0.0,"POMGNT1":-0.13104065934534606,"XPO6":-1.7135789859386115,"NDRG2":-4.44935280905636,"SQOR":-2.2815230661933614,"SMCO4":0.0,"ABHD6":-0.5273070383171006,"SPINT1":-0.10070239901437204,"LGALS3":-2.543771976681929,"NAAA":-1.32180489147079,"ATP2B4":-3.6377026832660473,"UBE2D1":0.0,"CNIH4":-2.6018904417446307,"ADAM10":-1.5509924858962971,"DHRS7":-0.3142774196153831,"ANKRD44":-1.9424202107704167,"CCR1":-1.7725283504955869,"DOP1B":-0.9533307820389493,"DNAJC5":-3.616107663485694,"SLC15A4":-1.779286763691725,"DPYSL2":-1.0029187202413685,"ATP6V0D1":-2.4161762487592506,"TNFAIP2":-2.617672701592341,"FBXO6":-3.530255627097528,"TXNDC11":-1.2691783107386503,"ATP6V1H":-2.3194711614117973,"NBEAL2":-6.75234754167965,"CLEC2B":-0.5726409872063255,"FAM174A":-1.338934196316411,"HGFAC":0.0,"ATP6AP2":-3.653226339470858,"ERO1A":-2.732420263536658,"HSPA2":-1.9247468772000502,"MTCH1":0.08361495468951106,"FAR2":-1.5515908132693392,"IL17RA":-0.8399715377597017,"HLA-E":-2.403380101100061,"TRIP13":-3.1944496220757745,"NPTN":-2.8260057430168004,"FIG4":-0.06988601783269008,"GNS":-0.07350653326999342,"TUBA4A":-0.7757433780640055}},"Overall Survival":{"min":-6.0,"max":6.0,"top_text":"High Survival Correlation","bottom_text":"Low Survival Correlation","map":{"TUBA4A":0.7238809664436333,"CLEC2B":0.04423856051215704,"DHRS7":0.631455870815674,"BSG":-0.4579742810334648,"SLC15A4":0.23371809670704025,"ABHD6":0.6324455020752584,"FAM174A":-0.1559280172248279,"CNIH4":-0.5008223702947905,"NBEAL2":-0.005238590973167136,"DOP1B":0.017470627904535373,"NDRG2":0.6626374040829229,"GRN":0.393962026382676,"POMGNT1":-0.22479129889830096,"SLC4A3":0.0,"NAAA":2.07120434843042,"LGALS3":-0.14825497683245417,"FIG4":-0.12344584516344778,"ATP6AP2":0.758555838414889,"ATP6V1H":-0.5885076324021533,"GGT7":0.6762139747427632,"TNFAIP2":-0.05101934144066145,"TSPYL1":0.0,"DNAJC5":-0.1066486579191146,"SPG11":0.21823127477192347,"NPTN":0.7454992539474278,"ATP2B4":0.014512333713542512,"SQOR":0.2188581968088948,"ERO1A":0.04499163955300697,"XPO6":-1.4258706078624013,"CCR1":-0.062432581439242456,"HSPA2":-0.6983826675971863,"HLA-E":0.4271426940962579,"TRIP13":-0.37004401365024153,"SMCO4":0.0,"ADAM10":0.6390980325993864,"MTCH1":-0.42261815646548956,"DMXL2":-0.35072941375426964,"FAR2":-0.5424428466655278,"IL17RA":0.3375888550375257,"ATP6V0D1":0.024285793421289916,"LY86":2.761590391925081,"TXNDC11":0.1773271768297225,"FBXO6":-0.042173037120826956,"UBE2D1":0.0,"DPYSL2":-0.10568040250418088,"GNS":-0.3979707499201582,"ANKRD44":0.49619563690570756,"ATP2B1":0.13677978151761397,"HGFAC":0.0,"SPINT1":-0.09486489646638116,"SETX":0.6307074982660928}},"Mutation NPM1":{"min":-30.0,"max":30.0,"top_text":"High NPM1 Correlation","bottom_text":"Low NPM1 Correlation","map":{"ATP6V0D1":0.7219538481460559,"ATP6V1H":3.062312335415783,"ATP6AP2":-1.2834900551622628,"TXNDC11":-0.5022195078461875,"DHRS7":-0.44079587825858607,"LY86":0.527195623078376,"SPG11":-0.05927220681754549,"FIG4":-1.2501591880513248,"SLC15A4":-0.32925244598956405,"TUBA4A":-0.3503759272196864,"TNFAIP2":3.30595760481882,"CNIH4":-0.10724826076503666,"ERO1A":2.5941119442805913,"HGFAC":0.0,"ATP2B4":-2.644183428118307,"SQOR":-0.1883185674371157,"CCR1":2.355662390331561,"NPTN":-0.2629323335872009,"DNAJC5":-0.08751682033151269,"GGT7":0.514205534218168,"NAAA":0.4902535665471531,"CLEC2B":-0.01592151186178507,"UBE2D1":0.0,"HSPA2":-6.252953676945994,"MTCH1":6.25076045873171,"POMGNT1":-0.29387920901062625,"HLA-E":-0.2670929180764699,"TRIP13":-2.9670801874398234,"FAR2":-0.3053345662371015,"IL17RA":0.0492420061233107,"ADAM10":-0.007632251591465483,"DOP1B":0.27566229454562086,"SMCO4":0.0,"FBXO6":-3.85283664116332,"GNS":1.2369362655524874,"ABHD6":1.6681390897756585,"FAM174A":0.15779150196411845,"DPYSL2":-1.8843977324429768,"NBEAL2":0.13142690555299064,"XPO6":-0.2637601038041232,"SLC4A3":0.0,"SPINT1":0.18488289784417983,"BSG":-0.10233524183158392,"GRN":0.14563552784451594,"LGALS3":0.9427948333775169,"NDRG2":-1.8299329043942785,"ANKRD44":0.14535804217796622,"TSPYL1":0.0,"ATP2B1":2.0960255841529407,"SETX":0.23700056777778314,"DMXL2":11.165133347350414}},"MuSiC CD14 Mono":{"min":-50.0,"max":50.0,"top_text":"High CD14 Mono Correlation","bottom_text":"Low CD14 Mono Correlation","map":{"SPG11":1.709932820966047,"NAAA":9.17402313538953,"SMCO4":0.0,"CCR1":31.732739726773776,"BSG":7.5157955712584466,"HGFAC":0.0,"POMGNT1":-4.19482762581567,"SLC4A3":0.0,"ANKRD44":17.516548946410108,"NPTN":8.751692144433962,"GRN":6.9470003324956675,"ATP2B4":1.3303097086933997,"NDRG2":5.184123770311435,"SETX":0.8262775844801823,"LY86":9.466783408450729,"TUBA4A":2.4059803074474804,"ATP6V1H":13.53659905284412,"CNIH4":3.4589035850294283,"FBXO6":1.9174153693487372,"NBEAL2":24.019426002514923,"MTCH1":2.22338146874097,"TRIP13":1.6205248770692837,"ERO1A":16.25350520381547,"SLC15A4":8.320577663930651,"FAR2":3.258799152666022,"ABHD6":8.298421910552735,"SQOR":13.274121638672433,"TXNDC11":0.9686204760964526,"HLA-E":1.4254590003648007,"DMXL2":13.292242017450496,"GNS":10.065270339426933,"FAM174A":0.10138898671907344,"ADAM10":17.46350644584154,"TNFAIP2":36.67983774044464,"CLEC2B":0.011002904305121608,"ATP6V0D1":28.928199059841,"FIG4":1.3550126820300716,"ATP6AP2":4.564533912527659,"UBE2D1":0.0,"GGT7":0.44293424723788083,"SPINT1":5.304669432732423,"HSPA2":-0.07473708110916673,"DPYSL2":7.192625285734037,"DOP1B":7.584025929583892,"IL17RA":15.698120922361307,"DHRS7":0.4705124812206501,"LGALS3":18.975775394376473,"DNAJC5":13.200905355777923,"TSPYL1":0.0,"XPO6":4.79524625161259,"ATP2B1":4.167220996632741}},"Mutation FLT3 ITD":{"min":-10.0,"max":10.0,"top_text":"High FLT3 ITD Correlation","bottom_text":"Low FLT3 ITD Correlation","map":{"UBE2D1":0.0,"ANKRD44":-0.1258160925435239,"MTCH1":1.5065874418045708,"ATP6V0D1":-0.05345833036294946,"ATP2B1":1.9124288955593072,"HGFAC":0.0,"FAR2":-0.5869315677371291,"NAAA":0.6764047975356096,"TUBA4A":0.2560003352207654,"ATP2B4":-0.3904293092981971,"TNFAIP2":0.6913106098143657,"SLC15A4":-0.1275295930534843,"CNIH4":-1.9458642029294249,"ATP6AP2":-1.1780678576302184,"SETX":-0.8594006173007888,"DOP1B":0.0679461924613349,"LY86":-0.21980873210924676,"SQOR":-0.048532749294216734,"TXNDC11":-0.7553560993428469,"CLEC2B":0.14086047273114555,