{"Blast Percent":{"min":-11.0,"max":11.0,"top_text":"High Blast Percent Correlation","bottom_text":"Low Blast Percent Correlation","map":{"WTAP":6.946979721186231,"CBX3":2.5834295058211407,"PRPF40A":5.40801693285261,"H4C8":0.0,"H4C12":0.0,"MDC1":3.5036569781819322,"DLST":1.8057869505691702,"SETD2":4.286183235742444,"THRAP3":5.912059964902058,"GPATCH8":5.354403752657938,"H4C1":0.0,"YLPM1":4.881595689449425,"KMT2B":1.5384759967454373,"MSL1":4.334396327292402,"SPEN":8.437406839422113,"SETD1A":4.86152102162358,"H4C14":0.0,"SRCAP":5.7254554201821435,"TERF2IP":0.009415235925002948,"TP53BP1":5.981875617955371,"SMARCD2":6.044608791388337,"RPRD2":3.908403083713469,"SAFB":8.257816391889605,"ZC3H18":4.773065165538689,"MFAP1":5.992992386123438,"PAXIP1":1.9103391032761898,"SF3B1":7.856372888365048,"UIMC1":4.1551757037114685,"BRD8":8.499102393018452,"GATAD2B":7.306468452924173,"ABRAXAS1":5.020778901418759,"NCOR1":5.671386985166215,"SNRNP70":6.612830368714271,"TRIM28":3.596496680403605,"ZMYM3":5.232096884569037,"THOC2":7.62195080180739,"BRD4":1.288643145429348,"SF3B2":5.462434374177221,"H2BC21":0.0,"ATF2":3.526578704960488,"PHF3":4.69491194398458,"U2SURP":7.130052439934695,"H4C2":0.0,"VIRMA":8.143531663575498,"H4C11":0.0,"CHERP":6.777348758588681,"RNPS1":4.288631825669551,"RBM15":5.19944055679582,"CDC5L":6.328344057248915,"RBM22":7.430968381258073,"H4C15":0.0}},"MuSiC CD14 Mono":{"min":-50.0,"max":50.0,"top_text":"High CD14 Mono Correlation","bottom_text":"Low CD14 Mono Correlation","map":{"GPATCH8":-12.507688949017627,"SNRNP70":-13.124917924756467,"RPRD2":-11.75371065725668,"RNPS1":-5.81073188721547,"BRD4":-3.6745782819782855,"RBM22":-5.0810217357185765,"SETD2":-6.129124444358718,"WTAP":-8.467881615403295,"VIRMA":-5.414485281507812,"THOC2":-12.697354747253774,"MFAP1":-10.960544020458233,"SPEN":-11.109466250930998,"YLPM1":-14.303236149967566,"H4C12":0.0,"BRD8":-19.26886437419618,"H4C8":0.0,"H4C15":0.0,"H4C14":0.0,"RBM15":-6.8700639845367695,"U2SURP":-13.914474476031721,"DLST":-7.240087317538189,"SAFB":-8.546536827716121,"ZMYM3":-14.60444011047265,"MDC1":-8.248967719141568,"UIMC1":-5.960919820385288,"H4C1":0.0,"SMARCD2":-7.795983039301425,"SETD1A":-13.385499493480857,"NCOR1":-10.729707508059045,"ATF2":-7.3149062069486295,"ZC3H18":-1.8285149597911978,"SF3B2":-6.5437971525084935,"KMT2B":-3.1105668139077998,"PRPF40A":-8.369553322138534,"ABRAXAS1":-5.563852836316466,"MSL1":-6.910260718515263,"THRAP3":-13.39729185981493,"TRIM28":-23.59451698900753,"H4C2":0.0,"SF3B1":-8.234828562810192,"SRCAP":-10.333932085330014,"H2BC21":0.0,"H4C11":0.0,"CBX3":-6.188760738396074,"PHF3":-12.961577679336992,"TP53BP1":-24.199875826740755,"CDC5L":-7.248921855788634,"GATAD2B":-13.030963578465911,"CHERP":-6.678908378064853,"TERF2IP":-9.367478038725217,"PAXIP1":-1.0777402434591625}},"Overall Survival":{"min":-6.0,"max":6.0,"top_text":"High Survival Correlation","bottom_text":"Low Survival Correlation","map":{"ZC3H18":-0.21155997651184122,"CBX3":-0.6915940276568578,"ABRAXAS1":-0.34509590520536043,"RNPS1":-0.3917937604318999,"H4C1":0.0,"TRIM28":0.01712886786621426,"SETD1A":-0.036437438344587694,"CDC5L":0.590713796172442,"ATF2":-0.4105669361900006,"TP53BP1":-0.2680013845905171,"GPATCH8":-1.0513914270393512,"H4C2":0.0,"GATAD2B":-0.6436371821236078,"H4C15":0.0,"KMT2B":-0.6027248199944916,"SETD2":-0.049146313032220106,"MSL1":-0.5325048299636603,"SRCAP":-0.22856096342299034,"YLPM1":-0.9832477647869127,"UIMC1":-0.7393368949377599,"TERF2IP":-0.7591388155963179,"BRD8":-0.389219802074547,"SMARCD2":-0.10947993722164369,"SPEN":-1.2009332468379275,"SF3B1":-1.0082074528948128,"H4C8":0.0,"RBM15":-2.1898042503514277,"SAFB":-1.5170437660080043,"NCOR1":-0.31043680367642557,"THOC2":-0.657389283903654,"SF3B2":-0.8333593651742467,"CHERP":-0.5296255882925027,"PRPF40A":-0.7772160717814213,"MDC1":-0.31806716692383624,"RPRD2":0.005252253327097522,"RBM22":-0.6357812190312705,"H4C14":0.0,"U2SURP":-1.2285404550175876,"THRAP3":-0.8343177302032364,"MFAP1":-0.5458868460758597,"DLST":0.6801123128339451,"H4C11":0.0,"PAXIP1":-1.8471784553811463,"VIRMA":-1.015630855050422,"SNRNP70":-1.4833865658861327,"BRD4":-0.7188798649332288,"PHF3":0.23228696044469027,"H4C12":0.0,"ZMYM3":-0.0022091250309730468,"H2BC21":0.0,"WTAP":-0.9897559023875383}},"NPM1 Subtype":{"min":-37.0,"max":37.0,"top_text":"Committed NPM1 Subtype","bottom_text":"Primative NPM1 Subtype","map":{"H4C11":0.0,"SNRNP70":-8.614781223729564,"CHERP":-6.520094541052445,"RNPS1":-7.741338951952758,"VIRMA":-7.150077191871867,"BRD8":-15.32766152937291,"SF3B1":-6.1078047150514765,"GPATCH8":-10.23422660124692,"SAFB":-6.81379768355807,"SRCAP":-7.158102160875452,"CBX3":-6.735438819020371,"MSL1":-6.678964830529186,"PAXIP1":-1.5935345379715702,"DLST":-7.5465038089841,"SETD2":-3.7716765199531093,"H4C14":0.0,"H2BC21":0.0,"THOC2":-10.284205120453366,"WTAP":-9.427918558206276,"NCOR1":-7.971317968150771,"ABRAXAS1":-6.2059762668602385,"TERF2IP":-4.4885786070861196,"GATAD2B":-10.781873787287472,"H4C15":0.0,"CDC5L":-8.499865467451796,"TRIM28":-19.651323646373296,"SMARCD2":-8.475812836430265,"H4C12":0.0,"BRD4":-4.638999711906336,"H4C8":0.0,"ZMYM3":-14.31475667647688,"UIMC1":-7.070915128864521,"TP53BP1":-19.92905316119152,"U2SURP":-12.217774903135405,"H4C2":0.0,"YLPM1":-10.687924278915172,"ATF2":-7.672828326434868,"SETD1A":-9.631502486727154,"MDC1":-6.161477820690508,"PHF3":-10.535609558550146,"KMT2B":-3.204146862490907,"MFAP1":-9.272654222988958,"RBM22":-5.460402959762077,"THRAP3":-11.60633783958746,"ZC3H18":-1.95004062605058,"RPRD2":-9.924193503434958,"SF3B2":-7.0227259154992145,"H4C1":0.0,"RBM15":-4.100300550562968,"SPEN":-8.076241060531126,"PRPF40A":-5.668242511729274}},"Mutation FLT3 ITD":{"min":-10.0,"max":10.0,"top_text":"High FLT3 ITD Correlation","bottom_text":"Low FLT3 ITD Correlation","map":{"PAXIP1":0.13477879604944137,"DLST":0.2397656492150843,"BRD4":0.18355071889476207,"BRD8":-0.1319298704896412,"H4C14":0.0,"TRIM28":0.0631033974275213,"ATF2":-0.366178571420141,"TP53BP1":1.301258928226229,"GPATCH8":0.751379332935666,"SF3B2":0.8643812312407538,"RNPS1":0.5682120555806589,"MFAP1":0.7059660165390067,"RPRD2":1.3366918281359654,"WTAP":0.5378812943933597,"ZMYM3":0.06582016940149317,"H2BC21":0.0,"MSL1":-1.1116879683090082,"PHF3":0.4354393681810527,"SMARCD2":0.4793598188832066,"SNRNP70":0.17394919618031818,"RBM22":1.643100626025834,"CHERP":1.1276041106895172,"PRPF40A":-0.21374639575262983,"KMT2B":-2.352221175389733,"NCOR1":0.666362661452385,"GATAD2B":0.5557241867833205,"H4C12":0.0,"ZC3H18":0.8406114629295045,"CBX3":0.478261421403452,"ABRAXAS1":0.22697226338861248,"VIRMA":1.7875022321328813,"YLPM1":0.7971847480772121,"THOC2":1.2298238857100545,"THRAP3":0.8283870419914378,"SF3B1":0.49391841635912165,"SAFB":1.4227725115112602,"SETD1A":-1.6354847504064904,"H4C2":0.0,"TERF2IP":0.6359385709186924,"H4C8":0.0,"SRCAP":-1.9679732634435017,"RBM15":-0.38018036921377446,"SETD2":1.966369131806711,"U2SURP":0.5157719324899414,"H4C1":0.0,"H4C11":0.0,"CDC5L":0.08920016874934106,"MDC1":-1.7276252283964555,"H4C15":0.0,"UIMC1":-0.5069287392854419,"SPEN":0.2752366798302027}},"Mutation NPM1":{"min":-30.0,"max":30.0,"top_text":"High NPM1 Correlation","bottom_text":"Low NPM1 Correlation","map":{"SPEN":1.3078489879188409,"BRD8":0.35781781576860966,"H4C12":0.0,"H4C2":0.0,"WTAP":2.9960681309152624,"KMT2B":-0.24495083072997828,"SRCAP":-0.42543630411758265,"YLPM1":1.1389748274698623,"H2BC21":0.0,"H4C11":0.0,"MSL1":-0.1816898312702574,"SETD2":1.299711490309107,"TP53BP1":0.42544576075244883,"SETD1A":-1.5844297839014674,"CHERP":2.3754877492390176,"RBM15":-0.14893277662960555,"DLST":-0.6074310112994484,"SF3B1":1.1929500894852785,"SAFB":2.818004868600563,"RBM22":3.685321625178956,"SF3B2":1.2160269148874354,"U2SURP":0.9903234435453268,"RNPS1":0.700255369968157,"ATF2":-0.030514165064743852,"PAXIP1":0.10493912975980516,"GPATCH8":0.8062495047003247,"THRAP3":0.7857285147904123,"H4C15":0.0,"CBX3":-0.18523022540010833,"H4C1":0.0,"SNRNP70":0.7777283309175462,"MFAP1":1.7091483187003957,"NCOR1":0.5091698643244498,