{"Mutation NPM1":{"min":-30.0,"max":30.0,"top_text":"High NPM1 Correlation","bottom_text":"Low NPM1 Correlation","map":{"AATF":-3.5049891950062224,"DDX21":-2.0568335082339075,"RBM19":-0.6905490960972944,"CEBPZ":-1.9544114269886197,"RPL19":-0.5955432359243552,"RPL3":-2.1174415801168673,"RPL35":-0.7033065484162377,"BMS1":-2.283805816651445,"PRKRA":0.1960858906866309,"FTSJ3":-4.891311934634959,"GTPBP4":-5.931162078751271,"WDR36":-0.3807066547895533,"NPM1":-10.934537178762957,"FBL":0.3979013124031621,"REXO4":-1.0636358644422221,"RSL1D1":-1.2245118755277333,"RPL4":-0.46807765306186916,"DDX27":-0.5372824159871957,"MAK16":-0.5516947709127192,"PPAN":0.0,"DDX56":-1.173798404637634,"DCAF13":-0.961424553612137,"RRS1":-6.764646753434744,"LARP7":1.0918054474406005,"RPL31":-0.37945355641120365,"NGDN":-1.600012205543412,"ZNF574":0.08258428567387902,"NSA2":-5.7638375639775,"NPM3":-1.164904940100829,"NOL10":-3.3633906309396395,"ZNF346":2.242042025279875,"CCDC137":-1.6260674624923772,"GNL2":-6.924320140840715,"NIFK":-2.261789793941134,"UTP15":-1.3559773661612633,"RPF2":-5.440102748704609,"KRR1":-8.223669577980502,"PDCD11":-1.5393794790680695,"NOP56":0.20947392553763705,"RBM34":-3.5145832775478247,"DKC1":0.1741933865196276,"RPL7A":0.3045067109752096,"PARP1":0.1597850710969594,"PUM3":-3.043304825488322,"ABT1":-0.3947206801511592,"DDX52":1.4633090360491567,"MPHOSPH10":-2.1006867825116036,"RPS8":0.2416929718370745,"SURF6":-10.172520681717767,"RPL13":-0.4140033473074155,"BOP1":-0.33289116334484303}},"Overall Survival":{"min":-6.0,"max":6.0,"top_text":"High Survival Correlation","bottom_text":"Low Survival Correlation","map":{"RPL3":0.9244568717507486,"WDR36":0.35113986000895786,"PARP1":-0.346483691553083,"KRR1":0.5051985211340179,"RPF2":0.29286878999740135,"RRS1":-0.0716894707535641,"AATF":-0.6694730672208477,"PDCD11":0.194309750558823,"CEBPZ":-0.024675197107666604,"NPM3":0.9739803346123868,"NIFK":0.8003144230297862,"RPL7A":0.8793248573133643,"GTPBP4":0.25898307673904336,"SURF6":0.22418623930255233,"NOP56":-0.23643080054952165,"PRKRA":-0.270353730911241,"UTP15":-0.11001355984230306,"NOL10":-0.12979627829868923,"DCAF13":-0.035877220435208405,"ZNF346":-0.44372924402726777,"RPL13":0.45050134360241867,"GNL2":0.9126564190840155,"RPL31":1.1973036373386845,"LARP7":-0.384015151740743,"DDX56":-0.08502412622525694,"RSL1D1":0.2162058356049636,"REXO4":-0.7781353219272235,"RPS8":2.581408544530062,"RPL4":2.092187270185198,"RBM34":-0.2577311208632447,"RBM19":-0.2615342644754019,"RPL19":0.6632204382620687,"ABT1":-0.022783924617919702,"FBL":-0.9098694125031116,"NSA2":0.2055237789227334,"BOP1":-2.017728796491659,"PUM3":-1.1927558889695937,"FTSJ3":0.011628932732926523,"NPM1":0.521776265381839,"DKC1":-0.9407539581713261,"BMS1":-0.034309487095320154,"DDX21":0.5859588008676385,"DDX27":0.3870628603838813,"PPAN":0.0,"RPL35":0.9411548296220251,"NGDN":-0.30195264720586357,"CCDC137":0.03846770320088716,"ZNF574":-0.44014887737512354,"MPHOSPH10":0.07565690654163985,"DDX52":-0.24585435166211134,"MAK16":-0.7097483295440539}},"MuSiC CD14 Mono":{"min":-50.0,"max":50.0,"top_text":"High CD14 Mono Correlation","bottom_text":"Low CD14 Mono Correlation","map":{"PDCD11":-17.938868161944047,"NGDN":-14.325812839880514,"RBM19":-14.361730374238364,"SURF6":-15.631332858690403,"RPL35":-0.274573470707126,"REXO4":-11.888405314522938,"BOP1":-8.659347263268932,"DDX52":-15.37082587035498,"DKC1":-14.010924546487777,"RPL3":-1.0051274634680696,"RSL1D1":-7.4660997329294005,"ABT1":-12.92928811231637,"NIFK":-8.18716442599924,"RBM34":-12.125713558834304,"NPM1":-17.855123193602328,"DDX27":-11.959576641042196,"PARP1":-19.567060190214754,"AATF":-14.853802216226006,"ZNF574":-7.659135325777937,"RPL4":-1.6443148504195038,"DCAF13":-15.234615362529238,"RRS1":-12.868403292893431,"GTPBP4":-6.23803081489971,"MPHOSPH10":-20.1639827316359,"RPL13":-1.023164646669976,"WDR36":-14.745942327634438,"UTP15":-15.627043831772365,"MAK16":-5.593746971914235,"RPL7A":0.4821725370573606,"CEBPZ":-16.719284807840733,"RPL19":-1.8504831380635396,"DDX21":-3.782395840795795,"GNL2":-6.778218465468891,"PUM3":-12.407773648544316,"RPL31":-1.00636866626139,"NOL10":-16.084405319161316,"CCDC137":-2.2807130399868467,"FTSJ3":-15.421110154460724,"PPAN":0.0,"PRKRA":-12.55123585574052,"NPM3":-4.738977453367207,"FBL":-8.97889053298179,"RPS8":-0.08142716620199128,"NOP56":-12.287173456586517,"NSA2":-11.240283148408857,"BMS1":-19.79233884036587,"KRR1":-8.646648278757858,"ZNF346":-6.415767943369869,"DDX56":-12.14302180514026,"RPF2":-5.026423261862164,"LARP7":-12.105085096774983}},"NPM1 Subtype":{"min":-37.0,"max":37.0,"top_text":"Committed NPM1 Subtype","bottom_text":"Primative NPM1 Subtype","map":{"GTPBP4":-4.3629393222878345,"DDX52":-12.301028383240354,"KRR1":-5.596537760572822,"LARP7":-11.33709038402434,"CCDC137":-1.8775424718706473,"ZNF346":-8.831832713652773,"SURF6":-12.366320027592076,"RPF2":-4.618804859800483,"NPM3":-3.3972579921021238,"PPAN":0.0,"RPL13":-1.2165466715245763,"ABT1":-8.90912605826267,"RPL3":0.6710160927774381,"UTP15":-13.160069706594154,"ZNF574":-9.73360811575081,"PRKRA":-8.652721980244607,"PUM3":-10.264371078119446,"NOP56":-10.680387656754194,"DDX21":-1.1255676636816119,"FBL":-10.109692936407185,"CEBPZ":-13.857701486723345,"MAK16":-6.859329474715265,"DDX56":-10.10566714890869,"FTSJ3":-11.626232321045588,"AATF":-9.419491080778347,"RBM19":-12.87811060183178,"WDR36":-13.305100381077693,"REXO4":-9.574112687553159,"DKC1":-12.58475261131641,"RRS1":-11.478921217968526,"PARP1":-17.088509040652458,"NPM1":-13.438152303775192,"PDCD11":-15.399522681894766,"MPHOSPH10":-15.876810182224625,"BMS1":-13.564458056377818,"NIFK":-6.440812693758712,"DCAF13":-13.229492094227028,"DDX27":-11.57611905471491,"RBM34":-8.044671331911882,"RPL4":-1.52888610886292,"NSA2":-9.988107755585773,"NGDN":-9.097468362420758,"RPL31":-0.6297047231703583,"RPL35":-0.40845240936604327,"BOP1":-7.199055129905211,"RPS8":0.14476340699783075,"RPL19":-1.2166094036522974,"GNL2":-4.730747118620033,"RSL1D1":-5.528697070183275,"NOL10":-12.418154746901372,"RPL7A":0.5489403941094042}},"Blast Percent":{"min":-11.0,"max":11.0,"top_text":"High Blast Percent Correlation","bottom_text":"Low Blast Percent Correlation","map":{"RPL19":0.8223398554380065,"RRS1":1.7794198536521433,"RBM19":1.6280962243754031,"NOL10":2.3775115036902275,"ZNF346":3.4390697963033032,"PARP1":3.339563682313568,"PPAN":0.0,"CEBPZ":3.250060996859164,"KRR1":0.46381365454384327,"DDX27":4.320760905312146,"AATF":1.833691127246692,"RPS8":-0.4706099995325852,"RSL1D1":1.8582584976565182,"BMS1":7.051611806893314,"NIFK":1.4201465125713717,"MPHOSPH10":5.543250555362237,"RPL31":-0.6855816905156188,"ABT1":3.405923999621191,"FBL":4.2505010336902656,"RPL3":-0.6913802452549015,"UTP15":5.300001789457287,"PRKRA":5.497952119995679,"NPM3":0.2582010602560986,"FTSJ3":2.996754582635453,"PDCD11":4.049840132222834,"SURF6":2.2762460430407954,"NOP56":4.841025110767836,"NGDN":3.4479874738613376,"RPF2":0.8294836512101974,"GNL2":0.41360602310403305,"WDR36":4.5904521477505424,"CCDC137":-0.043016047605337566,"RPL7A":-0.028328188636819514,"LARP7":5.1093985539321904,"GTPBP4":0.49028081735385803,"ZNF574":4.973127202286438,"BOP1":2.0544434913050322,"PUM3":2.523723060811962,"MAK16":1.8614610504280855,"NSA2":1.973476585591646,"DDX56":2.2771842509050817,"DDX52":3.6242671567712206,"RPL35":-0.7309781153148557,"RPL13":0.9841915305531751,"REXO4":1.5708010181628254,"NPM1":2.0044213784871614,"DDX21":0.9272585157892512,"RBM34":1.320741331436895,"RPL4":1.0571351985337578,"DKC1":4.808970083454023,"DCAF13":3.9633203475029504}},"Mutation FLT3 ITD":{"min":-10.0,"max":10.0,"top_text":"High FLT3 ITD Correlation","bottom_text":"Low FLT3 ITD Correlation","map":{"NSA2":-0.2200075727462918,"NOP56":0.8233828625903099,"RPL3":-0.1952908748917783,"RPL19":-0.3213757510217503,"FTSJ3":0.05561420690856889,"GTPBP4":-0.5062264346097826,"RRS1":0.46810444579452937,"PUM3":0.1976500500155467,"ABT1":-0.00611161245790946,"NIFK":-0.0632311811086734,"KRR1":-1.1356429124529246,"UTP15":0.151975759486633,