{"Mutation FLT3 ITD":{"min":-10.0,"max":10.0,"top_text":"High FLT3 ITD Correlation","bottom_text":"Low FLT3 ITD Correlation","map":{"SDHA":0.058012951363122206,"MDH2":1.0763205551916817,"ARCN1":1.3456627959410719,"SRRM2":3.1434752637985857,"IMMT":1.2623923826421979,"AIFM1":2.1981150631415396,"NFU1":0.9995308467556387,"PDHA1":-0.025580503147306685,"MTIF2":4.092942711923383,"DECR1":0.023174216183339834,"C1QBP":1.602391820244794,"PMPCB":3.219611684608975,"NDUFS8":1.182874687648826,"FDX1":0.6716901861483221,"VAPA":1.0723514050763805,"HSPD1":-0.25777955961214105,"SLC25A3":1.9633199272500041,"NDUFS1":1.950128799106952,"ETFB":1.18792693925077,"CHCHD3":1.529095665990707,"HIGD2A":0.0,"IDH3B":-0.2300042175614231,"ATP5F1A":1.5331671879942939,"HINT2":0.9604777840147092,"TACO1":0.6862820896342171,"ATP5F1B":1.0900039657826093,"SDHB":0.7516216433526535,"HADHA":2.5432179201004796,"ATP5PB":1.1442371040927228,"NNT":0.7683333236791955,"EIF4A3":1.034831654798893,"SAMM50":1.3367541663028366,"POLDIP2":1.3509714994528998,"IDH3A":-0.21605089620658277,"COX5A":2.2103108331551917,"HSPA9":1.4528862874312167,"IDH2":-0.4032217898275095,"IDH3G":-0.018182384714064213,"SUCLA2":-0.011214116311066955,"TIMM44":-0.19967178915851877,"ACAA2":0.22464795121007364,"PDP1":1.3578203946616272,"GFM1":0.8879254539007689,"NDUFAB1":1.2736414789289037,"CLPP":1.723796926770455,"OPA1":0.9772559597948316,"COX4I1":1.36647793888403,"ACO2":0.41062075343898696,"NFS1":1.3757680708917865,"ACAT1":0.05789096772739051,"PMPCA":2.93171614685268}},"MuSiC CD14 Mono":{"min":-50.0,"max":50.0,"top_text":"High CD14 Mono Correlation","bottom_text":"Low CD14 Mono Correlation","map":{"NDUFAB1":-1.1058569687924324,"ACAA2":-0.5150466957079628,"IDH3A":-0.35235479269443115,"ACAT1":1.2345651168944005,"SDHB":0.4904755140206119,"PDHA1":-8.58143238333792,"IMMT":-4.659992738189688,"NFU1":-0.33826858577854696,"POLDIP2":-7.035723785675284,"HSPA9":-3.170139798242404,"IDH2":-6.566158631238463,"ATP5PB":-2.2719248240802288,"MTIF2":-1.926111229889167,"HIGD2A":0.0,"COX4I1":-0.019810555215715165,"AIFM1":-1.5647021183548813,"ACO2":-0.03414438915652896,"HINT2":-0.42981051397998904,"SLC25A3":-1.2068920719494851,"SUCLA2":-3.3156659545233285,"ARCN1":7.837201102697319,"NDUFS1":-1.4437980645566444,"IDH3G":-0.2638425125644608,"DECR1":-0.2633475252516654,"COX5A":0.2648524131197143,"ATP5F1A":-1.7883268349096841,"MDH2":-6.36328508667933,"ATP5F1B":-2.1811653081934237,"CHCHD3":-2.237255675116475,"CLPP":-0.6394174915155585,"HADHA":-0.23637862878544408,"TIMM44":-3.6785167929471823,"VAPA":0.9318811738738026,"TACO1":-1.283919391615924,"NNT":-1.2231342836672543,"SRRM2":-2.0626065722444307,"C1QBP":-4.8160760207016615,"PMPCA":-2.752920707877986,"NDUFS8":-1.840015161521226,"PDP1":-0.6027108472972557,"FDX1":2.774068799242374,"PMPCB":-2.191616558157011,"SDHA":0.3459005678604382,"IDH3B":-0.844791502581695,"HSPD1":-8.597224261864966,"OPA1":-5.602828430598222,"GFM1":-2.329181240232404,"NFS1":-0.8413374783402477,"EIF4A3":-0.43897694274047644,"SAMM50":-3.204319045801859,"ETFB":-0.4003814740913137}},"NPM1 Subtype":{"min":-37.0,"max":37.0,"top_text":"Committed NPM1 Subtype","bottom_text":"Primative NPM1 Subtype","map":{"POLDIP2":-5.263512382145475,"ARCN1":3.8983564691639243,"SDHB":0.11122430927313853,"MDH2":-10.275203587609337,"SDHA":-0.29529673605145595,"ETFB":-1.5001989736894799,"IDH3A":0.025951049613588507,"NFS1":-1.1481142745612998,"TIMM44":-4.272305133840372,"FDX1":1.6094069215697457,"ATP5F1A":-2.8312426492195897,"VAPA":0.9630034142882941,"IDH3G":0.1252286935777414,"PDHA1":-8.230889833861031,"NDUFAB1":-0.9024759999271192,"PDP1":-0.4044431996211771,"GFM1":-2.8753825180029806,"DECR1":-1.1523075033540762,"PMPCB":-3.9812484579169944,"IDH2":-6.286290148803982,"AIFM1":-3.49353500575545,"IMMT":-5.867704958158731,"HSPA9":-2.5132734144160525,"SRRM2":-2.547109195441349,"MTIF2":-3.8566162450021517,"CHCHD3":-2.6954493774917614,"TACO1":-1.5085273057321287,"HINT2":-1.1472330083759708,"NFU1":-1.4520839075619485,"HSPD1":-9.76196332872376,"SUCLA2":-3.5908970568605985,"ACAT1":1.0853611896358053,"COX4I1":0.2180424024938705,"SLC25A3":-1.7532852225463946,"ATP5PB":-2.0091912803306267,"ACO2":-0.896872762597306,"ATP5F1B":-2.743523157820771,"CLPP":-0.39062562953059843,"HADHA":-1.5303790193280213,"NDUFS8":-2.6833677340449578,"SAMM50":-3.5904986849476535,"COX5A":-0.0912481299382667,"C1QBP":-3.890608203582633,"NDUFS1":-2.453485243529112,"IDH3B":-0.4918060502204392,"EIF4A3":-0.5175284922737422,"HIGD2A":0.0,"OPA1":-8.046098903554151,"NNT":-0.7828801923314794,"PMPCA":-4.129359517936568,"ACAA2":-0.36185501557752675}},"Blast Percent":{"min":-11.0,"max":11.0,"top_text":"High Blast Percent Correlation","bottom_text":"Low Blast Percent Correlation","map":{"ETFB":0.3640728685100787,"HINT2":0.7369163012560096,"SDHA":0.6018799407111288,"PMPCB":1.631653418320339,"C1QBP":2.584490667622572,"IDH2":2.175404875207585,"ATP5F1B":0.9368188530501536,"NDUFS1":2.536037908416239,"PDP1":1.4719237654641064,"MDH2":5.543936109602973,"CHCHD3":3.0317961027756875,"IDH3B":1.2352089951994492,"ACO2":0.11168529443952063,"AIFM1":1.71155764319493,"PMPCA":1.6578218241679659,"NFS1":-0.5000785755322434,"CLPP":1.4695157069569262,"TIMM44":1.1444700408914386,"ATP5F1A":3.6635305909400504,"IMMT":1.768966323626402,"TACO1":0.8370968335152877,"DECR1":0.6616605516465965,"SUCLA2":3.0881090991906026,"IDH3A":2.1949396968013803,"NDUFAB1":1.1492984875190735,"COX5A":0.6845688229481113,"NNT":1.1844410838784505,"GFM1":1.6921911680794717,"COX4I1":0.009647545179321345,"HSPA9":2.00678707596388,"EIF4A3":2.969831602355936,"ACAT1":-0.42705201140499865,"ACAA2":1.9851502966780923,"VAPA":0.5684100587329041,"MTIF2":2.790015987918335,"HADHA":1.582786842810233,"ATP5PB":0.4831931122950851,"NDUFS8":4.407757706594103,"ARCN1":-0.054812928233737436,"SDHB":0.7999786519826642,"POLDIP2":1.8735711094938472,"SLC25A3":0.005932196358431744,"HSPD1":2.18622642975138,"SAMM50":1.672533490782469,"NFU1":0.35517912929700257,"SRRM2":3.7561643272941865,"FDX1":0.11949459178022676,"PDHA1":3.833952722002807,"OPA1":4.419920897871041,"HIGD2A":0.0,"IDH3G":2.965946384617862}},"Mutation NPM1":{"min":-30.0,"max":30.0,"top_text":"High NPM1 Correlation","bottom_text":"Low NPM1 Correlation","map":{"SDHB":-0.25563329974209387,"COX4I1":0.6647650558440731,"ACO2":-0.8027336350515593,"COX5A":1.4408743086420104,"NDUFS1":2.0028690417377906,"ACAA2":-0.026916051576703917,"NFU1":1.7622840570962321,"PMPCB":2.3189468713803842,"SDHA":-1.1314695213877437,"ETFB":0.5987781155589953,"SLC25A3":-0.07958858990626201,"PDHA1":-0.38342436450199746,"GFM1":0.36819126807203173,"MDH2":-0.21848359477808166,"IMMT":0.046329647326846905,"ATP5F1B":-0.061231290582044656,"IDH3G":-0.24881644581118292,"ACAT1":-2.7440311088763947,"TIMM44":-1.073751772818994,"NDUFS8":1.7183416026256515,"HSPA9":-0.24377381089369762,"HSPD1":-0.7552996762779499,"POLDIP2":-0.13735081638962915,"C1QBP":-0.41379299397816716,"PDP1":1.0032755479341813,"EIF4A3":1.961209270713091,"ATP5F1A":-0.4856651178438937,"ATP5PB":-0.5154151291243886,"IDH3B":-0.03622773122053849,"AIFM1":2.4953571666879704,"DECR1":0.05429398702647561,"NFS1":-0.14443122838456632,"HIGD2A":0.0,"VAPA":2.674067124047623,"FDX1":0.593848304536967,"HADHA":1.676441980262322,"SAMM50":1.2166254386491373,"NNT":-0.9665579544200581,"TACO1":1.0373869239713016,"CLPP":1.2089139134388258,"OPA1":1.0588051143409076,"SRRM2":4.837747094537221,"MTIF2":3.0250646410442332,"PMPCA":1.3049014522571363,"CHCHD3":2.8075466653141796,"HINT2":2.107390516944121,"NDUFAB1":0.19026275638632573,"IDH3A":-0.0930647482440122,"ARCN1":1.9430389447666199,"IDH2":-2.620287309422434,"SUCLA2":0.447635378851062}},"Overall Survival":{"min":-6.0,"max":6.0,"top_text":"High Survival Correlation","bottom_text":"Low Survival Correlation","map":{"NNT":1.625420852157046,"EIF4A3":-0.04529443881507563,"GFM1":0.32474043946385844,"MTIF2":-1.158279532185458,"COX4I1":0.6448145229405116,"HSPD1":-0.0004652615701074577,"PDHA1":-0.12012533797567616,"IDH3A":-0.15256398907234417,"SDHB":0.5293695727247858,"DECR1":-0.3586707286265154,