{"NPM1 Subtype":{"min":-37.0,"max":37.0,"top_text":"Committed NPM1 Subtype","bottom_text":"Primative NPM1 Subtype","map":{"TRIM10":-0.305112411587868,"CA1":0.10748741603071639,"AHSP":-0.4821692886546524,"TNS1":-0.7118171002219379,"HMBS":-0.5000587761104958,"BLVRB":0.3572962966250322,"ERMAP":-0.05042046650553701,"EPB41":-0.2675812581949203,"ALAS2":-0.4919090054775318,"ESCO2":0.6602003002527173,"SLC2A1":-0.0035470548121659044,"HMOX1":21.218849969935185,"BCAM":-0.8871778055927574,"SLC25A37":-0.16481813278748186,"FZD7":0.24918222789071548,"SLC14A1":0.034659058260381355,"ANK1":-0.12651363830856954,"CXADR":0.0,"HES6":0.0,"ANKRD9":0.0,"TLE1":1.648013090686358,"KIF23":0.5010606230705682,"DMTN":-0.22361960897319863,"EPOR":0.0,"ERFE":0.0,"TMCC2":-0.7197661592375802,"HBD":0.04251256710393525,"RHAG":-0.2494082306711897,"NCS1":0.25381072413717537,"FN3K":-0.19418150306993576,"SLC4A1":0.03621585096606926,"APOC1":0.5584536601110708,"RHCE":-0.13814456500111402,"SELENBP1":-0.2998811343057042,"OPTN":-0.14897459560083504,"ADD2":-0.3914166664596935,"HBB":0.052779343819319265,"AQP1":-0.5433283975052574,"PKLR":-0.3558457125884829,"DNAJA4":0.6010038550900957,"LBH":-0.22224456352331542,"POLD1":0.5293412796623368,"TMOD1":-0.30701168682008395,"PRDX2":0.16868858074096924,"APP":-0.15347275784147357,"EPB42":0.06752980069095556,"PPP3CC":1.912329805148508,"H2BU1":0.0,"MYL4":-0.63661957300552,"CAV1":-0.3465734988006755,"SPTA1":0.15000786216402123}},"Overall Survival":{"min":-6.0,"max":6.0,"top_text":"High Survival Correlation","bottom_text":"Low Survival Correlation","map":{"ADD2":-0.0785618224730119,"BCAM":-0.14511679079711298,"AHSP":-0.019409560920139922,"CA1":-0.4587826745630048,"NCS1":0.06078596836509228,"TNS1":-0.5028351993782684,"APOC1":0.12162621698624626,"TLE1":-0.09089285555501836,"ALAS2":-0.13345170476723872,"CAV1":-0.14447947551038773,"RHAG":-0.18454719919333296,"KIF23":-0.3865782835404145,"TRIM10":-0.19612592240267107,"ERFE":0.0,"EPOR":0.0,"EPB41":-0.46666784630859914,"PRDX2":-0.29923871980689154,"AQP1":0.054084712021300524,"LBH":-0.15363340239319648,"BLVRB":-0.08294187977121131,"RHCE":-0.044051279232806335,"SLC4A1":-0.25333246615206206,"H2BU1":0.0,"MYL4":-0.7187118097875516,"CXADR":0.0,"HMOX1":0.9875813854304802,"DNAJA4":-0.3326817423120216,"HBB":-0.6386468777488546,"ANKRD9":0.0,"HBD":-0.4059713672861655,"HMBS":-0.9926806010524473,"PPP3CC":-0.22228953249553265,"SLC14A1":-0.3289024020031585,"FN3K":-0.4177945782832029,"EPB42":-0.0674040338724231,"SLC2A1":-0.4562968490857076,"DMTN":-0.8890314825445215,"ERMAP":-0.08776921714918896,"TMOD1":-0.6309934461461655,"PKLR":-0.8713119477490996,"SPTA1":-0.1584855188943252,"POLD1":-0.10921604074561984,"ANK1":-0.3442621206647322,"APP":0.1022519156374208,"SELENBP1":-0.25084987871681225,"OPTN":-0.0659999431708364,"ESCO2":-0.49718815931937527,"FZD7":0.3642228952241458,"SLC25A37":-0.38646033201641794,"TMCC2":-0.22688144647478017,"HES6":0.0}},"Blast Percent":{"min":-11.0,"max":11.0,"top_text":"High Blast Percent Correlation","bottom_text":"Low Blast Percent Correlation","map":{"HMBS":-3.040593046073684,"BCAM":-2.741048577318472,"HMOX1":-3.2715025000303757,"HBB":-3.2719383923665055,"LBH":-0.6611605045879758,"SLC2A1":-3.2215377531880747,"SLC14A1":-3.962936914666202,"RHCE":-2.9109561614173316,"POLD1":0.39573091656868237,"SELENBP1":-3.673552089920359,"H2BU1":0.0,"APP":-1.2295620863803502,"BLVRB":-4.219304750765901,"FN3K":-3.3782288789872617,"DMTN":-4.307811207812558,"TLE1":0.034572548712240074,"TMCC2":-2.984899583273289,"ANK1":-3.8295797210259126,"SLC4A1":-3.5850886713232577,"HES6":0.0,"ERFE":0.0,"CAV1":-0.1785760131450302,"RHAG":-2.63076469406695,"KIF23":-1.9003067459822134,"NCS1":-0.6725360717837123,"TNS1":-3.040801964989344,"AHSP":-3.761095538065638,"TRIM10":-3.4878319736891203,"APOC1":-1.5731486410160953,"EPB42":-3.3923938160343394,"CA1":-3.3160433310462514,"DNAJA4":-4.075171027286292,"SLC25A37":-5.568179213753654,"ALAS2":-2.780809116451492,"PKLR":-2.735201001234923,"OPTN":-3.91175716752275,"PRDX2":-2.9409683650582927,"ANKRD9":0.0,"HBD":-3.2935259868143847,"AQP1":-4.342494329749399,"SPTA1":-3.713598783328491,"CXADR":0.0,"TMOD1":-3.4451310634507157,"PPP3CC":-0.769740589964981,"ERMAP":-3.315353020448716,"ADD2":-2.9274586206214535,"FZD7":-0.5890349338862922,"ESCO2":-1.9383768845964184,"MYL4":-3.72030940105292,"EPB41":-3.0145133890546214,"EPOR":0.0}},"Mutation FLT3 ITD":{"min":-10.0,"max":10.0,"top_text":"High FLT3 ITD Correlation","bottom_text":"Low FLT3 ITD Correlation","map":{"PKLR":-3.1202754299175504,"ERMAP":-1.3562614306387524,"AQP1":-1.3735736683591322,"CAV1":0.43890709235006165,"TRIM10":-2.000609989679705,"TLE1":-0.23996340700488492,"KIF23":-2.4927200100074387,"DMTN":-1.6425040913243936,"SLC2A1":-0.9754541686952591,"FZD7":-0.22658870795246783,"MYL4":-2.740907080271586,"PPP3CC":-1.5247619554529228,"HMOX1":-0.3636582131269263,"CXADR":0.0,"TMCC2":-2.063717039988007,"DNAJA4":-1.9574215261917836,"HBB":-1.4643514725194948,"POLD1":0.060731600855146776,"NCS1":0.1560317078449561,"OPTN":-2.9569169362722865,"CA1":-1.6852406512065254,"BLVRB":-1.3041748476940855,"SLC4A1":-1.2572473094871304,"ALAS2":-2.74718770029434,"BCAM":-0.9653484736764157,"RHCE":-0.9951043994308717,"APOC1":-1.9203510902173755,"EPB42":-1.8996119024478297,"EPB41":-1.637950084855441,"ESCO2":-1.4273250496314842,"PRDX2":-1.6581385206224704,"HES6":0.0,"H2BU1":0.0,"AHSP":-1.4480583084125984,"SLC14A1":-1.3332576093778785,"TMOD1":-2.1192477938821885,"HBD":-1.5699704946908264,"ANK1":-1.868495534890838,"HMBS":-2.0876011062737496,"TNS1":-1.126937469339674,"SPTA1":-1.7043327569392814,"ANKRD9":0.0,"ERFE":0.0,"ADD2":-2.5689298396497953,"LBH":-1.1707567590180457,"SELENBP1":-2.0774441250773683,"APP":-3.327108979178409,"EPOR":0.0,"FN3K":-1.6792820264667063,"SLC25A37":-1.9258598953227837,"RHAG":-1.3719195758059772}},"Mutation NPM1":{"min":-30.0,"max":30.0,"top_text":"High NPM1 Correlation","bottom_text":"Low NPM1 Correlation","map":{"PPP3CC":-1.5005212904843772,"HES6":0.0,"ESCO2":-1.2494006941869276,"ALAS2":-5.971472228237738,"RHAG":-5.18305783574925,"ANKRD9":0.0,"OPTN":-6.277273784069056,"PKLR":-8.466370869417043,"ERFE":0.0,"BCAM":-6.036563642030394,"HMBS":-5.839124776471301,"LBH":-2.157180735670851,"BLVRB":-3.9750424294338855,"MYL4":-7.19455168334244,"FN3K":-4.609991986439509,"SPTA1":-5.430170400808431,"APP":-11.981728007130616,"PRDX2":-5.17690090540178,"AHSP":-5.179452388317399,"DMTN":-4.990928927370866,"FZD7":-3.9726403285253884,"CXADR":0.0,"CA1":-4.496346096678312,"SLC14A1":-4.524160526981714,"AQP1":-4.860806999210285,"EPOR":0.0,"TLE1":0.78659181436834,"HMOX1":1.080995634270524,"CAV1":-0.6693585076647097,"APOC1":-0.9721010233568409,"DNAJA4":-5.14912015692404,"KIF23":-2.375624425833666,"ANK1":-5.899756618779289,"TMOD1":-5.0385268784487325,"NCS1":-0.5230899750109899,"HBB":-4.450555262738051,"H2BU1":0.0,"SLC4A1":-5.137210697082837,"RHCE":-3.7814193012235924,"EPB41":-6.4537118986131,"SLC2A1":-5.033925565690486,"HBD":-4.4008919373768745,"POLD1":0.6336536889120328,"TMCC2":-6.503110183546216,"TRIM10":-4.715984712794871,"SELENBP1":-5.220985852152947,"ADD2":-8.035279421764738,"SLC25A37":-5.336130983425408,"TNS1":-4.294071833867092,"ERMAP":-5.001310923731788,"EPB42":-5.786828996070951}},"MuSiC CD14 Mono":{"min":-50.0,"max":50.0,"top_text":"High CD14 Mono Correlation","bottom_text":"Low CD14 Mono Correlation","map":{"EPB42":-0.0012645100555904636,"TRIM10":-0.09087506312546689,"APP":-0.7401982384299821,"APOC1":0.23294036414707403,"KIF23":-0.15114761509259442,"HBB":0.05997336493256027,"NCS1":0.7611283127373532,"HES6":0.0,"BLVRB":1.7088636847477807,"OPTN":-0.00918288950325741,"PRDX2":-0.1041895856643761,"LBH":-0.4704589686235731,"ESCO2":-0.0997531951457721,"HBD":0.14576700965566602,"ALAS2":-0.6480306801299811,"DMTN":-0.17843029294865387,"PKLR":-0.5260851081963974,"SLC25A37":0.42425647004304357,"HMBS":-0.34900756732348726,"FZD7":0.01814531049033932,"CXADR":0.0,"SELENBP1":-0.06520081528817624,"EPB41":-0.41785979823676433,"FN3K":-0.07956805153756694,"TMCC2":-0.677579952947642,"RHCE":-0.07585377564739677,