{"NPM1 Subtype":{"min":-37.0,"max":37.0,"top_text":"Committed NPM1 Subtype","bottom_text":"Primative NPM1 Subtype","map":{"STRN":0.8954870161127163,"HSPA13":1.262078155057248,"NEDD1":0.13084611905341662,"FGFR1OP2":-1.8151274411129399,"H4C12":0.0,"POLR2I":-0.09306818114820757,"NUP50":-1.317324136926952,"PMPCB":-3.9812484579169944,"PDHA1":-8.230889833861031,"MCRS1":-3.5025358288694215,"SLMAP":1.3552710381339133,"MANEA":0.0040863407141612075,"POM121C":-3.915276784486167,"RAB11A":0.0,"FBXO28":-0.5878199920613727,"COQ3":-2.532067899779079,"SETD2":-3.7716765199531093,"SNRNP70":-8.614781223729564,"SIKE1":0.8291270797962883,"MOB4":0.7694907919438755,"H4C1":0.0,"SLU7":-2.8889904555627948,"SF3B2":-7.0227259154992145,"GOPC":-4.59453273424952,"STRIP1":-0.6018359934120551,"COIL":-3.6217345056053563,"TOE1":-0.22441746040326904,"H4C2":0.0,"SNRPF":-3.4042251608561425,"H3C1":0.0,"C1QBP":-3.890608203582633,"HSD17B4":1.7406026259486282,"ISCA2":-1.9663228666064676,"ISY1":-2.928535894185997,"YEATS4":-3.925872265910349,"STRN3":-2.573417971336414,"SNRPE":-0.923602530837945,"SF3A2":-6.231614582517597,"TRAF3IP3":-0.1412061302116387,"AGGF1":-3.399458803464464,"GPR180":1.6417751662033837,"STRN4":-0.1831064021151631,"BRD4":-4.638999711906336,"SNRPB":-2.133559243486118,"KPNA1":3.1248292254227064,"SF3B3":-6.630186211843709,"SNRPA1":-7.17782514700732,"EXOC1":0.8213679069260349,"CENPQ":-0.042807200937613685,"PMF1":-0.28586071853863965,"POC1B":-1.3884719306378093}},"Blast Percent":{"min":-11.0,"max":11.0,"top_text":"High Blast Percent Correlation","bottom_text":"Low Blast Percent Correlation","map":{"MANEA":-0.7119090136208759,"MCRS1":2.341613094119791,"YEATS4":4.99677724373085,"SNRPF":6.584783163931188,"SNRPB":4.594415350366625,"POC1B":1.0262665651448013,"PDHA1":3.833952722002807,"SF3B2":5.462434374177221,"NEDD1":0.8773730267292721,"SNRPA1":7.5592022750088885,"ISY1":2.7811020158431172,"GPR180":-0.8859842152418254,"SNRNP70":6.612830368714271,"SF3B3":5.906793691827644,"GOPC":3.572357995598145,"SNRPE":1.5017305387782824,"H3C1":0.0,"C1QBP":2.584490667622572,"PMF1":1.7180608757028644,"COQ3":-0.18597582241724542,"FBXO28":2.111603823446951,"SIKE1":1.1951590888046533,"KPNA1":-2.876231403868477,"H4C1":0.0,"NUP50":0.49108829784272284,"ISCA2":1.7288558729897905,"HSD17B4":0.4391486490608111,"STRN":0.5567096603723963,"STRIP1":0.5513904543789959,"EXOC1":-0.3014284646056153,"TRAF3IP3":5.288389633933284,"SLU7":4.6963412839515435,"POLR2I":1.454810905181636,"TOE1":0.577091219650107,"POM121C":7.441818669460148,"STRN4":1.1850881960883821,"AGGF1":2.9781710936530157,"PMPCB":1.631653418320339,"SF3A2":4.315842382575737,"COIL":0.6349423329819548,"SLMAP":-2.8736879175789127,"STRN3":0.3234140689312301,"CENPQ":0.01110220171868709,"H4C12":0.0,"SETD2":4.286183235742444,"BRD4":1.288643145429348,"RAB11A":0.0,"MOB4":0.28813080399448027,"HSPA13":-2.1746877826384545,"FGFR1OP2":0.20838786713457247,"H4C2":0.0}},"MuSiC CD14 Mono":{"min":-50.0,"max":50.0,"top_text":"High CD14 Mono Correlation","bottom_text":"Low CD14 Mono Correlation","map":{"MANEA":1.1147502570648615,"ISCA2":-0.9663764183624763,"NEDD1":0.015862252672299175,"CENPQ":-0.22271321174997388,"SIKE1":2.5772164130795066,"SF3B2":-6.5437971525084935,"PMF1":-0.340274524020548,"GPR180":0.7057942697855157,"TOE1":-0.22088588963196662,"H4C1":0.0,"STRIP1":0.009411577416548,"SF3B3":-7.422339027624922,"PMPCB":-2.191616558157011,"MCRS1":-3.9491441250062884,"SNRPE":-1.343745001463537,"SNRPB":-1.1119896567593628,"H4C2":0.0,"COQ3":-0.9986395904348282,"RAB11A":0.0,"SNRPF":-4.832315466661114,"ISY1":-4.402036873484432,"FBXO28":-0.45060250713641314,"C1QBP":-4.8160760207016615,"POM121C":-3.16274015888964,"EXOC1":2.517733677133227,"FGFR1OP2":-0.9371151071770782,"AGGF1":-3.693110951378444,"TRAF3IP3":-0.5853451975928918,"SLU7":-3.9149201535147733,"BRD4":-3.6745782819782855,"PDHA1":-8.58143238333792,"SNRPA1":-6.081128815880975,"H3C1":0.0,"POC1B":-1.4778269462844,"NUP50":-1.205463114425022,"YEATS4":-4.516031419177888,"SF3A2":-8.876085170313907,"H4C12":0.0,"MOB4":1.8251034239453352,"SETD2":-6.129124444358718,"STRN4":0.32206413787491794,"STRN":1.0319439742846708,"POLR2I":-0.08273368579298505,"SLMAP":1.5818543518181427,"KPNA1":4.02269528751656,"SNRNP70":-13.124917924756467,"GOPC":-3.6933084034911827,"HSPA13":1.2304842699304313,"HSD17B4":2.9703533263989312,"COIL":-3.249142742829067,"STRN3":-0.6271130590277518}},"Overall Survival":{"min":-6.0,"max":6.0,"top_text":"High Survival Correlation","bottom_text":"Low Survival Correlation","map":{"FGFR1OP2":0.11087817631943468,"H4C2":0.0,"SF3B2":-0.8333593651742467,"POLR2I":0.10205125274977997,"SLU7":-0.06054439633584297,"SETD2":-0.049146313032220106,"HSD17B4":0.11113514433062993,"GOPC":0.021648412724983055,"PDHA1":-0.12012533797567616,"SNRPB":-0.2847508242179855,"TOE1":-0.46749098717601023,"H4C12":0.0,"H3C1":0.0,"BRD4":-0.7188798649332288,"RAB11A":0.0,"SF3B3":-0.3527546094642563,"NEDD1":-0.1353971511128222,"AGGF1":0.5449765279959252,"SNRPA1":-0.2314395882050013,"MANEA":-0.47284933062578666,"H4C1":0.0,"CENPQ":-0.7104687026149455,"POC1B":0.03280270395635253,"MCRS1":-0.09430335821361353,"POM121C":0.156034585523571,"NUP50":-3.1186885499037436,"SNRNP70":-1.4833865658861327,"PMF1":-0.502299113947065,"COIL":-0.22933944270438317,"SNRPE":0.10927519351250654,"STRN3":-0.35304735779678287,"MOB4":0.5900252539869284,"C1QBP":0.06273721282783516,"STRN":0.3687754714070135,"STRIP1":0.07090168702134816,"EXOC1":0.027895526467181575,"PMPCB":-0.3353698281669069,"SLMAP":0.5324218865281005,"ISY1":0.03500731253144527,"TRAF3IP3":2.3102468552168998,"SIKE1":-0.08030660968855287,"COQ3":-0.31915077631276767,"STRN4":0.3740218939398403,"HSPA13":1.1690391228544563,"SNRPF":-1.3201943511389358,"KPNA1":0.2591634876697542,"FBXO28":-0.5741041046278749,"GPR180":0.2823874175877641,"SF3A2":-1.0997225564224056,"YEATS4":-0.8433020747336613,"ISCA2":-0.35302552008960936}},"Mutation FLT3 ITD":{"min":-10.0,"max":10.0,"top_text":"High FLT3 ITD Correlation","bottom_text":"Low FLT3 ITD Correlation","map":{"AGGF1":0.5310218100910638,"COQ3":3.461739794436449,"MCRS1":-2.102540242603023,"ISCA2":0.34184652122267883,"SNRPF":0.48433386390978056,"RAB11A":0.0,"ISY1":-1.410513816857678,"SNRNP70":0.17394919618031818,"SIKE1":1.043286534425983,"SNRPA1":1.33210643914994,"SETD2":1.966369131806711,"MOB4":1.3218032040820737,"SF3A2":-0.017847984113341247,"STRN4":1.2999026566592662,"HSPA13":-1.431469661596984,"POC1B":-2.407768978662742,"MANEA":-0.7418491777347008,"FGFR1OP2":0.49845014959962886,"PMPCB":3.219611684608975,"SLMAP":-1.4088769944093056,"GOPC":1.888681406482539,"HSD17B4":2.8808187337301474,"POLR2I":-0.586782670300249,"EXOC1":2.806002054186706,"H4C2":0.0,"NEDD1":-0.6972247469209343,"H4C12":0.0,"SLU7":0.26884862210192745,"SF3B2":0.8643812312407538,"YEATS4":-0.8097329343713076,"SNRPE":-0.12403730835994214,"BRD4":0.18355071889476207,"GPR180":0.26632799018845577,"SNRPB":1.1636054103385551,"H4C1":0.0,"H3C1":0.0,"CENPQ":-0.6814136360321771,"NUP50":-0.4273363996191098,"POM121C":0.9029446061906652,"C1QBP":1.602391820244794,"KPNA1":-1.493314992255953,"COIL":-0.012601604582235686,"STRN3":1.3310669382767115,"SF3B3":0.07141363535421803,"STRIP1":1.1558813959655918,"FBXO28":0.16217403084345886,"TRAF3IP3":0.6519822426969666,"STRN":0.08316206000234996,"TOE1":0.15899128332952767,"PMF1":0.2838805655430906,"PDHA1":-0.025580503147306685}},"Mutation NPM1":{"min":-30.0,"max":30.0,"top_text":"High NPM1 Correlation","bottom_text":"Low NPM1 Correlation","map":{"MCRS1":-1.1910065113618422,"FBXO28":0.9497074207787551,"H4C1":0.0,"SNRPE":-0.04892327227968957,"BRD4":-1.0693798516051412,"PMF1":0.05172474355776934,"C1QBP":-0.41379299397816716,"PMPCB":2.3189468713803842,"POC1B":-0.2516782092171149,"EXOC1":2.979497135572936,"KPNA1":0.19557903140999738,"SF3B3":1.6483182545884232,"COIL":-0.7010569967480663,"CENPQ":-0.40616846995598516,"TOE1":0.004330485671034044,"YEATS4":-0.30646568322908385,"FGFR1OP2":1.2643127577944517,"SNRNP70":0.7777283309175462,"COQ3":1.881789486289217,"SETD2":1.299711490309107,"SF3B2":1.2160269148874354,