{"Mutation FLT3 ITD":{"min":-10.0,"max":10.0,"top_text":"High FLT3 ITD Correlation","bottom_text":"Low FLT3 ITD Correlation","map":{"CS":-1.2075195041230298,"METTL15":1.568472491427052,"LRPPRC":0.9727068591814294,"DDX28":1.2136187944304908,"MRPS31":4.412338918750167,"RPUSD4":0.3625978532145971,"MRPS22":6.35518443982037,"MRPL11":5.162212456489632,"MRPS23":4.250908243946775,"SLIRP":0.9716982753223656,"MRPL38":3.3919368850838127,"MRPL39":5.763241828336358,"MRPL9":2.191621710199377,"MRPL37":3.744493898435307,"TRAP1":1.1614952333535238,"MRPS25":3.2572095524867244,"MRPS7":3.925062103123433,"MRPS34":5.8817182085020665,"MRPS12":1.7361757914742775,"MRPS35":4.925760563491372,"MRPL1":2.0363102125166503,"MTIF2":4.092942711923383,"CHCHD1":1.0435848976027742,"MRPL15":3.259800888017047,"TBRG4":0.3993327888058193,"MRPL2":2.3456383189801184,"MRPL48":1.354157342587999,"MRPS9":4.719971026966231,"ACAD9":0.7551140308823935,"DAP3":2.565716715658185,"AGMAT":0.2787054236428902,"MRPL17":3.6478083006781725,"TSFM":0.4907041039332716,"MRPL44":2.355846262940983,"MRPS27":3.0522987776274713,"METTL17":0.5930271285813521,"MRPS30":2.7799265509467994,"MRPL3":2.6742259585782473,"MRPL24":3.013123218347638,"MRPL18":2.0022528858935904,"MRPL43":2.1573009730098196,"MRPS5":3.9210306758752913,"MRPS26":4.254320139070882,"GFM1":0.8879254539007689,"TRUB2":1.3258914482501605,"MRPS2":2.1018367616885114,"MDH2":1.0763205551916817,"MRPL58":3.5611975689514708,"MRPL12":0.587593458917804,"TRMT61B":1.5045576280681963,"PMPCA":2.93171614685268}},"Blast Percent":{"min":-11.0,"max":11.0,"top_text":"High Blast Percent Correlation","bottom_text":"Low Blast Percent Correlation","map":{"MRPS23":2.523723060811962,"PMPCA":1.6578218241679659,"METTL15":2.3621633015228714,"SLIRP":2.087834151964463,"MRPS34":7.04530147633551,"MTIF2":2.790015987918335,"MRPS9":0.5308110074316634,"TSFM":2.303847092275237,"MRPL37":1.0106335866019105,"TRMT61B":0.8676883251132309,"MRPL15":1.996153355100815,"MRPS35":0.5389613988584351,"DAP3":1.5554312290181067,"MRPS31":0.8927074776025233,"MRPL44":2.135300294547394,"MRPL17":4.945237911983778,"MRPS12":1.1923623516800161,"MRPL38":1.8007603690367344,"MRPL1":2.538515684582829,"MRPL18":1.9335958385905707,"MRPS27":2.273027331586123,"TRUB2":1.8841219797493594,"MRPS25":0.7393694258164019,"GFM1":1.6921911680794717,"CHCHD1":0.6698948714357553,"MRPL3":1.6634670941064482,"MRPL39":1.2387908826233442,"MRPL48":0.353292625557605,"MRPL43":3.276641946344569,"MRPS7":0.8987317971865958,"LRPPRC":0.8560565169515136,"RPUSD4":1.171321420539624,"CS":1.125905481821006,"MRPS2":1.8144277797889559,"MRPL24":0.6777734724578087,"MRPL12":0.43344205512346917,"MRPS26":3.3688153507987013,"ACAD9":-0.37656864643158616,"MRPL2":0.7810781748605428,"MRPL11":1.867556334606802,"TRAP1":-0.4922462118368054,"MRPS22":3.2869036816907915,"MRPS5":2.490283328736738,"MRPS30":1.3183878571180176,"METTL17":0.4600716731525221,"MRPL9":1.6787857811250813,"TBRG4":0.6834873137899475,"MRPL58":1.8040882455502605,"AGMAT":-0.7714056195949426,"MDH2":5.543936109602973,"DDX28":2.7813572864826783}},"Overall Survival":{"min":-6.0,"max":6.0,"top_text":"High Survival Correlation","bottom_text":"Low Survival Correlation","map":{"MRPL18":-0.1698560671971201,"MRPL58":0.08768233626430375,"MRPL39":-0.03474437528514835,"MRPL17":-0.07643618218396869,"MRPS9":-0.041655874772181536,"MRPL15":-0.047656205844920536,"MRPL24":-0.033154186478562254,"MRPL9":-0.1041666765355332,"MRPL44":0.010624496352659217,"MRPS31":0.19645097094565914,"MDH2":-0.19550146233629925,"MRPS30":0.30730373471145767,"MRPS2":-0.48956957526734246,"TRUB2":-0.2584629672704425,"MRPL3":0.10683782580508534,"RPUSD4":0.05945192481340966,"MRPS12":-0.002942951103107706,"DAP3":0.33192783522919733,"MRPL48":0.2649647032078977,"MRPL12":0.03490683455577787,"MRPL2":0.10268287132570522,"MRPL43":-0.055156121456863834,"TBRG4":-0.03692222208608723,"MRPS35":1.0983952444112406,"MRPL38":0.1602275578631927,"MRPS26":0.09596775878951923,"AGMAT":-0.7121436473190548,"ACAD9":0.9315411111688089,"GFM1":0.32474043946385844,"MRPL11":0.02530885136717439,"PMPCA":0.009544137651928178,"MRPL37":0.390541965012451,"MRPS27":-0.04803201693499192,"MRPL1":0.6502872389634293,"CS":0.443087791218423,"MRPS34":-0.18665754747111726,"TSFM":0.29143956406308363,"TRMT61B":0.04076028971069365,"MRPS7":-0.13527358194356667,"METTL15":-0.3513181747781576,"LRPPRC":-0.03014008232093747,"MRPS25":0.09531088800310861,"TRAP1":0.2137445676377757,"MRPS23":0.11353130590969623,"MTIF2":-1.158279532185458,"CHCHD1":0.5937073974446332,"SLIRP":-0.16702330440750962,"METTL17":-0.8066137582149551,"MRPS22":-0.14553420811517034,"MRPS5":-0.08010111970105682,"DDX28":0.1577915111078481}},"Mutation NPM1":{"min":-30.0,"max":30.0,"top_text":"High NPM1 Correlation","bottom_text":"Low NPM1 Correlation","map":{"MRPL9":0.9651892771382268,"MRPL38":0.545779157474437,"MRPL2":0.3114655234450475,"MRPS30":0.30167460205182495,"PMPCA":1.3049014522571363,"MRPL11":1.0621477161324848,"MRPL12":0.6045479581093558,"MRPS7":1.623682802737367,"TSFM":-0.923760116744688,"LRPPRC":-0.8360745805749749,"MRPS25":1.3461089068561243,"MRPL39":1.3422950684863766,"CHCHD1":0.999471521402136,"AGMAT":0.09085611978381122,"MRPL1":-0.3526538167226143,"MRPS27":1.7419719006183088,"MRPS2":1.1401979742111295,"MRPL18":1.1522709250050305,"MRPL44":0.6798909111803294,"MDH2":-0.21848359477808166,"CS":-1.2210554487371215,"MRPS22":2.5212884147175445,"GFM1":0.36819126807203173,"TRUB2":-0.20105470884199902,"MRPS34":3.173964823154697,"MRPS9":1.8864632304783884,"DAP3":2.095347565489034,"MTIF2":3.0250646410442332,"MRPL15":-0.23501608123634316,"MRPS26":1.9401182299613426,"TBRG4":-1.9210364164709122,"MRPL37":0.9915017636875699,"ACAD9":-0.6006761520158459,"MRPL58":0.7631247002858834,"MRPS31":1.4942503326344354,"MRPS35":1.7677660367609966,"SLIRP":-0.166546968532023,"MRPS12":1.155598890758887,"RPUSD4":-0.31316424993264974,"MRPL3":-0.6180687445275789,"TRAP1":-0.6450573746450289,"MRPL24":0.4847824974998817,"MRPL43":1.6959858949726732,"MRPS5":2.17267037643857,"METTL17":0.06619397546991429,"DDX28":-0.10435514669154508,"TRMT61B":0.642013842258684,"MRPL48":-0.35031498098255387,"METTL15":1.1639926866374426,"MRPL17":1.7317643456011012,"MRPS23":2.4698704120657156}},"NPM1 Subtype":{"min":-37.0,"max":37.0,"top_text":"Committed NPM1 Subtype","bottom_text":"Primative NPM1 Subtype","map":{"MRPS2":-2.417436450159139,"TRUB2":-10.388962559786796,"RPUSD4":-7.821882256867371,"CHCHD1":-1.1414792619558145,"MRPS26":-3.991807429702246,"SLIRP":-4.5343158224795,"MRPL44":-3.324122237090487,"MRPL15":-6.187696599445013,"MRPL3":-4.3275355416325905,"MRPS27":-4.398442717783536,"MRPS5":-2.972789418789428,"MRPL12":-0.1784949609433073,"MRPS9":-3.113911920219839,"MRPS23":-3.2592261169436654,"MRPS30":-4.751788650925735,"AGMAT":-0.01762541959914052,"DDX28":-7.264457710025335,"MRPL39":-5.528627186592574,"MRPL1":-11.569883507332555,"MDH2":-10.275203587609337,"MRPL24":-4.018893937352366,"MRPL18":-1.4072321736617983,"MRPL48":-5.786960572707828,"MRPS22":-6.4422251250617215,"MRPL38":-4.025429040099604,"MRPL37":-2.8874470291119967,"TRAP1":-0.02683412751083303,"PMPCA":-4.129359517936568,"LRPPRC":-4.87031437252102,"MRPS25":-4.222737267060249,"MRPS34":-2.6745161628035654,"GFM1":-2.8753825180029806,"MRPL17":-4.171529513000963,"CS":-1.850068308565346,"METTL15":-11.909786661990273,"MRPS35":-3.091307235363864,"MRPL2":-2.2366090905764238,"MRPS7":-2.5634399105609784,"MRPL43":-1.0529138709682317,"TSFM":-6.158620513848842,"MRPL58":-5.015327601713199,"METTL17":-3.65078818261111,"ACAD9":0.4414278311057601,"TBRG4":-5.0293486693887015,"MRPS12":-2.673073664235848,"DAP3":-2.705960683830125,"MRPL9":-2.7793360473208444,"TRMT61B":-5.569441761425188,"MTIF2":-3.8566162450021517,"MRPL11":-3.1725315619752568,"MRPS31":-3.469562394636098}},"MuSiC CD14 Mono":{"min":-50.0,"max":50.0,"top_text":"High CD14 Mono Correlation","bottom_text":"Low CD14 Mono Correlation","map":{"METTL17":-3.594904554411608,"MRPS26":-3.9167600315509636,"METTL15":-9.605537580543386,"AGMAT":0.2785351468938676,"MRPS31":-2.3746858237307915,