{"Overall Survival":{"min":-6.0,"max":6.0,"top_text":"High Survival Correlation","bottom_text":"Low Survival Correlation","map":{"RIPOR2":-0.3515243693872437,"YWHAH":1.126878167306358,"YWHAZ":1.5853416325773961,"MYH9":1.0737103680222333,"NCOA3":1.5036806500615392,"PLEKHO2":0.2163672609356098,"TRIM25":0.2458395830255259,"ARHGAP27":0.5072628762619831,"ARHGEF1":0.42728744764525145,"LYN":0.2698452587485424,"IQGAP1":-0.057353144323501505,"ARHGAP30":0.4556488122426129,"ZYX":0.5578955400032496,"VAV1":-0.25191739821997555,"CDC42":-0.0539638323949556,"ARRB2":-0.11336565315549695,"IKBKG":1.1962934655393556,"WAS":0.9207490630056938,"PPP1R9B":1.1584157633663805,"MAP2K1":-0.3234956482673596,"PPP1R18":0.5851889802050544,"CBL":-0.055113403728386495,"PRKACA":-0.2953163766316355,"ANXA2":-0.025741131387706975,"THEMIS2":-0.5780102924322493,"CORO1A":0.6130166698752483,"ITSN2":0.2626604274384664,"YWHAB":0.5920735437054088,"ACTB":1.250040045445864,"VASP":0.9170195196012774,"SIPA1":0.9491718197982356,"FMNL1":0.4515410718503309,"AKAP13":0.07614994774970318,"STX11":0.3222312364143047,"RASSF3":0.3614873127060534,"MARK2":0.10701498004638038,"ARHGAP45":0.6669417541536772,"KRAS":0.32504972471163424,"COTL1":0.6925282267696662,"MAP3K3":-0.0368830273452983,"SH2D3C":0.6633699928777778,"OGFRL1":0.0692515452665693,"GRB2":-0.028500014139479373,"STK4":1.2793127834621576,"CSK":1.2751334827472744,"GPSM3":0.18056541640399057,"SRGAP2":0.02734649704659683,"RHOA":0.49192030397277065,"ARAP1":-0.31392358196143233,"FLNA":1.5982960662472545,"PFN1":0.7728410512381187}},"Mutation NPM1":{"min":-30.0,"max":30.0,"top_text":"High NPM1 Correlation","bottom_text":"Low NPM1 Correlation","map":{"ACTB":-0.5396991830312623,"CBL":-0.9976313037172426,"AKAP13":0.0014025310704271195,"SH2D3C":-0.44360020095038094,"ARHGAP45":0.8361432517201013,"GRB2":0.03976063579371648,"LYN":0.2760667751158326,"FLNA":0.687223407231698,"STX11":0.09903307226405608,"ANXA2":2.1508435393284264,"CORO1A":-0.4574941384151709,"OGFRL1":-0.37290885026268566,"WAS":-2.146061617094694,"CSK":0.9528336097970239,"PLEKHO2":-0.1942941461421503,"MAP2K1":0.19625142843056229,"STK4":1.9401933448277442,"PFN1":-0.05540330155768563,"ITSN2":0.05046734890879779,"VASP":-0.6990283981722195,"ARAP1":1.1360116611991358,"PPP1R9B":0.2884160229101227,"COTL1":-0.11576972222694863,"PRKACA":0.1921016142270881,"RIPOR2":1.7787934812555641,"YWHAH":-3.5548912138670423,"ARHGAP27":0.03979593038792623,"FMNL1":0.15333205102289163,"GPSM3":0.27666441735833364,"IKBKG":-0.016851167492180213,"VAV1":-0.20662010535342815,"YWHAZ":1.4933724059056337,"TRIM25":-0.009583914399497226,"MAP3K3":-0.12838321836833572,"MYH9":-0.006899456921615533,"ARRB2":-0.5569538399784084,"ARHGEF1":0.5026792348531952,"RHOA":-0.33373037894749846,"SIPA1":-0.20209628049621878,"NCOA3":1.6149447567336372,"KRAS":0.3120119779791907,"CDC42":0.035887781944392017,"ARHGAP30":0.8700430709677675,"MARK2":-0.2962079351175503,"ZYX":-0.2060228014426895,"YWHAB":1.575539933887276,"IQGAP1":0.5286689578453456,"RASSF3":0.14402607089179437,"THEMIS2":0.42740930089672236,"SRGAP2":-0.21884590199474163,"PPP1R18":0.3210024066102048}},"Blast Percent":{"min":-11.0,"max":11.0,"top_text":"High Blast Percent Correlation","bottom_text":"Low Blast Percent Correlation","map":{"PRKACA":-2.2618700623498125,"MYH9":-5.129980406574905,"ACTB":-4.37642113778035,"ARHGAP30":-1.3207982968138874,"WAS":-1.1282024712377288,"FLNA":-2.922467275431351,"IQGAP1":-0.13342011762029216,"YWHAB":-0.9165708734046399,"ITSN2":-1.9344772996953419,"ARHGAP45":-1.0543336451430547,"PPP1R9B":-1.3890674264125742,"NCOA3":1.8810127876756524,"PFN1":-3.8154901834730937,"MARK2":-2.9703616304734295,"RIPOR2":-1.8630066021176959,"CDC42":-1.0024550832503853,"IKBKG":-3.5512211459081473,"KRAS":-2.1693013764878573,"GPSM3":-4.6795152358361936,"CBL":-1.8041329373669555,"CSK":-1.382275903739603,"ANXA2":0.0792899926896112,"AKAP13":-1.9127594050232717,"CORO1A":-2.9484109590954666,"ZYX":-3.5794090728358556,"COTL1":-2.9812391499443787,"FMNL1":-0.8256287817621268,"RASSF3":-1.5567213586713822,"YWHAH":-5.101302261631965,"SRGAP2":-2.271507554984798,"LYN":-3.6433702663498777,"OGFRL1":-3.865642780296441,"PPP1R18":-0.6874565496026409,"PLEKHO2":-4.096293320220888,"ARHGAP27":-2.870828028853152,"ARHGEF1":-3.2498749077791698,"THEMIS2":-6.362598393559543,"GRB2":-1.799443526639074,"STK4":-1.0072288784779213,"STX11":-5.4029566296156215,"SIPA1":-1.7933570392065759,"ARRB2":-2.772543974663842,"TRIM25":-1.2217001839191042,"VASP":-7.5015039057164,"VAV1":-2.84685750325997,"YWHAZ":-0.34203753191741926,"MAP3K3":-2.1768147110858527,"RHOA":-0.44199059585233197,"ARAP1":-6.103434695947891,"SH2D3C":-2.079838992100728,"MAP2K1":-2.3518499328528026}},"Mutation FLT3 ITD":{"min":-10.0,"max":10.0,"top_text":"High FLT3 ITD Correlation","bottom_text":"Low FLT3 ITD Correlation","map":{"MAP3K3":-0.4827893066550632,"PPP1R18":0.0042502603960734,"LYN":-0.2494900342467458,"RHOA":-0.011046250728907378,"COTL1":-0.4107687224794325,"ITSN2":0.20748396343407124,"THEMIS2":-0.1939155365020615,"CSK":0.25613328241541566,"ACTB":-0.9269944551531453,"MAP2K1":-0.33906269753340934,"ARRB2":-0.3486707417172833,"PLEKHO2":-0.378794147991563,"RASSF3":0.05902744553037887,"AKAP13":-0.25161108670234594,"IKBKG":-0.33592360354730083,"ARHGAP30":-0.046081310524825385,"FLNA":-0.31844071377372973,"GPSM3":-0.054264675412504786,"PPP1R9B":0.2404464058701356,"YWHAZ":0.5432027970071116,"CORO1A":-0.7263845751550453,"STX11":-0.21868748025669002,"VAV1":-0.028394414884949492,"YWHAH":-3.381042395854847,"KRAS":0.07625659147457894,"CBL":-2.0880097101636164,"ARHGEF1":-0.7090850600520918,"IQGAP1":0.11174600228507243,"ARHGAP27":0.1891539962684581,"FMNL1":-0.4779161781845655,"ZYX":-0.5698531627370537,"NCOA3":1.249827122267977,"MYH9":-0.5011356149612094,"SRGAP2":-0.3577452442144117,"VASP":-2.222279022239382,"OGFRL1":-0.8168016598074184,"TRIM25":-0.0940043073093102,"ARAP1":-0.260850600050221,"CDC42":0.10199900252348132,"YWHAB":0.32555727071243884,"ARHGAP45":-0.31428598942368563,"PRKACA":-0.28398607826093714,"RIPOR2":-0.04148772069989794,"MARK2":-1.5201521394654367,"GRB2":-0.11806133918238056,"STK4":0.43998027024343617,"WAS":-1.621039045005384,"SH2D3C":-0.7761396065450897,"SIPA1":-0.33912518849589657,"ANXA2":0.8661920902322086,"PFN1":-0.09500223794373736}},"NPM1 Subtype":{"min":-37.0,"max":37.0,"top_text":"Committed NPM1 Subtype","bottom_text":"Primative NPM1 Subtype","map":{"IKBKG":17.959846590639536,"FLNA":12.720445656491957,"GPSM3":18.796904787755746,"ANXA2":16.648477435463874,"PPP1R9B":8.47170580255665,"SH2D3C":17.88816588087046,"CDC42":13.65834530722409,"NCOA3":0.03875051978320783,"MAP2K1":17.695212498077872,"YWHAH":8.375739069063975,"STK4":9.446945091874564,"COTL1":19.2037401161988,"PPP1R18":8.70129667680743,"SIPA1":3.7904967026773626,"CBL":18.932964507898838,"RHOA":12.593986436210397,"FMNL1":13.117845497338253,"ARRB2":22.07796781032951,"YWHAZ":3.4909889711548163,"ITSN2":9.98332300894467,"ACTB":12.779563501183883,"ARHGAP27":14.206132911276503,"ARHGAP45":18.635075425973273,"PRKACA":10.235343760648462,"RIPOR2":21.43462536245028,"TRIM25":11.765828088857688,"PLEKHO2":22.21003860567708,"ZYX":13.301714625742589,"WAS":8.333173596211646,"KRAS":6.744270177015504,"LYN":14.423189763765572,"VASP":19.858661018047084,"MAP3K3":25.555227395937322,"VAV1":13.413071470518876,"YWHAB":6.516630904060005,"ARAP1":28.664373154855607,"CORO1A":15.81054476434914,"STX11":18.991728877875943,"MYH9":13.176780338482924,"ARHGEF1":17.115980919373545,"ARHGAP30":17.653414341628068,"MARK2":15.901422453226438,"IQGAP1":18.03004726914796,"PFN1":15.449185277035332,"THEMIS2":23.286398030646854,"OGFRL1":25.724054077376238,"GRB2":16.273473727153373,"CSK":12.73926275076637,"AKAP13":24.802107010722384,"RASSF3":9.26007099674852,"SRGAP2":20.285019437264644}},"MuSiC CD14 Mono":{"min":-50.0,"max":50.0,"top_text":"High CD14 Mono Correlation","bottom_text":"Low CD14 Mono Correlation","map":{"VASP":22.978437292921942,"FLNA":18.381938050046013,"FMNL1":16.05640101863911,"ARAP1":37.57829757576353,"MAP3K3":28.67154813147519,