{"Mutation FLT3 ITD":{"min":-10.0,"max":10.0,"top_text":"High FLT3 ITD Correlation","bottom_text":"Low FLT3 ITD Correlation","map":{"NEDD1":-0.6972247469209343,"RBKS":1.396313476946857,"LIMD1":0.2726862523864495,"CEP152":-1.146760372665605,"GOLGA2":1.9270676210403588,"CEP290":-0.3600824560271459,"CEP170":0.14470740672769436,"DYNLL2":-1.08362969179946,"PHIP":-0.7278787149356686,"POC1B":-2.407768978662742,"TMED10":0.21135202381067864,"MAPK6":0.0,"MSGN1":0.0,"ARHGEF2":0.1026607961497109,"VPS41":1.277051070831089,"LUZP1":-0.4282595016758654,"ATP2C1":1.1650255048831601,"XIAP":0.4709963954719037,"SOGA1":2.9370066449615124,"MAPRE1":-0.35361397420709617,"MDM1":-2.5480040737302185,"BORCS6":1.3889492951451297,"EBAG9":0.1957143156945334,"GOLGB1":1.1350933163362957,"XPO1":0.2544644500796783,"AKAP9":0.6805697878187716,"KDM1A":0.19866792907262892,"THOC2":1.2298238857100545,"CEP135":-4.643750951079811,"AKAP7":0.0020293819851921677,"SLU7":0.26884862210192745,"OFD1":0.16463616638574682,"CEP120":-1.799135894927516,"LMAN1":-0.8064451529480122,"GALNT7":1.0323913668403297,"PRKAR2A":2.067584059426264,"SDCCAG8":0.5298468218104183,"TEKT2":0.0,"SEMA3E":0.0,"ZFPL1":1.2719727370485363,"CEP57":-0.7318770197398473,"LAMP1":0.5877136652067444,"GOLGA4":-0.5401867385627288,"CLTC":-0.03908201161744767,"VCP":0.6465270878514207,"DPF2":0.4731062255913102,"DISC1":-0.15896923075560623,"SEC16A":0.8933604868915856,"MARCHF5":0.8078560427733551,"TMED9":0.2710917661643454,"YIPF3":0.6240596409885841}},"Overall Survival":{"min":-6.0,"max":6.0,"top_text":"High Survival Correlation","bottom_text":"Low Survival Correlation","map":{"TMED9":0.18010005544396812,"CEP152":-0.3970031329194654,"MAPK6":0.0,"MDM1":0.2478916101682034,"PHIP":-0.05493381768242591,"BORCS6":0.45076470226829013,"TEKT2":0.0,"POC1B":0.03280270395635253,"XPO1":-1.4550714447644295,"XIAP":1.8056870121549051,"KDM1A":-1.484905755397661,"AKAP7":1.1262891409540292,"DPF2":-0.32317215902754287,"GOLGB1":-0.043720161523216956,"CEP170":-0.1768805692053178,"CLTC":0.41841571769312735,"AKAP9":0.3078630274642985,"LAMP1":0.38990334943231947,"ZFPL1":0.1285231354313579,"YIPF3":0.27252047321121525,"ARHGEF2":1.1983824766058315,"SEC16A":0.1657490665031022,"CEP290":0.19755037918881438,"MSGN1":0.0,"TMED10":0.02707039186134701,"CEP120":-0.9303948411804354,"DISC1":0.4461939863916232,"MARCHF5":0.13120413512597295,"GOLGA2":-0.22239920311902428,"ATP2C1":-0.2880326364932168,"SLU7":-0.06054439633584297,"SEMA3E":0.0,"SOGA1":0.23800657222174096,"VCP":-0.43301810464155616,"PRKAR2A":0.13179030679301168,"CEP57":0.6168328753482417,"VPS41":0.5183122247300274,"LMAN1":-0.6382603608032953,"THOC2":-0.657389283903654,"MAPRE1":0.24852489948616874,"GOLGA4":-0.3330527804709861,"LIMD1":1.3448659518220536,"LUZP1":-1.2274238778333009,"SDCCAG8":1.2080130190965177,"DYNLL2":-0.19161450100808172,"RBKS":0.30539227703615296,"NEDD1":-0.1353971511128222,"CEP135":0.008417126207149647,"OFD1":-0.008792917294868464,"GALNT7":0.23051616837674946,"EBAG9":-0.5666757107938374}},"Mutation NPM1":{"min":-30.0,"max":30.0,"top_text":"High NPM1 Correlation","bottom_text":"Low NPM1 Correlation","map":{"CEP152":-0.13384911101537375,"LUZP1":-1.5884919055463464,"CEP135":-0.13087240665214897,"GOLGB1":0.694815969385187,"THOC2":2.387298803984392,"GOLGA2":6.610179638584527,"SEC16A":0.8644575379633321,"LAMP1":1.399416682211872,"DYNLL2":-0.766589175571308,"TMED9":0.053975785720508644,"PRKAR2A":5.425321540957439,"OFD1":-0.026721202881242245,"SDCCAG8":0.6092467017813512,"MARCHF5":0.6885697195693156,"MAPK6":0.0,"ARHGEF2":1.8358633271795919,"AKAP9":2.1765841112902096,"CLTC":0.625315346948538,"VCP":0.11302685320097508,"SLU7":0.9748172440294923,"NEDD1":0.7047669400093004,"XPO1":0.6703624323215266,"DISC1":0.36217380697990803,"KDM1A":-0.3359988292238178,"CEP57":-0.5933071936757104,"POC1B":-0.2516782092171149,"ZFPL1":1.6545936952309388,"BORCS6":9.227904849519826,"MAPRE1":0.47156458269978246,"VPS41":3.492164061182639,"LMAN1":-1.2926866244034598,"SEMA3E":0.0,"YIPF3":0.28015505889698616,"LIMD1":0.5126513807423284,"RBKS":7.7114299047663675,"ATP2C1":1.4206017911186035,"CEP120":-0.09472316311154287,"PHIP":0.05556234638618489,"MDM1":-0.15446566572472123,"XIAP":0.9969001549253139,"TMED10":0.5774017010370608,"TEKT2":0.0,"MSGN1":0.0,"SOGA1":2.339154501703941,"CEP170":0.674986067863362,"EBAG9":0.25273689016809814,"GOLGA4":0.16277968820094785,"DPF2":1.196884405060146,"GALNT7":0.2938585046458007,"CEP290":0.2607136731799158,"AKAP7":-0.09893691989708231}},"NPM1 Subtype":{"min":-37.0,"max":37.0,"top_text":"Committed NPM1 Subtype","bottom_text":"Primative NPM1 Subtype","map":{"ZFPL1":-0.5810447882278394,"LIMD1":-0.22620225876398004,"TMED9":0.25490551404540346,"CEP135":-0.47976989560168415,"CEP57":-4.638061595899964,"DISC1":1.545102721465667,"PHIP":-1.7296571120104183,"XPO1":-1.6671056804186337,"LAMP1":2.038364452151814,"MAPRE1":3.5801217270116936,"SEMA3E":0.0,"CEP120":0.8525717891931234,"VCP":0.2996924545798663,"GOLGA4":0.630615357420094,"SLU7":-2.8889904555627948,"VPS41":13.004235327087315,"BORCS6":4.989839160606681,"LMAN1":-3.010368951923429,"GALNT7":-0.793689046555977,"KDM1A":-11.454216703226782,"CEP152":-0.04475583376666586,"XIAP":0.6991012419635648,"TEKT2":0.0,"YIPF3":-1.0535653641219278,"EBAG9":-3.573105848443761,"AKAP9":-2.5254286295932453,"PRKAR2A":5.710042142563398,"CLTC":9.219061812629135,"AKAP7":3.443712351593154,"THOC2":-10.284205120453366,"NEDD1":0.13084611905341662,"MDM1":-2.7247528025942014,"OFD1":-6.4601432642668675,"LUZP1":-4.153030879435762,"MARCHF5":-2.1991071202178007,"MAPK6":0.0,"MSGN1":0.0,"DYNLL2":-3.089191975431689,"SOGA1":0.04856691165864534,"SDCCAG8":-0.5128423040237142,"ARHGEF2":1.9929995334721449,"CEP290":-6.564238077638097,"SEC16A":5.554171736582513,"RBKS":5.374009598775121,"TMED10":0.4446825201345466,"DPF2":-7.103873562756072,"GOLGA2":-2.503096381743752,"ATP2C1":-0.7589614992998057,"POC1B":-1.3884719306378093,"CEP170":-1.31128846984526,"GOLGB1":-3.767010853076365}},"MuSiC CD14 Mono":{"min":-50.0,"max":50.0,"top_text":"High CD14 Mono Correlation","bottom_text":"Low CD14 Mono Correlation","map":{"MSGN1":0.0,"AKAP9":-2.726283030029125,"VCP":1.5189312094049967,"TMED10":0.30817083558546937,"YIPF3":-1.7687598412983117,"DPF2":-6.860281087560968,"SLU7":-3.9149201535147733,"DYNLL2":-2.9095352679293742,"OFD1":-7.486608207910893,"VPS41":14.587232532371264,"SEMA3E":0.0,"GOLGA2":-1.7707200925422537,"MAPRE1":5.273716252035138,"ATP2C1":-1.9917527644701662,"POC1B":-1.4778269462844,"TMED9":0.07977269106854665,"ZFPL1":0.9269752767953057,"EBAG9":-4.526286641528171,"SOGA1":-0.2657108114284649,"GOLGA4":0.6464342639109784,"LIMD1":-1.2315309185147247,"CEP120":0.49776019980201436,"GALNT7":-1.1009696943581684,"SDCCAG8":-0.7508425102635712,"PHIP":-1.3802540845023348,"ARHGEF2":2.635908159136158,"TEKT2":0.0,"PRKAR2A":7.911981521369169,"CEP135":-0.38844290663547554,"RBKS":5.951472061128388,"DISC1":1.3527341887000384,"LAMP1":2.8056263248899254,"SEC16A":6.368631383263321,"THOC2":-12.697354747253774,"BORCS6":8.721784189655903,"LMAN1":-5.281402989924098,"CEP290":-8.037340177977983,"MDM1":-2.3926138408566127,"CEP57":-9.093099455483044,"XPO1":-1.4175754679797263,"CEP170":-2.862873372489693,"LUZP1":-7.414178687332047,"AKAP7":4.210288178987221,"KDM1A":-12.788789772906915,"MAPK6":0.0,"NEDD1":0.015862252672299175,"CEP152":-0.7315915816045333,"MARCHF5":-1.4100238207790738,"XIAP":1.5795152384652131,"GOLGB1":-4.313311804609197,"CLTC":14.896650047471034}},"Blast Percent":{"min":-11.0,"max":11.0,"top_text":"High Blast Percent Correlation","bottom_text":"Low Blast Percent Correlation","map":{"GOLGA4":-0.41741334153362897,"SLU7":4.6963412839515435,"LAMP1":0.2801649957712335,"MSGN1":0.0,"CEP170":4.695491373898991,"XIAP":0.886124688925818,"SDCCAG8":1.0447848661334769,"PRKAR2A":0.29556665567873625,"SEMA3E":0.0,"SEC16A":-1.1919656611468088,"POC1B":1.0262665651448013,"DPF2":3.4972766167227007,"MARCHF5":1.8645755865040308,"VPS41":-1.3942357309690794,"KDM1A":3.8407230546841316,"LMAN1":-0.13047318018906384,"THOC2":7.62195080180739,"CEP152":0.7316495449514406,