{"Blast Percent":{"min":-11.0,"max":11.0,"top_text":"High Blast Percent Correlation","bottom_text":"Low Blast Percent Correlation","map":{"WDCP":-0.07993550319859105,"LRPPRC":0.8560565169515136,"TRMT2A":1.2362187423162074,"ATXN2":1.813553740880735,"MTHFD1L":2.050107717743592,"PRRC2A":-0.3124382299741674,"COX15":-0.2970110069091085,"RECQL4":-1.832676923117597,"PLD6":0.0,"MUL1":-1.1477940422597752,"UTP20":5.388887841275746,"SLC16A1":-3.7897111691846814,"POP4":1.1363922415205416,"OCIAD1":0.6310823871686287,"PEX3":-0.20636841715943618,"LETM1":1.480025789186144,"EXD2":1.4810124716496171,"NDUFAF4":3.945809673181137,"TMEM135":-0.12941768375370893,"POLRMT":0.21626375151853255,"POP1":0.9665942367259525,"AURKB":-1.0354634974696724,"PLK1":-2.311025373483345,"MYO19":1.0801937586388488,"AKAP1":0.12031276197350511,"TARS2":2.7438624297933374,"CLUH":0.0001515929150002178,"MCRIP2":-0.08819547488516165,"MDN1":1.9519655877866415,"SLC30A9":0.9663176953284509,"RAB34":0.07906016319625646,"NUDCD3":-0.058753568245197514,"DNAJC11":0.8599461319932347,"RPP25":0.10858923332362533,"NUP210":0.09128092712450761,"CIT":-2.4696228016746655,"EPB41L2":-1.1333484064570543,"PEX1":-0.29092825654750365,"ZFP41":0.6319606525659676,"RPP40":1.9733358831999925,"POP7":0.5879297297036823,"TDRKH":-1.980095724957996,"ATXN2L":1.2396366021781298,"FKBP4":-0.34780264666650546,"PEX26":-0.3147723798669632,"NPC1":-0.09772370269555355,"MKS1":0.0,"CDYL2":1.387217038416203,"TIMMDC1":0.023673885335846884,"PEX6":-0.16304360770892723,"TRIP13":-3.1944496220757745}},"NPM1 Subtype":{"min":-37.0,"max":37.0,"top_text":"Committed NPM1 Subtype","bottom_text":"Primative NPM1 Subtype","map":{"SLC30A9":-3.0139274152270836,"CIT":1.404050365311681,"EXD2":-10.166208033190465,"NUDCD3":-1.8486781013543752,"ATXN2":-7.976478165847016,"PRRC2A":-7.356325399776876,"UTP20":-14.586704980842459,"ATXN2L":-1.2722136754603368,"RAB34":0.7372296916758309,"MUL1":-1.5028526675615426,"FKBP4":-6.5725659464925625,"POLRMT":-5.507007500722679,"POP1":-2.757020602948465,"TDRKH":0.7431173118629057,"RPP25":0.300205438231143,"MKS1":0.0,"LRPPRC":-4.87031437252102,"RPP40":-5.479552080952568,"OCIAD1":-5.0610820953573965,"TARS2":-11.054735454022476,"DNAJC11":-6.479294018972181,"TRMT2A":-0.6537601760654042,"PEX26":0.5831552495924557,"PEX1":0.11715753149675899,"RECQL4":0.6821669158080454,"POP4":-1.0569130964060105,"PEX6":-0.2910969672008568,"COX15":-0.27327176780261253,"CDYL2":1.1318611709063084,"MCRIP2":-1.221755172792207,"PLD6":0.0,"MTHFD1L":-6.138384310181334,"WDCP":-2.4977262891664362,"MYO19":-0.08460781699618966,"SLC16A1":-0.30028477572551326,"TIMMDC1":-0.008512805529816642,"NDUFAF4":-3.3843473495904126,"AKAP1":-0.6194353543528118,"TMEM135":-0.14811636031276085,"PEX3":-0.9008100525712294,"MDN1":-7.814682229152527,"NUP210":0.10977096376443123,"TRIP13":2.086301639653522,"LETM1":-4.378653898626698,"EPB41L2":1.5268073173821108,"NPC1":1.974391694288174,"POP7":0.07801187059642492,"PLK1":1.6545352886243025,"ZFP41":-2.395407600925963,"AURKB":0.9889055167436234,"CLUH":-0.11463833443783784}},"Overall Survival":{"min":-6.0,"max":6.0,"top_text":"High Survival Correlation","bottom_text":"Low Survival Correlation","map":{"MKS1":0.0,"RPP25":-0.20254154600074922,"NUDCD3":-0.12706725274379088,"PEX6":0.07549147017875144,"POP7":-1.2808443802114604,"RAB34":0.04896168135082385,"MUL1":1.093984031429007,"PEX3":0.1547253680945192,"TIMMDC1":0.6459947294298193,"PLK1":-1.2110006950014727,"SLC16A1":-1.5351346635968708,"RECQL4":-0.13224721165994976,"TRMT2A":-0.5801724296514384,"MCRIP2":1.4345204332617765,"EXD2":-0.2750283590380771,"MYO19":0.6910800359485517,"PRRC2A":-0.29370802712086813,"EPB41L2":0.3279870807106132,"PEX26":-0.5422336932039239,"RPP40":-0.25098170992884855,"POP4":0.1509938873821757,"LRPPRC":-0.03014008232093747,"ATXN2L":0.09027384284819047,"DNAJC11":0.40830735456053485,"AURKB":-0.305928709774209,"TMEM135":0.47137897322087596,"POP1":-0.36336480539642274,"PLD6":0.0,"NDUFAF4":-0.48329797239599664,"POLRMT":-0.21377301217892442,"COX15":-0.03335243224586267,"ZFP41":-0.08469710766665034,"OCIAD1":1.1171405536274979,"TDRKH":-0.20841105446020708,"ATXN2":-0.972671883366346,"PEX1":-0.37865506961285617,"LETM1":0.05867498375523141,"WDCP":0.119315901831168,"MDN1":-0.19632078979843715,"CLUH":0.06325909001626413,"NUP210":0.9085710539854026,"SLC30A9":-0.13789709577615564,"TRIP13":-0.37004401365024153,"FKBP4":-0.907424101115084,"TARS2":-0.3771000919416478,"MTHFD1L":-0.40138033147882546,"UTP20":-0.007683096756632261,"CIT":-0.5323773144182699,"AKAP1":-0.40543465526888034,"CDYL2":0.10594974608653869,"NPC1":-0.20592867009885207}},"MuSiC CD14 Mono":{"min":-50.0,"max":50.0,"top_text":"High CD14 Mono Correlation","bottom_text":"Low CD14 Mono Correlation","map":{"WDCP":-3.5870713439607638,"ZFP41":-3.580209683528477,"PEX6":-0.1793359822877532,"PRRC2A":-6.949831811671797,"NUDCD3":-3.476425312013438,"ATXN2":-8.853826632580777,"UTP20":-19.31092348988076,"COX15":-0.04694274421905628,"SLC30A9":-1.8712004978333978,"MDN1":-10.880824807741687,"AURKB":0.08853922019031443,"PEX26":0.6129418353618441,"NUP210":0.14949121380436367,"LETM1":-2.6604102232612603,"POLRMT":-6.954813167393469,"TARS2":-12.127748827971606,"NDUFAF4":-2.9237097488540105,"MCRIP2":-2.249048301189807,"TRMT2A":-0.3671738879465994,"PEX3":-0.7329148937163479,"PLD6":0.0,"TIMMDC1":0.06216292628172758,"RPP40":-6.087305236360125,"MKS1":0.0,"AKAP1":-1.079903430943315,"PLK1":0.5580980243878296,"OCIAD1":-5.897706755296865,"CIT":0.47753721800572124,"DNAJC11":-4.283188616407755,"ATXN2L":-2.382667347663439,"PEX1":0.19798867245149435,"POP4":-2.5184730724218074,"CDYL2":1.3889895654993374,"MYO19":-0.1824204448597449,"MTHFD1L":-9.782188015009652,"EXD2":-10.302409691624145,"MUL1":-1.770807241668446,"TRIP13":1.6205248770692837,"CLUH":-0.39015888315308545,"SLC16A1":-0.6836569965365692,"RECQL4":-0.09658307092597436,"POP1":-3.245174991698165,"FKBP4":-5.9320769713177475,"TMEM135":0.007339455867337525,"RAB34":0.8466865053087911,"RPP25":0.7192832791055611,"NPC1":2.0629850420136564,"EPB41L2":1.9440705371783173,"LRPPRC":-3.750501003342939,"POP7":-0.2756346004978148,"TDRKH":1.283587616001042}},"Mutation FLT3 ITD":{"min":-10.0,"max":10.0,"top_text":"High FLT3 ITD Correlation","bottom_text":"Low FLT3 ITD Correlation","map":{"TIMMDC1":3.042728496169407,"ZFP41":-0.355266563830606,"ATXN2":0.4709976272174274,"EXD2":0.8422203438844423,"POP4":0.15426751101248273,"MDN1":0.34487205680553573,"COX15":0.4805650285419249,"POP7":-0.5816563619810091,"TDRKH":-0.7091203170123961,"EPB41L2":0.4452463938779254,"UTP20":0.055895626936853064,"TARS2":0.11021011342881747,"MKS1":0.0,"AKAP1":0.39108932249656897,"PEX1":1.5757921680864844,"LRPPRC":0.9727068591814294,"TRIP13":-1.8986486163326848,"SLC16A1":-0.1871633365944567,"RECQL4":-1.5400984684828587,"NUDCD3":-0.4411218665051444,"RPP40":1.4160336120791905,"PLD6":0.0,"TMEM135":1.4111001755924244,"PEX3":0.09924780555605422,"POLRMT":-1.5626307717358912,"NDUFAF4":0.09335214419040563,"AURKB":-1.3211854956046967,"MTHFD1L":-0.024569848083345214,"POP1":0.24400007246400063,"DNAJC11":1.3974744648340112,"PLK1":-1.2843183895800578,"PEX26":0.47242903990226365,"MUL1":-0.5159331484977783,"LETM1":2.43254158626855,"WDCP":0.3275933232424054,"PEX6":0.8353791822799316,"MCRIP2":-0.004020986674331234,"OCIAD1":1.5506698765456155,"CIT":-0.6348507608881219,"RPP25":0.4962495974035336,"CLUH":0.6393187017387822,"SLC30A9":-0.1570385794627066,"RAB34":2.1705418189248125,"MYO19":1.3648837302474468,"NUP210":0.37924544733451293,"CDYL2":-0.4139647452366533,"FKBP4":-0.7970538769978602,"TRMT2A":3.026241972255007,"PRRC2A":-0.8477520804900229,"ATXN2L":-2.412126974573314,"NPC1":2.692782577005407}},"Mutation NPM1":{"min":-30.0,"max":30.0,"top_text":"High NPM1 Correlation","bottom_text":"Low NPM1 Correlation","map":{"NUDCD3":-0.7182403133346833,"DNAJC11":0.7817837294424175,"MYO19":0.7660738852361392,"TMEM135":2.170630155787591,"MDN1":-0.19954763728314284,"FKBP4":-5.4514070934736045,"MTHFD1L":-5.141242795143901,"TIMMDC1":0.20145580026210863,"EPB41L2":-0.1865481657186139,