{"Overall Survival":{"min":-6.0,"max":6.0,"top_text":"High Survival Correlation","bottom_text":"Low Survival Correlation","map":{"TKFC":-1.999158282892,"ARHGAP1":0.23977782596734565,"GSTP1":-0.47911929216045884,"MVB12A":0.5685262768646322,"DLG3":-0.3756664992269337,"NFKB2":0.28440382110286905,"TAGLN":-0.3892255286073591,"IRAK1":-0.15170436063517653,"FADD":0.031234694011936293,"DCTN4":-0.23706281447885788,"MTMR14":1.032933659290071,"ACTR1B":0.01155136883898337,"DCTN3":0.570581338447561,"ACTR1A":0.1570173485042052,"DCTN6":-0.011052031308730862,"RNPEP":-0.6862060013912905,"LCK":1.0729095060745721,"HSPA2":-0.6983826675971863,"AKR7A2":-0.4308549049174948,"SDC1":0.0,"PLEC":-0.049794416499835396,"BAG3":0.4373527468347968,"PI4K2A":1.1943704463019444,"MAPK7":-0.6999255806485627,"PSMC1":-0.021872487916706797,"PLCG1":-0.31967430879277325,"BCL2L11":-0.5848572457342552,"TRADD":-0.3380901500452151,"DENND2D":0.9093211311639138,"CAPG":0.7670166546252722,"CD40":0.2643980998168414,"ACTR10":0.31275085834329674,"ACAT1":1.581477222381681,"AKR7A3":0.04786196892481203,"PECR":0.040169221266764796,"CBR1":0.1664637569832154,"CSRP1":-0.05991132576594741,"PGM3":-0.3671810460756405,"SMAD3":-0.32221910097793605,"TRIP6":-2.093615553121246,"PGLS":0.2529395693681126,"AKR7L":0.0,"CRK":-1.3398415845975915,"PPP1R7":-0.15032192764365673,"SORBS3":0.35469639365952216,"YWHAB":0.5920735437054088,"DCTN2":0.21051214443917304,"HSPB1":-0.19746762232534193,"EPN1":0.2751110164214851,"PSAT1":-1.6745281080666885,"CAMK2D":0.1411152682837813}},"Mutation FLT3 ITD":{"min":-10.0,"max":10.0,"top_text":"High FLT3 ITD Correlation","bottom_text":"Low FLT3 ITD Correlation","map":{"AKR7A2":-0.48650276312207213,"GSTP1":0.7840596002618285,"CSRP1":0.2860171681880685,"DENND2D":-2.0460139384416465,"AKR7A3":0.342291783135024,"HSPA2":-1.5181750117449537,"ACAT1":0.05789096772739051,"CAPG":-0.11877976278101261,"CBR1":0.026068704566421092,"DCTN3":-0.16183341277244528,"PLEC":0.39039400195161567,"PECR":-1.5162605086561776,"CRK":0.4376052044317829,"PSMC1":0.23112092042832388,"FADD":-0.8690936177937835,"PI4K2A":0.05612598315547031,"DCTN2":0.23371623973935085,"SMAD3":0.13133692401728841,"PLCG1":-2.415364898448426,"NFKB2":-0.6497405965005709,"TRADD":0.2473665404527802,"TRIP6":-0.3293084920586454,"TKFC":0.05091585093699603,"SORBS3":-0.046548819382718896,"ACTR1A":-0.5356204885112543,"MVB12A":1.2483304367540884,"ACTR1B":1.2181313772081723,"ARHGAP1":0.2189349208715782,"YWHAB":0.32555727071243884,"PGLS":0.6016098146351314,"CD40":-0.2523746496219287,"IRAK1":-0.6791258973541175,"PPP1R7":0.3710037693333152,"TAGLN":-1.166933104319748,"MTMR14":-0.2061804632500427,"CAMK2D":-0.5530279128014146,"MAPK7":-1.1265759074651553,"SDC1":0.0,"RNPEP":0.17137917118999005,"DCTN4":0.40547876941964633,"BCL2L11":-0.16748206303648008,"DCTN6":-0.2775880091959416,"EPN1":0.08047681470572945,"DLG3":0.20492703770058762,"PGM3":0.44970483026494545,"PSAT1":-1.4975034038483668,"HSPB1":-2.093191401832776,"ACTR10":0.07119208401455257,"AKR7L":0.0,"BAG3":-0.23974682343454778,"LCK":-1.270434590282464}},"Mutation NPM1":{"min":-30.0,"max":30.0,"top_text":"High NPM1 Correlation","bottom_text":"Low NPM1 Correlation","map":{"PSAT1":-4.9199535951851034,"CAMK2D":-0.07034421987651394,"AKR7A3":0.5616694954708903,"MVB12A":0.22022183345633684,"NFKB2":-0.3197043800024627,"TKFC":0.6824037676186377,"PLCG1":-5.032216712728354,"TAGLN":-0.4704297057643288,"DENND2D":-0.7110659581636789,"CD40":-0.08237685027601492,"PSMC1":0.4215582740288365,"AKR7A2":0.2738807515702993,"MAPK7":0.13710031521404958,"MTMR14":-1.0540316570406347,"ACTR10":0.5297525809936681,"PGM3":1.9710059929802184,"YWHAB":1.575539933887276,"ARHGAP1":1.3719872544799754,"LCK":-1.2471229313132164,"PI4K2A":0.08645432874576049,"HSPB1":-7.172388573300481,"IRAK1":3.7498520648486395,"BAG3":-0.0033574526494247687,"ACAT1":-2.7440311088763947,"HSPA2":-6.252953676945994,"ACTR1A":0.3012189899113647,"GSTP1":0.513404677371273,"SORBS3":0.13456163444551728,"DCTN2":0.1314360659066718,"SDC1":0.0,"PGLS":0.5519383055440106,"TRADD":1.8049525497582453,"PECR":-2.6587078436719116,"SMAD3":0.177586158304149,"CBR1":-0.04304773333730119,"CRK":1.4943464791769667,"DCTN3":0.11578318876651465,"BCL2L11":-0.12102770920844036,"DCTN4":1.5428362457803102,"ACTR1B":0.8651649842993873,"AKR7L":0.0,"FADD":-0.3010033832164798,"DLG3":-2.68124384582077,"PLEC":3.393512129725884,"DCTN6":-0.9402149082522059,"CSRP1":3.198556412570379,"RNPEP":5.4212651068093685,"PPP1R7":0.8635191426069202,"TRIP6":-0.720270168259601,"CAPG":1.9387394730614804,"EPN1":0.14785428482762875}},"Blast Percent":{"min":-11.0,"max":11.0,"top_text":"High Blast Percent Correlation","bottom_text":"Low Blast Percent Correlation","map":{"BAG3":-2.101423095357921,"FADD":-0.8576236688294605,"GSTP1":-0.20572044204988585,"DCTN6":-2.6676021795024876,"AKR7A2":-0.081109715402724,"MTMR14":-3.9525230031535363,"TKFC":0.21023165766109964,"ACAT1":-0.42705201140499865,"DCTN4":-0.9983365899451356,"AKR7L":0.0,"YWHAB":-0.9165708734046399,"PSMC1":-1.1874804481625492,"MVB12A":-0.07379280535214414,"SDC1":0.0,"CRK":-0.17458102804100328,"CD40":-2.0356447917333966,"EPN1":-1.2408873289346392,"PI4K2A":-4.628761578836548,"TRADD":-0.054076475261669726,"BCL2L11":-2.2364033516236868,"LCK":-1.3865356357661618,"TAGLN":-0.8669282588324247,"CAMK2D":-2.9448055244753175,"CSRP1":-1.1154668607671099,"IRAK1":-0.05263492500513143,"CAPG":0.0407637323581024,"PECR":-2.6982281355772884,"MAPK7":-0.9049171564175613,"DCTN2":-2.8170265767272222,"ARHGAP1":-1.623592085779962,"PPP1R7":-1.0249440231004467,"PGLS":0.12239877551549552,"RNPEP":-0.3450109140453596,"PLCG1":-0.031700002750456736,"DENND2D":-3.249564773049223,"SMAD3":0.12518828474768273,"AKR7A3":-0.8551884104189366,"HSPA2":-1.9247468772000502,"NFKB2":-3.8939345317119454,"CBR1":-1.5958044529076505,"HSPB1":-0.6732094003578089,"ACTR1B":-0.2532218840380251,"TRIP6":-0.38769605029596266,"PGM3":-0.9389354642614609,"ACTR1A":-1.3685893838603724,"DLG3":-0.22569670083722412,"PSAT1":-2.4117234025159555,"ACTR10":-1.4041512632760713,"DCTN3":-1.6302554617653113,"SORBS3":-1.5268921619665956,"PLEC":-1.7408485955401931}},"MuSiC CD14 Mono":{"min":-50.0,"max":50.0,"top_text":"High CD14 Mono Correlation","bottom_text":"Low CD14 Mono Correlation","map":{"CD40":3.7529253935789786,"PGM3":3.5439432686900516,"CAPG":10.395637621101542,"SMAD3":3.0154308748586907,"SORBS3":3.2725177456454855,"TRIP6":3.68193218418584,"HSPA2":-0.07473708110916673,"HSPB1":-0.23545787312771158,"FADD":6.235483993348533,"ACTR1A":6.0536971946074125,"PGLS":2.99121301656567,"PECR":4.923019996334025,"MAPK7":6.99474939732274,"DENND2D":2.77803032653355,"IRAK1":10.123255890697893,"AKR7A3":1.4656347683037443,"PSAT1":0.1422903643252352,"TKFC":2.131004564698657,"ACTR1B":2.5701057370360236,"GSTP1":3.759673504721934,"CBR1":7.197621973949948,"YWHAB":8.302937919116895,"CRK":6.186046005641653,"ARHGAP1":15.187288226665398,"DLG3":0.0013832105677503168,"BCL2L11":2.1937992970201723,"PLCG1":-0.45435028135299066,"PPP1R7":5.709786340153731,"TRADD":8.49908129311183,"AKR7L":0.0,"BAG3":7.214828320117401,"DCTN3":6.024744201255712,"EPN1":7.593762815512759,"PSMC1":1.8306433569825162,"CSRP1":9.572605532732998,"SDC1":0.0,"ACTR10":6.590361442393421,"LCK":0.5646197631388029,"ACAT1":1.2345651168944005,"AKR7A2":6.264448286910133,"RNPEP":10.891134172557907,"MVB12A":-0.7543202881117014,"DCTN4":4.476924912019601,"PI4K2A":6.316583653466619,"CAMK2D":7.863276581163394,"DCTN6":3.777057801346104,"MTMR14":18.781709990387995,"NFKB2":6.749061416203343,"DCTN2":5.609199510113157,"PLEC":24.45724582910285,"TAGLN":0.009925504103997632}},"NPM1 Subtype":{"min":-37.0,"max":37.0,"top_text":"Committed NPM1 Subtype","bottom_text":"Primative NPM1 Subtype","map":{"PSMC1":0.40737702922714664,"CAMK2D":6.717131599180914,"PGM3":2.0436469548479383,"ACTR1A":1.5377603237961361,"CSRP1":5.028180241377365,"AKR7L":0.0,"TRIP6":2.4014777676629953,"IRAK1":6.022277300320183,"GSTP1":2.3037474555855755,"PPP1R7":2.232498714794683,"EPN1":7.377750570386994,"CBR1":6.660404034851352,"MVB12A":-1.5361327764369743,