{"Mutation NPM1":{"min":-30.0,"max":30.0,"top_text":"High NPM1 Correlation","bottom_text":"Low NPM1 Correlation","map":{"NOTCH1":0.19849427672829326,"SBF1":-1.6664361502170297,"MTMR1":-1.7225207391064103,"ERMP1":3.2357171478398463,"SRD5A3":-0.40565999765926547,"ASCL5":0.0,"ABHD14A":0.0,"RIPK3":5.495089838511055,"CLEC2D":0.0,"MMP2":0.788761908907352,"HYI":-0.532005957466215,"EFNB1":-4.013892209723401,"ALG12":0.5538813745135157,"UBXN6":-0.43749083355783586,"TMX2":1.674004614282579,"TRAF3IP3":3.438893152034926,"MAGT1":0.01009373634851255,"LEMD3":-0.07990194599576406,"GZMH":-0.6262877077359902,"LMF2":1.5902349229998538,"PIP4K2A":-3.5892164699502707,"CRELD1":1.4580613537905667,"CD6":0.1451221949328125,"TRIM52":0.0,"TFPT":1.192435134077007,"JAGN1":-1.1880980075000207,"CYB5R3":-0.2933026574519484,"HSCB":-0.332388838208586,"SLC41A3":3.3360751417716648,"SEC11C":-0.4034085691074898,"FAHD2B":0.0,"ELMOD2":0.8865864266640612,"FBXW11":-3.9315969554352326,"PPP6R2":-1.4357860445665627,"SEC62":-0.030366950705896817,"GGT7":0.514205534218168,"NDC1":-1.1610952205697609,"D2HGDH":-0.31780622556177235,"CDIPT":0.36791079612927,"NDRG2":-1.8299329043942785,"APBA3":-0.18007058666084813,"TMEM43":1.6747517679531332,"ZDHHC4":1.2286450961740123,"CISD2":0.17748511527321917,"RPN1":0.13593365058046744,"TGFBR2":0.1277246442835394,"INF2":1.7120836673202746,"TMEM201":0.6063530932651099,"PRKD2":-1.1047109759591722,"MFSD10":0.4832811494727857,"TUBGCP6":-0.008282109214625246}},"Blast Percent":{"min":-11.0,"max":11.0,"top_text":"High Blast Percent Correlation","bottom_text":"Low Blast Percent Correlation","map":{"TMEM43":1.7766039159290077,"NOTCH1":0.050388773416137254,"UBXN6":-0.1675794606447112,"JAGN1":-0.1993810278016248,"TUBGCP6":-0.8764876876205195,"ABHD14A":0.0,"SLC41A3":1.9880922105681538,"CDIPT":-0.3770262975391371,"NDRG2":-4.44935280905636,"INF2":-0.46377829732056036,"FBXW11":-2.384946125442287,"PPP6R2":-1.6049479782173335,"RPN1":0.14679113053446632,"TRIM52":0.0,"SBF1":-0.9189990392274106,"SEC11C":-3.962030707011601,"CLEC2D":0.0,"LMF2":-0.1973735553815572,"TMEM201":2.886997594639441,"ASCL5":0.0,"TFPT":1.051484889396749,"CD6":-0.6931784310169519,"MMP2":-0.24220687946668318,"RIPK3":-2.2271766617296795,"TRAF3IP3":5.288389633933284,"MTMR1":-3.068931786011505,"GGT7":-0.8165741912960279,"PIP4K2A":-2.6834741309399273,"MAGT1":0.32408557271418514,"ERMP1":-0.06044127540550319,"GZMH":-1.297246220303832,"TMX2":0.5924948522843831,"ZDHHC4":0.5226599364614823,"FAHD2B":0.0,"APBA3":-0.05272506803933537,"D2HGDH":1.9804716387605439,"TGFBR2":-1.3391244648885987,"ALG12":0.35200502463387856,"SEC62":-0.25580354966569024,"CRELD1":-0.004858096806160436,"ELMOD2":0.6338825131186294,"SRD5A3":1.032371021810372,"HYI":1.1296239071750966,"MFSD10":-1.1792346764026722,"HSCB":4.173129690860308,"PRKD2":-0.6018537110874006,"EFNB1":-3.725347070821332,"NDC1":0.35134590468736093,"CYB5R3":-0.2735503652372148,"CISD2":-0.7812695385932121,"LEMD3":0.6161815659015764}},"NPM1 Subtype":{"min":-37.0,"max":37.0,"top_text":"Committed NPM1 Subtype","bottom_text":"Primative NPM1 Subtype","map":{"SRD5A3":-2.673516530441073,"TRAF3IP3":-0.1412061302116387,"NDC1":-3.9791078086945117,"TUBGCP6":0.4225955336181916,"MMP2":-3.1115457958197754,"NDRG2":5.328679983593518,"SBF1":0.4516410414903727,"RPN1":-0.9730784441664453,"CDIPT":0.0000108409206968532,"GZMH":1.0799097596005947,"PIP4K2A":-0.23636771379385868,"ELMOD2":-4.0399827597727445,"EFNB1":-0.6698700319384884,"LMF2":0.8849886547417471,"SLC41A3":-3.5718202508050436,"HYI":-3.471581054114387,"MTMR1":0.806633742019024,"CD6":1.6947514043483023,"FAHD2B":0.0,"TMX2":-0.9927857021850138,"PPP6R2":1.4375955412749897,"TRIM52":0.0,"ALG12":-1.0427988034992834,"CISD2":-0.34418664510971075,"GGT7":0.5162534062846117,"NOTCH1":-0.3835270007495497,"ERMP1":-3.4574043363545837,"SEC62":0.4546177000622151,"ZDHHC4":-0.9307926154745536,"TMEM43":-3.0571879160069684,"ASCL5":0.0,"SEC11C":0.566561502610826,"MAGT1":-1.6676227513875428,"RIPK3":12.213168025725354,"TGFBR2":-0.955543897385893,"D2HGDH":-3.3490441674010105,"HSCB":-6.229036582661704,"FBXW11":8.137745316954936,"LEMD3":-3.624318593526677,"INF2":-0.1090402557876407,"JAGN1":-0.5148477488148845,"ABHD14A":0.0,"CYB5R3":-0.08218506652652043,"CLEC2D":0.0,"PRKD2":-0.3766705342866125,"APBA3":2.780014756607738,"UBXN6":-0.2601560414573014,"TFPT":-0.1544095733222081,"MFSD10":1.762251140296432,"TMEM201":-3.7750697846039816,"CRELD1":0.2714958841807955}},"Overall Survival":{"min":-6.0,"max":6.0,"top_text":"High Survival Correlation","bottom_text":"Low Survival Correlation","map":{"CYB5R3":0.9264245304737745,"HSCB":-0.22264712208481363,"ALG12":-0.24697054877171468,"D2HGDH":0.4419887629000558,"TMX2":0.01339756619878226,"HYI":-0.2833276170145164,"FAHD2B":0.0,"TUBGCP6":1.3092341376492915,"LMF2":0.8896187396155227,"INF2":0.9209885379960582,"TRIM52":0.0,"ERMP1":0.14254490724411736,"CISD2":2.0029041343101763,"LEMD3":0.9401344700300157,"FBXW11":1.2361863749837232,"PPP6R2":0.43409722423279073,"NDRG2":0.6626374040829229,"UBXN6":0.5481636457198487,"SBF1":0.45953832070670503,"SLC41A3":0.12212055307984881,"NOTCH1":-0.5981470309727424,"TMEM201":-0.12734996583322541,"SEC62":2.646217261517524,"GGT7":0.6762139747427632,"ELMOD2":0.5736646534345393,"RPN1":-0.270082755236151,"TMEM43":0.47481496737731277,"ZDHHC4":1.3318520897720834,"MTMR1":0.9260980486242046,"APBA3":-0.5714450542920814,"ABHD14A":0.0,"TFPT":-0.04422367693149918,"CD6":1.6983579505408297,"NDC1":0.40331928147116897,"JAGN1":0.2390172998579206,"MFSD10":0.00871731112896009,"ASCL5":0.0,"GZMH":0.11306215476987709,"CRELD1":2.3640844339601594,"TGFBR2":0.10779950979173936,"EFNB1":0.2391317080247246,"SEC11C":1.094427697830448,"CDIPT":-0.3208223281583784,"RIPK3":-0.5224897161276484,"MAGT1":0.534490667413374,"MMP2":-0.41269403312075925,"TRAF3IP3":2.3102468552168998,"CLEC2D":0.0,"SRD5A3":0.6934320138391828,"PRKD2":-0.5990960430759759,"PIP4K2A":0.22015147297028095}},"MuSiC CD14 Mono":{"min":-50.0,"max":50.0,"top_text":"High CD14 Mono Correlation","bottom_text":"Low CD14 Mono Correlation","map":{"PPP6R2":1.3899875135121016,"EFNB1":-0.9943148044743795,"TRIM52":0.0,"D2HGDH":-4.011693816615067,"NDC1":-3.700486727398308,"SBF1":0.041990754885857504,"ELMOD2":-4.070995473504119,"LEMD3":-4.608615061411792,"SEC62":0.2010644172173444,"MFSD10":1.6407974885340306,"CISD2":-0.9919124601609524,"HYI":-2.054525818251359,"ZDHHC4":-0.6994248230058754,"TMEM201":-3.092376761665716,"NDRG2":5.184123770311435,"CLEC2D":0.0,"RIPK3":18.53266639725397,"LMF2":0.8521117204291925,"TRAF3IP3":-0.5853451975928918,"APBA3":3.8938118108731987,"CYB5R3":-0.035741329680165204,"CD6":1.1792862117379044,"PIP4K2A":-0.1262855260946403,"NOTCH1":-0.15551304911410255,"UBXN6":0.32281604748384135,"ALG12":-0.808366536965161,"TFPT":-0.12674409438540535,"HSCB":-5.832746614891735,"MAGT1":-1.6679076759649016,"SLC41A3":-2.7835036172906618,"TGFBR2":0.0026026150002606777,"MMP2":-0.6910353927970544,"GZMH":1.4908130921573148,"CDIPT":0.045816757600359546,"TMX2":-0.8248201718696552,"SEC11C":1.2317114204121367,"GGT7":0.44293424723788083,"FAHD2B":0.0,"FBXW11":5.866786709071725,"TUBGCP6":0.3825343886638878,"CRELD1":-0.034761075465077555,"JAGN1":-0.6738163853271811,"RPN1":-0.8539539384471044,"SRD5A3":-2.163694129960479,"ASCL5":0.0,"MTMR1":0.18790195073520982,"PRKD2":0.19298911054034634,"ABHD14A":0.0,"TMEM43":-3.1907669375995265,"INF2":0.0511389886677368,"ERMP1":-1.8916354695229871}},"Mutation FLT3 ITD":{"min":-10.0,"max":10.0,"top_text":"High FLT3 ITD Correlation","bottom_text":"Low FLT3 ITD Correlation","map":{"LEMD3":-0.38278937436392824,"SEC62":-0.5582151813351985,"PRKD2":0.17995646489179146,"CYB5R3":0.6032425872206164,"LMF2":0.1496662201110588,"MTMR1":0.6603905189067669,"JAGN1":-1.1834570217468166,"MFSD10":-0.45959148635207664,"FAHD2B":0.0,"CDIPT":0.08111883356614019,"RIPK3":1.833996710964445,"INF2":5.4576115652650685,"TUBGCP6":-0.3503067753619734,"HSCB":-0.5613903368243137,"ABHD14A":0.0,"ELMOD2":1.1109561539131994,"CRELD1":-0.4545609921241065,"ZDHHC4":0.38816597578264717,"D2HGDH":-0.187430111041183,