{"Blast Percent":{"min":-11.0,"max":11.0,"top_text":"High Blast Percent Correlation","bottom_text":"Low Blast Percent Correlation","map":{"MUSK":-0.3334119060958394,"RALGAPA2":-0.004698483269895273,"SPG11":0.02681187489491069,"BIRC6":-0.810981360110943,"C6orf15":-0.8003327324315137,"AP2B1":-3.2684521978530183,"ZFYVE26":0.4057732102134205,"RALGAPB":0.8544600178166593,"PIP4P1":0.061818309770189185,"ACSS3":0.0,"KCNRG":0.0,"TTN":-0.8742529145345458,"LAMTOR5":-0.054897970758414225,"AJM1":-1.2572499314760026,"AZU1":-0.8597922355294522,"SEC24B":1.5661734839042791,"NTF3":0.0,"ALPK1":-1.8769703999996836,"NKIRAS2":-0.06258727237452809,"NRXN1":0.0,"MTMR7":0.0,"CC2D2B":0.0,"CLIC1":0.9449288278280839,"GFOD1":-2.2060387302662874,"CCM2":1.2091375173907848,"LAMP2":0.6506198858577893,"SHOC1":0.0,"RNF31":-1.1606219571340455,"STX7":-1.9700777977188588,"TMEM63A":-0.1263669372712409,"TBC1D9B":2.2177933281141904,"MT-ND6":0.0,"TRHDE":0.0,"C12orf40":0.0,"ZNF536":0.0,"ARF1":-4.452044534273855,"ACOT11":-1.8280604625916008,"VPS37A":-1.2219740095853877,"CCDC141":0.0,"OTC":-2.6021581297928176,"BCAT1":-0.17577199461330154,"UBR5":4.011248765343692,"GPR155":0.0,"STEAP2":0.0,"MTMR9":-2.558467917878783,"GFOD2":-0.20021703151736694,"CEACAM6":-2.268508617721645,"AP5S1":2.18015579555174,"PRSS51":0.0,"SPATA22":0.0,"GLMN":-2.0364623231446783}},"NPM1 Subtype":{"min":-37.0,"max":37.0,"top_text":"Committed NPM1 Subtype","bottom_text":"Primative NPM1 Subtype","map":{"ACSS3":0.0,"GPR155":0.0,"C12orf40":0.0,"BCAT1":-3.628737842102972,"CLIC1":4.506244018723575,"CC2D2B":0.0,"CCDC141":0.0,"SPG11":1.1941704712669998,"BIRC6":6.673296496697455,"AP2B1":4.998858163610115,"SPATA22":0.0,"VPS37A":-0.20134087741722384,"ZFYVE26":1.176111913179276,"NKIRAS2":2.170561534570322,"MTMR7":0.0,"MT-ND6":0.0,"AJM1":-0.4091671274478254,"CEACAM6":0.5249920900513471,"RALGAPA2":3.169800737838831,"RNF31":2.2962336889769883,"MUSK":0.08887127291580457,"AZU1":0.9579595129432067,"STEAP2":0.0,"STX7":7.051363808817316,"CCM2":0.27979866964276756,"GLMN":-0.9481712019407977,"TTN":-0.10051222845970592,"RALGAPB":1.3028373752550173,"ALPK1":1.235296606038562,"TMEM63A":-0.0007126679759332045,"LAMP2":0.31965275692512285,"ZNF536":0.0,"PRSS51":0.0,"C6orf15":0.8548484950964815,"OTC":0.45936371713238694,"LAMTOR5":1.0756925815611638,"SEC24B":-0.16623249384043695,"TRHDE":0.0,"PIP4P1":0.4667928763468254,"ACOT11":1.3747132506700401,"NTF3":0.0,"ARF1":5.178942094409255,"NRXN1":0.0,"UBR5":-5.514619613896145,"TBC1D9B":3.1954042313751323,"MTMR9":11.455544977963358,"GFOD2":-2.935486225513174,"AP5S1":0.14889368593013552,"GFOD1":0.6371560360704474,"KCNRG":0.0,"SHOC1":0.0}},"Mutation NPM1":{"min":-30.0,"max":30.0,"top_text":"High NPM1 Correlation","bottom_text":"Low NPM1 Correlation","map":{"LAMP2":4.867900200301865,"GPR155":0.0,"STEAP2":0.0,"MTMR7":0.0,"ACOT11":-0.011631868919251036,"AJM1":-0.45176523420402187,"NTF3":0.0,"PRSS51":0.0,"SHOC1":0.0,"VPS37A":-3.2624497095968037,"RALGAPA2":2.6036326106126904,"RNF31":-1.077293465683543,"GFOD1":-0.011981985765150766,"MUSK":0.2000479894293152,"STX7":-1.4667243273059174,"AP2B1":0.28138423425116593,"CCM2":0.41442963449923276,"ALPK1":-1.0047089455458844,"MTMR9":0.6065688890815822,"GLMN":-1.0553299580443223,"AZU1":-0.44861003465387195,"TRHDE":0.0,"OTC":-1.3991054556306108,"LAMTOR5":2.5337731551864193,"C12orf40":0.0,"AP5S1":1.7971433764671005,"PIP4P1":0.723446026860871,"CC2D2B":0.0,"UBR5":1.5227853335496702,"ARF1":-1.0332735578133172,"BIRC6":2.4444962668062846,"ZFYVE26":-0.21669197681375504,"C6orf15":-0.14166313642674194,"GFOD2":-0.8417483269550579,"NRXN1":0.0,"KCNRG":0.0,"MT-ND6":0.0,"TMEM63A":1.3576757756527964,"ACSS3":0.0,"SPATA22":0.0,"ZNF536":0.0,"SPG11":-0.05927220681754549,"TTN":-2.1746864062276545,"TBC1D9B":5.156571152803354,"SEC24B":2.925339554469748,"CEACAM6":-5.56491006652517,"NKIRAS2":2.5803096316156395,"CCDC141":0.0,"CLIC1":8.281290685372932,"BCAT1":-4.187343170519186,"RALGAPB":5.103084515904578}},"Overall Survival":{"min":-6.0,"max":6.0,"top_text":"High Survival Correlation","bottom_text":"Low Survival Correlation","map":{"BIRC6":0.8517986448138328,"STEAP2":0.0,"PIP4P1":0.25047822229924993,"SEC24B":-0.9393879143140543,"ZFYVE26":0.37792256701051213,"TMEM63A":0.329504112269424,"MTMR9":-0.2840475834388924,"ARF1":-0.34579714048978555,"AZU1":-0.08927280284911585,"C6orf15":-0.08337249734458439,"AJM1":0.2569064811900612,"GFOD1":-0.06630020141790169,"CCM2":1.7159537981830186,"AP2B1":0.17684075334102414,"RALGAPB":0.8266667499448244,"VPS37A":-0.5276057204246322,"BCAT1":-1.3933442694805156,"NKIRAS2":0.10650339052815264,"STX7":0.5813517976991404,"ACSS3":0.0,"ZNF536":0.0,"UBR5":-0.04827519770096877,"TRHDE":0.0,"ACOT11":0.4793878709978678,"GFOD2":-0.9930798937473401,"NRXN1":0.0,"MTMR7":0.0,"CEACAM6":-0.6463171318050627,"LAMTOR5":0.3335602276608953,"SHOC1":0.0,"SPG11":0.21823127477192347,"SPATA22":0.0,"MT-ND6":0.0,"TTN":-0.4397992609669597,"C12orf40":0.0,"PRSS51":0.0,"AP5S1":0.45085654327281627,"RALGAPA2":-0.0031790334690687716,"ALPK1":-0.46206372530395706,"LAMP2":-0.06860901626581786,"KCNRG":0.0,"NTF3":0.0,"GLMN":-0.150258204610312,"CCDC141":0.0,"CLIC1":0.15127309422057836,"TBC1D9B":-0.7673779958745912,"CC2D2B":0.0,"GPR155":0.0,"OTC":0.6319927098206707,"MUSK":0.18851711770007015,"RNF31":5.1454557999365}},"MuSiC CD14 Mono":{"min":-50.0,"max":50.0,"top_text":"High CD14 Mono Correlation","bottom_text":"Low CD14 Mono Correlation","map":{"BIRC6":6.670256309620148,"GFOD1":0.6799207246958827,"TTN":-0.692721449177452,"NRXN1":0.0,"CCDC141":0.0,"PIP4P1":1.3780364111827117,"AP5S1":0.5098043376520733,"AJM1":0.053702997871753116,"NKIRAS2":3.3666187845531383,"VPS37A":-0.02827170975752419,"LAMP2":0.3403573314743197,"BCAT1":-3.4427302256361623,"RALGAPA2":5.525554449071086,"RALGAPB":2.055895022994473,"GLMN":-1.544848552903407,"CEACAM6":0.6061907467202701,"C6orf15":0.31716596180291584,"TMEM63A":0.128534095501461,"CC2D2B":0.0,"MT-ND6":0.0,"KCNRG":0.0,"ACOT11":3.348444870567724,"SPATA22":0.0,"RNF31":1.3505074060529592,"GFOD2":-2.8831851521046734,"MTMR9":18.22578276331047,"MUSK":-0.16061534338239108,"GPR155":0.0,"LAMTOR5":3.6609440521671224,"CCM2":0.26691401316597824,"STX7":7.278791771582772,"AZU1":1.1911136706221515,"PRSS51":0.0,"ZFYVE26":1.3292963946444978,"ARF1":7.165284621871179,"CLIC1":6.806110118931859,"OTC":0.11198672875037223,"ZNF536":0.0,"SEC24B":-0.05238791428852772,"ACSS3":0.0,"C12orf40":0.0,"SPG11":1.709932820966047,"NTF3":0.0,"AP2B1":11.692245552183527,"TRHDE":0.0,"SHOC1":0.0,"UBR5":-4.971324272448325,"ALPK1":2.319432414540375,"STEAP2":0.0,"MTMR7":0.0,"TBC1D9B":3.6869272769160264}},"Mutation FLT3 ITD":{"min":-10.0,"max":10.0,"top_text":"High FLT3 ITD Correlation","bottom_text":"Low FLT3 ITD Correlation","map":{"TRHDE":0.0,"CCDC141":0.0,"CEACAM6":-0.8719417424177989,"AP5S1":0.32859638325487,"TMEM63A":1.9734417971224674,"RALGAPA2":0.5014721349561733,"AJM1":-0.16236917685228744,"ALPK1":-0.8240910476813601,"NTF3":0.0,"NRXN1":0.0,"GPR155":0.0,"SPATA22":0.0,"UBR5":1.4170526822951492,"ACOT11":1.1602060498492295,"STX7":-0.3143328177525132,"TTN":-1.5269944583818982,"SHOC1":0.0,"ARF1":-0.6628587708738172,"CLIC1":0.7147103597464443,"GFOD2":-1.1586924472483853,"KCNRG":0.0,"BIRC6":1.5500016289017629,"SPG11":-0.6931600995408873,"AZU1":-0.8733235568333297,"ZFYVE26":-1.799174014824497,"ZNF536":0.0,"PRSS51":0.0,"SEC24B":0.014658727562563678,"C12orf40":0.0,"TBC1D9B":-0.14709001092089893,"VPS37A":-1.8080173675141773,"MTMR9":-0.22242482338936775,"CCM2":0.46286471183979494,"LAMP2":0.6557950557727829,"BCAT1":-0.18120114987418912,"STEAP2":0.0,"MT-ND6":0.0,"MTMR7":0.0,"NKIRAS2":0.44260149729481346,"PIP4P1":-0.08039217816046351,"GFOD1":-0.18073877687758352,"LAMTOR5":2.254481464610648,"C6orf15":-0.18785435457851596,"CC2D2B":0.0,"OTC":-0.6789107216325665,"RALGAPB":1.2630424946952552,"ACSS3":0.0,"RNF31":-1.409708810156163,"GLMN":0.2355110981887897,"MUSK":-0.26198322026601284,"AP2B1":0.25663868280522273}}}