{"NPM1 Subtype":{"min":-37.0,"max":37.0,"top_text":"Committed NPM1 Subtype","bottom_text":"Primative NPM1 Subtype","map":{"C4A":0.9574181941824691,"APOH":3.413454347156238,"ORM2":0.8256950409206523,"ITIH4":2.095465762281404,"HPX":3.8535608247353963,"FN1":2.192908963070371,"KNG1":1.3265767471797247,"APOE":1.9893087039465482,"SERPINC1":2.6177142192575547,"CP":0.5901398710980081,"TF":-0.15215792474573275,"APOA1":0.3613742287879375,"AMBP":1.4170885171384004,"APOC3":0.6559190015752016,"SERPING1":0.0032288193917978355,"ITIH1":0.8675242415292489,"GC":2.9420776521405534,"BTN2A1":10.013696216373809,"SERPIND1":0.8291668687915372,"APOA2":0.5198330057890678,"APOC1":0.5584536601110708,"SERPINF2":2.645337845555066,"CLU":1.4676931578307708,"AHSG":0.2586599308793714,"VTN":1.3476527211507023,"TTR":1.6579770072918532,"FGG":1.3623115719503578,"C5":2.8206493484339794,"FGA":1.223582183809986,"ITIH2":1.7133653776640585,"C3":0.9028686617170781,"C4BPA":-0.7016841034445838,"C1R":4.8716811365976636,"ORM1":0.9633044124447665,"C9":2.078186861719567,"F2":1.573327516784288,"PON1":0.5037883954524638,"APOC2":0.007450398281589223,"APOA4":1.4368654056396282,"CPN1":0.0,"C1S":6.216992341971566,"HRG":1.528429376426627,"SAA2-SAA4":0.501013828392601,"APOB":0.8282395285596286,"AZGP1":0.7939895958116269,"FGB":1.5077511187661996,"C1QC":3.062103188613029,"HP":7.781076419679904,"A2M":1.7121444351961412,"A1BG":1.5731576305751158,"ALB":0.6868541779715955}},"Overall Survival":{"min":-6.0,"max":6.0,"top_text":"High Survival Correlation","bottom_text":"Low Survival Correlation","map":{"APOC1":0.12162621698624626,"TTR":0.7207305204654144,"HP":0.12414139404309579,"GC":0.24128466254570333,"BTN2A1":-0.4733554217243692,"PON1":0.08015799891713869,"C4BPA":0.05266650187553827,"FGG":0.34973379846498,"FGB":0.23540947879006366,"APOC2":0.31242570815000603,"F2":0.32221651905713716,"SERPINF2":0.27093889696605555,"C1QC":-0.39618783940014246,"APOB":0.2890629079939418,"CLU":0.843050588246298,"HPX":0.48357888062336296,"KNG1":0.21331376577406894,"FN1":0.3259569039583661,"SERPING1":0.515847311283086,"C5":0.9223877069395927,"CP":0.055643766131445185,"SERPINC1":0.2926965347699324,"C3":0.1083916317552643,"APOA1":0.40273612541208303,"APOC3":0.41407058339343367,"APOH":0.5309276010939833,"TF":0.0839338809587882,"ALB":0.12188602207902692,"ITIH2":0.8065517032158295,"FGA":0.3156687049179151,"SERPIND1":0.5166478967105231,"C9":0.9688880153730429,"AHSG":0.7149347474440723,"C1R":1.5842734179156102,"APOA4":0.8104637217824168,"CPN1":0.0,"ORM2":0.14360472745295216,"ITIH1":1.9286633381949168,"AMBP":0.01537628710287012,"ITIH4":0.561853067062445,"C4A":0.19170116160904668,"HRG":1.8595899666199616,"A2M":0.3158932847368922,"C1S":0.6644065742815277,"A1BG":0.48974851413158704,"SAA2-SAA4":0.9504531714695028,"APOE":0.5652713053792872,"VTN":0.15497760529465723,"APOA2":0.05232266975973171,"ORM1":0.4082461670890047,"AZGP1":0.17882028921684884}},"Blast Percent":{"min":-11.0,"max":11.0,"top_text":"High Blast Percent Correlation","bottom_text":"Low Blast Percent Correlation","map":{"CPN1":0.0,"C9":-2.1393903776577625,"APOA2":-3.517802246205603,"AHSG":-0.5862946234440186,"KNG1":-3.031259814077712,"APOC2":-0.4794716015266428,"APOC3":-2.4967110974882303,"TF":-2.7468750632611796,"SAA2-SAA4":-2.6570872421318916,"A1BG":-3.755252811227429,"FN1":-2.0704883131063676,"GC":-4.491937985800478,"C5":-3.238039956768915,"AZGP1":-3.1790544359833475,"APOH":-2.9700377179641904,"F2":-2.987114804544224,"HPX":-3.407836677220351,"A2M":-3.096848807109821,"ITIH1":-2.7179537566715224,"APOC1":-1.5731486410160953,"CP":-2.044294599512988,"ALB":-2.0394930026178333,"PON1":-2.740268682045374,"AMBP":-1.572275858854018,"ITIH2":-2.563015969178223,"HP":-3.700399831292657,"BTN2A1":-1.7251880919040739,"SERPINC1":-4.4395662863635845,"FGB":-4.762380585804137,"C3":-2.142209393203788,"CLU":-4.701906666975222,"FGA":-4.937145104571725,"SERPIND1":-1.5085749145304579,"C4BPA":-0.8026743863531516,"ITIH4":-2.886736851434406,"TTR":-2.624996482904649,"FGG":-5.038595084807831,"SERPINF2":-4.759731223492702,"APOE":-4.3420523841107075,"ORM2":-2.44396516257099,"APOA4":-4.877244470568886,"C1S":-3.4858285311350787,"HRG":-1.6561131364125536,"VTN":-2.3883558012672954,"ORM1":-3.6864272559022035,"SERPING1":-1.8465184908616556,"APOB":-3.346941537500115,"C1QC":-1.721044989674092,"APOA1":-3.424919133429988,"C1R":-1.4340618251016313,"C4A":-1.0982451640127318}},"Mutation FLT3 ITD":{"min":-10.0,"max":10.0,"top_text":"High FLT3 ITD Correlation","bottom_text":"Low FLT3 ITD Correlation","map":{"C5":-1.7911421271579013,"APOH":-1.0773814224346472,"C1QC":0.5264794098617065,"APOE":-2.5573316519095552,"PON1":-1.942712850992232,"TF":-2.978787661016507,"HRG":-2.457455363634731,"BTN2A1":-1.0551861573686658,"ITIH2":-0.8490953437727708,"FGG":-2.5772166843392594,"SERPINF2":-2.6732539611298685,"ITIH4":-2.9506136460616172,"C9":-2.40194494358429,"ITIH1":-0.9396525300110761,"FN1":-1.5910839392438492,"APOA1":-1.8194175188023785,"FGA":-2.5817653341314184,"CPN1":0.0,"APOA2":-1.219593579655549,"ORM2":-1.9772099578414026,"SAA2-SAA4":-3.6215482443517373,"APOC1":-1.9203510902173755,"AZGP1":-2.4559216629013556,"CP":-2.823009446050214,"C3":-2.3442681519315847,"APOA4":-1.7602331998285856,"C4BPA":-1.4539735787271928,"A1BG":-2.032355013237839,"APOC3":-1.923753298866965,"A2M":-1.054884903908333,"TTR":0.2877952936415613,"SERPING1":-0.4164412000736516,"APOC2":-1.3018718849931565,"C1S":-1.988623125048063,"FGB":-2.787752433320642,"SERPIND1":-3.749740904106094,"CLU":0.05704187064070339,"C1R":-1.026848615407284,"VTN":-2.2744555087261062,"AMBP":-1.0948297875037312,"GC":-1.577145528856194,"HP":-1.3851421860172897,"HPX":-0.8699505497779201,"AHSG":0.005648350998987836,"ALB":-0.8160759256632604,"KNG1":-2.141287623502634,"SERPINC1":-2.731412589237161,"C4A":-1.7322644186946818,"F2":-2.4635239256058745,"ORM1":-1.8642050710352924,"APOB":-2.6579809621573167}},"MuSiC CD14 Mono":{"min":-50.0,"max":50.0,"top_text":"High CD14 Mono Correlation","bottom_text":"Low CD14 Mono Correlation","map":{"ALB":0.731000662795529,"ITIH1":0.8487818134179058,"KNG1":2.0434488380852103,"CPN1":0.0,"ORM2":0.7568905376101286,"ORM1":1.034161062862445,"ITIH2":1.5361031739645683,"C9":1.8195724747289141,"FGB":1.6955506619922678,"APOA2":-0.01732113307668791,"APOB":-0.04076714361444173,"HRG":1.5591965827219412,"BTN2A1":8.504793110768833,"FGG":1.554962199470554,"C1QC":4.056434341642037,"TF":-0.35093084812114683,"CLU":1.6741613909447364,"AHSG":0.6565390907602664,"TTR":1.3845799769633806,"APOH":3.425702705724015,"APOC1":0.23294036414707403,"C5":1.6831833823524787,"A1BG":1.5725087753731646,"SAA2-SAA4":0.04823658815956758,"ITIH4":1.8370809419145844,"APOA4":1.5034584267293944,"F2":1.2963738346724984,"FN1":1.3030139108881043,"C4A":0.35181010341802965,"SERPINF2":2.575183666333136,"AZGP1":0.5998632287345891,"HP":9.87992543994525,"CP":0.5323025054968075,"PON1":0.15405200674690953,"APOA1":0.12538516878526001,"C1S":7.058983747245368,"SERPINC1":2.4558488879807694,"GC":3.9820316369975757,"SERPIND1":0.24235196124859554,"C4BPA":0.5162092379318575,"AMBP":1.6494304700662814,"SERPING1":0.11169329145720212,"APOC3":0.36384078542068055,"APOE":1.1573471922619887,"VTN":0.9483233701251181,"HPX":5.026026659845367,"APOC2":0.020909020993583872,"C3":0.8319102211576486,"A2M":1.9114180544455235,"C1R":6.042222453012657,"FGA":1.3935216694166261}},"Mutation NPM1":{"min":-30.0,"max":30.0,"top_text":"High NPM1 Correlation","bottom_text":"Low NPM1 Correlation","map":{"HP":-0.3049316135312478,"C1QC":0.2828908596488781,"ITIH1":-0.09473262526109102,"A2M":0.2016823116940358,"APOH":-0.15980727700055378,"SERPINC1":-0.6680063814432631,"APOB":-1.4457091018465706,"FGA":-1.9145522992873771,"TTR":-0.17880016101761098,"SAA2-SAA4":-1.1007721094845102,"HRG":-0.4829213303755763,"ITIH2":0.13522354435048495,"C1S":0.2914460838333025,"TF":-1.4430072670509297,"CP":-0.5853550230370924,"AHSG":0.6412941566587019,"C4BPA":-0.21304416516576005,"BTN2A1":-0.23319888565327365,"PON1":-1.2172937046091676,"SERPING1":-1.043598662859085,