{"Mutation FLT3 ITD":{"min":-10.0,"max":10.0,"top_text":"High FLT3 ITD Correlation","bottom_text":"Low FLT3 ITD Correlation","map":{"TLR8":-0.012883721601115625,"FGD2":0.22454699764000619,"LILRB4":0.056820949480642,"SUCLG2":5.042408759076528,"IL1RN":-0.17379238772316602,"RBM47":0.3819901380014061,"CCR1":0.3984972074706011,"PGAM1":-0.04542481817924885,"TRIM26":-0.6999970433732262,"FBP1":0.2672695653236245,"BAG3":-0.23974682343454778,"NAGA":0.8165898306937719,"IQGAP1":0.11174600228507243,"ACTB":-0.9269944551531453,"S100A10":0.21020433514710626,"VCAN":0.43565587413685997,"ADAP2":0.12604816447862147,"FAM114A1":0.7332587399721984,"SCIMP":-0.08255563229246131,"NACC2":-0.3987900206576237,"KLF4":0.5031597635636735,"KRAS":0.07625659147457894,"BASP1":-0.05353847759332736,"MYH9":-0.5011356149612094,"MYO1E":-0.0530511717239411,"SRGAP2":-0.3577452442144117,"ARHGEF10L":0.17000396041410573,"PFN1":-0.09500223794373736,"MPEG1":-0.17743093391604256,"GSTO1":-1.7498741051891973,"ANXA5":0.1450514300928313,"FGR":-0.29137794465434275,"CPM":-0.019774000045951964,"CPNE3":-0.6541988289080374,"ANXA2":0.8661920902322086,"S100A6":0.12523255404963873,"FGL2":0.11549934125240473,"SCPEP1":-0.23807536748639538,"LGALS3":0.1564256075500409,"TYMP":-0.40934769866499093,"CTSH":0.1311261299771378,"CST3":-0.033219591854902496,"LRRC25":-0.18531249020545637,"CDA":-0.6688823465976622,"RAC1":0.39423917232674444,"CD1D":0.0,"SAMHD1":0.255990183885412,"LRP1":-0.17524403971057403,"RNH1":0.7254957376627331,"CAPN2":0.18384206786218665,"NID1":-0.6892986773373757}},"Mutation NPM1":{"min":-30.0,"max":30.0,"top_text":"High NPM1 Correlation","bottom_text":"Low NPM1 Correlation","map":{"S100A10":1.4940742884316098,"RAC1":0.261928622075728,"TYMP":2.6051925471525013,"NID1":-0.36911544494826154,"LGALS3":0.9427948333775169,"PFN1":-0.05540330155768563,"VCAN":2.5039317698904964,"MYO1E":-1.676295415418364,"SAMHD1":1.1328577463144518,"FGL2":1.5349737018892111,"CST3":3.545911187354745,"KRAS":0.3120119779791907,"FGR":0.5369833495773482,"TRIM26":1.3148949870120976,"CCR1":2.355662390331561,"ANXA2":2.1508435393284264,"LRP1":0.5698565652854491,"CD1D":0.0,"NAGA":0.7656950747295085,"MPEG1":0.34204262062474017,"SCPEP1":0.6551355234388798,"LILRB4":0.9895577783896703,"MYH9":-0.006899456921615533,"RNH1":1.6857534686195563,"LRRC25":1.6289088785837058,"RBM47":0.1291503667231287,"KLF4":1.4211507941098773,"FAM114A1":0.36828761783593816,"TLR8":1.0227912593891755,"CDA":0.0482885970923996,"ACTB":-0.5396991830312623,"IL1RN":0.08059816128011264,"NACC2":0.3107421462769036,"ANXA5":0.09782085749459954,"ADAP2":0.09469044455646847,"CTSH":0.6948623410002703,"GSTO1":-5.817755893321036,"FBP1":1.5441944220902761,"SUCLG2":13.638438729891885,"IQGAP1":0.5286689578453456,"SCIMP":0.8058970935976253,"CAPN2":1.3601005969504758,"SRGAP2":-0.21884590199474163,"BAG3":-0.0033574526494247687,"S100A6":0.5698045006599135,"CPNE3":-2.8823706597714316,"ARHGEF10L":1.1916229883655756,"BASP1":0.5924082621585396,"CPM":1.2656937836134659,"FGD2":1.481865388326418,"PGAM1":1.1119943411613802}},"Overall Survival":{"min":-6.0,"max":6.0,"top_text":"High Survival Correlation","bottom_text":"Low Survival Correlation","map":{"NACC2":0.0033382672830486325,"KRAS":0.32504972471163424,"FGD2":-0.08394717041369525,"ANXA5":0.2939122241731482,"LRP1":-0.12504985072056685,"BASP1":0.31910071795087713,"MPEG1":0.046734191493992064,"IL1RN":-0.22981964446160255,"VCAN":0.08209896532615112,"ANXA2":-0.025741131387706975,"CST3":0.12631468936524637,"MYH9":1.0737103680222333,"ADAP2":0.6400124420516285,"BAG3":0.4373527468347968,"IQGAP1":-0.057353144323501505,"TRIM26":0.6951450434174888,"LILRB4":-0.03467591798744458,"SUCLG2":0.30919752872172873,"CPM":-0.04292463801026648,"SCPEP1":0.4611408781682637,"SAMHD1":0.5042724986773917,"ACTB":1.250040045445864,"PGAM1":0.13238445281097938,"GSTO1":-0.16295743983841696,"CCR1":-0.062432581439242456,"FGL2":-0.13758115529750067,"SCIMP":0.09020067453397347,"KLF4":-0.10422441276567891,"FBP1":0.012798302474590888,"CD1D":0.0,"ARHGEF10L":-0.2643259129537337,"NID1":0.9824305073204068,"NAGA":0.1957983102285562,"RAC1":0.41615462991751606,"PFN1":0.7728410512381187,"TYMP":-0.4500927947042232,"FAM114A1":0.25463906391657104,"FGR":-0.3290928073302311,"CTSH":0.1031040378729365,"TLR8":-0.1729226712594077,"MYO1E":0.41608413055780546,"LRRC25":-0.007597822846789251,"CAPN2":0.6090870469572697,"SRGAP2":0.02734649704659683,"S100A6":0.08271475728442854,"CDA":-0.2136108371504108,"CPNE3":-0.4985332939782244,"S100A10":0.31911099857697417,"RNH1":0.25524531776014076,"LGALS3":-0.14825497683245417,"RBM47":-0.20731196464717086}},"NPM1 Subtype":{"min":-37.0,"max":37.0,"top_text":"Committed NPM1 Subtype","bottom_text":"Primative NPM1 Subtype","map":{"RNH1":12.33600025815304,"KRAS":6.744270177015504,"ANXA5":15.880643762026128,"ARHGEF10L":28.18891908967271,"CD1D":0.0,"RAC1":5.536671426265789,"NAGA":16.00624909303676,"IQGAP1":18.03004726914796,"CTSH":17.892524540422848,"SRGAP2":20.285019437264644,"LGALS3":13.84404584297216,"FGR":28.423210901313855,"RBM47":25.091221509280366,"KLF4":20.253302930443297,"FAM114A1":7.183631671729194,"NID1":5.747923625549663,"TYMP":19.972053053534477,"ACTB":12.779563501183883,"BAG3":6.334480122059072,"SUCLG2":2.2817646174047708,"ANXA2":16.648477435463874,"NACC2":8.96863495006149,"MYO1E":14.299735482058137,"S100A6":10.058024587046697,"GSTO1":1.4099853020072042,"CCR1":24.58489212417773,"FGD2":30.137190100495527,"TLR8":33.143119765919366,"LILRB4":18.010115126063425,"VCAN":25.96998053815302,"FBP1":22.193084942461343,"CPNE3":7.646630990735172,"CPM":21.34372224697006,"CST3":12.944669357779222,"S100A10":11.836436029959085,"LRRC25":27.975006963441704,"MPEG1":36.008109592181476,"MYH9":13.176780338482924,"LRP1":31.6657276321637,"BASP1":12.684202073710798,"CDA":16.83015438469037,"SCPEP1":18.169567631893504,"PGAM1":18.601404546615147,"IL1RN":20.907110839037664,"FGL2":29.362122917513453,"PFN1":15.449185277035332,"CAPN2":18.330086346619684,"SCIMP":16.450728608874265,"ADAP2":12.418121960647191,"TRIM26":11.698413065687493,"SAMHD1":25.44740858663137}},"Blast Percent":{"min":-11.0,"max":11.0,"top_text":"High Blast Percent Correlation","bottom_text":"Low Blast Percent Correlation","map":{"SAMHD1":-2.258713079973951,"CTSH":-4.0371749537902835,"ARHGEF10L":-2.6276051015053987,"FBP1":-3.1977976719777077,"RAC1":-0.024146589553351736,"GSTO1":-1.6404155705543613,"FGL2":-3.5413977255062448,"ANXA5":-2.1643908235951916,"FGR":-5.628540178880434,"BAG3":-2.101423095357921,"S100A6":-2.0810939216308566,"SCPEP1":-1.0096697383681024,"RNH1":-0.9700786573146293,"LILRB4":-2.1155229003200793,"NAGA":-2.2005351396081343,"TYMP":-1.2167765937811985,"SUCLG2":-0.8079587923179075,"KRAS":-2.1693013764878573,"CCR1":-1.7725283504955869,"FGD2":-2.8674791132072865,"TRIM26":-0.19547205943323245,"VCAN":-3.4458049230696077,"RBM47":-3.5185168847245234,"SCIMP":-1.8586310273729216,"CST3":0.04465984363961809,"LRRC25":-3.1315554529185565,"MYH9":-5.129980406574905,"PFN1":-3.8154901834730937,"IQGAP1":-0.13342011762029216,"FAM114A1":-0.9719209935493376,"CPNE3":-7.81495178482906,"CDA":-5.4376372914419315,"MYO1E":-4.780600026986682,"NID1":-3.3501289273187953,"CAPN2":-1.28746202512261,"TLR8":-4.162279905677805,"LRP1":-4.171799497621999,"LGALS3":-2.543771976681929,"PGAM1":-3.2416311687657187,"CD1D":0.0,"BASP1":-6.205598271092591,"IL1RN":-4.9293391577906505,"S100A10":0.0967137558274825,"SRGAP2":-2.271507554984798,"KLF4":-2.678846871143087,"ADAP2":-2.368896246676448,"MPEG1":-4.189472338485521,"ACTB":-4.37642113778035,"CPM":-3.112011194645162,"ANXA2":0.0792899926896112,"NACC2":-0.5971795410348845}},"MuSiC CD14 Mono":{"min":-50.0,"max":50.0,"top_text":"High CD14 Mono Correlation","bottom_text":"Low CD14 Mono Correlation","map":{"RNH1":13.171709525193751,"SCPEP1":20.899955497665076,"CST3":11.5727189230167,"FAM114A1":8.100203180641055,"SAMHD1":23.57585501945066,"GSTO1":1.5109440151789162,"TRIM26":11.432300339963303,"CPM":29.567589413724114,"CPNE3":9.802744842971125,"SRGAP2":20.86738302211996,"IQGAP1":19.269726263059013,