{"NPM1 Subtype":{"min":-37.0,"max":37.0,"top_text":"Committed NPM1 Subtype","bottom_text":"Primative NPM1 Subtype","map":{"HABP4":0.31859808309992094,"ANXA6":6.337718735575799,"PRKCB":14.22727446115253,"FGD4":15.580552774301056,"DOK2":14.581764485837367,"COTL1":19.2037401161988,"CD1D":0.0,"LRP1":31.6657276321637,"FCGR3A":12.417403691527989,"CCL5":2.8680659244904882,"VAMP3":8.046027965629293,"ATP6V0A1":11.961193452641124,"FAS":5.565345396097296,"ABI3":12.674857097066736,"MYL12A":9.563232112692178,"SCP2":7.276902092781092,"FGL2":29.362122917513453,"TMEM120A":9.554235875554653,"SYK":18.765567443284237,"APBB1":3.556855517267642,"ENO2":-0.1822932164807741,"CCR5":5.060092057099213,"LBH":-0.22224456352331542,"MYO1C":5.043431155244654,"CD4":9.279956386105471,"SUCLG2":2.2817646174047708,"ATM":5.345436594573082,"STUB1":1.9378563585001845,"LRRC25":27.975006963441704,"PRKCA":15.49931861990793,"FYN":9.304634828617822,"SAMHD1":25.44740858663137,"PTPRC":18.500336167708067,"ANXA2":16.648477435463874,"GNAI2":13.86449573447355,"CTSZ":14.595182611534394,"NAGA":16.00624909303676,"TYMP":19.972053053534477,"SRGAP2":20.285019437264644,"ABCD1":11.738689515680882,"LILRB4":18.010115126063425,"GIMAP4":11.103465429827589,"MEFV":28.669384912028473,"MAPK7":5.583684603559049,"CCR1":24.58489212417773,"UNC119":17.279970712907602,"NCF1":25.19352991635475,"FGR":28.423210901313855,"MYO7A":-0.9905973447659696,"CBL":18.932964507898838,"MPEG1":36.008109592181476}},"Overall Survival":{"min":-6.0,"max":6.0,"top_text":"High Survival Correlation","bottom_text":"Low Survival Correlation","map":{"TMEM120A":0.39892220190299216,"CCR1":-0.062432581439242456,"CCL5":1.5772940115587644,"MYO1C":1.3468020768687552,"APBB1":-1.7621207982463567,"LBH":-0.15363340239319648,"LRRC25":-0.007597822846789251,"SRGAP2":0.02734649704659683,"FGR":-0.3290928073302311,"ANXA2":-0.025741131387706975,"LILRB4":-0.03467591798744458,"TYMP":-0.4500927947042232,"ATM":-0.13933018070812814,"VAMP3":1.5548677261113388,"SCP2":-0.49367497193734006,"ENO2":-0.05789380090639452,"UNC119":0.382213544275552,"MYO7A":0.4460746263505435,"CD1D":0.0,"STUB1":0.3291270649544706,"PRKCB":0.37923753612362593,"FGL2":-0.13758115529750067,"GNAI2":1.242298261190537,"ANXA6":0.4593290598219104,"MEFV":0.3205624168416945,"MYL12A":0.9386969759176171,"CCR5":0.039689143372497855,"NCF1":0.60121460535505,"PRKCA":0.05434235512309023,"SUCLG2":0.30919752872172873,"FYN":1.6366995096623498,"SAMHD1":0.5042724986773917,"FCGR3A":0.599626175350928,"ABCD1":0.48801799008682595,"ABI3":1.360196172522992,"HABP4":1.9632050333130782,"ATP6V0A1":-0.05537322983087315,"GIMAP4":1.8454585315003986,"MPEG1":0.046734191493992064,"FAS":1.947908682478643,"CBL":-0.055113403728386495,"CD4":0.8461731447264644,"FGD4":-0.2865685413615267,"DOK2":1.328615051447904,"LRP1":-0.12504985072056685,"CTSZ":0.11756715516767743,"SYK":-1.2171965336417503,"PTPRC":0.2718168605761528,"NAGA":0.1957983102285562,"COTL1":0.6925282267696662,"MAPK7":-0.6999255806485627}},"MuSiC CD14 Mono":{"min":-50.0,"max":50.0,"top_text":"High CD14 Mono Correlation","bottom_text":"Low CD14 Mono Correlation","map":{"ATP6V0A1":20.76510178670109,"MAPK7":6.99474939732274,"PRKCA":14.924298822776205,"NCF1":33.26619383709963,"CTSZ":23.09723183489143,"CBL":19.518588068698016,"PTPRC":27.360956811300895,"CCL5":2.8332079864423334,"STUB1":1.6459911798216191,"LRRC25":38.15060557847691,"TYMP":21.97781847953703,"LILRB4":24.870118289059832,"MEFV":36.143579758867915,"LRP1":38.91544560323843,"FCGR3A":12.715751185642043,"NAGA":23.30293779959942,"ANXA2":17.381760905335256,"MYO7A":-1.135481533207502,"SRGAP2":20.86738302211996,"APBB1":3.9494651853153546,"DOK2":16.21657380183247,"ABCD1":14.444489355672511,"VAMP3":10.640187261118777,"CD4":8.051352528215716,"UNC119":16.140724342556567,"CD1D":0.0,"ABI3":10.347205562260301,"FGD4":23.699676811572054,"COTL1":22.612930305412448,"LBH":-0.4704589686235731,"ENO2":0.09248739446204755,"ANXA6":6.86183023839879,"SUCLG2":4.266596337161707,"FGR":47.92358853616047,"FAS":6.882087293698158,"CCR1":31.732739726773776,"GNAI2":20.020967711682758,"FYN":11.980012779053814,"SAMHD1":23.57585501945066,"CCR5":4.632399378138093,"SCP2":10.110827987394922,"MYO1C":5.464657995107233,"HABP4":-0.009191833626595522,"ATM":7.735797660104207,"SYK":30.9076845635036,"TMEM120A":11.356634551420806,"MYL12A":12.623228729379143,"GIMAP4":10.520778806403959,"PRKCB":15.39198120913194,"FGL2":36.00102153905948,"MPEG1":39.589755821071314}},"Blast Percent":{"min":-11.0,"max":11.0,"top_text":"High Blast Percent Correlation","bottom_text":"Low Blast Percent Correlation","map":{"FCGR3A":-5.357925565082997,"CCR1":-1.7725283504955869,"MYL12A":-4.289874717492751,"GNAI2":-3.1673409912300166,"FAS":-3.0725035293583365,"LRP1":-4.171799497621999,"ATM":-0.37248055374528494,"CCL5":-3.6756183276383703,"CTSZ":-0.8453682609058677,"CCR5":-1.2960507666815269,"PRKCA":-4.663457130594428,"FGL2":-3.5413977255062448,"LILRB4":-2.1155229003200793,"FYN":-3.0233410102981675,"UNC119":-1.4836520124494033,"SUCLG2":-0.8079587923179075,"CD1D":0.0,"MAPK7":-0.9049171564175613,"TYMP":-1.2167765937811985,"MYO7A":-0.12611479944813805,"GIMAP4":-4.686110019556205,"TMEM120A":-1.1245914549805862,"CBL":-1.8041329373669555,"CD4":-2.627824841254864,"SYK":-2.8580218180136763,"ABCD1":-1.4021730976577746,"NCF1":-3.8197172140356055,"FGD4":-3.9649589012278614,"NAGA":-2.2005351396081343,"STUB1":-0.37973272851019385,"VAMP3":-2.260404920081743,"SAMHD1":-2.258713079973951,"APBB1":-0.43307458703967217,"FGR":-5.628540178880434,"MYO1C":-1.3226598539145198,"PRKCB":-1.380410744370308,"ANXA2":0.0792899926896112,"ABI3":-4.778256798048667,"ATP6V0A1":-5.8600652582227655,"DOK2":-3.8301944949952116,"HABP4":-1.0361630200373775,"COTL1":-2.9812391499443787,"PTPRC":-4.059168985964395,"ANXA6":-0.6233531299894055,"ENO2":-1.3188432014749734,"LBH":-0.6611605045879758,"MPEG1":-4.189472338485521,"LRRC25":-3.1315554529185565,"MEFV":-5.7851330366159885,"SRGAP2":-2.271507554984798,"SCP2":-2.969242745762109}},"Mutation FLT3 ITD":{"min":-10.0,"max":10.0,"top_text":"High FLT3 ITD Correlation","bottom_text":"Low FLT3 ITD Correlation","map":{"SYK":-0.06745054201500636,"LBH":-1.1707567590180457,"ABI3":-0.9198498208715195,"SAMHD1":0.255990183885412,"CD4":0.2302205550973469,"LILRB4":0.056820949480642,"MEFV":0.04478905591737681,"PRKCA":0.03644390777835057,"FCGR3A":-1.2074138990015146,"STUB1":0.11759035184321598,"LRP1":-0.17524403971057403,"DOK2":0.2904377672716008,"TMEM120A":-0.14246417165928618,"FGL2":0.11549934125240473,"NCF1":-0.11780122712114262,"MAPK7":-1.1265759074651553,"HABP4":-1.7943616076731068,"CCR1":0.3984972074706011,"TYMP":-0.40934769866499093,"COTL1":-0.4107687224794325,"UNC119":-0.12953199000875187,"CCL5":-0.40700579130710757,"VAMP3":0.12642889642618788,"CCR5":0.2254670855168133,"MPEG1":-0.17743093391604256,"CBL":-2.0880097101636164,"PTPRC":0.7289404470779098,"GNAI2":-0.07035701088645917,"NAGA":0.8165898306937719,"LRRC25":-0.18531249020545637,"FYN":-0.2779477243807064,"SCP2":0.1879466879303945,"FGR":-0.29137794465434275,"ENO2":-0.6891518662096893,"SRGAP2":-0.3577452442144117,"ATM":1.9666985826497818,"FGD4":-0.4940613309014533,"ANXA6":0.757061720749565,"FAS":-1.0079413457443958,"ATP6V0A1":0.9046467395280736,"CD1D":0.0,"CTSZ":1.2529003748668273,"SUCLG2":5.042408759076528,"MYL12A":-0.2718100039380094,"ANXA2":0.8661920902322086,"MYO7A":-0.3146759296272158,"MYO1C":-0.07803282398467383,"ABCD1":-0.2288309252131303,"APBB1":2.1216020667353472,"GIMAP4":-1.71934501474181,"PRKCB":-0.7775867379881145}},"Mutation NPM1":{"min":-30.0,"max":30.0,"top_text":"High NPM1 Correlation","bottom_text":"Low NPM1 Correlation","map":{"ATP6V0A1":0.5892568909003797,"LRRC25":1.6289088785837058,"ANXA6":-0.6354816278282535,"CBL":-0.9976313037172426,"PTPRC":2.430484236590547,"LRP1":0.5698565652854491,"LILRB4":0.9895577783896703,"FGL2":1.5349737018892111,"COTL1":-0.11576972222694863,"MYL12A":-0.02723399802118444,"MYO7A":-0.6417517123643379,"SYK":-0.42070828319837483,"FGR":0.5369833495773482,"MEFV":0.3553036205631615,"ABI3":-0.7586807757816746,