{"MuSiC CD14 Mono":{"min":-50.0,"max":50.0,"top_text":"High CD14 Mono Correlation","bottom_text":"Low CD14 Mono Correlation","map":{"ATG2B":0.5434407619343617,"NBR1":5.7185396389441285,"DENND4A":10.48571083002081,"CEP350":3.7968977874324676,"SEC23B":11.280524611741093,"USP16":3.907838029840301,"GGA1":8.752492198832751,"TMEM9B":5.309921438710863,"ROCK1":6.440071370204859,"VPS45":4.898001516647425,"PPP1R12C":11.254417049305104,"VPS52":4.50504882982199,"DICER1":10.693990888826736,"AP4E1":2.8548169070543374,"LTN1":8.016998286690033,"TBC1D13":-0.9557672092063465,"IGF2R":27.42550162127848,"PGGT1B":12.765920227676132,"ITCH":2.7462614060020627,"UHRF1BP1L":12.338809719452057,"USP8":2.9059262073195296,"IREB2":0.0007782046043167267,"SEC16A":6.368631383263321,"KIF5B":10.60036068732707,"AP4M1":2.830837833835431,"TBK1":16.289028014495408,"AP4B1":6.040055882567181,"SEC24A":7.133143880229284,"SRP9":-6.147309553629581,"ANKFY1":21.715884593912985,"GRIPAP1":10.290462618082936,"TEPSIN":3.1962684750956942,"CEP97":-0.37434376036709294,"BIRC6":6.670256309620148,"GOLGA1":7.668415906684973,"CIAO1":4.278515857037713,"MYH9":18.85590437042841,"IRAK3":32.352802257678846,"DOK3":6.9380227756808575,"HERC1":2.226241294597681,"DPP9":2.3109144522196923,"ATG7":25.61314330732795,"CHUK":13.204791677027456,"UBE3C":4.997838548388535,"HGS":2.3218548790265987,"MON2":12.123969253543898,"DPP8":2.475684020388632,"ATG3":23.3517955875155,"PHKA2":13.99559932941842,"VPS54":1.5214643878304694,"LZTR1":6.065750113911574}},"Mutation FLT3 ITD":{"min":-10.0,"max":10.0,"top_text":"High FLT3 ITD Correlation","bottom_text":"Low FLT3 ITD Correlation","map":{"ANKFY1":-0.10800257835010547,"IRAK3":0.3963039922911085,"TBK1":-0.8419287332092773,"LTN1":-1.8321755293668247,"GOLGA1":-0.659045886878058,"USP8":-0.1392224186370856,"CEP350":-2.7147866512306225,"HGS":-1.8305867382046899,"GRIPAP1":0.16953270787675068,"CIAO1":-0.10293694071808207,"IGF2R":-0.16055431162187045,"AP4B1":-1.3284032307034517,"VPS54":-0.611700014067969,"UBE3C":0.21698717069225265,"GGA1":-1.4048804048699304,"BIRC6":1.5500016289017629,"ROCK1":-2.5583450882601433,"VPS52":0.3469412571917369,"ATG2B":-1.9486107726446542,"CHUK":-1.1297228861230548,"PPP1R12C":-1.158687001163577,"SEC16A":0.8933604868915856,"SRP9":-3.0647416125984717,"KIF5B":0.17741063224885942,"USP16":0.06882880218590817,"DPP8":-3.2959029698102116,"CEP97":-2.6306226992227653,"MON2":-0.6165019324301265,"PHKA2":0.04580425509526178,"ITCH":-0.1664592991927066,"DOK3":-1.438787765780846,"SEC24A":0.5235787629199404,"AP4M1":-2.5247409539846006,"TEPSIN":0.39622556125017033,"TBC1D13":0.5060724153182922,"PGGT1B":0.7135097332037104,"NBR1":-0.963459932956195,"ATG3":-0.2545729404362811,"MYH9":-0.5011356149612094,"VPS45":-0.012639223964203944,"DENND4A":-0.29931657078737905,"ATG7":-0.08094884340709299,"TMEM9B":-1.2901255854656775,"IREB2":-3.249807768646501,"AP4E1":-2.1608692681920125,"DPP9":-2.4900526009748716,"DICER1":0.878025513728698,"LZTR1":0.27304282282548564,"SEC23B":0.29071151379905447,"HERC1":-1.0242870864855558,"UHRF1BP1L":6.169727802819812}},"Mutation NPM1":{"min":-30.0,"max":30.0,"top_text":"High NPM1 Correlation","bottom_text":"Low NPM1 Correlation","map":{"GRIPAP1":2.290724586752862,"CEP97":0.9961346706165338,"ANKFY1":0.20088806160959632,"DICER1":3.426851999504502,"ATG3":1.204330306588103,"LTN1":-0.9445939832795391,"VPS52":0.31860498444236013,"SEC23B":0.7717373955206699,"LZTR1":1.8424896728193982,"UHRF1BP1L":7.66511935253613,"ROCK1":-3.2460903637053593,"CIAO1":0.015563530898538685,"KIF5B":0.716827507887224,"BIRC6":2.4444962668062846,"PHKA2":4.000778184347211,"USP8":-0.703085326404282,"SRP9":-13.256021605751567,"SEC24A":3.570786319793273,"VPS54":-1.8805739690077197,"GGA1":-0.26590286325198914,"AP4M1":-0.7740657502854603,"DENND4A":0.1656609042114294,"PPP1R12C":-0.5821218063492997,"HERC1":-0.8660451404212468,"CHUK":-0.0977340165306826,"USP16":0.6161945774824622,"MYH9":-0.006899456921615533,"TMEM9B":-0.7272603155612012,"ATG7":1.3269031097925,"NBR1":-0.1847774761877363,"SEC16A":0.8644575379633321,"DPP8":-3.54756241400186,"MON2":0.024814330014471083,"TEPSIN":0.3463878671270823,"IGF2R":2.73985657648162,"PGGT1B":6.688071374338226,"GOLGA1":0.2412481984539116,"VPS45":0.39493733358528343,"AP4E1":-2.860984543330945,"AP4B1":-0.4415505894496601,"TBC1D13":-0.020938235707012125,"ATG2B":-1.3622983097378674,"UBE3C":-0.6289253996004891,"ITCH":-0.5307995623621549,"IRAK3":1.0220329345090604,"DOK3":-0.9883066492235502,"IREB2":-2.0041578259341706,"DPP9":-2.680228922796584,"CEP350":-1.3107918288074003,"HGS":-0.4000089188896549,"TBK1":0.11185696500901147}},"NPM1 Subtype":{"min":-37.0,"max":37.0,"top_text":"Committed NPM1 Subtype","bottom_text":"Primative NPM1 Subtype","map":{"ATG2B":0.22307153864986326,"NBR1":5.219536278047204,"DPP9":5.481671719206783,"CHUK":11.65420024396751,"USP16":2.695336013564414,"AP4B1":5.487372067982965,"IGF2R":18.603819810094432,"DICER1":10.588365831714727,"PPP1R12C":14.136937254379351,"HERC1":1.6762017584120439,"GRIPAP1":8.846955336381944,"SEC24A":4.927651571071488,"UHRF1BP1L":8.83637398038069,"BIRC6":6.673296496697455,"GOLGA1":5.518413357426009,"TBK1":9.912055914375456,"HGS":1.1227905349421656,"MYH9":13.176780338482924,"TMEM9B":5.319201996135044,"PHKA2":8.915212880459908,"LZTR1":3.1896035558882017,"CEP97":0.010197293010946722,"AP4E1":3.341132292953413,"KIF5B":10.263590632949407,"UBE3C":3.355032708189986,"TBC1D13":-1.7655826829815777,"PGGT1B":10.673062985400632,"GGA1":7.841178421873234,"ROCK1":8.9162109144539,"LTN1":8.507879932388246,"AP4M1":3.841184083587523,"DOK3":6.108841347184192,"TEPSIN":1.5348166412051667,"VPS45":4.720752836434468,"CEP350":4.141372763162699,"IRAK3":20.01694873624933,"DENND4A":8.439509788036684,"SEC23B":6.367696508285721,"IREB2":0.17940511790964675,"ATG7":18.12137069384102,"ANKFY1":15.213977348518682,"CIAO1":4.726688001270583,"ITCH":4.180594005972725,"SRP9":-4.4931963813142906,"USP8":3.931353183388413,"DPP8":4.433599979297442,"VPS54":1.6900414933930725,"ATG3":17.736820492595108,"SEC16A":5.554171736582513,"MON2":8.260740229747034,"VPS52":4.441751222229924}},"Blast Percent":{"min":-11.0,"max":11.0,"top_text":"High Blast Percent Correlation","bottom_text":"Low Blast Percent Correlation","map":{"DPP9":-2.272368692836604,"TEPSIN":-1.0117974455823793,"ROCK1":-1.4079549329783416,"MON2":-6.455305772781064,"TBC1D13":0.4085425498710636,"DICER1":0.025881665912939746,"CIAO1":-0.29502561635355345,"TBK1":-5.980976055989309,"HERC1":-5.804701679865617,"IGF2R":-3.9778024283220157,"VPS54":-4.992523115452127,"SEC24A":0.15901778597676322,"LTN1":-1.0656128563646696,"AP4M1":-1.9440713809799388,"UHRF1BP1L":-0.709469671301249,"DPP8":-0.2061703662661267,"ITCH":-0.1459882833823714,"KIF5B":-0.3399552004438337,"GGA1":-3.3562245999335234,"MYH9":-5.129980406574905,"GRIPAP1":-2.1448095903312483,"PHKA2":-1.4972508768340234,"SEC16A":-1.1919656611468088,"USP8":-1.078631769910517,"CHUK":-2.5211728747980153,"SEC23B":-1.432946587279599,"DENND4A":-2.382995239365081,"ATG2B":-3.7942608589275415,"VPS52":-2.7094214600936435,"IRAK3":-2.4742942418295613,"CEP350":-0.8251607189481046,"UBE3C":-4.585006163087909,"HGS":-0.7485978509498585,"SRP9":0.8637823157455089,"PGGT1B":-1.1637553960477771,"AP4B1":-1.9659332293447518,"ATG3":-3.6860933664554016,"LZTR1":-0.16701619365079792,"ATG7":-4.937583420429171,"IREB2":-0.467567521089776,"VPS45":-1.8708814032197192,"AP4E1":-1.462804021348589,"PPP1R12C":-2.4371395797572837,"USP16":0.00989934914822278,"BIRC6":-0.810981360110943,"NBR1":-2.2480815091444843,"ANKFY1":-3.644796267196812,"GOLGA1":-5.212083807265288,"TMEM9B":-7.903245667820821,"CEP97":0.004704866704035057,"DOK3":-1.7459390863084374}},"Overall Survival":{"min":-6.0,"max":6.0,"top_text":"High Survival Correlation","bottom_text":"Low Survival Correlation","map":{"ANKFY1":0.018081742023439287,"CEP350":-0.44641777345107164,"DPP8":1.7173499056827468,"AP4B1":0.5237005387861889,"CHUK":0.6162855795993624,"BIRC6":0.8517986448138328,"MON2":0.3295189245919459,"UBE3C":0.5503234773769867,"TBK1":0.2894680956165346,