{"Blast Percent":{"min":-11.0,"max":11.0,"top_text":"High Blast Percent Correlation","bottom_text":"Low Blast Percent Correlation","map":{"TP53":-1.1668667584627048,"SSB":3.21062501176296,"PRKDC":5.92644597393069,"NOP56":4.841025110767836,"CPSF6":6.10010885396347,"APEX1":5.490836922945718,"GTF2F2":4.6743899037218615,"UBE2I":2.6558436032342922,"ZFR":6.1325058238597805,"SURF6":2.2762460430407954,"CCT7":-0.16053739046580848,"TCP1":0.03190983356126994,"NPM1":2.0044213784871614,"RPSA":-0.07441724817221113,"YBX1":-1.3931622530946504,"IMP4":6.169739056697472,"NOLC1":2.446708931988946,"RPA1":3.762818988260257,"HNRNPK":6.21712012705405,"PRMT5":-0.37224185652481384,"PARP1":3.339563682313568,"NIFK":1.4201465125713717,"CNOT3":0.749984417139794,"BUB3":5.282735026849787,"WDR43":4.87823317309859,"XRCC6":6.883140844952099,"HNRNPL":5.340582168427748,"RPL4":1.0571351985337578,"PRKRA":5.497952119995679,"RPA2":2.958889812719193,"RSL1D1":1.8582584976565182,"SART3":6.685975410102566,"SAE1":5.526385725305821,"XRCC5":5.7875988261915445,"LIG3":6.953926145122265,"ABCE1":0.3671771881567837,"HNRNPA1":2.296961443750863,"TARDBP":3.187912959800039,"H4C5":0.0,"FBL":4.2505010336902656,"SET":5.528823547235399,"RPL7A":-0.028328188636819514,"RPL3":-0.6913802452549015,"CRBN":3.060207590840937,"NCL":3.9478264340707936,"G3BP1":2.6976147958316554,"UTP14A":6.105394301718441,"DNAJC8":0.29299459818255263,"GTF2F1":4.3894213690551345,"METTL14":8.81145177645321,"HNRNPH1":3.41412104707734}},"NPM1 Subtype":{"min":-37.0,"max":37.0,"top_text":"Committed NPM1 Subtype","bottom_text":"Primative NPM1 Subtype","map":{"SET":-11.562580936013157,"RSL1D1":-5.528697070183275,"CPSF6":-10.86557905845476,"UBE2I":-3.8284361881716316,"PRMT5":-1.153649995268762,"G3BP1":-2.3607123613288277,"NPM1":-13.438152303775192,"ABCE1":-6.051676528102565,"APEX1":-10.20635800762673,"XRCC5":-7.930270166286677,"PRKDC":-4.279757816085863,"CNOT3":-2.6359222610601765,"LIG3":-9.450542169910163,"TP53":-0.8118343715985066,"NOLC1":-13.492469385208324,"GTF2F2":-2.4313962909059863,"TCP1":-0.1663420426914179,"RPL7A":0.5489403941094042,"WDR43":-9.589344010885068,"XRCC6":-13.367981289306929,"ZFR":-11.013650450252365,"RPSA":0.11103304467981522,"H4C5":0.0,"BUB3":-1.177744128403694,"RPL3":0.6710160927774381,"SART3":-9.049720173961937,"PARP1":-17.088509040652458,"TARDBP":-4.289276304978648,"DNAJC8":-4.12502021858836,"UTP14A":-14.153106040875635,"NCL":-10.484051939043448,"IMP4":-13.127369736738833,"RPA1":-1.8422682715660856,"PRKRA":-8.652721980244607,"HNRNPK":-7.046078815464744,"HNRNPL":-9.676946063383303,"GTF2F1":-5.200041940297267,"NOP56":-10.680387656754194,"YBX1":-0.7952289564883502,"CRBN":-3.9849763960668674,"SSB":-11.550976796816245,"CCT7":-0.0875669214913264,"METTL14":-12.666810807692404,"FBL":-10.109692936407185,"SURF6":-12.366320027592076,"SAE1":-8.81221684562896,"NIFK":-6.440812693758712,"HNRNPH1":-2.9290618408915643,"HNRNPA1":-2.4873227205118997,"RPA2":-5.094620327580898,"RPL4":-1.52888610886292}},"MuSiC CD14 Mono":{"min":-50.0,"max":50.0,"top_text":"High CD14 Mono Correlation","bottom_text":"Low CD14 Mono Correlation","map":{"SART3":-8.609081502047593,"GTF2F2":-1.89244812614187,"G3BP1":-5.008832862582803,"NOP56":-12.287173456586517,"TARDBP":-4.245821268526845,"RPL7A":0.4821725370573606,"HNRNPH1":-4.376710320816772,"RSL1D1":-7.4660997329294005,"RPL3":-1.0051274634680696,"CNOT3":-5.365430052333335,"UTP14A":-18.47932693436827,"CPSF6":-12.144768239146062,"NCL":-12.843596072627255,"CCT7":-0.26285282457937953,"XRCC5":-6.575098394431195,"UBE2I":-2.5058671953925273,"PRKDC":-3.2117140849278822,"DNAJC8":-5.460479705712131,"HNRNPA1":-2.61077905937356,"NPM1":-17.855123193602328,"RPL4":-1.6443148504195038,"HNRNPK":-7.103179998141122,"SSB":-8.751234993570277,"PARP1":-19.567060190214754,"FBL":-8.97889053298179,"TCP1":-0.3411650710255453,"RPSA":-0.04972719659551732,"LIG3":-6.987102782381158,"HNRNPL":-11.046114642933851,"TP53":-0.8268676921741074,"H4C5":0.0,"GTF2F1":-7.724050280585806,"BUB3":-1.8553046315138544,"CRBN":-1.8314862137210044,"YBX1":-1.5426597790216727,"SET":-16.594841247852283,"SAE1":-9.766729125923579,"APEX1":-8.554182832038181,"XRCC6":-13.768965966431818,"ABCE1":-6.8885895536956525,"IMP4":-16.781528161934656,"PRMT5":-1.1208584216510455,"RPA1":-1.0926552011171944,"WDR43":-11.487279006889125,"SURF6":-15.631332858690403,"ZFR":-12.734017612751215,"NIFK":-8.18716442599924,"RPA2":-3.8648293861909546,"PRKRA":-12.55123585574052,"NOLC1":-18.38441344385712,"METTL14":-11.14240270115073}},"Mutation FLT3 ITD":{"min":-10.0,"max":10.0,"top_text":"High FLT3 ITD Correlation","bottom_text":"Low FLT3 ITD Correlation","map":{"METTL14":1.1137903517498533,"HNRNPL":-0.006109253806439775,"HNRNPK":0.19156539617136967,"H4C5":0.0,"PRKDC":1.9905946811372932,"NIFK":-0.0632311811086734,"CRBN":0.43534297708920977,"ZFR":0.6390275368799424,"TP53":-2.4086252511328947,"TARDBP":-0.10293793747628331,"SURF6":-1.7409075589247753,"RSL1D1":0.16166951095204496,"RPA1":2.6941876226015937,"CCT7":0.3219961985747694,"YBX1":-1.814446829608121,"IMP4":0.09774504065267071,"SET":-0.14767070256108256,"FBL":0.6601583046057095,"WDR43":0.481462760531888,"NOP56":0.8233828625903099,"RPL3":-0.1952908748917783,"GTF2F1":1.5512079932680236,"RPSA":-0.06143894348698306,"NPM1":-1.0520844031272854,"XRCC5":-0.4134256995590011,"ABCE1":-0.0016352740000588483,"GTF2F2":1.4642106326590894,"RPL7A":0.8956986859365025,"CNOT3":-1.80717729757972,"HNRNPA1":1.9167970952131899,"BUB3":-0.28690790699237445,"RPA2":1.3573512947086788,"RPL4":0.6547763049276585,"SAE1":-0.2174740801095714,"PRKRA":-0.2073231854087779,"UBE2I":-0.05420347978693792,"XRCC6":0.27268549802145015,"G3BP1":1.01560861094159,"TCP1":0.00920955882497939,"NCL":0.7272485291997494,"HNRNPH1":-0.0580429207675711,"UTP14A":0.042906698159103224,"NOLC1":1.9778248335544204,"LIG3":3.103599045970159,"DNAJC8":-0.6270364364855953,"SSB":1.7315596268363058,"PRMT5":0.43008243593926765,"PARP1":0.7195452093893925,"SART3":0.12987805307072567,"APEX1":0.16260193036553675,"CPSF6":1.3403323997702046}},"Mutation NPM1":{"min":-30.0,"max":30.0,"top_text":"High NPM1 Correlation","bottom_text":"Low NPM1 Correlation","map":{"SAE1":0.2639301685334866,"IMP4":-1.1774302130299228,"UTP14A":-2.553111864194064,"WDR43":-0.18453574162575423,"YBX1":-14.416265420622745,"TCP1":-0.5331640847710573,"RPL4":-0.46807765306186916,"NPM1":-10.934537178762957,"NIFK":-2.261789793941134,"NOP56":0.20947392553763705,"PRKDC":5.960592825764024,"ZFR":1.5822792016236447,"HNRNPA1":3.7789321068814306,"HNRNPH1":1.184926616802735,"NCL":0.4885923460163716,"XRCC5":0.8612641494390821,"TARDBP":0.8606505945935354,"RPA2":3.851280051811565,"G3BP1":0.6858359635465129,"GTF2F2":2.2785346075405704,"UBE2I":-0.658385173888684,"CPSF6":2.072578217767194,"CNOT3":-2.0239507466006628,"BUB3":0.8589102242573688,"H4C5":0.0,"CRBN":1.195430832064808,"DNAJC8":-1.5881826862297128,"METTL14":1.6975633744279712,"XRCC6":0.030032247945212753,"SET":-0.27774612172230817,"PRMT5":-0.7218467358990457,"FBL":0.3979013124031621,"NOLC1":0.7576319017022068,"HNRNPK":1.2853741884054384,"TP53":-1.8597512278524304,"HNRNPL":-0.19282430039654466,"CCT7":-1.1839962270374662,"RSL1D1":-1.2245118755277333,"SSB":2.325464071017987,"APEX1":-0.12706186365657723,"PARP1":0.1597850710969594,"RPL3":-2.1174415801168673,"SART3":-0.2956321364828077,"PRKRA":0.1960858906866309,"SURF6":-10.172520681717767,"LIG3":6.542098764813464,"RPSA":-1.1332392542346594,"GTF2F1":1.5108302237409277,"RPL7A":0.3045067109752096,"RPA1":3.2861834696392243,"ABCE1":-0.5870454616813623}},"Overall Survival":{"min":-6.0,"max":6.0,"top_text":"High Survival Correlation","bottom_text":"Low Survival Correlation","map":{"HNRNPH1":-0.17368619445462755,"RPL4":2.092187270185198,"ABCE1":-0.16634977162583486,"PRKDC":-2.068451949802436,"SAE1":-1.0755386034195098,"PRMT5":-1.4587397204801271,"CPSF6":-1.0282833360890327,"XRCC6":-1.1506252357315108,"TP53":-0.18747418326780263,"RPA2":0.05646866542986803,"SURF6":0.22418623930255233,"LIG3":-0.19186283317522856,"PARP1":-0.346483691553083,"H4C5":0.0,