{"Blast Percent":{"min":-11.0,"max":11.0,"top_text":"High Blast Percent Correlation","bottom_text":"Low Blast Percent Correlation","map":{"ZCCHC3":1.003382461022906,"LIMA1":0.7148056261813527,"SMG7":0.21440550841348338,"MEF2A":0.049510381085716364,"TRAF5":0.6692355768075322,"IFI16":0.14600482715568094,"BIN1":-1.743700052045911,"ZNF346":3.4390697963033032,"HDAC7":0.1877212528676472,"NEDD4":-0.44437587244183724,"LRBA":-2.2676852663450657,"IFIT1":-0.6523841880636494,"YARS1":-1.5557824822879038,"MTMR2":0.1423586510824213,"SLC9A7":0.2983068569468059,"TNPO2":0.1959514190037736,"APOBEC3D":0.9945726328647226,"APOBEC3F":0.9825511735901641,"BCAT1":-0.17577199461330154,"CKB":-0.34946661799670503,"MCRIP1":5.601499124353558,"APP":-1.2295620863803502,"DAPK3":1.211081371237452,"ZNF326":6.432270752691259,"ITGA6":-1.4744142396560564,"DOCK7":0.2428330025794907,"SAMD4B":1.2792469208492827,"OSBPL3":-0.7630692268687354,"SURF6":2.2762460430407954,"SPINDOC":3.084978324374122,"NTRK1":0.0,"CD34":-0.011406656620854348,"EPOP":0.0,"MOV10":0.7147066495782385,"CNRIP1":-1.284333776108907,"TSC22D1":-0.8452766567300704,"EIF4ENIF1":0.01622728798005389,"ABT1":3.405923999621191,"GDPD1":0.19269078145931717,"PARP1":3.339563682313568,"MYO18A":0.12211970701642645,"DBN1":1.1903615415489683,"PRKCQ":-0.12893225090134586,"EIF2AK2":0.15609780389801978,"MPL":0.0,"IFIT3":-1.028109460996025,"ZNF71":0.12323462586573651,"DAPK1":1.008174994470774,"USP13":2.617672701592341,"RBM19":1.6280962243754031,"NPM1":2.0044213784871614}},"MuSiC CD14 Mono":{"min":-50.0,"max":50.0,"top_text":"High CD14 Mono Correlation","bottom_text":"Low CD14 Mono Correlation","map":{"NEDD4":-5.562077629568549,"TNPO2":-4.725985740808339,"CKB":-1.8121971352727526,"TSC22D1":-7.192825108691022,"NPM1":-17.855123193602328,"MPL":0.0,"ZNF326":-9.348421727569177,"EIF2AK2":-4.563487517433744,"SMG7":-2.080007809469699,"GDPD1":-3.675759573746475,"DAPK3":-3.8690904417598957,"SPINDOC":-9.754868728784743,"YARS1":-1.5691138558454716,"MEF2A":-1.2658479325682845,"DOCK7":-8.57005227233235,"LIMA1":-9.541820905761535,"PRKCQ":-8.272460409941031,"EPOP":0.0,"CD34":-4.760270017298782,"ZCCHC3":-10.803537601186285,"LRBA":-3.568338420016155,"DAPK1":-3.051113958309175,"OSBPL3":-0.9407175967597816,"APOBEC3F":-4.391661968396267,"SAMD4B":-6.709964306342146,"APP":-0.7401982384299821,"PARP1":-19.567060190214754,"USP13":-5.499247891790455,"MOV10":-10.707605643912416,"SLC9A7":-5.091489748509935,"MCRIP1":-9.156782690207978,"HDAC7":-0.21505259020719275,"TRAF5":-9.201348025973582,"IFI16":-1.8253691354223585,"ABT1":-12.92928811231637,"RBM19":-14.361730374238364,"IFIT1":0.43550535759690434,"APOBEC3D":-5.622806504712405,"NTRK1":0.0,"BCAT1":-3.4427302256361623,"MYO18A":-3.5188786162343364,"EIF4ENIF1":-10.060343961603103,"DBN1":-8.207365535337079,"CNRIP1":-1.0036585773605582,"IFIT3":1.3354574057957826,"ZNF71":-6.921974390394814,"ITGA6":-0.9570424505378615,"BIN1":-1.3166444856586619,"MTMR2":-7.48558188186413,"SURF6":-15.631332858690403,"ZNF346":-6.415767943369869}},"Overall Survival":{"min":-6.0,"max":6.0,"top_text":"High Survival Correlation","bottom_text":"Low Survival Correlation","map":{"ZCCHC3":-0.2139107674412752,"CNRIP1":-0.2894820310188608,"SAMD4B":-0.23974149294257183,"MEF2A":0.18374392417886398,"DAPK1":-0.4276751513116372,"YARS1":-1.3794421890183497,"DBN1":-0.5178524727504311,"PRKCQ":0.26399411240713794,"MPL":0.0,"APOBEC3F":-0.03878419453264047,"ABT1":-0.022783924617919702,"CKB":0.33996204033393596,"EIF4ENIF1":-0.08500097159311452,"GDPD1":-0.24653311109661172,"IFI16":0.4379577541009068,"BIN1":0.4809399880975553,"PARP1":-0.346483691553083,"MTMR2":-0.22898905502968997,"ZNF71":-0.7852842941381849,"SPINDOC":-1.2292148077563456,"EIF2AK2":-0.23697234954745205,"MOV10":0.22411834299170533,"BCAT1":-1.3933442694805156,"ZNF326":-0.9662514051263518,"IFIT3":0.2459165647377883,"HDAC7":0.3566306849803211,"USP13":0.23000964934986262,"ZNF346":-0.44372924402726777,"LRBA":-1.464776302549817,"NTRK1":0.0,"CD34":-0.034974147701158045,"IFIT1":0.7401385811798941,"DOCK7":-0.24130253404159072,"TNPO2":0.12163469471238807,"EPOP":0.0,"MCRIP1":-1.6932650199485526,"APOBEC3D":0.45827570218482755,"NEDD4":-1.2844047008982902,"MYO18A":0.12091212009979814,"SLC9A7":-0.29825296003172713,"SURF6":0.22418623930255233,"DAPK3":-1.6382217458820605,"SMG7":-0.08024666350743229,"LIMA1":0.43204983089618254,"TRAF5":-0.18934006064126707,"ITGA6":0.8741431845663441,"NPM1":0.521776265381839,"TSC22D1":-1.7571069037689424,"APP":0.1022519156374208,"RBM19":-0.2615342644754019,"OSBPL3":0.013412604049288991}},"Mutation FLT3 ITD":{"min":-10.0,"max":10.0,"top_text":"High FLT3 ITD Correlation","bottom_text":"Low FLT3 ITD Correlation","map":{"BCAT1":-0.18120114987418912,"ZNF71":-0.6304753997299933,"TSC22D1":-1.3011864837620502,"MCRIP1":-0.8052260912185124,"APP":-3.327108979178409,"PRKCQ":0.05286485622728419,"RBM19":0.23287625167478573,"MOV10":-2.1739015932841963,"EIF2AK2":-0.7101209150423954,"EIF4ENIF1":0.5557625542216302,"YARS1":-2.5092852834075234,"PARP1":0.7195452093893925,"SPINDOC":-1.8197065231101792,"IFI16":-0.5360255600024397,"SMG7":-0.44045033761400726,"CD34":-3.16939560889094,"DAPK1":2.079256780479701,"TNPO2":-1.5247887911656908,"NEDD4":-2.517773885421116,"NTRK1":0.0,"EPOP":0.0,"MEF2A":-1.6791689108030694,"CNRIP1":-2.2790744461537304,"DAPK3":-0.3384645789707067,"APOBEC3F":-1.3145535471924452,"SLC9A7":1.1059897127887763,"ZNF346":0.6141479879632505,"DOCK7":-0.40051618239658693,"ZCCHC3":-0.694301073806898,"GDPD1":-0.029063631063720983,"ZNF326":0.07052504813235433,"MTMR2":-1.679207319054509,"MPL":0.0,"DBN1":0.841203168333625,"IFIT3":-0.3210441756176598,"LIMA1":0.7354254526484341,"APOBEC3D":-1.769351560777478,"OSBPL3":2.1000695660925124,"MYO18A":-0.25946446218858477,"NPM1":-1.0520844031272854,"ABT1":-0.00611161245790946,"SAMD4B":-0.9073845881642189,"BIN1":0.2856284581339851,"IFIT1":-0.6571405696277274,"USP13":-1.3669687959549455,"CKB":-2.090365704793219,"ITGA6":-0.11929402786975334,"HDAC7":-2.433952047959685,"LRBA":0.12488051804770521,"SURF6":-1.7409075589247753,"TRAF5":-1.4302273757296582}},"Mutation NPM1":{"min":-30.0,"max":30.0,"top_text":"High NPM1 Correlation","bottom_text":"Low NPM1 Correlation","map":{"DAPK3":-0.8753865919687703,"BIN1":-4.697039036174506,"DOCK7":-1.5530440545367767,"MEF2A":-7.860639614501431,"IFI16":-9.84528351855544,"PRKCQ":-1.239849032533528,"ZNF71":-1.273262758433764,"PARP1":0.1597850710969594,"YARS1":-6.464917982568913,"SURF6":-10.172520681717767,"CNRIP1":-3.17179427391082,"ZCCHC3":-2.1872479800619526,"NEDD4":-7.941012870948416,"SLC9A7":-0.02483970057100635,"IFIT1":-1.9169800293070431,"NTRK1":0.0,"ZNF326":0.617996783964136,"TRAF5":-4.291199565379071,"DBN1":0.5557587363030468,"SMG7":-2.1151428012349394,"MOV10":-8.12934365174273,"NPM1":-10.934537178762957,"ITGA6":-1.7496544335898412,"APOBEC3F":-1.2792778679424857,"LRBA":-1.5160152653669894,"GDPD1":0.05334514915690516,"DAPK1":-0.6923213346704434,"ABT1":-0.3947206801511592,"SAMD4B":-0.37275238225845336,"RBM19":-0.6905490960972944,"MTMR2":-3.545518376698915,"EPOP":0.0,"MPL":0.0,"BCAT1":-4.187343170519186,"CD34":-13.808069773491024,"TSC22D1":-4.316173924156423,"ZNF346":2.242042025279875,"APOBEC3D":-0.845340906346381,"EIF4ENIF1":-1.797643700644,"USP13":-8.020498118469769,"SPINDOC":-2.2468339109955653,"IFIT3":-1.0574725729478078,"OSBPL3":1.9801153461745702,"APP":-11.981728007130616,"EIF2AK2":-6.846306757676809,"LIMA1":0.32200215725099673,"HDAC7":-5.287530238583407,"TNPO2":-3.309406037626253,"MYO18A":-1.2335747133874129,"CKB":-1.2449519638320263,"MCRIP1":-1.2790204992609502}},"NPM1 Subtype":{"min":-37.0,"max":37.0,"top_text":"Committed NPM1 Subtype","bottom_text":"Primative NPM1 Subtype","map":{"CD34":-3.506080749711841,"BCAT1":-3.628737842102972,"GDPD1":-4.294752694283218,"CNRIP1":-1.0729457047412412,"TRAF5":-6.308754809604995,"ITGA6":-0.4670778560121105,"NTRK1":0.0,"SPINDOC":-5.147866468756322,"RBM19":-12.87811060183178,"IFI16":-0.9473514198005877,"EIF2AK2":-2.0592085630720307,"SLC9A7":-3.996891376979274,"EIF4ENIF1":-7.009593233351023,