{"NPM1 Subtype":{"min":-37.0,"max":37.0,"top_text":"Committed NPM1 Subtype","bottom_text":"Primative NPM1 Subtype","map":{"RHCE":-0.13814456500111402,"ADD2":-0.3914166664596935,"KEL":-0.027269446095397318,"TRIM10":-0.305112411587868,"KLF1":-1.0117916640871745,"FN3K":-0.19418150306993576,"RAB6B":-0.02646101138739199,"MYL4":-0.63661957300552,"ANK1":-0.12651363830856954,"CA1":0.10748741603071639,"SLC2A1":-0.0035470548121659044,"RHAG":-0.2494082306711897,"XK":-0.30531937804303894,"SMIM1":0.0,"SLC4A1":0.03621585096606926,"TMOD1":-0.30701168682008395,"EPB42":0.06752980069095556,"ERMAP":-0.05042046650553701,"SLC25A37":-0.16481813278748186,"SLC14A1":0.034659058260381355,"MYH10":-0.8764275847257939,"BCAM":-0.8871778055927574,"CTTN":0.21800149585002038,"SLC6A9":0.0,"SELENBP1":-0.2998811343057042,"CCNDBP1":-0.29158053096992304,"DMTN":-0.22361960897319863,"TMCC2":-0.7197661592375802,"PKLR":-0.3558457125884829,"GYPA":-0.36244202045057516,"GATA1":-1.6503314818022978,"HBA1":0.009594503971721366,"HBD":0.04251256710393525,"TFR2":-2.6515674099005606,"HBQ1":0.038303709100155306,"TLCD4":0.0,"GMPR":-0.6472497790357702,"TFRC":-1.4828612404654282,"SPTA1":0.15000786216402123,"PRDX2":0.16868858074096924,"AQP1":-0.5433283975052574,"AHSP":-0.4821692886546524,"HBB":0.052779343819319265,"ALAS2":-0.4919090054775318,"EPB41":-0.2675812581949203,"HEMGN":-1.6634002276018283,"SOX6":-0.7053003264796213,"YOD1":-0.06380084003293655,"HMBS":-0.5000587761104958,"BPGM":0.05285900432249114,"TAL1":-3.1739406722100756}},"Overall Survival":{"min":-6.0,"max":6.0,"top_text":"High Survival Correlation","bottom_text":"Low Survival Correlation","map":{"TMCC2":-0.22688144647478017,"SMIM1":0.0,"SLC4A1":-0.25333246615206206,"PRDX2":-0.29923871980689154,"TLCD4":0.0,"FN3K":-0.4177945782832029,"CTTN":0.07531775448875362,"KLF1":0.2199536377058525,"TFRC":-0.008713384120155957,"HBQ1":-0.33446275309345797,"GYPA":-0.029080906170927883,"HBA1":-0.4833726974350413,"BCAM":-0.14511679079711298,"XK":0.17917543401502498,"EPB42":-0.0674040338724231,"AQP1":0.054084712021300524,"HBD":-0.4059713672861655,"RHCE":-0.044051279232806335,"YOD1":-0.9410285759865138,"BPGM":-0.5828078801753879,"ANK1":-0.3442621206647322,"HEMGN":-0.2619163171428238,"TMOD1":-0.6309934461461655,"SLC6A9":0.0,"CA1":-0.4587826745630048,"SLC2A1":-0.4562968490857076,"GATA1":0.9225733980245929,"ERMAP":-0.08776921714918896,"TFR2":0.5125137460042771,"KEL":-0.32719144776210246,"SLC25A37":-0.38646033201641794,"ADD2":-0.0785618224730119,"CCNDBP1":-0.5705366421082292,"SOX6":-0.5770513500138708,"MYH10":-0.7716926467919801,"PKLR":-0.8713119477490996,"SELENBP1":-0.25084987871681225,"GMPR":-0.14248745474057745,"HMBS":-0.9926806010524473,"RHAG":-0.18454719919333296,"HBB":-0.6386468777488546,"EPB41":-0.46666784630859914,"RAB6B":0.2541865225854265,"TRIM10":-0.19612592240267107,"MYL4":-0.7187118097875516,"SPTA1":-0.1584855188943252,"AHSP":-0.019409560920139922,"DMTN":-0.8890314825445215,"SLC14A1":-0.3289024020031585,"TAL1":0.14347474606153443,"ALAS2":-0.13345170476723872}},"Mutation NPM1":{"min":-30.0,"max":30.0,"top_text":"High NPM1 Correlation","bottom_text":"Low NPM1 Correlation","map":{"EPB41":-6.4537118986131,"TFR2":0.09702595805471023,"GYPA":-5.11531102570187,"HBA1":-4.657959844294362,"HEMGN":-6.318991227236466,"HBQ1":-4.863710936221726,"TLCD4":0.0,"HMBS":-5.839124776471301,"RHAG":-5.18305783574925,"FN3K":-4.609991986439509,"TAL1":-5.428099619743897,"CCNDBP1":-4.771945496888018,"KEL":-4.334656393837194,"PRDX2":-5.17690090540178,"GATA1":-0.8850657540454211,"BPGM":-4.544093398143466,"DMTN":-4.990928927370866,"ERMAP":-5.001310923731788,"SLC6A9":0.0,"MYH10":-6.27913658027065,"SMIM1":0.0,"TFRC":-6.842089008452067,"RAB6B":-1.4643531115052846,"SOX6":-1.5007433269787744,"HBB":-4.450555262738051,"CTTN":-1.9186327562526382,"CA1":-4.496346096678312,"SELENBP1":-5.220985852152947,"SLC2A1":-5.033925565690486,"AQP1":-4.860806999210285,"TMCC2":-6.503110183546216,"SPTA1":-5.430170400808431,"AHSP":-5.179452388317399,"ALAS2":-5.971472228237738,"YOD1":-6.478504824804754,"PKLR":-8.466370869417043,"GMPR":-3.143643572327807,"KLF1":-2.335139909392419,"HBD":-4.4008919373768745,"TMOD1":-5.0385268784487325,"ANK1":-5.899756618779289,"SLC25A37":-5.336130983425408,"SLC14A1":-4.524160526981714,"EPB42":-5.786828996070951,"RHCE":-3.7814193012235924,"XK":-5.452937957642154,"SLC4A1":-5.137210697082837,"TRIM10":-4.715984712794871,"MYL4":-7.19455168334244,"ADD2":-8.035279421764738,"BCAM":-6.036563642030394}},"MuSiC CD14 Mono":{"min":-50.0,"max":50.0,"top_text":"High CD14 Mono Correlation","bottom_text":"Low CD14 Mono Correlation","map":{"SLC2A1":0.0227579759535933,"SLC14A1":-0.17022913495195288,"SELENBP1":-0.06520081528817624,"HBQ1":0.0474653913162957,"AQP1":-0.2932609344592707,"FN3K":-0.07956805153756694,"MYH10":-0.6415933756540474,"EPB41":-0.41785979823676433,"CTTN":0.028708692278037556,"ADD2":-0.6582835954956813,"HMBS":-0.34900756732348726,"YOD1":-0.10038926939348335,"CA1":-0.015308317873772967,"RHCE":-0.07585377564739677,"TAL1":-2.158356256100928,"EPB42":-0.0012645100555904636,"GATA1":-0.8060705578818932,"SPTA1":-0.08996637969519299,"SOX6":-0.4046691597014766,"GMPR":-0.7129278209257248,"PRDX2":-0.1041895856643761,"SLC4A1":-0.004721581977353015,"ERMAP":-0.12940715934049082,"PKLR":-0.5260851081963974,"GYPA":-0.34097861051761136,"BCAM":-0.5360621054814227,"KEL":-0.06453213438314692,"ALAS2":-0.6480306801299811,"TFRC":-2.8358051621460496,"ANK1":-0.11804111797854876,"DMTN":-0.17843029294865387,"MYL4":-0.4469583288295205,"SMIM1":0.0,"TFR2":-1.2392320957620435,"TMOD1":0.30419633812831226,"CCNDBP1":0.016455575038073236,"HEMGN":-1.5187302576487762,"HBD":0.14576700965566602,"HBB":0.05997336493256027,"AHSP":-0.26251050737931547,"RAB6B":0.06343843804190209,"HBA1":-0.0396007169871064,"KLF1":-0.5810845167002542,"RHAG":-0.6874446338154889,"TRIM10":-0.09087506312546689,"BPGM":0.11399824330251458,"TMCC2":-0.677579952947642,"SLC6A9":0.0,"TLCD4":0.0,"SLC25A37":0.42425647004304357,"XK":-0.6632531164153991}},"Blast Percent":{"min":-11.0,"max":11.0,"top_text":"High Blast Percent Correlation","bottom_text":"Low Blast Percent Correlation","map":{"KEL":-3.5884398201830376,"SLC2A1":-3.2215377531880747,"KLF1":-1.107206382596239,"SPTA1":-3.713598783328491,"EPB41":-3.0145133890546214,"GMPR":-2.9981458356163753,"HBD":-3.2935259868143847,"HMBS":-3.040593046073684,"HBB":-3.2719383923665055,"ERMAP":-3.315353020448716,"MYH10":-4.400328489836827,"XK":-4.004634353229264,"TFR2":-0.6335875100707558,"HEMGN":-2.331118397553374,"HBQ1":-3.6794860355083614,"AHSP":-3.761095538065638,"TMCC2":-2.984899583273289,"RHCE":-2.9109561614173316,"YOD1":-3.922522558275025,"TMOD1":-3.4451310634507157,"SELENBP1":-3.673552089920359,"SLC6A9":0.0,"EPB42":-3.3923938160343394,"TRIM10":-3.4878319736891203,"SLC25A37":-5.568179213753654,"CTTN":-4.966405696497598,"PRDX2":-2.9409683650582927,"CCNDBP1":-2.7297533843514143,"GYPA":-4.293092626504701,"ALAS2":-2.780809116451492,"HBA1":-3.130493100280091,"DMTN":-4.307811207812558,"RAB6B":-4.24152695790867,"SLC14A1":-3.962936914666202,"TLCD4":0.0,"BPGM":-2.7746679193042096,"FN3K":-3.3782288789872617,"RHAG":-2.63076469406695,"ANK1":-3.8295797210259126,"BCAM":-2.741048577318472,"SMIM1":0.0,"GATA1":-1.7479818907364875,"CA1":-3.3160433310462514,"SLC4A1":-3.5850886713232577,"SOX6":-1.4522576427722251,"MYL4":-3.72030940105292,"PKLR":-2.735201001234923,"TAL1":-1.274170290862513,"TFRC":-2.60019173675419,"ADD2":-2.9274586206214535,"AQP1":-4.342494329749399}},"Mutation FLT3 ITD":{"min":-10.0,"max":10.0,"top_text":"High FLT3 ITD Correlation","bottom_text":"Low FLT3 ITD Correlation","map":{"TRIM10":-2.000609989679705,"XK":-1.139457041746599,"MYH10":-1.4769544742393115,"GYPA":-1.4460665727274855,"HEMGN":-2.621711252825069,"TLCD4":0.0,"FN3K":-1.6792820264667063,"HBA1":-1.6535032518427404,"SOX6":-0.935495836697527,"GMPR":-1.5720077502613536,"TAL1":-2.9394912129939432,"ANK1":-1.868495534890838,"SLC14A1":-1.3332576093778785,"DMTN":-1.6425040913243936,"CA1":-1.6852406512065254,"ADD2":-2.5689298396497953,"HBD":-1.5699704946908264,