{"Overall Survival":{"min":-6.0,"max":6.0,"top_text":"High Survival Correlation","bottom_text":"Low Survival Correlation","map":{"LYST":-0.5450182964232977,"SLC39A11":1.3453165408269403,"ARL11":-0.06258618337942033,"FUT4":0.1745967895076237,"CSTA":0.053875049063715735,"BST1":0.005933080395163951,"DENND10":-0.4648010902040649,"GAPT":0.9208055077480329,"DOP1B":0.017470627904535373,"RNASE2":-0.0700290204575429,"PLD1":-0.29171300793833466,"SRGN":-0.2328882228253599,"PIWIL4":0.0,"JAK2":0.5019971245379542,"HDAC4":0.1798870229004178,"MNDA":-0.6837059983249677,"HAL":-1.2936368197265742,"P2RY2":0.0,"CAMKK2":0.7989178030091236,"VAMP8":0.269974533715409,"ATG7":-0.02077491195148693,"RNASE3":-0.7975966146590289,"KBTBD11":-0.9585925987708666,"TENT5A":0.0,"CTSG":-0.6555381294808762,"MPO":0.050410654753271354,"COMMD5":-0.1509696890145803,"ELANE":-0.12665419013909082,"DNAJC5":-0.1066486579191146,"LAMP2":-0.06860901626581786,"CEBPE":-0.40099758706753147,"LRMDA":-0.08451468078729632,"TPP1":-0.07203452874610837,"ERLIN1":-0.10167627098150701,"PLEKHB2":0.3406812528371027,"RAB44":0.1656221275646418,"HEXA":-1.0293184647524927,"FNDC3B":0.022678922991803626,"RAB32":-0.46794079973099806,"SLC36A1":0.31915724721924515,"SERPINB10":-0.33620563530097763,"ZNF516":-0.518429143358064,"RAB27A":-0.26739750804550066,"DGKG":-0.14993750443628054,"CLEC5A":-0.368774065118409,"AP5B1":-1.788704086984772,"SPG21":-0.24958752303864093,"TRERF1":-0.10893239065411704,"AZU1":-0.08927280284911585,"LAIR1":-0.13643214011141205,"PXK":-0.07834431846005135}},"Mutation NPM1":{"min":-30.0,"max":30.0,"top_text":"High NPM1 Correlation","bottom_text":"Low NPM1 Correlation","map":{"HDAC4":0.16054439084734898,"FUT4":1.929924054264576,"TRERF1":0.09021245327464959,"TPP1":0.3141331278263509,"RNASE3":1.027834841682377,"DOP1B":0.27566229454562086,"PLD1":-0.2345412145869836,"ERLIN1":1.6564302959076125,"CAMKK2":-2.8169895506996414,"COMMD5":4.698155549699295,"ARL11":-0.6557861457348033,"KBTBD11":0.13785256057648929,"SRGN":0.9131226827227121,"GAPT":3.0216969841646573,"RAB27A":0.192828717901183,"RNASE2":1.3683656810949252,"RAB32":-0.03274400803553421,"RAB44":2.8392339442961325,"SLC39A11":1.6759427278416965,"TENT5A":0.0,"HAL":0.2647284547188197,"MNDA":0.4003844642323933,"PXK":0.10602075403159951,"HEXA":0.073374553640493,"ZNF516":0.6501816512531299,"MPO":-2.766932428412947,"SERPINB10":0.054166503028258595,"LAIR1":4.144272642429501,"DENND10":2.9206561969175038,"LYST":0.3071074538787278,"CSTA":1.0417418583451368,"BST1":-0.3775517322734794,"ELANE":-2.681366728857159,"ATG7":1.3269031097925,"LAMP2":4.867900200301865,"FNDC3B":0.5360413065917722,"VAMP8":1.2934327451578178,"DGKG":-0.620814665576945,"DNAJC5":-0.08751682033151269,"LRMDA":7.225198902875077,"CLEC5A":-4.120501336493778,"JAK2":0.06876821903656835,"SLC36A1":0.08236079444927538,"PLEKHB2":0.055418023819928754,"AP5B1":0.23018558217311985,"PIWIL4":0.0,"CEBPE":-1.5281702056380118,"P2RY2":0.0,"CTSG":0.13089724177739673,"SPG21":0.33921761264786887,"AZU1":-0.44861003465387195}},"MuSiC CD14 Mono":{"min":-50.0,"max":50.0,"top_text":"High CD14 Mono Correlation","bottom_text":"Low CD14 Mono Correlation","map":{"HAL":1.9212759497840326,"SPG21":8.119279742638689,"ARL11":7.398079777549061,"DOP1B":7.584025929583892,"SRGN":12.9335693021442,"RNASE2":4.7316382614701205,"MNDA":29.865323663117714,"LAMP2":0.3403573314743197,"KBTBD11":6.121572561161078,"PLEKHB2":10.376503158448843,"RAB27A":13.250563581827981,"JAK2":23.05867691260447,"TRERF1":2.5295785841017673,"FNDC3B":3.3337362208582535,"ZNF516":1.9026674643528483,"HDAC4":20.259114835304086,"PXK":1.8897400007789225,"TENT5A":0.0,"CTSG":0.8736997911073654,"CEBPE":2.0655880451365607,"SLC36A1":3.901072586948718,"ELANE":0.5637902484140455,"MPO":-0.9831709435434346,"RAB44":2.382923411683483,"AP5B1":3.069223232112643,"LRMDA":2.3876377173525767,"DGKG":2.2392839972789713,"VAMP8":4.518333892659709,"GAPT":6.20352426311307,"BST1":14.625381850854964,"ERLIN1":3.6094971800954636,"PIWIL4":0.0,"DNAJC5":13.200905355777923,"SERPINB10":13.22019050368066,"ATG7":25.61314330732795,"AZU1":1.1911136706221515,"COMMD5":8.658326326569387,"P2RY2":0.0,"CSTA":15.721814775315558,"TPP1":12.60179159380009,"LAIR1":12.579036691235036,"DENND10":5.750357267580391,"PLD1":0.10873593884243889,"LYST":12.746861789773638,"RAB32":3.72154220290488,"FUT4":-0.3779689282433835,"SLC39A11":5.979578661287106,"CAMKK2":5.58823475830111,"RNASE3":3.406589977536097,"HEXA":3.386601265482492,"CLEC5A":3.760139130200997}},"NPM1 Subtype":{"min":-37.0,"max":37.0,"top_text":"Committed NPM1 Subtype","bottom_text":"Primative NPM1 Subtype","map":{"HAL":1.6273302733323953,"AP5B1":3.2329091080657504,"DENND10":3.953822096804194,"PLD1":-0.5378710563342356,"CAMKK2":7.33210727765977,"HEXA":1.1235451163276855,"CEBPE":2.6884145482914623,"ARL11":6.0305740418975695,"ERLIN1":2.272556132323046,"AZU1":0.9579595129432067,"ATG7":18.12137069384102,"KBTBD11":4.81614332363162,"RAB44":2.1448363409214735,"SPG21":6.374075769550759,"RAB27A":9.648279992472382,"FUT4":0.18838997577898914,"LAMP2":0.31965275692512285,"LAIR1":8.105410770372577,"PXK":3.5566445645203912,"SLC39A11":4.022189858576611,"LYST":10.582857226872528,"ELANE":0.27917510460726175,"RAB32":2.8702346497714317,"BST1":10.021586889923153,"CLEC5A":4.005604816669854,"CTSG":0.901137661408873,"P2RY2":0.0,"HDAC4":17.273339859982656,"MNDA":20.684180759458712,"MPO":-0.09738306698069939,"RNASE2":3.8468544744329445,"VAMP8":4.159328812665984,"SERPINB10":11.672827410288022,"DOP1B":6.618147147695052,"DGKG":2.5454254788057478,"ZNF516":2.5271292501509035,"SLC36A1":4.38059839469653,"PLEKHB2":7.7441584872825935,"CSTA":12.209248197472256,"JAK2":22.596280416070343,"COMMD5":6.580719385200754,"DNAJC5":10.73333268017894,"PIWIL4":0.0,"TRERF1":4.834149453079992,"LRMDA":1.6487202704968702,"TENT5A":0.0,"SRGN":11.63968791582331,"FNDC3B":2.529319003004546,"GAPT":5.892518915153184,"TPP1":8.460524983460523,"RNASE3":2.4897829861280623}},"Mutation FLT3 ITD":{"min":-10.0,"max":10.0,"top_text":"High FLT3 ITD Correlation","bottom_text":"Low FLT3 ITD Correlation","map":{"MNDA":-0.17897922617597087,"CTSG":-0.6479019092618672,"JAK2":-0.12576094645295602,"AZU1":-0.8733235568333297,"RNASE3":-0.503265180086372,"LAIR1":2.540334480267361,"TPP1":-0.035050075496545985,"DOP1B":0.0679461924613349,"P2RY2":0.0,"DENND10":2.408286499946695,"LYST":-0.13655246716180647,"BST1":-0.3316902226865898,"LAMP2":0.6557950557727829,"CSTA":0.10951046119147137,"ATG7":-0.08094884340709299,"SLC36A1":-1.7909166362919182,"ELANE":-1.1129468065633672,"RAB44":1.5096194486532943,"CEBPE":-1.4989363542327905,"CAMKK2":-1.3318133829201644,"PXK":-1.5908920848844743,"TENT5A":0.0,"HEXA":-0.8886361456075882,"SPG21":-0.01955113120178288,"RAB27A":-1.6243187688143816,"TRERF1":-1.5000492371497502,"FNDC3B":-0.007045599641925982,"HAL":-0.7230266816093615,"CLEC5A":-2.6286148250293264,"ZNF516":-0.19684906989207557,"COMMD5":1.6871014747455966,"LRMDA":2.1996320006690357,"FUT4":-0.09523586008267303,"PLEKHB2":-0.3627374289629287,"MPO":-1.353320875173933,"DGKG":-2.540155656814198,"PLD1":-0.46711159696162047,"PIWIL4":0.0,"RAB32":-0.12483980476305408,"SLC39A11":0.941202529170284,"ERLIN1":0.8650145333244282,"DNAJC5":-0.16122570612363318,"HDAC4":-1.2514985850453726,"VAMP8":-0.2337303680967156,"ARL11":-0.06864743757600916,"KBTBD11":-0.9447407127546201,"SERPINB10":-0.8656745141962935,"AP5B1":-1.243863427366093,"GAPT":0.26565605846914997,"SRGN":-0.8910107137647496,"RNASE2":-0.8820015916698496}},"Blast Percent":{"min":-11.0,"max":11.0,"top_text":"High Blast Percent Correlation","bottom_text":"Low Blast Percent Correlation","map":{"CAMKK2":-2.008112527886406,"GAPT":-0.7265280047496775,"P2RY2":0.0,"LAMP2":0.6506198858577893,"MNDA":-2.586885983553489,"DOP1B":-0.9533307820389493,"JAK2":-1.602533604980836,"LRMDA":1.0164593794440142,"SERPINB10":-2.966005229822383,"SPG21":-0.07995035128137801,"DNAJC5":-3.616107663485694,"AP5B1":-0.6018668258382422,"KBTBD11":-0.3781931291789889,"FNDC3B":0.03251953535021771,"PLEKHB2":-1.4233409786799132,"PLD1":0.5087185955562084,