{"NPM1 Subtype":{"min":-37.0,"max":37.0,"top_text":"Committed NPM1 Subtype","bottom_text":"Primative NPM1 Subtype","map":{"IDH3G":0.1252286935777414,"ATP5PO":-2.873462652332877,"ATP5MC3":0.0,"MTIF2":-3.8566162450021517,"ATP5F1C":-3.88188581975398,"C1QBP":-3.890608203582633,"ATP5MG":-1.8414600344534982,"HINT2":-1.1472330083759708,"ATP5ME":-1.634898130123648,"H3C11":0.0,"FAM172A":-3.7650907532808007,"PNPT1":-5.207596211213818,"CYB5R3":-0.08218506652652043,"H3C2":0.0,"NDUFS7":-1.709424272502127,"ATP5PB":-2.0091912803306267,"H4C12":0.0,"ATP5F1E":0.10446206264552521,"VDAC1":-6.944677918230307,"MRPL57":-2.091329710709163,"TXN2":-0.39163449760328284,"MDH2":-10.275203587609337,"DHRS4":0.3832379595103104,"EXOSC3":-0.3212097273285363,"ATP5MF":0.0,"ATP5F1B":-2.743523157820771,"COX5A":-0.0912481299382667,"ATP5PD":-2.1659398670583334,"ATP5F1D":0.4187895898673107,"IDH3B":-0.4918060502204392,"H2BC17":0.0,"NDUFB5":-1.5965369910567737,"HARS2":-3.4266684048516987,"MRRF":0.4484529185999883,"RPL36":-0.40730776957601655,"H4C11":0.0,"GTPBP6":-8.25001876563602,"HSPD1":-9.76196332872376,"NDUFS3":-0.740803067109875,"MFSD12":0.0,"H2BC7":0.0,"DDOST":0.09553939614165306,"GRSF1":-2.6501630445027673,"PDHA1":-8.230889833861031,"CS":-1.850068308565346,"MTRES1":-0.76344295117907,"EIF6":-0.7562592216239329,"GFM1":-2.8753825180029806,"ATP5F1A":-2.8312426492195897,"MRPL11":-3.1725315619752568,"ATP5PF":-6.045816998492236}},"Mutation FLT3 ITD":{"min":-10.0,"max":10.0,"top_text":"High FLT3 ITD Correlation","bottom_text":"Low FLT3 ITD Correlation","map":{"IDH3B":-0.2300042175614231,"PNPT1":0.890631064168327,"ATP5F1A":1.5331671879942939,"ATP5F1B":1.0900039657826093,"H4C11":0.0,"CYB5R3":0.6032425872206164,"HARS2":2.338752322963545,"MRPL11":5.162212456489632,"COX5A":2.2103108331551917,"ATP5F1E":1.2766071711014018,"ATP5MC3":0.0,"PDHA1":-0.025580503147306685,"HSPD1":-0.25777955961214105,"H2BC7":0.0,"TXN2":-0.23038778185207962,"MTRES1":1.8172666478460684,"MRPL57":2.1197247969504156,"NDUFS3":1.2962016366007825,"H3C2":0.0,"RPL36":1.1164443530320265,"HINT2":0.9604777840147092,"GFM1":0.8879254539007689,"IDH3G":-0.018182384714064213,"ATP5MF":0.0,"GRSF1":-0.051105415437565256,"CS":-1.2075195041230298,"ATP5ME":1.1822722333142182,"ATP5F1C":-0.8904482559237966,"MDH2":1.0763205551916817,"ATP5F1D":0.5265860222163758,"GTPBP6":0.09914316524868667,"MTIF2":4.092942711923383,"ATP5PD":2.206415632122481,"VDAC1":2.057164490801179,"NDUFS7":2.460771072600124,"ATP5PO":1.3359209428270962,"NDUFB5":3.5211885729710346,"MRRF":1.6721065378247648,"H4C12":0.0,"FAM172A":-0.14168875652016033,"DHRS4":-0.10388763272353539,"C1QBP":1.602391820244794,"DDOST":0.08808065261835957,"EXOSC3":0.22875553838571328,"H2BC17":0.0,"H3C11":0.0,"ATP5PB":1.1442371040927228,"EIF6":0.47365306820266123,"MFSD12":0.0,"ATP5MG":-0.7541881170203474,"ATP5PF":0.870012913983132}},"Mutation NPM1":{"min":-30.0,"max":30.0,"top_text":"High NPM1 Correlation","bottom_text":"Low NPM1 Correlation","map":{"NDUFS3":1.2485820136720833,"DDOST":0.40039714888303624,"VDAC1":0.5107727342414231,"NDUFB5":1.0743159207027801,"TXN2":-0.34433627050869836,"NDUFS7":1.7536481461324998,"H3C2":0.0,"EIF6":0.6583130160804401,"ATP5F1B":-0.061231290582044656,"MTIF2":3.0250646410442332,"MRRF":2.083266106576182,"ATP5MG":-0.6138220350587252,"CS":-1.2210554487371215,"GFM1":0.36819126807203173,"IDH3B":-0.03622773122053849,"MFSD12":0.0,"MRPL11":1.0621477161324848,"ATP5PO":-0.2503482694827777,"H2BC7":0.0,"EXOSC3":0.8558156573738688,"ATP5F1A":-0.4856651178438937,"ATP5PD":0.36071403874438,"H4C12":0.0,"IDH3G":-0.24881644581118292,"RPL36":0.5346117896145334,"ATP5F1C":-0.06349722851496921,"ATP5PF":-0.07569168769337419,"PNPT1":0.23703595942543904,"GTPBP6":-1.614920294313983,"H2BC17":0.0,"COX5A":1.4408743086420104,"H3C11":0.0,"H4C11":0.0,"ATP5ME":-0.26602629441775344,"MTRES1":0.9638816991574118,"HARS2":1.741177637915075,"ATP5PB":-0.5154151291243886,"MDH2":-0.21848359477808166,"MRPL57":1.1256283800464544,"FAM172A":-0.5163787188703702,"ATP5MF":0.0,"GRSF1":-0.4332068465280692,"DHRS4":1.486960972973314,"C1QBP":-0.41379299397816716,"ATP5F1E":3.1808811537380492,"HSPD1":-0.7552996762779499,"HINT2":2.107390516944121,"CYB5R3":-0.2933026574519484,"ATP5MC3":0.0,"PDHA1":-0.38342436450199746,"ATP5F1D":-0.15183436154207938}},"Blast Percent":{"min":-11.0,"max":11.0,"top_text":"High Blast Percent Correlation","bottom_text":"Low Blast Percent Correlation","map":{"ATP5F1D":-0.5673224090835383,"ATP5F1E":2.3074985530137533,"VDAC1":1.5105886540069342,"MRRF":0.8009611428247637,"H3C2":0.0,"ATP5F1B":0.9368188530501536,"GRSF1":2.4907897459542268,"C1QBP":2.584490667622572,"ATP5ME":0.6134948288107629,"MTRES1":1.091383129464511,"DDOST":0.3304728848361726,"ATP5F1C":2.5853615473496334,"MRPL57":1.2691597025137362,"HINT2":0.7369163012560096,"NDUFB5":0.4610824838212594,"ATP5PD":1.3066336414931707,"H2BC7":0.0,"ATP5MF":0.0,"FAM172A":3.1576023691553226,"TXN2":-0.4303330677318071,"EXOSC3":2.1296498138223927,"GTPBP6":0.516889129008468,"HSPD1":2.18622642975138,"PDHA1":3.833952722002807,"DHRS4":1.8162886637462956,"ATP5F1A":3.6635305909400504,"PNPT1":2.6404772869974007,"H3C11":0.0,"CYB5R3":-0.2735503652372148,"IDH3B":1.2352089951994492,"H4C12":0.0,"GFM1":1.6921911680794717,"NDUFS3":3.2055766594772437,"ATP5PO":1.5321966050659748,"NDUFS7":4.202747516856414,"HARS2":1.7317406035510758,"MFSD12":0.0,"ATP5MC3":0.0,"ATP5MG":0.7234258896846969,"MDH2":5.543936109602973,"MTIF2":2.790015987918335,"RPL36":0.47661107670402114,"ATP5PB":0.4831931122950851,"CS":1.125905481821006,"MRPL11":1.867556334606802,"ATP5PF":3.368878690326572,"COX5A":0.6845688229481113,"IDH3G":2.965946384617862,"EIF6":0.7156966918882579,"H4C11":0.0,"H2BC17":0.0}},"MuSiC CD14 Mono":{"min":-50.0,"max":50.0,"top_text":"High CD14 Mono Correlation","bottom_text":"Low CD14 Mono Correlation","map":{"H4C12":0.0,"ATP5MC3":0.0,"GFM1":-2.329181240232404,"GTPBP6":-8.355049900520196,"TXN2":-0.07343471322486034,"ATP5F1D":-0.25241747789718477,"HINT2":-0.42981051397998904,"ATP5PD":-1.7154980443050531,"H3C2":0.0,"ATP5F1A":-1.7883268349096841,"C1QBP":-4.8160760207016615,"ATP5F1C":-3.153129551490307,"MRPL11":-2.9074153510976832,"COX5A":0.2648524131197143,"MTRES1":-0.5003176306160737,"ATP5PB":-2.2719248240802288,"MRRF":0.199024230462808,"PNPT1":-6.640174239934742,"ATP5PO":-2.0703727606051845,"CS":-1.4501864816626708,"H2BC17":0.0,"H2BC7":0.0,"IDH3G":-0.2638425125644608,"RPL36":-0.059240827772406204,"EXOSC3":-0.619978907128826,"HSPD1":-8.597224261864966,"ATP5MF":0.0,"NDUFB5":-0.9258135084103313,"H4C11":0.0,"ATP5MG":-1.6439796925664825,"MRPL57":-4.115990066402306,"DDOST":-0.153730529096116,"ATP5PF":-5.524207779147124,"PDHA1":-8.58143238333792,"NDUFS3":-0.321373718303882,"FAM172A":-5.213772991790146,"IDH3B":-0.844791502581695,"MFSD12":0.0,"EIF6":-0.5070590086644529,"MDH2":-6.36328508667933,"MTIF2":-1.926111229889167,"ATP5F1E":0.24175822239045142,"CYB5R3":-0.035741329680165204,"HARS2":-3.3806617707032744,"DHRS4":0.300000831850871,"GRSF1":-3.560088429316254,"VDAC1":-9.823457122989478,"H3C11":0.0,"ATP5ME":-2.4636157395920435,"ATP5F1B":-2.1811653081934237,"NDUFS7":-1.2164879859577038}},"Overall Survival":{"min":-6.0,"max":6.0,"top_text":"High Survival Correlation","bottom_text":"Low Survival Correlation","map":{"RPL36":-0.18727523470024215,"EIF6":-0.05456045986301329,"NDUFS7":-0.013068226417954874,"DHRS4":0.29358741934256877,"GTPBP6":-0.5811290158363513,"GFM1":0.32474043946385844,"IDH3B":-0.1860989986495421,"ATP5MC3":0.0,"NDUFS3":-0.9064190572101297,"MTIF2":-1.158279532185458,"MFSD12":0.0,"H2BC17":0.0,"EXOSC3":-0.21395113875195376,"CYB5R3":0.9264245304737745,"NDUFB5":0.33745292967840146,"PNPT1":0.5679943975751559,"MDH2":-0.19550146233629925,"CS":0.443087791218423,"H3C2":0.0,"ATP5ME":0.7265380313090039,"H2BC7":0.0,"PDHA1":-0.12012533797567616,"GRSF1":0.1791903021771674,"MRRF":1.1262007863041785,"FAM172A":0.22133924406630606,"ATP5PB":1.5866491941459848,"HARS2":0.3340060964604496,"H3C11":0.0,"HINT2":0.021687459430845,"TXN2":0.07005431850046022,"C1QBP":0.06273721282783516,"HSPD1":-0.0004652615701074577,