{"Mutation NPM1":{"min":-30.0,"max":30.0,"top_text":"High NPM1 Correlation","bottom_text":"Low NPM1 Correlation","map":{"H4C12":0.0,"SUPT7L":1.4746757376560728,"H4C14":0.0,"TAF9":2.5792748082787735,"SUPT3H":0.402983877256303,"KAT2A":-3.214899232393936,"SRCAP":-0.42543630411758265,"TPR":1.5941297709051423,"TAF7":0.026084667771471344,"IRF2BP1":-0.5055320403968194,"ZBED1":-1.3171547488927184,"MED12":2.0107246691470446,"SMARCAD1":0.15246333223368871,"SUPT20H":0.7400671868351443,"RNF4":-0.09196696873314271,"TAF10":0.5461845798937779,"PRPF8":0.7293307445936306,"UBC":0.0,"TAF5L":0.336414555520695,"MCM3AP":2.052470537921028,"GOLGA2":6.610179638584527,"SGF29":-0.6095623551569147,"ATXN7":1.544955911815608,"TADA2B":0.8195387275758501,"MBIP":1.681229394716004,"TAF3":0.35989493628175057,"NUP188":2.017814983291363,"TADA1":0.22018486784895283,"ATXN7L3":-0.3553852677032544,"RBM15B":1.1974717179382068,"WDR5":-0.03650034802598876,"DHX37":-0.014339428062202873,"KANSL2":0.9662702587099203,"TADA3":-0.1797905862768613,"TAF9B":-0.10499462096868305,"POLR2K":3.1820556093485584,"EP300":1.1861962538320805,"NR3C1":2.703722756347426,"USP22":-0.016651882123918556,"TAF12":1.0882345111461973,"NCOA5":1.4652101425113853,"TAF4":1.3074491138733983,"KIF7":0.0,"SNIP1":-0.4744223710470674,"TRRAP":1.0455767183720814,"CCDC96":0.0,"ENY2":-0.11776664342954664,"H4C11":0.0,"KDM1A":-0.3359988292238178,"DVL2":-0.22272337956807586,"TAF6L":0.11200317751016903}},"Blast Percent":{"min":-11.0,"max":11.0,"top_text":"High Blast Percent Correlation","bottom_text":"Low Blast Percent Correlation","map":{"TAF12":5.603051959613489,"PRPF8":8.267580667390558,"SNIP1":4.345146576609418,"ZBED1":3.6968201430182814,"TAF4":9.457497680974226,"KIF7":0.0,"POLR2K":2.900894321926558,"SMARCAD1":3.5642020836077353,"MBIP":4.2153607104589765,"TAF10":4.458815612916491,"SGF29":0.5204387215560417,"KAT2A":1.4289698556823582,"MCM3AP":7.351811393643994,"CCDC96":0.0,"H4C12":0.0,"KDM1A":3.8407230546841316,"SRCAP":5.7254554201821435,"TAF7":3.8420232240904095,"RNF4":3.7950366722293833,"ATXN7":2.321777517912787,"TADA2B":2.132559644403408,"TAF3":1.7015782047154304,"NR3C1":4.107146156547779,"WDR5":4.479767002461924,"TADA3":1.5318481428092798,"ENY2":6.926019612656766,"SUPT7L":2.257476206388486,"RBM15B":9.214321016474996,"TRRAP":10.935466683300897,"EP300":0.862749302531665,"TAF5L":2.7296691911253133,"TPR":7.753207157444232,"NCOA5":6.67461723795955,"TADA1":3.54802106736941,"TAF6L":2.744312797958048,"TAF9B":3.14389395042548,"USP22":6.056752639540269,"UBC":0.0,"H4C11":0.0,"NUP188":6.8052484825724315,"TAF9":7.504480965319896,"MED12":6.890587476821401,"IRF2BP1":2.8057827001404125,"KANSL2":2.8600386490866807,"GOLGA2":4.365734819948273,"DHX37":7.3552635321904525,"H4C14":0.0,"ATXN7L3":-0.2380574435704524,"DVL2":1.311169984910499,"SUPT3H":1.727458135270911,"SUPT20H":5.329541081095486}},"Overall Survival":{"min":-6.0,"max":6.0,"top_text":"High Survival Correlation","bottom_text":"Low Survival Correlation","map":{"TADA2B":1.2413317946769231,"TAF9":0.5263639768313939,"TAF5L":-0.43300012191866427,"UBC":0.0,"SUPT3H":0.013228018689329742,"CCDC96":0.0,"NUP188":-0.9492446669793957,"SMARCAD1":-0.1825603726090783,"KAT2A":-0.7079958888488284,"MED12":0.21203397020618386,"TAF7":-0.36225269447254393,"TRRAP":-0.6727932958423095,"MBIP":-1.0488540021030583,"RBM15B":-0.2995976371527079,"DHX37":-0.03126952804029204,"TAF12":-0.8231106819116624,"PRPF8":-0.0875995989939786,"H4C11":0.0,"KDM1A":-1.484905755397661,"NCOA5":-0.17249751387032483,"USP22":0.005712093479589484,"TPR":-0.5641190915590656,"IRF2BP1":-0.8197136967500617,"DVL2":0.9676317867209114,"EP300":-0.33887591101364556,"KANSL2":0.3129263482113013,"GOLGA2":-0.22239920311902428,"MCM3AP":-0.009225675684658348,"SUPT20H":0.6235130802370051,"SNIP1":-0.017385851828572645,"TAF3":-0.9504358362200708,"SGF29":-0.4856572174539431,"TAF10":-0.22988909953815495,"TAF9B":-1.504128244804955,"H4C14":0.0,"WDR5":-0.5549702440508997,"SUPT7L":-0.9370544515738849,"TADA1":-0.25982614695325046,"POLR2K":0.3919813351013899,"NR3C1":0.15427298290668914,"ATXN7":0.6056834707339218,"TAF4":-0.4303514739422789,"ATXN7L3":-0.37712681766551953,"TADA3":0.5687987430719086,"SRCAP":-0.22856096342299034,"ENY2":-0.6243304200264238,"H4C12":0.0,"TAF6L":-0.014033263464271547,"ZBED1":-0.06816650213875636,"KIF7":0.0,"RNF4":0.04351776808182652}},"NPM1 Subtype":{"min":-37.0,"max":37.0,"top_text":"Committed NPM1 Subtype","bottom_text":"Primative NPM1 Subtype","map":{"RBM15B":-8.857056480090973,"ZBED1":-2.5703417672609965,"SUPT7L":-2.7391477079220197,"NUP188":-5.841483460523908,"RNF4":-1.7685536470837888,"TADA1":-0.7556290526051083,"SNIP1":-3.0680067058407903,"NCOA5":-3.4252685729190886,"SGF29":0.025791778939701155,"H4C11":0.0,"SUPT3H":-3.326796590135291,"KDM1A":-11.454216703226782,"TAF4":-3.5878120693258597,"TAF3":-3.5146923012758,"TADA3":0.25153493008318234,"H4C12":0.0,"TAF12":-1.4301530847405601,"SMARCAD1":-15.092112518437062,"TAF10":-1.0155345016529775,"TAF9B":-7.028180072345932,"H4C14":0.0,"ATXN7L3":1.39661421342606,"ENY2":-4.05297947236896,"TAF9":-1.8199210572816582,"CCDC96":0.0,"UBC":0.0,"SUPT20H":-1.325582592748574,"TAF7":-2.1699391835433888,"PRPF8":-5.604922202679517,"DHX37":-8.493050191771383,"ATXN7":0.1998484310634876,"KIF7":0.0,"IRF2BP1":-12.99233194222959,"TRRAP":-3.624451483780866,"MCM3AP":-5.183466142352168,"KANSL2":-0.8235778238442728,"KAT2A":-4.67603306262558,"NR3C1":0.7036033188158082,"DVL2":-5.612373851214197,"TADA2B":-0.10152648953736187,"SRCAP":-7.158102160875452,"USP22":-6.948780388357278,"TAF6L":-3.040077823322409,"TPR":-8.806009641137113,"POLR2K":-1.1224812948331067,"WDR5":-3.554046379510762,"MED12":-4.650227431947504,"EP300":1.921502290883876,"GOLGA2":-2.503096381743752,"MBIP":-6.485654449568641,"TAF5L":-0.5724061966728783}},"Mutation FLT3 ITD":{"min":-10.0,"max":10.0,"top_text":"High FLT3 ITD Correlation","bottom_text":"Low FLT3 ITD Correlation","map":{"IRF2BP1":-0.4415868794743485,"KAT2A":-2.706487463859755,"ATXN7":-1.555423520398305,"TAF12":-0.5532788233151862,"TADA3":-0.8870242981137246,"POLR2K":0.41803667391603455,"TAF7":0.3911973141515642,"RNF4":0.13921951997635876,"CCDC96":0.0,"DVL2":0.23455330563120322,"WDR5":-0.23921487223671387,"ZBED1":0.4051490839178173,"SGF29":-3.073054788149126,"SNIP1":-2.3001509468846875,"SMARCAD1":0.15431553452892363,"TRRAP":-0.27695356833171714,"NR3C1":-0.11524614419996877,"GOLGA2":1.9270676210403588,"ATXN7L3":-1.5720879762994078,"TAF4":-0.16118379608127467,"SUPT20H":-0.7094284103317534,"NUP188":-0.4995158229205186,"H4C11":0.0,"RBM15B":-0.3342944852675218,"UBC":0.0,"TAF5L":-0.7761394505317455,"SUPT3H":0.3474139911894708,"TADA2B":0.04796546048834934,"DHX37":0.11069385702391012,"SUPT7L":-0.053204194882820605,"KDM1A":0.19866792907262892,"SRCAP":-1.9679732634435017,"TPR":1.1702836180426717,"TAF10":0.4151712193273511,"H4C12":0.0,"TAF3":-1.355947987545681,"TAF9B":-0.08186080128757582,"MBIP":0.547299064645796,"EP300":-0.034602454011254884,"TAF6L":-0.36826249460871213,"KIF7":0.0,"KANSL2":-0.08360079825363635,"ENY2":-0.00980979398464547,"TADA1":-0.19922169382784155,"TAF9":0.34404061326778806,"MCM3AP":1.0958261555037385,"NCOA5":1.1128316315218323,"MED12":-0.05666613476633884,"H4C14":0.0,"USP22":-1.3458948739950833,"PRPF8":-0.6581832590573128}},"MuSiC CD14 Mono":{"min":-50.0,"max":50.0,"top_text":"High CD14 Mono Correlation","bottom_text":"Low CD14 Mono Correlation","map":{"TAF12":-2.839533908806808,"ZBED1":-2.75736531775993,"GOLGA2":-1.7707200925422537,"TAF9":-1.7763895399682017,"TAF4":-3.849364305471634,"PRPF8":-5.495975636974657,"SMARCAD1":-19.480675468099545,"EP300":3.2515858328739564,"DHX37":-11.982749238640313,"IRF2BP1":-14.917425549483022,"RNF4":-2.5053415465141753,"MBIP":-6.236029684074837,"USP22":-11.672753124831162,"H4C14":0.0,"KDM1A":-12.788789772906915,"ATXN7":-0.35750203836729794,"SGF29":-0.22661719603041383,"NR3C1":0.672366905700955,"TAF5L":-0.7043548040899024,"TAF6L":-3.247982647967274,"TADA1":-1.471731553323476,"NUP188":-8.163186210622634,"KAT2A":-6.181251861130312,"KIF7":0.0,