{"NPM1 Subtype":{"min":-37.0,"max":37.0,"top_text":"Committed NPM1 Subtype","bottom_text":"Primative NPM1 Subtype","map":{"DRAP1":-0.6859729582339723,"FTO":-11.459602771995629,"RPL9":-0.3487670115941324,"NAP1L1":0.10519319688836364,"SNRPF":-3.4042251608561425,"PRKAR1A":-0.27394931246518334,"RPP30":-5.222553279661827,"SMS":-2.3374113303663147,"EIF3J":-0.7234263562306938,"GMPS":-1.034501539418509,"SRP72":0.1843295998275538,"KARS1":0.12945873433893038,"RPL23":-0.5233322894738509,"ELAVL1":-6.429291030859147,"GSK3B":3.896163060043158,"TPRKB":-2.0859329130630466,"CCT3":-0.22598528783215893,"NUDCD2":-2.360856576331443,"METTL5":-3.762550623724513,"CHORDC1":1.2456551567218048,"CSE1L":-0.7891628559889796,"SBDS":0.479344791893438,"UBE3A":-0.42842692749842537,"SSB":-11.550976796816245,"MRPS9":-3.113911920219839,"PSMD14":0.2422766170007199,"RPL38":0.3195063995459383,"NPM1":-13.438152303775192,"ATP5MC1":0.0,"XPO1":-1.6671056804186337,"RPL4":-1.52888610886292,"AHSA1":-0.5830258239713039,"RPL36":-0.40730776957601655,"BTF3":-1.8134074684220207,"DKC1":-12.58475261131641,"MRPL1":-11.569883507332555,"CCT7":-0.0875669214913264,"CAND1":-1.2909473816782353,"H4C4":0.0,"EIF6":-0.7562592216239329,"TPT1":0.7181527412639388,"ABCE1":-6.051676528102565,"BCCIP":-1.8758999537026964,"H4C2":0.0,"TCEA1":-9.589784770807457,"CSNK2B":-2.3919156197137044,"PSMD4":0.11971810009356319,"RPLP0":-0.7350553087960351,"MRPL3":-4.3275355416325905,"DDX1":-7.2292697197384825,"METAP2":-1.216626914421545}},"Blast Percent":{"min":-11.0,"max":11.0,"top_text":"High Blast Percent Correlation","bottom_text":"Low Blast Percent Correlation","map":{"CCT3":-0.3142774196153831,"KARS1":0.39317130427752156,"TPT1":-1.22926909621334,"SNRPF":6.584783163931188,"NUDCD2":-0.05163386068558452,"MRPL1":2.538515684582829,"AHSA1":-0.3283321291937643,"CHORDC1":-1.828465560640291,"BTF3":0.44319419370746266,"RPL9":1.0345218322620229,"NAP1L1":-0.453522556047383,"MRPL3":1.6634670941064482,"RPL36":0.47661107670402114,"TPRKB":0.6181435502882812,"SRP72":0.35386779268160923,"CAND1":-0.22250843543020635,"EIF6":0.7156966918882579,"CCT7":-0.16053739046580848,"ABCE1":0.3671771881567837,"SSB":3.21062501176296,"TCEA1":1.8859293225192317,"METAP2":0.5409536975373225,"SMS":0.12447574561697045,"MRPS9":0.5308110074316634,"ELAVL1":5.4261742330537475,"ATP5MC1":0.0,"BCCIP":0.4626591989556975,"RPLP0":-0.04584224920597317,"RPL23":0.29298460445923746,"PSMD4":-0.020635984763530523,"RPL38":-0.06726795612594405,"H4C4":0.0,"FTO":4.9996279664641525,"UBE3A":-0.12371605746866794,"DDX1":3.9453924891582584,"NPM1":2.0044213784871614,"PRKAR1A":-0.018367171862012813,"EIF3J":-1.528079196048356,"H4C2":0.0,"CSNK2B":1.4351055085581041,"DKC1":4.808970083454023,"PSMD14":-1.8090078932428866,"GSK3B":-0.7226868169595438,"DRAP1":2.387626788123031,"SBDS":0.151436736338573,"RPP30":2.717308770450488,"CSE1L":0.26730586303547904,"GMPS":0.2612894574302468,"XPO1":0.5857500169604274,"METTL5":1.5406748944516508,"RPL4":1.0571351985337578}},"Overall Survival":{"min":-6.0,"max":6.0,"top_text":"High Survival Correlation","bottom_text":"Low Survival Correlation","map":{"BTF3":1.2567141881068853,"DKC1":-0.9407539581713261,"AHSA1":0.06620434319481094,"CAND1":-1.0703811446593767,"SNRPF":-1.3201943511389358,"RPLP0":0.8494169791671194,"CSNK2B":-0.7037374715244648,"ELAVL1":-1.1786608147175661,"SSB":-0.6357005016082169,"RPL9":0.49619976490117906,"METTL5":-0.40010720287546553,"TCEA1":-0.11552855238648041,"BCCIP":-0.03613339493620171,"ATP5MC1":0.0,"H4C2":0.0,"XPO1":-1.4550714447644295,"NUDCD2":0.01678533676360758,"EIF3J":-0.5297208223969111,"RPL4":2.092187270185198,"NAP1L1":0.3510698671210509,"GSK3B":0.16669222493244187,"MRPS9":-0.041655874772181536,"SBDS":-0.1194248026884602,"CCT7":0.5057893757741105,"KARS1":0.5683385108557156,"CSE1L":0.19995125303461,"DDX1":-0.4204206896182759,"SRP72":0.1293293890120897,"TPRKB":0.38018624424640474,"CHORDC1":0.002878247588806654,"MRPL1":0.6502872389634293,"SMS":0.022373100207575696,"RPL23":0.32804702203935704,"CCT3":-0.05479278900607222,"PSMD14":-0.16537730410760274,"RPP30":-0.7839965417261809,"EIF6":-0.05456045986301329,"FTO":-0.04569932020058868,"ABCE1":-0.16634977162583486,"METAP2":0.17290248331963684,"PRKAR1A":0.4882495164834467,"PSMD4":0.601283888840335,"UBE3A":-0.01911298860480445,"NPM1":0.521776265381839,"H4C4":0.0,"RPL36":-0.18727523470024215,"DRAP1":-0.20697587516981733,"RPL38":1.2776211432892797,"TPT1":0.52242359786643,"MRPL3":0.10683782580508534,"GMPS":-0.09564761147923936}},"MuSiC CD14 Mono":{"min":-50.0,"max":50.0,"top_text":"High CD14 Mono Correlation","bottom_text":"Low CD14 Mono Correlation","map":{"SRP72":-0.17153022612559551,"RPL38":-0.2981379192271892,"CSE1L":-1.0595730578227733,"SSB":-8.751234993570277,"NPM1":-17.855123193602328,"METAP2":-0.8965923954962021,"MRPS9":-1.4412154880331463,"RPP30":-5.644194663211463,"CSNK2B":-2.959868001404504,"EIF6":-0.5070590086644529,"AHSA1":-1.0522149712935986,"TPT1":1.2715992371906233,"DDX1":-5.146204482889449,"RPLP0":-0.9407175967597816,"RPL23":0.12904191452952737,"H4C4":0.0,"ABCE1":-6.8885895536956525,"PSMD4":0.7604382774080172,"KARS1":-0.04763054945906906,"CCT7":-0.26285282457937953,"ELAVL1":-5.795188363841036,"BTF3":-2.3047761601834353,"NAP1L1":0.008383399241541425,"BCCIP":-2.17833744744994,"H4C2":0.0,"PSMD14":1.4541129719867671,"RPL36":-0.059240827772406204,"METTL5":-4.329289841895978,"FTO":-16.102181534401822,"DRAP1":-0.6101749152163563,"RPL9":-0.28255367446751756,"SMS":-2.9000311846650164,"CCT3":-0.2716475955009964,"DKC1":-14.010924546487777,"TCEA1":-14.792964915085852,"TPRKB":-1.7155837380224128,"GMPS":-0.4842488842701872,"ATP5MC1":0.0,"CAND1":-1.5314979986477768,"NUDCD2":-2.514460672252489,"EIF3J":-1.356907943846368,"UBE3A":-0.04580304149176501,"SBDS":0.9441999416686258,"SNRPF":-4.832315466661114,"XPO1":-1.4175754679797263,"MRPL1":-11.933423251459299,"GSK3B":5.631406696089327,"PRKAR1A":0.1853974018205343,"RPL4":-1.6443148504195038,"MRPL3":-4.697481093265898,"CHORDC1":1.2704255323451439}},"Mutation FLT3 ITD":{"min":-10.0,"max":10.0,"top_text":"High FLT3 ITD Correlation","bottom_text":"Low FLT3 ITD Correlation","map":{"MRPL3":2.6742259585782473,"RPP30":-0.10413961897937857,"RPL4":0.6547763049276585,"MRPL1":2.0363102125166503,"XPO1":0.2544644500796783,"ELAVL1":0.5913233331491544,"CCT3":0.10963602773179969,"MRPS9":4.719971026966231,"METTL5":0.07798664789372288,"ABCE1":-0.0016352740000588483,"CAND1":-0.6500378395584071,"NPM1":-1.0520844031272854,"RPL38":0.682336040894693,"AHSA1":0.2462929836710318,"TCEA1":-2.049229113668071,"NAP1L1":0.901598019709127,"FTO":0.8944573091460318,"PRKAR1A":0.8877969853018366,"BTF3":0.20302576889871052,"H4C2":0.0,"CSE1L":0.15117845538383207,"CSNK2B":0.344268534688043,"EIF3J":-1.2578567047204503,"RPL9":0.9839123589666287,"PSMD4":1.3795618165961643,"RPLP0":0.9977700667254856,"H4C4":0.0,"EIF6":0.47365306820266123,"SRP72":1.0037380350708558,"METAP2":0.26315341055541974,"NUDCD2":-0.3632598640729356,"SMS":0.4809666012007382,"DRAP1":0.40082412489371866,"SSB":1.7315596268363058,"SNRPF":0.48433386390978056,"RPL23":1.0733465256997399,"KARS1":0.7345495380195487,"UBE3A":-1.1099667616777529,"DDX1":0.8696117370858205,"GSK3B":-1.104383095504364,"GMPS":0.987616208594753,"ATP5MC1":0.0,"BCCIP":-0.08750863521514145,"CCT7":0.3219961985747694,"TPT1":0.7395896823601174,"RPL36":1.1164443530320265,"SBDS":0.10492294457142225,"CHORDC1":-0.879259253550997,"DKC1":0.5444385288202916,"PSMD14":0.42283331310834377,"TPRKB":0.8079639698805814}},"Mutation NPM1":{"min":-30.0,"max":30.0,"top_text":"High NPM1 Correlation","bottom_text":"Low NPM1 Correlation","map":{"NAP1L1":-0.011848584133965232,"NPM1":-10.934537178762957,"AHSA1":-0.08015542562063996,"RPL23":0.7875418622263212,"KARS1":0.12338557050480556,"GSK3B":0.17219019920514167,"PRKAR1A":-0.008730415178088946,"ATP5MC1":0.0,"SNRPF":0.6719849961109338,"DRAP1":1.1545107180086631,"MRPL3":-0.6180687445275789,"RPP30":-0.12565772855011917,"H4C2":0.0,"GMPS":0.33798352111368973,"XPO1":0.6703624323215266,"SSB":2.325464071017987,"NUDCD2":-2.154475877445534,