{"Mutation NPM1":{"min":-30.0,"max":30.0,"top_text":"High NPM1 Correlation","bottom_text":"Low NPM1 Correlation","map":{"SETX":0.23700056777778314,"EFTUD2":1.4415749180616486,"NCOA3":1.6149447567336372,"SNW1":2.8923092369539583,"H4C5":0.0,"PBRM1":3.171977485412161,"BRMS1":0.6144309041812756,"JUNB":0.3395129490783598,"BCL7C":1.6745946773095466,"BUD31":1.750901666556485,"BRD4":-1.0693798516051412,"MTA2":0.6996280538240073,"SMARCC1":-0.9261258530031201,"DDX19B":6.151992647828382,"DPF2":1.196884405060146,"PAK1":-1.8598036927196697,"PIAS4":-0.007987110716156454,"HDAC1":0.42857678154086615,"FAM120B":-7.125746365165313,"NIPBL":2.725370853783655,"NDUFS5":1.9330054389647775,"CDC5L":-0.4475152244554471,"SMARCD2":1.1764058759618181,"ARID1A":-0.4487279905526509,"RIC1":0.835959726854974,"NPTN":-0.2629323335872009,"BRD7":0.9536845796788774,"SAP30":0.40640490372559335,"GATAD2B":1.1569624577482922,"BCL7A":-0.4059251813016011,"KPNA2":3.9720706374841344,"SMARCC2":3.1988717462606737,"BRD9":0.0356815001752022,"HCFC1":0.4883909760255834,"SIN3A":0.09757534152773194,"PHF5A":2.8868096858945766,"ARID2":2.3648150432294304,"SETD1A":-1.5844297839014674,"SMARCD1":1.0924050059584112,"PRKCSH":0.7159953501083609,"SMARCA2":2.9702193572053925,"HDAC2":0.6601444824937441,"PHF10":-0.016276639591545204,"SS18":2.1447997329225053,"POM121C":1.8468533859563852,"SMARCE1":0.8381077399647922,"TPST2":0.6674100057871674,"ZNF217":-0.06775490555449577,"ACTL6A":2.0091668307369095,"SMARCB1":1.0197798599639336,"BCL7B":0.40270648264990383}},"NPM1 Subtype":{"min":-37.0,"max":37.0,"top_text":"Committed NPM1 Subtype","bottom_text":"Primative NPM1 Subtype","map":{"SMARCB1":-5.746633495259363,"BUD31":0.07270710978578321,"KPNA2":-0.21097921783683762,"NCOA3":0.03875051978320783,"SETD1A":-9.631502486727154,"PRKCSH":0.41523186806145507,"ZNF217":6.350940884741301,"POM121C":-3.915276784486167,"HDAC2":-8.44012458482962,"BRD7":-7.12633941258851,"BCL7A":-10.583630351621963,"PHF10":-6.467896695543094,"NPTN":5.3813604416668515,"PHF5A":-1.0060673165312122,"SETX":0.8932653911460896,"ARID2":-5.899928940913489,"SMARCE1":-13.332467919137377,"ACTL6A":-3.650415258801667,"PIAS4":0.34137391714628595,"SAP30":-1.7265588708573372,"BCL7C":-2.6799626375929644,"NDUFS5":0.26757407518544296,"NIPBL":-1.3656023600927039,"EFTUD2":-2.6542317971540643,"BRD9":-2.098363545748338,"GATAD2B":-10.781873787287472,"SMARCD2":-8.475812836430265,"PBRM1":-6.950231701183314,"CDC5L":-8.499865467451796,"DPF2":-7.103873562756072,"SMARCD1":-6.985411063085492,"FAM120B":0.3804846342027323,"HCFC1":-3.4113075164055173,"SMARCC2":-10.83745404825939,"SS18":-1.4188559902780078,"TPST2":0.2730445921767084,"BRD4":-4.638999711906336,"SMARCC1":-11.425483867736347,"DDX19B":2.1548005342558847,"MTA2":-4.717283053864741,"PAK1":13.987116848025716,"JUNB":16.424303518453996,"BRMS1":-2.4879498206947606,"H4C5":0.0,"ARID1A":-2.8636318742908,"BCL7B":0.17519575568502788,"SMARCA2":-6.617373827161054,"SNW1":-4.426096350846632,"HDAC1":-5.655537515814193,"RIC1":2.831690419682861,"SIN3A":-7.937026904327974}},"Blast Percent":{"min":-11.0,"max":11.0,"top_text":"High Blast Percent Correlation","bottom_text":"Low Blast Percent Correlation","map":{"CDC5L":6.328344057248915,"BRD7":5.370767358121989,"EFTUD2":5.334390697573482,"BRD9":3.0731641135277994,"PRKCSH":1.015476178587567,"SMARCA2":5.8161362419176035,"BCL7A":4.555446240148829,"MTA2":5.021825825407335,"SETD1A":4.86152102162358,"DPF2":3.4972766167227007,"SETX":0.13062666960717942,"BCL7B":1.398494787000335,"NPTN":-2.8260057430168004,"SIN3A":9.566712249665228,"ARID2":4.782592328587999,"PHF10":1.5574153210061177,"HDAC1":4.408129367480514,"PHF5A":3.5749479059035796,"SNW1":5.74638533385228,"SMARCC1":4.429979273448409,"SMARCE1":6.251306136295031,"PAK1":-2.389918388815683,"ZNF217":-0.45513592641255374,"HCFC1":6.958344485696299,"SMARCD2":6.044608791388337,"BRD4":1.288643145429348,"POM121C":7.441818669460148,"ACTL6A":4.462746460476621,"BUD31":3.1339540992542636,"JUNB":-1.0588688868541631,"TPST2":-0.057861841222932836,"BRMS1":5.699383280944352,"NIPBL":3.5826914314325617,"DDX19B":0.507801801571441,"HDAC2":8.110049998404987,"SMARCD1":4.642827884575543,"SMARCC2":6.8205742081014495,"SAP30":2.713531312381975,"NDUFS5":1.1201469254464076,"PBRM1":7.742904402897304,"SS18":3.3162629928636767,"GATAD2B":7.306468452924173,"SMARCB1":6.168500186127005,"PIAS4":0.6218228563488581,"BCL7C":3.2401448700394697,"RIC1":0.33694471726603337,"NCOA3":1.8810127876756524,"KPNA2":-0.19168359579472322,"ARID1A":5.264134938181909,"FAM120B":-0.8285758728845908,"H4C5":0.0}},"MuSiC CD14 Mono":{"min":-50.0,"max":50.0,"top_text":"High CD14 Mono Correlation","bottom_text":"Low CD14 Mono Correlation","map":{"BUD31":-0.12434424967835085,"BRMS1":-3.1297743786831553,"SMARCB1":-7.261583882980662,"NDUFS5":-0.20198078135584857,"NIPBL":-1.0395645531080826,"POM121C":-3.16274015888964,"JUNB":16.962575556685977,"SMARCC2":-10.69874797646792,"PIAS4":0.5427974855616466,"CDC5L":-7.248921855788634,"SMARCC1":-14.722138021838626,"PHF10":-7.923283188973392,"ARID1A":-4.506309514494056,"FAM120B":0.0576805429956286,"RIC1":3.007949328796823,"SMARCA2":-5.182264097433934,"HDAC1":-4.679624575278813,"NCOA3":0.05862178267629942,"SMARCD2":-7.795983039301425,"GATAD2B":-13.030963578465911,"SETX":0.8262775844801823,"SMARCE1":-16.3392817861026,"PBRM1":-7.136125023371141,"ZNF217":5.790157616929814,"ACTL6A":-4.0583833008250885,"BCL7A":-12.294812611189586,"HCFC1":-3.4124931662663314,"MTA2":-7.013595530344208,"SETD1A":-13.385499493480857,"ARID2":-6.73480088122466,"SIN3A":-9.94226282256284,"PHF5A":-1.2247537013225451,"SMARCD1":-7.641533646953706,"HDAC2":-8.660595189361645,"SS18":-0.6513711939584443,"BRD7":-9.283432538261508,"BRD4":-3.6745782819782855,"SAP30":-3.9940186173204246,"DPF2":-6.860281087560968,"H4C5":0.0,"DDX19B":2.491038783351816,"BRD9":-1.4272096328498736,"TPST2":0.4446722682882501,"PRKCSH":-0.1748869241928685,"NPTN":8.751692144433962,"PAK1":13.347349543542594,"SNW1":-3.724848839228281,"BCL7C":-2.4987097637529825,"EFTUD2":-2.301358733881061,"KPNA2":0.20023712269232175,"BCL7B":-0.2159140336963056}},"Mutation FLT3 ITD":{"min":-10.0,"max":10.0,"top_text":"High FLT3 ITD Correlation","bottom_text":"Low FLT3 ITD Correlation","map":{"NPTN":-0.3681724811146946,"PHF10":-0.09196008084852353,"DPF2":0.4731062255913102,"SS18":1.6390453371757883,"SNW1":1.1276347081335696,"PIAS4":-0.2571234831228714,"SMARCB1":0.3530088890385257,"SETX":-0.8594006173007888,"HDAC2":0.5237603838265383,"SETD1A":-1.6354847504064904,"MTA2":-0.19991743568001355,"RIC1":-0.4502136190002596,"H4C5":0.0,"SMARCC1":-0.09422128941975079,"EFTUD2":0.9191797055219539,"JUNB":-0.9485639590693187,"BUD31":0.28004300463528015,"FAM120B":-2.3765278422412615,"BRD4":0.18355071889476207,"SMARCD1":0.34796485559634593,"SMARCD2":0.4793598188832066,"ARID1A":-1.0388814059493547,"PBRM1":1.0360444939160987,"PAK1":-0.7328929101167956,"SAP30":0.41554077145715,"NIPBL":0.6061660362959297,"BRD7":0.46845438894587466,"GATAD2B":0.5557241867833205,"ACTL6A":1.032785076903713,"BRD9":-0.331558846988808,"NDUFS5":0.8921340402334242,"ZNF217":-0.34953411717589034,"CDC5L":0.08920016874934106,"BCL7A":0.19649915782878868,"PRKCSH":-0.17626926679248422,"POM121C":0.9029446061906652,"SMARCE1":0.5565176724962911,"TPST2":0.4380445214567468,"BCL7B":-1.4948625035214689,"BCL7C":0.5180701866467339,"NCOA3":1.249827122267977,"HDAC1":0.25427844551869644,"SIN3A":-1.1779359287275906,"ARID2":0.6727913159582143,"PHF5A":0.8118956330487423,"BRMS1":-0.724736400791994,"DDX19B":3.554471195126883,"SMARCA2":1.2452020752905093,"SMARCC2":0.9989157118609314,"HCFC1":0.020878535008102744,"KPNA2":1.9361418809562139}},"Overall Survival":{"min":-6.0,"max":6.0,"top_text":"High Survival Correlation","bottom_text":"Low Survival Correlation","map":{"GATAD2B":-0.6436371821236078,"ARID2":-0.08179626337571808,"DDX19B":0.8420535798404676,"BCL7B":-0.6395763638574381,"SMARCA2":-0.6782018625190359,"PHF5A":-0.2216548332379135,"NCOA3":1.5036806500615392,"JUNB":-0.7389225510032047,"SAP30":-1.1024917008298942,"NDUFS5":1.5365901068481385,