{"Mutation FLT3 ITD":{"min":-10.0,"max":10.0,"top_text":"High FLT3 ITD Correlation","bottom_text":"Low FLT3 ITD Correlation","map":{"PLEKHB2":-0.3627374289629287,"XIAP":0.4709963954719037,"TMEM9B":-1.2901255854656775,"TAX1BP1":0.06964447102288102,"RABGEF1":-0.04047393989063823,"PTPN1":-1.1207442914920505,"CDV3":0.24515413166049008,"TRAF2":-2.612341339226606,"ZC3H12A":-1.8141670239471592,"BIRC2":-2.5301951926676214,"TSG101":0.21088632115467715,"MOB4":1.3218032040820737,"CRIPT":-0.21010029954126272,"USP3":-0.37212536851477723,"TANK":-0.32523550266307666,"DDX58":0.12857274942755634,"CALCOCO2":-3.226881703992425,"REL":-0.46438658841295605,"RAB9A":1.4534097491392703,"BCL10":0.22622262262471798,"ITCH":-0.1664592991927066,"HNRNPA3":-0.3424431219229005,"ALG6":0.182285566765109,"CD82":0.5310572563543537,"ARIH1":0.1519615108414447,"TNF":0.0,"UFL1":-0.7041209750538708,"NFKB1":-0.3844193768902665,"UBE2D3":0.0,"MED4":-0.5742910991582363,"TNFAIP3":-0.11478215719379865,"BIRC3":-1.0056845871336146,"PPP1CA":0.18242560095604346,"TNIP2":-1.5302383212654176,"SQSTM1":0.040266021153731235,"PAPOLA":1.0035928904914448,"TRAF1":-2.1454801358664453,"CDCP1":0.0,"LGALS8":0.038729427329802134,"RAB18":0.28836594969781926,"NFKB2":-0.6497405965005709,"TNIP1":-0.4515159616672599,"CHMP5":-0.409953427983529,"ZRANB1":0.0,"NCOA4":-0.7480538273879872,"PELI1":0.0,"AZI2":-0.6075059485272388,"TBK1":-0.8419287332092773,"CD151":1.1624266041431084,"VPS4B":1.2809928379241757,"ZFAND6":-0.0875515436040978}},"Overall Survival":{"min":-6.0,"max":6.0,"top_text":"High Survival Correlation","bottom_text":"Low Survival Correlation","map":{"UBE2D3":0.0,"PAPOLA":-0.5593969827114949,"MED4":-2.540218662555218,"PTPN1":1.1338675923475863,"CD151":2.330412214905243,"PPP1CA":0.4418906905259564,"UFL1":0.31267010573093235,"RAB9A":0.195283854935229,"CDV3":-0.0004861128864337542,"NCOA4":0.08436662189134064,"VPS4B":0.28892946739080455,"TBK1":0.2894680956165346,"BIRC3":1.470289391861227,"HNRNPA3":-0.43839123394530005,"BCL10":-0.21181874309241977,"CALCOCO2":-0.0888603426263438,"ITCH":2.462498573834689,"TNIP1":0.28242677848685543,"ARIH1":0.5271970747293044,"XIAP":1.8056870121549051,"REL":0.30074048211697196,"ALG6":0.17431584780384768,"CRIPT":-0.12487972871169045,"TRAF1":0.5588902253958205,"TAX1BP1":0.2500097601813797,"ZFAND6":-0.006888764181685947,"CHMP5":-0.007875949525714302,"TNFAIP3":0.1720806684392344,"MOB4":0.5900252539869284,"TSG101":-0.0705812521621043,"TANK":0.04230981833492491,"DDX58":0.8423548400468702,"NFKB1":0.9414336261886128,"BIRC2":-0.35978902157554615,"ZC3H12A":0.9138096031166423,"USP3":-0.08745734921001162,"TMEM9B":1.284177317457512,"CDCP1":0.0,"NFKB2":0.28440382110286905,"RAB18":0.2363888920082421,"SQSTM1":0.7218164811438149,"TNF":0.0,"TRAF2":-0.7379405245697915,"CD82":-0.15207668107091013,"LGALS8":-0.21874620882255746,"PELI1":0.0,"ZRANB1":0.0,"PLEKHB2":0.3406812528371027,"AZI2":-0.45711650949838845,"TNIP2":0.11077071142284693,"RABGEF1":0.42967422580866055}},"MuSiC CD14 Mono":{"min":-50.0,"max":50.0,"top_text":"High CD14 Mono Correlation","bottom_text":"Low CD14 Mono Correlation","map":{"TNFAIP3":0.02412055980405241,"ZC3H12A":2.1882437675140136,"TRAF2":-3.6011913312434163,"NFKB1":9.45713808474592,"ITCH":2.7462614060020627,"VPS4B":2.3992919005499225,"REL":14.414076469483545,"CHMP5":1.6584240131105281,"BIRC2":-4.320175807948771,"BCL10":11.17350113133047,"CD151":0.6510237390915277,"TNIP1":9.664285188595336,"TBK1":16.289028014495408,"PELI1":0.0,"CDV3":2.317011349023167,"ZRANB1":0.0,"TSG101":-0.41785979823676433,"UBE2D3":0.0,"BIRC3":0.8555856295100542,"PAPOLA":-0.6892920959557493,"TMEM9B":5.309921438710863,"CRIPT":-2.6448575149153215,"CALCOCO2":0.2296628892008874,"SQSTM1":1.0106204979758515,"CDCP1":0.0,"PPP1CA":5.381309065035854,"PLEKHB2":10.376503158448843,"ZFAND6":0.08248389168486917,"TRAF1":0.26825729158871253,"CD82":-0.7867926301836978,"USP3":24.141094714049125,"MOB4":1.8251034239453352,"XIAP":1.5795152384652131,"TANK":17.834041607217454,"RABGEF1":2.4023775713993385,"ARIH1":0.6699294008824451,"UFL1":2.154624041841082,"PTPN1":4.765870970923909,"DDX58":0.6823469071381174,"MED4":-4.8872366281420225,"LGALS8":5.482480121453023,"HNRNPA3":-3.3489420228090037,"ALG6":-0.2047365573349439,"NCOA4":5.37344857151477,"NFKB2":6.749061416203343,"RAB9A":10.31796902440174,"AZI2":12.548995959301553,"TNF":0.0,"TAX1BP1":-0.4747926738488002,"TNIP2":5.860055930304864,"RAB18":12.750943846334884}},"Mutation NPM1":{"min":-30.0,"max":30.0,"top_text":"High NPM1 Correlation","bottom_text":"Low NPM1 Correlation","map":{"HNRNPA3":0.30120177224926425,"ZC3H12A":0.32659013380176505,"BIRC2":-2.661177991653401,"TRAF1":-2.134372640118153,"TANK":4.519075560973567,"CD82":-0.5626845297707221,"PPP1CA":1.1699425260695409,"BIRC3":2.547281132116844,"AZI2":-0.008853086330568869,"CDV3":0.15768088786620313,"MED4":0.39269394633860216,"VPS4B":7.156148598077466,"PTPN1":-0.7231136415236378,"CRIPT":0.880836588861023,"DDX58":0.7306029205318584,"TNFAIP3":-1.1857228633960075,"RAB18":-0.053805006962043204,"ALG6":1.0740316066701425,"USP3":0.4589210877521695,"UFL1":1.2517015652826275,"TRAF2":-3.508550127716954,"TBK1":0.11185696500901147,"REL":-0.18152626829768903,"XIAP":0.9969001549253139,"CALCOCO2":-0.48451489230006306,"NFKB1":-0.28195840221434254,"PAPOLA":1.8847931025984768,"UBE2D3":0.0,"TNIP1":0.07933987049450177,"TSG101":-0.8606628443552986,"CD151":2.2151380959407065,"ZFAND6":1.0948623474428403,"RAB9A":1.9673013074916559,"NCOA4":0.9083981485694139,"RABGEF1":1.1607705984884018,"PELI1":0.0,"PLEKHB2":0.055418023819928754,"ZRANB1":0.0,"CHMP5":0.09301145616844674,"LGALS8":0.5533643824896339,"TNF":0.0,"NFKB2":-0.3197043800024627,"CDCP1":0.0,"ARIH1":1.206237483585193,"TNIP2":-0.525965259246142,"MOB4":5.550766120535803,"ITCH":-0.5307995623621549,"BCL10":1.1475578079218258,"TMEM9B":-0.7272603155612012,"TAX1BP1":-0.36401336417580177,"SQSTM1":2.0558057047611222}},"Blast Percent":{"min":-11.0,"max":11.0,"top_text":"High Blast Percent Correlation","bottom_text":"Low Blast Percent Correlation","map":{"PTPN1":-3.581411100977405,"ITCH":-0.1459882833823714,"PELI1":0.0,"XIAP":0.886124688925818,"ZC3H12A":-0.9285666992391184,"TAX1BP1":-0.2460921744253633,"CRIPT":3.824629514763029,"RAB9A":-1.5714241018676598,"USP3":-0.31466615528567377,"CHMP5":-0.05659463158934466,"CDV3":-2.252129139486666,"HNRNPA3":4.631787264947284,"TMEM9B":-7.903245667820821,"UFL1":2.549601447014395,"TSG101":-0.33074341603136975,"REL":-0.7033512157842304,"MOB4":0.28813080399448027,"TNFAIP3":0.5421455140521984,"ZFAND6":0.8950113997154648,"VPS4B":3.197244643076556,"TNIP2":-0.6118165287350122,"PAPOLA":1.5402637609613334,"NFKB1":-1.1174215302821393,"RAB18":-2.40588924584521,"TNF":0.0,"BIRC3":-0.22518889238953071,"SQSTM1":-1.0709752577907659,"TNIP1":-1.0428430705020804,"PLEKHB2":-1.4233409786799132,"PPP1CA":-0.06949978671584128,"BIRC2":-0.1330875067531784,"TRAF1":-2.1040589218641905,"CALCOCO2":-0.016961343499446183,"ALG6":-1.1559296850898024,"TANK":-1.9412578695541638,"UBE2D3":0.0,"ARIH1":1.0820661737580148,"CDCP1":0.0,"AZI2":-1.6905501845675692,"DDX58":0.7735584549773806,"NCOA4":-1.8558301668405612,"NFKB2":-3.8939345317119454,"CD151":0.06734050930817254,"TRAF2":-0.3721333760406706,"RABGEF1":-0.12687274637817986,"BCL10":-0.9060052088777626,"LGALS8":-1.6185881554519674,"ZRANB1":0.0,"TBK1":-5.980976055989309,"CD82":-0.16973429244129093,"MED4":6.4473223887378515}},"NPM1 Subtype":{"min":-37.0,"max":37.0,"top_text":"Committed NPM1 Subtype","bottom_text":"Primative NPM1 Subtype","map":{"LGALS8":3.157897358641897,"ZRANB1":0.0,"TMEM9B":5.319201996135044,"MOB4":0.7694907919438755,"TNIP1":9.37859281097984,"CD82":-0.9578343484810279,"PELI1":0.0,"NCOA4":4.828838545639661,"PTPN1":4.665103268435918,"ITCH":4.180594005972725,"TRAF2":-3.042344823230055,"CRIPT":-1.4521866322251769,"RAB18":10.80162276194158,"CALCOCO2":1.4316450892887882,"PAPOLA":-1.0311244389815064,"REL":12.004909132411107,"ARIH1":0.1732208287516915,"PPP1CA":3.269633951130448,"CD151":0.39876035431961804,"BIRC2":-4.255336892814632,"ZFAND6":-0.1620065071263485,