{"Blast Percent":{"min":-11.0,"max":11.0,"top_text":"High Blast Percent Correlation","bottom_text":"Low Blast Percent Correlation","map":{"KIF2C":-2.5333462112146226,"TPX2":-1.6156571405625912,"CENPF":-1.022201140298072,"CCNA2":-1.4572863469304775,"TOP2A":-1.253780928400787,"CHAF1B":-0.6982775654482742,"H4C13":0.0,"CDC45":-1.0037966030044587,"RAD51":-1.3429953895158175,"H4C2":0.0,"BLM":0.7358128800048006,"ZWINT":-1.5517731803644221,"WDHD1":-0.7688462928070591,"WDR76":-0.7090328601653831,"BUB1B":-1.2476116525272083,"KIF20A":-0.5156097650634569,"KIFC1":-1.0992321326057852,"KIF23":-1.9003067459822134,"RRM2":-2.291079431575882,"NCAPG2":-1.4042492295344788,"KIF15":-3.9282065953859,"H4C8":0.0,"TOPBP1":-0.24309703429265814,"FANCA":-0.5912187509402004,"RACGAP1":-1.5868344850589668,"DTL":-0.2855898275844535,"SMC2":-3.0900968857065947,"CDCA5":-0.929221120460265,"CIT":-2.4696228016746655,"CCNB1":-1.7275018054865032,"CDK1":-1.658548298107838,"TIMELESS":-1.1523103164885848,"POLA1":-0.5757777928921288,"CLSPN":-0.9382946669586997,"H4C1":0.0,"BRCA1":-0.5954160471001715,"PCNA":0.3275850274938238,"CHAF1A":-0.5668236623761556,"MKI67":-2.8475186116450195,"SPC24":-1.8161316823250928,"FANCD2":-1.7933124901916129,"KNL1":-1.4715423533723002,"ANLN":-1.1383473546741258,"KIF11":-1.5689948070315627,"UHRF1":0.7607261473234809,"FANCI":-1.3141797162121462,"H4C4":0.0,"PLK1":-2.311025373483345,"NUF2":-1.5348832010609665,"NCAPD3":-0.810861555290496,"H4C9":0.0}},"NPM1 Subtype":{"min":-37.0,"max":37.0,"top_text":"Committed NPM1 Subtype","bottom_text":"Primative NPM1 Subtype","map":{"H4C4":0.0,"MKI67":1.2792450508849282,"H4C9":0.0,"CHAF1A":-0.10162373989911055,"TOPBP1":0.02112542554798821,"RRM2":1.1726543224934527,"CDK1":0.5154729779547357,"BRCA1":-0.049069322183682255,"WDR76":-0.3528384393255396,"FANCA":1.239912105350367,"CCNA2":1.3496336759764287,"CLSPN":1.6288494170435353,"PCNA":0.2622775927505329,"RACGAP1":0.9490055216992039,"POLA1":0.0029179499589939376,"CDCA5":0.9087061297730263,"KIF23":0.5010606230705682,"NCAPD3":1.0125128988069607,"UHRF1":0.04685236254449789,"SPC24":1.3496651852104127,"TIMELESS":-0.012706754029062512,"H4C2":0.0,"SMC2":1.333560512238927,"NUF2":2.450583044399066,"WDHD1":-0.5426823932788457,"H4C8":0.0,"CDC45":-0.1680306828497911,"KIF15":1.0963680850961408,"RAD51":1.4475495633655877,"TPX2":-0.36430666740786716,"H4C1":0.0,"ZWINT":0.9078860125970595,"BLM":-1.6665983476517532,"TOP2A":1.0548961220309934,"BUB1B":0.580098670768584,"KNL1":1.3974299546608069,"FANCI":0.4276539638177887,"CENPF":-0.25257208564909744,"CIT":1.404050365311681,"KIF20A":1.2573136368459923,"KIFC1":0.5986933458480881,"DTL":-0.3733732943778204,"KIF11":0.8543569205015441,"CCNB1":0.9424552451088607,"NCAPG2":1.1183391069775044,"PLK1":1.6545352886243025,"KIF2C":1.0665650520517223,"CHAF1B":-0.06344185166517675,"FANCD2":1.347717034032873,"ANLN":2.1311214657681146,"H4C13":0.0}},"Mutation NPM1":{"min":-30.0,"max":30.0,"top_text":"High NPM1 Correlation","bottom_text":"Low NPM1 Correlation","map":{"POLA1":-0.3498473760841474,"KIF11":-1.1541124778550933,"KIFC1":-1.7729047750552664,"CHAF1A":-1.240696845215069,"SMC2":-1.1969971140737108,"SPC24":-2.655727415102937,"H4C2":0.0,"H4C4":0.0,"CENPF":-0.9571921654332103,"TOP2A":-0.8058098634877077,"H4C8":0.0,"NUF2":-0.794653392985494,"CLSPN":0.7447947167398818,"KNL1":-0.3732832466382216,"DTL":-3.212415663682687,"TOPBP1":0.34764580540226714,"FANCA":-1.5010199780850668,"BUB1B":-1.6964179054452235,"WDHD1":-1.1675511951047988,"PCNA":1.1298584862887509,"CCNA2":-1.5198664967718478,"H4C13":0.0,"KIF20A":-0.4428866058486983,"TIMELESS":-1.3585142204641838,"UHRF1":-4.975886347345992,"H4C1":0.0,"ZWINT":-0.480644569751237,"CIT":-0.05638857856792259,"RACGAP1":-1.7235875774612748,"ANLN":-0.7652132219498247,"CDK1":-3.2009679038940413,"KIF2C":-1.8948548438584705,"PLK1":-1.4490295127864021,"MKI67":-3.758397876139451,"H4C9":0.0,"CDCA5":-1.412683969020701,"CHAF1B":-1.4922894246731504,"RAD51":0.47282479217192724,"WDR76":-2.247905907396953,"KIF15":-3.3755655125632265,"CCNB1":-1.1514116056407238,"FANCD2":-1.0734909049307855,"TPX2":-1.3974049707206846,"FANCI":-0.8057575861650125,"KIF23":-2.375624425833666,"RRM2":-1.6088005103161476,"BLM":0.2100168937417863,"NCAPG2":-0.10503052553047239,"NCAPD3":0.20970514078761346,"BRCA1":-1.1372533190251854,"CDC45":-2.0232221121811884}},"Overall Survival":{"min":-6.0,"max":6.0,"top_text":"High Survival Correlation","bottom_text":"Low Survival Correlation","map":{"FANCI":-0.20764361258475295,"NCAPG2":-1.7266706915086723,"UHRF1":0.4510656632440845,"BRCA1":-0.25107120662382854,"KIF11":-1.1831765416390707,"CHAF1B":-0.10499204523455148,"CCNA2":-0.7448015830923687,"H4C1":0.0,"SMC2":-1.0651367997222476,"H4C9":0.0,"KNL1":-0.4051193783003098,"CCNB1":-0.5499195133740654,"TPX2":-1.13897847295325,"KIF20A":-0.35756241025303614,"WDR76":-0.252792619837586,"H4C8":0.0,"BUB1B":-1.21400712929416,"WDHD1":0.08811873398986193,"H4C2":0.0,"CDK1":-0.5325623945150357,"PLK1":-1.2110006950014727,"NUF2":-0.6204791793846218,"FANCD2":-0.28458754404517145,"CHAF1A":0.22573613901550457,"CENPF":-1.2659014786835214,"KIF23":-0.3865782835404145,"RACGAP1":-0.8418040978864305,"RRM2":-1.1094093911317633,"H4C4":0.0,"KIF2C":-1.43761994314117,"CIT":-0.5323773144182699,"SPC24":0.04705416562389378,"CLSPN":-0.21497701534882804,"BLM":-0.2526883594166053,"ZWINT":-0.9661832664344746,"CDCA5":-1.1306642068327637,"POLA1":0.07680771337045951,"PCNA":-0.21000837055259727,"FANCA":-1.7903493801678219,"RAD51":-0.1441936575627032,"CDC45":-0.28342822077379315,"DTL":-0.09285307280881122,"TOPBP1":-1.2262070140763865,"TIMELESS":0.3370212058456563,"H4C13":0.0,"TOP2A":-0.7521973254776794,"MKI67":-0.9074378830287178,"KIFC1":-0.8076768748238335,"NCAPD3":-0.4510321733173514,"KIF15":0.06748406078580846,"ANLN":-1.2313299768404802}},"MuSiC CD14 Mono":{"min":-50.0,"max":50.0,"top_text":"High CD14 Mono Correlation","bottom_text":"Low CD14 Mono Correlation","map":{"NCAPG2":0.9449288456648051,"TOPBP1":-0.3982765636393933,"BRCA1":-0.5466122588945166,"CDCA5":0.03145886988788106,"TIMELESS":-1.0771660047511094,"FANCA":0.0032778261658276803,"WDHD1":-0.8271109277650487,"H4C9":0.0,"KIF11":0.15228156443202034,"NCAPD3":0.7025573158483888,"CHAF1B":-0.8490957139286119,"TOP2A":0.4694156670950818,"CIT":0.47753721800572124,"KIF2C":0.580223343757911,"CCNB1":0.1980939180771828,"SPC24":0.5501147138467084,"DTL":-1.1619008951881542,"CDC45":-1.2039993134646727,"H4C4":0.0,"BUB1B":-0.12454914346261463,"FANCD2":0.4453576103161136,"ANLN":0.8642865259254615,"H4C13":0.0,"PCNA":-0.08346901561886266,"RAD51":0.566355853613537,"CLSPN":0.20481323728598522,"H4C8":0.0,"PLK1":0.5580980243878296,"H4C1":0.0,"MKI67":0.4243461950440877,"NUF2":1.756849040735839,"TPX2":0.0008280571182637873,"KIF23":-0.15114761509259442,"KIF20A":0.20661479760439025,"KIF15":0.3161510032271848,"RACGAP1":0.15681989481953287,"H4C2":0.0,"SMC2":0.8700079873042391,"KNL1":0.6169471070850671,"CENPF":-0.15065518840002162,"RRM2":0.5245476352262228,"KIFC1":-0.02722721970073322,"FANCI":-0.09738153980784418,"POLA1":-0.32086637718830996,"CCNA2":0.36273922643833345,"CHAF1A":-1.115079457695662,"CDK1":-0.2716668125361053,"UHRF1":-1.7737280580967074,"WDR76":-0.38497601963247974,"BLM":-3.7598730543161833,"ZWINT":0.17360524098255664}},"Mutation FLT3 ITD":{"min":-10.0,"max":10.0,"top_text":"High FLT3 ITD Correlation","bottom_text":"Low FLT3 ITD Correlation","map":{"NCAPD3":-1.0345243903773507,"CHAF1B":-1.3617989024904178,"BUB1B":-1.815661374978917,"FANCA":-0.6494520360499632,"RAD51":0.42456244171302704,"WDR76":-2.8175766152755632,"KNL1":-1.0169710527522602,"FANCD2":-1.0496809812675247,"PLK1":-1.2843183895800578,"ANLN":-1.8148720539518408,"CDK1":-2.6743485490325334,"MKI67":-2.080138184792762,"KIF23":-2.4927200100074387,"NCAPG2":-1.09067867076651,"POLA1":-0.5265933164142871,"TOP2A":-1.5199453422727545,"BLM":0.4187989780791477,"CCNA2":-2.1053400010406236,"KIF15":-1.79985207716335,"CCNB1":1.0633928462710631,"TIMELESS":-1.5964417703913019,"KIF11":-1.9122610099363992,"CIT":-0.6348507608881219,