{"MuSiC CD14 Mono":{"min":-50.0,"max":50.0,"top_text":"High CD14 Mono Correlation","bottom_text":"Low CD14 Mono Correlation","map":{"BRPF3":-3.402646853837849,"ZNF646":-2.830273678017226,"EPC2":-2.9518301331093073,"FIZ1":-5.765391590601779,"TCF20":-7.499548061046864,"GNL2":-6.778218465468891,"SF3B1":-8.234828562810192,"DMAP1":-11.496345402896724,"RAD54L":0.0,"H4C12":0.0,"KAT5":-2.0032355928032106,"TRIM28":-23.59451698900753,"KIF18B":0.03520396090713347,"JADE1":-6.941437242725998,"PHF12":-4.5413235154955505,"PARD3":0.0,"TRRAP":-2.708147420223346,"ZBTB40":-7.888241407591941,"JADE2":-4.557510928832991,"KMT2B":-3.1105668139077998,"HDAC1":-4.679624575278813,"MRGBP":-13.586474884240252,"KAT7":-12.31804663038027,"ZNF324":-6.479529284677907,"H4C5":0.0,"SAP130":-6.708342481118298,"PHF8":-2.2447308380635445,"HCFC1":-3.4124931662663314,"H4C1":0.0,"KAT6B":-8.04805563042453,"SUGP2":-10.05731322109674,"BRD4":-3.6745782819782855,"AKAP8L":-10.113363385980021,"MORF4L1":-5.352962600381131,"MBTD1":-10.709324928815553,"ING5":-4.631808731934163,"BRPF1":-6.548772484924845,"MEAF6":-3.1848483325273467,"KANK2":-2.776077060349935,"BRD8":-19.26886437419618,"VPS72":-5.220511439772033,"BRD1":-3.5755017964039544,"MCRS1":-3.9491441250062884,"ZBTB2":-1.6796223526665035,"ING3":-8.099661684328657,"SETD2":-6.129124444358718,"KAT6A":-3.778525316680951,"YEATS4":-4.516031419177888,"SRCAP":-10.333932085330014,"ING4":-13.572481988539675,"ZNF8":-11.50639455007824}},"Mutation FLT3 ITD":{"min":-10.0,"max":10.0,"top_text":"High FLT3 ITD Correlation","bottom_text":"Low FLT3 ITD Correlation","map":{"TCF20":-1.1064118461295405,"EPC2":0.08975108848160532,"KAT7":-0.4628513032001331,"ZNF324":-0.5256212116515646,"ING3":-0.48673901849153506,"ING5":-1.3856787994401503,"ZNF646":-2.326293689593134,"BRD4":0.18355071889476207,"PARD3":0.0,"YEATS4":-0.8097329343713076,"ING4":0.22734929860599162,"BRD8":-0.1319298704896412,"SF3B1":0.49391841635912165,"VPS72":-0.6032232990536326,"MRGBP":0.18371175031667358,"ZBTB40":0.21192404812050938,"MCRS1":-2.102540242603023,"KAT5":-0.3905669885138357,"GNL2":-0.5654819744855584,"PHF12":0.45985351143717645,"SRCAP":-1.9679732634435017,"BRPF1":-3.6596664128935505,"KMT2B":-2.352221175389733,"SETD2":1.966369131806711,"TRIM28":0.0631033974275213,"HDAC1":0.25427844551869644,"H4C5":0.0,"MBTD1":-0.2114663330171441,"KANK2":-0.39589865100959,"SAP130":-0.7899846793371783,"KAT6B":-1.509382983932571,"DMAP1":-0.6556135523786704,"KAT6A":-3.213018981951749,"KIF18B":-1.5475962677015638,"HCFC1":0.020878535008102744,"H4C12":0.0,"H4C1":0.0,"RAD54L":0.0,"ZBTB2":-2.9522333805031358,"AKAP8L":-0.009893674269030955,"JADE2":-0.2467475327616503,"TRRAP":-0.27695356833171714,"MEAF6":-0.8497711015011346,"BRD1":0.0307072383968983,"JADE1":-2.3764005541925126,"PHF8":-0.0014551019642849087,"SUGP2":0.8290590377836958,"ZNF8":-0.3004690186491878,"BRPF3":-0.3962878480235951,"MORF4L1":-0.4809047389190618,"FIZ1":0.23587514894519482}},"Blast Percent":{"min":-11.0,"max":11.0,"top_text":"High Blast Percent Correlation","bottom_text":"Low Blast Percent Correlation","map":{"HCFC1":6.958344485696299,"ING4":7.678630667589969,"PARD3":0.0,"TRRAP":10.935466683300897,"ING5":0.6373734230865526,"TCF20":2.321700618918423,"PHF8":4.968565564962217,"HDAC1":4.408129367480514,"KIF18B":-0.8590383293661885,"BRD8":8.499102393018452,"SF3B1":7.856372888365048,"BRPF1":1.007411428745768,"SRCAP":5.7254554201821435,"VPS72":4.132048137439277,"KAT5":3.9638432461970554,"EPC2":3.5353680064589468,"BRD4":1.288643145429348,"BRD1":2.763831314155607,"RAD54L":0.0,"KMT2B":1.5384759967454373,"ZBTB40":3.5221888708861333,"H4C1":0.0,"JADE1":0.5841951798265973,"KANK2":-1.0107000753303745,"YEATS4":4.99677724373085,"MBTD1":6.473516901845669,"ING3":2.8915192785357817,"FIZ1":2.2152947868630872,"KAT6B":0.5887584187272239,"MCRS1":2.341613094119791,"DMAP1":6.030129252236768,"JADE2":4.193293569628887,"ZNF324":2.2449770407069596,"H4C5":0.0,"H4C12":0.0,"ZNF8":2.538219357363262,"KAT7":2.870250470641648,"AKAP8L":4.326601468319486,"SAP130":5.209776112596541,"SUGP2":3.6901346293085386,"SETD2":4.286183235742444,"ZBTB2":0.5496978475890867,"KAT6A":0.3040851641377844,"MEAF6":0.9377165307744791,"MRGBP":4.743931866529426,"PHF12":2.7818962348338743,"TRIM28":3.596496680403605,"BRPF3":0.01503619804831964,"GNL2":0.41360602310403305,"ZNF646":0.1312086476495909,"MORF4L1":5.879172893283216}},"NPM1 Subtype":{"min":-37.0,"max":37.0,"top_text":"Committed NPM1 Subtype","bottom_text":"Primative NPM1 Subtype","map":{"MRGBP":-11.56359765839041,"MCRS1":-3.5025358288694215,"H4C5":0.0,"JADE1":-4.317361523317603,"SF3B1":-6.1078047150514765,"HCFC1":-3.4113075164055173,"EPC2":-3.459482751147265,"H4C1":0.0,"TRRAP":-3.624451483780866,"MBTD1":-7.8817213456141495,"FIZ1":-7.663186612333819,"ING4":-13.108073383836816,"KIF18B":0.8307863876411813,"BRD4":-4.638999711906336,"JADE2":-2.5250303480651315,"KAT5":-1.4075009978446835,"SRCAP":-7.158102160875452,"ZNF324":-4.944453715148112,"BRPF1":-3.6991908980191086,"PARD3":0.0,"BRPF3":-2.857899467007681,"DMAP1":-10.337285575853763,"ZNF8":-11.845091238203706,"PHF8":-3.350091344199141,"KAT6A":-1.8953292164232802,"KAT7":-11.131321956693686,"KAT6B":-4.907590094602709,"HDAC1":-5.655537515814193,"KANK2":-3.7765218942285386,"H4C12":0.0,"VPS72":-4.54396178539053,"TRIM28":-19.651323646373296,"KMT2B":-3.204146862490907,"ING3":-5.383761560892326,"ZBTB40":-8.460679086670693,"ZBTB2":-0.6507053668998454,"YEATS4":-3.925872265910349,"SETD2":-3.7716765199531093,"BRD8":-15.32766152937291,"SUGP2":-12.731464231478922,"MORF4L1":-4.751504668691821,"TCF20":-5.954665706693896,"RAD54L":0.0,"ZNF646":-2.8319636787901232,"SAP130":-5.077137410841482,"MEAF6":-3.452801174128744,"PHF12":-3.648516969776818,"GNL2":-4.730747118620033,"ING5":-3.4523438495214616,"BRD1":-3.8260528432328433,"AKAP8L":-10.383931794562253}},"Overall Survival":{"min":-6.0,"max":6.0,"top_text":"High Survival Correlation","bottom_text":"Low Survival Correlation","map":{"ING5":-0.06447928916868315,"ZNF8":-0.21765247503237106,"H4C5":0.0,"ING4":0.2781672078032656,"ZNF646":-0.3775518956217143,"SUGP2":-1.364658801677472,"JADE2":1.183112152742126,"BRPF1":0.014603497024022527,"AKAP8L":-0.35452458991396946,"PARD3":0.0,"KIF18B":-1.0721715852113909,"YEATS4":-0.8433020747336613,"HDAC1":-0.04023659155705505,"TCF20":-0.24817284351667637,"KANK2":-3.3099374686706318,"ZNF324":-0.7595254570030218,"GNL2":0.9126564190840155,"RAD54L":0.0,"TRIM28":0.01712886786621426,"ZBTB40":-0.4896096409978518,"HCFC1":-0.7577733447230063,"VPS72":-0.024522803430264,"TRRAP":-0.6727932958423095,"KAT5":-0.5690597576223939,"MCRS1":-0.09430335821361353,"MEAF6":-0.47767945589161886,"KAT7":0.1400682825551237,"KAT6B":0.23610503407489,"H4C12":0.0,"BRD1":0.4714219630999236,"H4C1":0.0,"ZBTB2":1.0050697323104079,"FIZ1":-0.6249056480883026,"MBTD1":-0.4916510470668347,"BRPF3":1.224480018579783,"SRCAP":-0.22856096342299034,"DMAP1":0.976528470851915,"KAT6A":-0.23749180101400336,"MRGBP":-0.03644476254283624,"BRD4":-0.7188798649332288,"SETD2":-0.049146313032220106,"PHF8":0.22260264908074648,"KMT2B":-0.6027248199944916,"BRD8":-0.389219802074547,"ING3":0.08344851704147019,"JADE1":-0.49616201400923543,"SAP130":-1.415548193208081,"MORF4L1":-0.007183950152865855,"EPC2":-0.04000834542867158,"PHF12":-1.3923116214835562,"SF3B1":-1.0082074528948128}},"Mutation NPM1":{"min":-30.0,"max":30.0,"top_text":"High NPM1 Correlation","bottom_text":"Low NPM1 Correlation","map":{"KAT6A":-8.927700470402373,"PHF8":0.4990653863074583,"DMAP1":-0.5523586608056368,"ZNF8":-1.5158171997203527,"TCF20":-0.5576469096584029,"HDAC1":0.42857678154086615,"PARD3":0.0,"ZNF324":-0.5002882515483327,"VPS72":-0.7678507677847795,"ZNF646":-1.1160068940390346,"EPC2":0.20093327644961126,"MEAF6":-2.501144057690153,"RAD54L":0.0,"KAT5":0.28016469568040137,"JADE1":-4.559171245053601,"KANK2":-0.9413693563432622,"FIZ1":-0.021079045013855678,"AKAP8L":-0.16083567829518003,"SRCAP":-0.42543630411758265,"BRD1":0.7422845214018746,"MCRS1":-1.1910065113618422,"ZBTB40":0.5293294197716957,"SF3B1":1.1929500894852785,