{"Mutation FLT3 ITD":{"min":-10.0,"max":10.0,"top_text":"High FLT3 ITD Correlation","bottom_text":"Low FLT3 ITD Correlation","map":{"RPS3A":0.08725812016200506,"RPL35":-0.04117818933906106,"RPSA":-0.06143894348698306,"RPLP0":0.9977700667254856,"EIF3F":0.6839175568761072,"RPS25":0.17239895770802943,"EIF3D":0.9279413468875,"RPS15A":-0.13009264027837955,"RPL32":-0.40684074475681786,"RPL19":-0.3213757510217503,"HNRNPA1":1.9167970952131899,"RPL13A":-0.3038038844287885,"RPL11":0.2031874287847553,"RPL22":0.15147916653658852,"EEF1A1":0.19088669193649924,"RPL6":-0.8528957509565693,"RPS2":0.08525345903914054,"RPL4":0.6547763049276585,"RPS27A":-3.0776463535416387,"RPL36":1.1164443530320265,"RPL5":0.4256448017827742,"RPL18":1.3125339601253483,"RPS6":-0.20478221392021723,"RPL10A":0.6744613667051331,"RPL3":-0.1952908748917783,"RPS14":-0.14944637586448772,"RPS4X":0.24669993733112847,"RPL23A":-0.7527369923871818,"RPS19":-0.2053107923135084,"RPL7A":0.8956986859365025,"RPL30":0.13179925487224775,"RPS20":0.5301074019300802,"RPL15":0.46468019850473075,"RPL31":0.3432749088827293,"RPS13":0.3832273706344661,"RPS21":0.7872435447425707,"NPM1":-1.0520844031272854,"RPL24":0.8775803996521421,"RPL27":0.9025452982484172,"EEF1B2":0.5865357137726118,"RPS8":1.0234877555478759,"ELAVL1":0.5913233331491544,"RPS7":-0.4898969173078703,"BTF3":0.20302576889871052,"RPS3":0.3923985561432172,"RPS24":-0.5557047793506158,"RPL7":0.5176906431277989,"RPS18":1.060550907180567,"RPL23":1.0733465256997399,"RPL21":-0.15618818140764187,"RPL37A":1.2406313089146948}},"Blast Percent":{"min":-11.0,"max":11.0,"top_text":"High Blast Percent Correlation","bottom_text":"Low Blast Percent Correlation","map":{"RPS6":-0.8534169068407181,"RPL36":0.47661107670402114,"RPS13":0.09681314319091058,"RPS15A":0.45275173294517274,"RPLP0":-0.04584224920597317,"EEF1A1":-1.1310637948748319,"RPL5":-0.5119510400575571,"RPL11":0.15757727335512622,"RPL13A":-0.630801331705385,"RPS3A":-0.8064195886836895,"RPS21":0.22827499753857128,"RPL7A":-0.028328188636819514,"RPL6":0.43820290237882087,"RPL18":1.2647905958205514,"RPSA":-0.07441724817221113,"EEF1B2":-0.9034831359435853,"NPM1":2.0044213784871614,"RPL19":0.8223398554380065,"RPL23A":-0.2773422748435967,"RPS8":-0.4706099995325852,"RPS2":-0.4875609983365551,"RPS7":-0.4376611815719814,"RPL31":-0.6855816905156188,"RPS14":-0.4038936337464388,"BTF3":0.44319419370746266,"RPS3":0.8844396978644669,"RPL4":1.0571351985337578,"RPS4X":0.4947587731197227,"RPS27A":-0.8478586136261788,"RPL22":0.412963354840414,"ELAVL1":5.4261742330537475,"RPS20":0.32406490399993687,"HNRNPA1":2.296961443750863,"RPS18":0.06503086571166407,"RPL15":1.3391871510022568,"RPL3":-0.6913802452549015,"RPL37A":0.5812199652949561,"RPS24":-0.21421447108338434,"RPL10A":-0.15203744000090666,"RPL30":0.5508218004482041,"EIF3F":0.17676598937101257,"RPL21":-0.5713190091009164,"RPL35":-0.7309781153148557,"RPL24":-0.28347127928555255,"RPL27":0.01416902988403765,"EIF3D":-0.6266987548373357,"RPS19":0.023494248909823413,"RPS25":-0.3284359393364456,"RPL23":0.29298460445923746,"RPL32":0.2695802277564143,"RPL7":-0.010733244397409584}},"NPM1 Subtype":{"min":-37.0,"max":37.0,"top_text":"Committed NPM1 Subtype","bottom_text":"Primative NPM1 Subtype","map":{"RPL11":-0.05061936819540557,"RPS6":0.007810008892230348,"RPS20":-0.2972417682189701,"RPL32":-0.9377437584674596,"RPS24":-0.4246219115757527,"RPL6":-1.4978334532636006,"RPS19":-0.4157615999859903,"RPS21":-0.04744772811491176,"RPL13A":-0.7167229614168447,"RPL23":-0.5233322894738509,"HNRNPA1":-2.4873227205118997,"RPL35":-0.40845240936604327,"EIF3D":1.3665667409255537,"RPS4X":0.1990571540349563,"RPL37A":0.07904789677190989,"RPS14":-0.2107980709918861,"RPL27":-0.5840530983332192,"RPL31":-0.6297047231703583,"EEF1A1":2.1004485086548934,"RPS3A":-0.09074216102309353,"RPLP0":-0.7350553087960351,"NPM1":-13.438152303775192,"EIF3F":0.5326189648201313,"RPL36":-0.40730776957601655,"RPS18":-0.637258376623461,"RPSA":0.11103304467981522,"EEF1B2":0.4413371635863573,"RPS27A":-1.0364596946445923,"RPS7":-0.8103057098037804,"RPL7A":0.5489403941094042,"RPL30":-0.5525974967518146,"RPL7":0.12003944000953468,"RPL22":-0.21705746642491872,"RPL21":-0.1264018583004363,"RPL10A":0.2555674298972103,"RPL23A":-1.3483789168400075,"RPL19":-1.2166094036522974,"RPS3":-1.136624343790537,"RPS25":-0.14594576212123866,"RPL4":-1.52888610886292,"RPL24":-0.35032874890404864,"RPS13":-0.08549654741402879,"RPS2":0.1240008543509419,"RPL3":0.6710160927774381,"RPL18":0.053670539279468556,"RPL15":-0.9155258596943495,"BTF3":-1.8134074684220207,"RPS8":0.14476340699783075,"RPS15A":-1.7243768137936635,"RPL5":-0.8511400931432301,"ELAVL1":-6.429291030859147}},"MuSiC CD14 Mono":{"min":-50.0,"max":50.0,"top_text":"High CD14 Mono Correlation","bottom_text":"Low CD14 Mono Correlation","map":{"RPL4":-1.6443148504195038,"EEF1A1":2.488939444481099,"RPS7":-1.7320790203311454,"RPL23A":-2.2445821911905264,"RPS13":-0.8085432756049562,"RPL27":-0.6103048470484858,"NPM1":-17.855123193602328,"RPS8":-0.08142716620199128,"EIF3D":1.54237616767531,"RPL21":-0.24190661678996545,"RPS3A":0.07206333205185576,"RPS25":-0.17752574608722704,"RPL10A":0.22574393918174993,"RPL19":-1.8504831380635396,"RPS21":-0.2148015157898294,"RPL5":-1.0674269207591973,"RPL13A":-1.5480941591333535,"RPL24":-0.3955856614832167,"RPL6":-2.9163019759314155,"RPS20":-0.19627175432890792,"RPL23":0.12904191452952737,"RPL30":-0.46250805434786496,"HNRNPA1":-2.61077905937356,"RPL35":-0.274573470707126,"RPS4X":0.09340004990560297,"RPL31":-1.00636866626139,"RPL36":-0.059240827772406204,"EIF3F":0.413652807692151,"RPS6":-0.3158886071888914,"RPS3":-1.365415352145276,"RPS27A":-1.6426812959571746,"RPL11":-0.393708227839276,"RPL32":-1.0034954319932106,"RPS24":-1.1435654983412489,"RPL15":-1.4786591481210392,"BTF3":-2.3047761601834353,"RPL37A":0.2090492064724451,"RPL18":0.10749261810128213,"RPL22":-1.463007072043858,"RPLP0":-0.9407175967597816,"RPL7A":0.4821725370573606,"ELAVL1":-5.795188363841036,"RPS19":-1.0765919162742987,"RPS2":0.46139544873759447,"RPL7":-0.15871014344008785,"RPS15A":-3.359890248299732,"RPS18":-0.6154075245123888,"RPS14":-0.4113003508891067,"RPL3":-1.0051274634680696,"RPSA":-0.04972719659551732,"EEF1B2":0.7873745390871904}},"Overall Survival":{"min":-6.0,"max":6.0,"top_text":"High Survival Correlation","bottom_text":"Low Survival Correlation","map":{"RPL31":1.1973036373386845,"RPL35":0.9411548296220251,"NPM1":0.521776265381839,"RPL18":1.6397140612975143,"RPS13":1.6148860033225105,"RPL10A":0.8670455052621319,"RPL7A":0.8793248573133643,"RPL5":1.9579412496562354,"RPS4X":0.6805547864168043,"RPS20":0.36424140998125887,"RPL15":0.6028471004938082,"HNRNPA1":0.11952428214768816,"RPL3":0.9244568717507486,"RPLP0":0.8494169791671194,"RPS8":2.581408544530062,"RPS3A":2.570662488862337,"EIF3F":0.48394214682597253,"RPS2":0.2722678193269886,"RPL6":1.996785412891699,"RPS14":2.163704662659848,"RPL13A":1.221767980202906,"RPL23A":0.2723748767967337,"RPL11":0.198027705609855,"RPL27":0.399122612746606,"RPL4":2.092187270185198,"EIF3D":0.627555222163967,"RPL19":0.6632204382620687,"RPL7":2.32888681068011,"RPL36":-0.18727523470024215,"RPL32":2.40586951334412,"RPL37A":1.3389544202784092,"EEF1A1":0.40464788995917894,"RPS6":1.2495431582095673,"ELAVL1":-1.1786608147175661,"RPS24":1.9472202157431464,"RPL30":1.886845087048855,"RPL22":1.98698396328412,"RPL24":1.0924361502411284,"BTF3":1.2567141881068853,"RPS3":1.133818486089999,"RPS21":1.8640383366896658,"RPSA":-0.09448957635223909,"EEF1B2":-0.004701541793401612,"RPS27A":-0.28321239793660347,"RPS7":0.51044872234886,"RPL23":0.32804702203935704,"RPS15A":0.9138242964303446,"RPS18":0.7721425656623425,"RPL21":1.911920044910779,"RPS19":0.49230103010243115,"RPS25":2.3826215555057737}},"Mutation NPM1":{"min":-30.0,"max":30.0,"top_text":"High NPM1 Correlation","bottom_text":"Low NPM1 Correlation","map":{"RPL36":0.5346117896145334,"EEF1B2":0.13263716898209785,"RPL6":-0.47257343220890424,"RPL23A":-4.384144118108442,"RPL7A":0.3045067109752096,"RPL5":-1.5183883371497005,