{"MuSiC CD14 Mono":{"min":-50.0,"max":50.0,"top_text":"High CD14 Mono Correlation","bottom_text":"Low CD14 Mono Correlation","map":{"H4C13":0.0,"IFI27L1":0.0,"NOB1":-8.51734610608419,"DFFB":-3.614499094365928,"H4C4":0.0,"PMS2":-9.452791419317,"PPAT":-8.33172612256193,"MRS2":-0.5870776384539842,"GART":-1.3068425468837068,"ELAC2":-5.417560573536939,"RSL1D1":-7.4660997329294005,"MSH2":-10.137218906536834,"SCCPDH":-4.83479301110754,"SET":-16.594841247852283,"CNBP":-2.306234444632276,"NBN":-8.73341919524666,"NLE1":-11.454128559256954,"ABCE1":-6.8885895536956525,"METAP1":-4.150901347766299,"BZW2":-6.494646782465094,"PTGES3":-0.016468481859813755,"NPM1":-17.855123193602328,"HSP90AB1":-1.4802449665652917,"SSB":-8.751234993570277,"CCT2":-1.1269974910023857,"APEX1":-8.554182832038181,"XPO1":-1.4175754679797263,"EIF3A":0.09017480335006561,"PFAS":-3.6671019712019124,"ELAVL1":-5.795188363841036,"MLH1":-10.442159927591605,"UTP14A":-18.47932693436827,"MBLAC2":-13.04419873690739,"BZW1":3.252013483089985,"PRMT5":-1.1208584216510455,"PAICS":-4.471239188888168,"IPO11":-1.4277155773788284,"CCT3":-0.2716475955009964,"PPP5C":-0.05990288447607278,"CCT4":-0.33324090018959696,"POLR1E":-11.279699461315776,"XPO5":-14.701080978245571,"ANKMY2":-8.741752899594244,"H4C2":0.0,"EIF2A":2.511400984951041,"G3BP1":-5.008832862582803,"EIF2B2":0.6976178929161738,"BOP1":-8.659347263268932,"PUS7":-16.38780862534617,"DFFA":-5.981083611288555,"QTRT1":-1.8142712100626832}},"Overall Survival":{"min":-6.0,"max":6.0,"top_text":"High Survival Correlation","bottom_text":"Low Survival Correlation","map":{"NOB1":0.20259298582961732,"SCCPDH":-0.7007357531464966,"GART":-0.22146636482961815,"CCT3":-0.05479278900607222,"BOP1":-2.017728796491659,"H4C13":0.0,"CCT4":0.09895864500824407,"QTRT1":-0.7478717532803363,"XPO5":-0.5716798173008558,"MLH1":0.35911803807910864,"BZW1":-0.6242564172465856,"METAP1":-0.6400022764220998,"SET":-1.20834639772131,"PUS7":-0.7396934455977664,"EIF2A":-0.06669746769368816,"DFFB":-0.25954186521457145,"NBN":-0.36135215234365925,"PMS2":-0.00624699087248664,"POLR1E":-1.7448081807433278,"HSP90AB1":0.5144695241166105,"CNBP":-0.023132063928479954,"UTP14A":0.4101099709145106,"PPP5C":-0.3163768965722957,"SSB":-0.6357005016082169,"PPAT":0.05889378602893363,"MSH2":-1.4589549654938125,"APEX1":-0.7588543947205122,"ELAC2":0.24849282555539076,"BZW2":-1.3723469064384586,"PFAS":0.3315826411871231,"NLE1":-0.4097103705791341,"CCT2":0.08750996351042277,"ELAVL1":-1.1786608147175661,"EIF2B2":-0.14629002729840587,"PTGES3":0.5735383691775617,"DFFA":-0.9682889120977217,"MBLAC2":0.8697887867922722,"PRMT5":-1.4587397204801271,"ANKMY2":-0.003557796494017973,"EIF3A":1.0688447573983075,"ABCE1":-0.16634977162583486,"MRS2":-0.8445664730493779,"PAICS":-0.29367810678374967,"IFI27L1":0.0,"H4C4":0.0,"XPO1":-1.4550714447644295,"NPM1":0.521776265381839,"IPO11":-0.3426633036943597,"G3BP1":0.12914425646045768,"H4C2":0.0,"RSL1D1":0.2162058356049636}},"Mutation FLT3 ITD":{"min":-10.0,"max":10.0,"top_text":"High FLT3 ITD Correlation","bottom_text":"Low FLT3 ITD Correlation","map":{"CCT2":-1.1501897889170285,"ANKMY2":1.986014953711284,"GART":0.05185894009920454,"MBLAC2":0.43711406636314887,"IPO11":0.026539359997140986,"ABCE1":-0.0016352740000588483,"PAICS":-1.3230240309792907,"METAP1":-1.289676323732873,"QTRT1":0.8666747111773708,"XPO5":0.0008694249964713727,"H4C4":0.0,"MLH1":1.626846840503564,"NBN":2.7428275279235894,"ELAVL1":0.5913233331491544,"POLR1E":0.6898211990312643,"NOB1":0.936419773178809,"NPM1":-1.0520844031272854,"BZW2":0.8815207884447712,"PPP5C":-2.8326571617567726,"EIF2A":0.11364018578926582,"SSB":1.7315596268363058,"PRMT5":0.43008243593926765,"APEX1":0.16260193036553675,"H4C13":0.0,"CNBP":0.43995370149706975,"SCCPDH":-0.17132974185775227,"EIF3A":0.12003678675566035,"IFI27L1":0.0,"DFFB":0.38641579519355146,"PTGES3":1.5499633178245236,"PFAS":0.9928358186494758,"ELAC2":2.1263739700226565,"PMS2":1.6059168301966202,"NLE1":-0.3547338467831069,"UTP14A":0.042906698159103224,"H4C2":0.0,"G3BP1":1.01560861094159,"PUS7":1.1886208591490206,"CCT3":0.10963602773179969,"BZW1":0.7127879912538833,"MSH2":-0.10180779122192592,"RSL1D1":0.16166951095204496,"CCT4":0.08114183036878843,"EIF2B2":-0.39245076137546386,"PPAT":0.7517822588608217,"HSP90AB1":1.357610483532576,"SET":-0.14767070256108256,"XPO1":0.2544644500796783,"DFFA":0.9116574378296579,"MRS2":-0.954181662855833,"BOP1":0.7048276756066963}},"Mutation NPM1":{"min":-30.0,"max":30.0,"top_text":"High NPM1 Correlation","bottom_text":"Low NPM1 Correlation","map":{"MBLAC2":-0.02871391665465308,"CCT4":-1.2285003991115975,"HSP90AB1":0.03286583414187847,"IFI27L1":0.0,"SSB":2.325464071017987,"ELAC2":1.617745140504478,"CCT2":-3.48446176793588,"PRMT5":-0.7218467358990457,"ELAVL1":0.2530478366993009,"QTRT1":-0.7200110197805049,"METAP1":-1.7608248211286557,"EIF2B2":-1.3687982599637276,"NBN":3.3459099831740686,"DFFA":0.7583538233753526,"MSH2":-0.025765169060363195,"PUS7":0.36225895436945543,"MRS2":-1.0934823840667978,"DFFB":0.12551328281220983,"H4C4":0.0,"PAICS":-7.303767767255692,"BOP1":-0.33289116334484303,"RSL1D1":-1.2245118755277333,"NLE1":-1.0204681957704849,"XPO5":0.15156621705079174,"CNBP":1.0003469096371271,"APEX1":-0.12706186365657723,"IPO11":1.5594695317264857,"ANKMY2":4.20980264336135,"EIF3A":-1.1575530340271016,"H4C13":0.0,"EIF2A":0.07610709132666442,"XPO1":0.6703624323215266,"PTGES3":2.12312555307549,"G3BP1":0.6858359635465129,"UTP14A":-2.553111864194064,"BZW2":0.544723795730948,"SCCPDH":-0.3737432475564721,"POLR1E":0.40857927065745425,"PPP5C":-5.8019461734776545,"CCT3":-1.8919052100657971,"SET":-0.27774612172230817,"BZW1":2.0882236398762073,"H4C2":0.0,"PFAS":0.5397337181505687,"NOB1":0.47948635606951934,"ABCE1":-0.5870454616813623,"MLH1":0.7588072184638813,"NPM1":-10.934537178762957,"PMS2":0.43326052971046586,"PPAT":-0.3577914241632495,"GART":-1.197377236886388}},"NPM1 Subtype":{"min":-37.0,"max":37.0,"top_text":"Committed NPM1 Subtype","bottom_text":"Primative NPM1 Subtype","map":{"POLR1E":-10.925333612076162,"IFI27L1":0.0,"H4C2":0.0,"MSH2":-9.2395383933439,"HSP90AB1":-1.42086727724631,"SCCPDH":-4.812685895238675,"CNBP":-0.7083398319783216,"ABCE1":-6.051676528102565,"SSB":-11.550976796816245,"GART":-0.9212232006879588,"PRMT5":-1.153649995268762,"ANKMY2":-11.345423279202622,"EIF3A":0.3918630314581902,"ELAC2":-6.755129895491914,"XPO5":-10.607396954684614,"MLH1":-9.864552617386122,"QTRT1":-2.8709708682794255,"G3BP1":-2.3607123613288277,"CCT4":-0.23818506034900683,"CCT2":-0.46913179787936476,"BZW1":2.995821551770797,"MBLAC2":-11.844370768083802,"PAICS":-2.863901366189807,"PTGES3":-0.16674546157486617,"H4C4":0.0,"PMS2":-9.880915867447877,"PPAT":-8.795723682358531,"NPM1":-13.438152303775192,"NLE1":-8.921106382620312,"PUS7":-13.691100715262161,"METAP1":-3.671367514190897,"EIF2A":2.537998339216363,"BZW2":-5.7281691783434265,"NOB1":-5.712264611072345,"APEX1":-10.20635800762673,"DFFB":-4.722815123334205,"XPO1":-1.6671056804186337,"NBN":-9.559280867990529,"CCT3":-0.22598528783215893,"PFAS":-2.1464029751212315,"RSL1D1":-5.528697070183275,"EIF2B2":0.428717569792257,"MRS2":-0.06082919774504582,"IPO11":-1.42187706290137,"PPP5C":-0.11412838051569643,"BOP1":-7.199055129905211,"DFFA":-8.194136857898956,"UTP14A":-14.153106040875635,"SET":-11.562580936013157,"H4C13":0.0,"ELAVL1":-6.429291030859147}},"Blast Percent":{"min":-11.0,"max":11.0,"top_text":"High Blast Percent Correlation","bottom_text":"Low Blast Percent Correlation","map":{"GART":-0.5317071643381196,"CCT4":-0.5334390025471932,"HSP90AB1":1.433877292544966,"BOP1":2.0544434913050322,"MRS2":-0.5265888083477283,"CNBP":1.8602114755817944,"CCT3":-0.3142774196153831,"SCCPDH":4.190914065678339,"ABCE1":0.3671771881567837,"METAP1":-0.2489367275755618,"RSL1D1":1.8582584976565182,"H4C13":0.0,"H4C4":0.0,"IPO11":-0.7118107709832581,"PFAS":-0.013393871644684205,"CCT2":-0.560802129146755,"XPO5":5.57346580961156,"NBN":4.121298501627182,"PAICS":-0.7577910213279135,"IFI27L1":0.0,"XPO1":0.5857500169604274,"NLE1":1.8148536752189293,"H4C2":0.0,