{"NPM1 Subtype":{"min":-37.0,"max":37.0,"top_text":"Committed NPM1 Subtype","bottom_text":"Primative NPM1 Subtype","map":{"NOP56":-10.680387656754194,"FBL":-10.109692936407185,"AATF":-9.419491080778347,"PDHB":-2.694497915636894,"NPM1":-13.438152303775192,"EFTUD2":-2.6542317971540643,"C1QBP":-3.890608203582633,"C12orf43":-1.7940189340874917,"H4C8":0.0,"IMP3":-3.2505862354427797,"RPL13":-1.2165466715245763,"NUP43":-0.6159381241648617,"EED":0.12006966694572323,"NPM3":-3.3972579921021238,"EIF4A3":-0.5175284922737422,"BRD4":-4.638999711906336,"TRIM28":-19.651323646373296,"NR2C2":-6.800203977726264,"ACTL6A":-3.650415258801667,"NGDN":-9.097468362420758,"SMARCB1":-5.746633495259363,"H4C12":0.0,"SRSF1":-2.178035848595266,"H4C11":0.0,"RBBP4":-3.057313418845855,"H4C3":0.0,"SSRP1":-3.112333427533841,"H4C2":0.0,"H4C13":0.0,"LSM3":-0.10189630037642743,"BOP1":-7.199055129905211,"PRPF19":-3.3914694700214394,"H4C1":0.0,"ATP5F1E":0.10446206264552521,"SNRNP200":-5.908072999785126,"HSD17B10":-0.9217160986280125,"SNRPF":-3.4042251608561425,"H4C5":0.0,"H4C4":0.0,"SF3B3":-6.630186211843709,"GATC":0.0,"WDR5":-3.554046379510762,"TOX4":-3.06549635931432,"GTF3C4":-7.827429748877573,"YEATS4":-3.925872265910349,"KRR1":-5.596537760572822,"WDR3":-7.873138177666089,"NOP10":-8.699224542762378,"DLST":-7.5465038089841,"RNF2":-9.646383838273994,"POLR2E":-9.498175793682325}},"MuSiC CD14 Mono":{"min":-50.0,"max":50.0,"top_text":"High CD14 Mono Correlation","bottom_text":"Low CD14 Mono Correlation","map":{"TOX4":-2.466381743824954,"WDR5":-4.611999300436258,"H4C5":0.0,"NGDN":-14.325812839880514,"POLR2E":-9.034522810645504,"RNF2":-7.987141708151938,"AATF":-14.853802216226006,"PDHB":-2.8175407980432032,"H4C13":0.0,"NPM3":-4.738977453367207,"ATP5F1E":0.24175822239045142,"LSM3":-0.200395470421802,"SNRNP200":-4.58789164062352,"H4C1":0.0,"YEATS4":-4.516031419177888,"ACTL6A":-4.0583833008250885,"SSRP1":-4.875785788000624,"C1QBP":-4.8160760207016615,"SMARCB1":-7.261583882980662,"PRPF19":-3.2001409716731706,"HSD17B10":-0.1006924022255685,"DLST":-7.240087317538189,"BOP1":-8.659347263268932,"H4C11":0.0,"H4C3":0.0,"EFTUD2":-2.301358733881061,"WDR3":-10.123255890697893,"EED":-0.02600055578421358,"EIF4A3":-0.43897694274047644,"GTF3C4":-7.54062397289887,"SF3B3":-7.422339027624922,"NR2C2":-7.433160800008668,"H4C2":0.0,"FBL":-8.97889053298179,"NPM1":-17.855123193602328,"H4C4":0.0,"IMP3":-5.795014843370681,"TRIM28":-23.59451698900753,"KRR1":-8.646648278757858,"RPL13":-1.023164646669976,"C12orf43":-3.3299565468543344,"NUP43":-0.4094839831812317,"GATC":0.0,"SRSF1":-1.893531960356126,"SNRPF":-4.832315466661114,"NOP56":-12.287173456586517,"H4C12":0.0,"NOP10":-8.852559198208937,"RBBP4":-3.1902835480126748,"H4C8":0.0,"BRD4":-3.6745782819782855}},"Mutation FLT3 ITD":{"min":-10.0,"max":10.0,"top_text":"High FLT3 ITD Correlation","bottom_text":"Low FLT3 ITD Correlation","map":{"GTF3C4":0.8118134586459324,"WDR5":-0.23921487223671387,"NGDN":0.04473322949178905,"GATC":0.0,"H4C12":0.0,"IMP3":0.3385495616065484,"PRPF19":0.8570355578847942,"FBL":0.6601583046057095,"NR2C2":-0.07142975049210988,"BRD4":0.18355071889476207,"ATP5F1E":1.2766071711014018,"BOP1":0.7048276756066963,"TOX4":2.295480438559188,"C1QBP":1.602391820244794,"EED":0.8535228915343795,"C12orf43":1.3333041228671114,"NPM1":-1.0520844031272854,"NPM3":0.11002956825976054,"POLR2E":1.330964730129035,"NOP10":0.518365566960833,"RPL13":0.4885007517912062,"PDHB":1.2327329610817965,"SF3B3":0.07141363535421803,"YEATS4":-0.8097329343713076,"TRIM28":0.0631033974275213,"H4C11":0.0,"EFTUD2":0.9191797055219539,"H4C4":0.0,"KRR1":-1.1356429124529246,"NUP43":1.6033257334960274,"SSRP1":0.47136668790871,"SRSF1":0.2507565751007996,"RNF2":0.6845526946430179,"NOP56":0.8233828625903099,"H4C3":0.0,"H4C13":0.0,"WDR3":0.1981677915287698,"SNRNP200":0.7639394527025368,"SMARCB1":0.3530088890385257,"AATF":-0.5808333343739894,"H4C1":0.0,"H4C5":0.0,"EIF4A3":1.034831654798893,"RBBP4":0.8544051355093413,"H4C8":0.0,"H4C2":0.0,"LSM3":0.707355098415282,"HSD17B10":2.1543863274646733,"DLST":0.2397656492150843,"ACTL6A":1.032785076903713,"SNRPF":0.48433386390978056}},"Mutation NPM1":{"min":-30.0,"max":30.0,"top_text":"High NPM1 Correlation","bottom_text":"Low NPM1 Correlation","map":{"TOX4":2.0708788009260646,"FBL":0.3979013124031621,"SNRPF":0.6719849961109338,"POLR2E":1.6392113075111907,"NUP43":0.44207476948489144,"SF3B3":1.6483182545884232,"H4C11":0.0,"RBBP4":0.7526326429752994,"H4C3":0.0,"H4C12":0.0,"NGDN":-1.600012205543412,"NPM3":-1.164904940100829,"SMARCB1":1.0197798599639336,"C12orf43":1.6432185590896207,"EFTUD2":1.4415749180616486,"C1QBP":-0.41379299397816716,"H4C8":0.0,"BOP1":-0.33289116334484303,"PRPF19":2.1568263344210705,"NR2C2":-0.02538607330339903,"H4C13":0.0,"SRSF1":1.55029349269049,"H4C5":0.0,"YEATS4":-0.30646568322908385,"PDHB":0.24335797904961862,"AATF":-3.5049891950062224,"SNRNP200":1.0408413901032474,"LSM3":0.8934873325934074,"ATP5F1E":3.1808811537380492,"DLST":-0.6074310112994484,"WDR3":-0.31912268638341745,"H4C2":0.0,"SSRP1":0.3471734566059988,"BRD4":-1.0693798516051412,"NOP10":0.6916066499453677,"IMP3":-0.31329877445487486,"KRR1":-8.223669577980502,"RPL13":-0.4140033473074155,"RNF2":1.1242591791620595,"ACTL6A":2.0091668307369095,"WDR5":-0.03650034802598876,"GATC":0.0,"NPM1":-10.934537178762957,"H4C4":0.0,"H4C1":0.0,"EED":1.7808666148666763,"EIF4A3":1.961209270713091,"HSD17B10":2.2405614968227594,"TRIM28":-0.9403655719892402,"NOP56":0.20947392553763705,"GTF3C4":1.6783368047750222}},"Overall Survival":{"min":-6.0,"max":6.0,"top_text":"High Survival Correlation","bottom_text":"Low Survival Correlation","map":{"H4C3":0.0,"RBBP4":-0.05769905869416637,"RPL13":0.45050134360241867,"IMP3":-0.2434389632882657,"H4C12":0.0,"BRD4":-0.7188798649332288,"H4C8":0.0,"PDHB":-0.1945238155995662,"NR2C2":0.15160242118184747,"NUP43":-0.020213014169000475,"NPM3":0.9739803346123868,"SSRP1":-0.5263363108886628,"H4C11":0.0,"KRR1":0.5051985211340179,"EFTUD2":0.15223959551260513,"RNF2":-2.377289758397529,"SF3B3":-0.3527546094642563,"SMARCB1":-0.03778859283987227,"YEATS4":-0.8433020747336613,"ACTL6A":0.12643027971195456,"FBL":-0.9098694125031116,"NGDN":-0.30195264720586357,"EED":0.19463076160268977,"HSD17B10":0.11001251673252971,"GATC":0.0,"NOP56":-0.23643080054952165,"SNRPF":-1.3201943511389358,"EIF4A3":-0.04529443881507563,"H4C1":0.0,"H4C2":0.0,"TRIM28":0.01712886786621426,"NPM1":0.521776265381839,"ATP5F1E":-0.26983040781086354,"H4C13":0.0,"C1QBP":0.06273721282783516,"WDR5":-0.5549702440508997,"POLR2E":-0.17023705955432322,"WDR3":0.4709449809848089,"DLST":0.6801123128339451,"LSM3":-1.0694792642942188,"BOP1":-2.017728796491659,"NOP10":-0.2049137149179404,"C12orf43":0.042738231328742826,"SRSF1":-1.4892728848982988,"PRPF19":-0.3809650118469384,"TOX4":-0.06842091310736939,"SNRNP200":0.07031020780135487,"H4C5":0.0,"H4C4":0.0,"GTF3C4":-1.3321403765393376,"AATF":-0.6694730672208477}},"Blast Percent":{"min":-11.0,"max":11.0,"top_text":"High Blast Percent Correlation","bottom_text":"Low Blast Percent Correlation","map":{"C12orf43":1.4562080642965418,"TOX4":4.534430564238444,"IMP3":3.8369266902217047,"RNF2":3.6644621413956906,"YEATS4":4.99677724373085,"NPM1":2.0044213784871614,"EED":0.48418770709593695,"H4C3":0.0,"H4C11":0.0,"H4C4":0.0,"SNRPF":6.584783163931188,"NOP10":3.2794472558652408,"GATC":0.0,"LSM3":2.6443072632897198,"NGDN":3.4479874738613376,"EIF4A3":2.969831602355936,"H4C2":0.0,"ACTL6A":4.462746460476621,"WDR5":4.479767002461924,"AATF":1.833691127246692,"H4C13":0.0,"NUP43":1.4286337767300108,"RBBP4":2.4750378800402686,"TRIM28":3.596496680403605,"FBL":4.2505010336902656,"BOP1":2.0544434913050322,"H4C12":0.0,"GTF3C4":7.207955854162734,"SNRNP200":6.091867638732159,"EFTUD2":5.334390697573482,"SMARCB1":6.168500186127005,"H4C1":0.0,"NOP56":4.841025110767836,"RPL13":0.9841915305531751,"H4C5":0.0,"H4C8":0.0,"SF3B3":5.906793691827644,"NR2C2":3.9928062806929483,"NPM3":0.2582010602560986,"PRPF19":4.058249663552529,"WDR3":3.3084231747841555,"HSD17B10":1.5963070529513599,"BRD4":1.288643145429348,