{"Mutation FLT3 ITD":{"min":-10.0,"max":10.0,"top_text":"High FLT3 ITD Correlation","bottom_text":"Low FLT3 ITD Correlation","map":{"MCEMP1":-0.88189359207128,"S100A9":-1.1137848617687773,"LILRA5":-0.6360063871584595,"FPR1":-0.1716659637125416,"ITGB2":-0.0379677775269902,"PILRA":-0.022188155286033448,"STX11":-0.21868748025669002,"ZBTB7B":-0.2106158617788533,"S100A12":-1.5655865968234972,"BST1":-0.3316902226865898,"CD101":0.021957487558773154,"C1orf162":0.5214203600762525,"NCF1":-0.11780122712114262,"CTSS":-0.36701514117077877,"FCER1G":-0.6093379137351146,"SIGLEC5":-0.3497822340723445,"NLRC4":-1.391724387427898,"P2RY13":-0.2882374793150952,"PTAFR":0.3042782800734564,"VNN2":-0.3432782214168982,"FCAR":-1.2104563684904852,"FGR":-0.29137794465434275,"C19orf38":-0.7881124024586543,"HCK":-0.028955044486687377,"THEMIS2":-0.1939155365020615,"RAB31":0.14350887762950415,"IGSF6":-0.010164300964797873,"LRRC25":-0.18531249020545637,"NFAM1":-0.20382983411872965,"SIRPB1":-0.20347953977888264,"LILRB3":0.28112948384831904,"ITGAM":-0.11051935833827488,"MEGF9":-0.1536817351734751,"CYBB":-0.2256833878660398,"MNDA":-0.17897922617597087,"LILRA2":-0.5509731000684766,"KCTD12":-0.12622991136817602,"MYO1F":-0.9722689994588645,"PADI2":-0.9370348423922321,"LRRK2":-0.30782610109903563,"CDA":-0.6688823465976622,"LYZ":-0.39754593297508745,"S100A8":-1.188206156875096,"SIRPA":-0.104814054568485,"TLR8":-0.012883721601115625,"HK3":-0.1699695513249297,"GLIPR2":0.20365324771257326,"SIGLEC14":-0.19173383839354435,"LILRB2":-0.03874662579074988,"PSTPIP1":0.1491471037620563,"FCN1":-0.7948648377190213}},"Mutation NPM1":{"min":-30.0,"max":30.0,"top_text":"High NPM1 Correlation","bottom_text":"Low NPM1 Correlation","map":{"C1orf162":1.955164778771334,"STX11":0.09903307226405608,"CTSS":-0.16802996573971335,"CDA":0.0482885970923996,"HCK":0.4451194347705823,"P2RY13":-0.004824600234513791,"MNDA":0.4003844642323933,"FCER1G":0.13428119093887145,"ITGB2":1.7772617678875287,"PADI2":-1.617794215229134,"MEGF9":0.4059574307191839,"IGSF6":0.1472045840525362,"S100A9":-2.2988673507799655,"LILRA2":0.30656981630765945,"SIGLEC14":0.15931350034711747,"FCN1":-0.40823958330144866,"KCTD12":0.060874748575241694,"FCAR":-2.0751507886110385,"CYBB":0.041581724283964526,"THEMIS2":0.42740930089672236,"LRRK2":-0.1844384562449975,"ITGAM":0.26294695471025653,"C19orf38":-1.1934327672774885,"S100A12":-2.432761729835104,"SIGLEC5":-0.46362623258380636,"GLIPR2":0.46949766174433805,"LYZ":0.2437586540141673,"NFAM1":0.06433902260978457,"PILRA":2.355058838937572,"ZBTB7B":0.587810211897379,"SIRPA":1.3032660667187508,"LILRA5":0.22692319363800295,"MYO1F":0.06518730630627353,"VNN2":0.5326741765704998,"MCEMP1":-0.36351144945271346,"S100A8":-1.9797069615275174,"NCF1":1.3308727683039403,"SIRPB1":-0.32755466027085284,"PSTPIP1":-0.08927199665382755,"PTAFR":1.2166529796506305,"LILRB3":1.1529114730962569,"FPR1":0.2704380823394476,"CD101":-0.6703330173701291,"HK3":1.5429160809313496,"RAB31":-1.589103538268172,"LILRB2":1.3206564603287247,"NLRC4":-0.8448238774690455,"LRRC25":1.6289088785837058,"FGR":0.5369833495773482,"TLR8":1.0227912593891755,"BST1":-0.3775517322734794}},"Blast Percent":{"min":-11.0,"max":11.0,"top_text":"High Blast Percent Correlation","bottom_text":"Low Blast Percent Correlation","map":{"CTSS":-3.7735080607128575,"PTAFR":-5.9966723689151085,"HK3":-4.16640944004213,"LILRB3":-5.184022919758817,"FCER1G":-5.454966559293315,"CD101":-4.441955676160607,"GLIPR2":-3.6528278096383295,"TLR8":-4.162279905677805,"SIGLEC14":-2.9598007453702273,"CYBB":-5.773429703618635,"S100A8":-9.031405664331206,"NFAM1":-4.7503099774963,"THEMIS2":-6.362598393559543,"LYZ":-1.427606023666051,"KCTD12":-4.071733776049882,"LILRB2":-5.369717465697387,"PSTPIP1":-7.391964736544591,"RAB31":-6.769983385939368,"NCF1":-3.8197172140356055,"C19orf38":-6.372762297992655,"SIRPA":-4.8762954328109105,"LILRA2":-3.7258174592387143,"S100A12":-8.58183340517275,"CDA":-5.4376372914419315,"MEGF9":-4.605401307293842,"SIGLEC5":-7.636741509862021,"P2RY13":-5.197784201214965,"LILRA5":-3.9625186495871607,"PILRA":-2.9533395339923807,"ITGAM":-6.159603407709753,"BST1":-4.161992725496231,"NLRC4":-6.520024137507555,"S100A9":-9.878657917074811,"IGSF6":-6.064146327082331,"MCEMP1":-8.206782193515835,"SIRPB1":-4.261889514888887,"FCAR":-4.8133620079862345,"LRRC25":-3.1315554529185565,"ITGB2":-4.235212018982832,"FGR":-5.628540178880434,"STX11":-5.4029566296156215,"ZBTB7B":-2.115936947721485,"VNN2":-4.3932036083867025,"MYO1F":-2.5945702838273466,"FPR1":-3.0308427383209424,"FCN1":-8.131275263035983,"HCK":-6.750838701866421,"PADI2":-5.80201069136217,"C1orf162":-1.465526846328066,"MNDA":-2.586885983553489,"LRRK2":-4.868075224987361}},"Overall Survival":{"min":-6.0,"max":6.0,"top_text":"High Survival Correlation","bottom_text":"Low Survival Correlation","map":{"LYZ":-0.9725158068358468,"LILRB2":-0.12049208428118349,"STX11":0.3222312364143047,"CTSS":0.7909866537939843,"LILRA2":-0.6691422699462204,"SIRPA":-0.3662689115378773,"S100A9":-0.23830462424115587,"FPR1":-1.8451323179379087,"FCER1G":-0.17769499604873149,"ITGB2":-0.11186430715555226,"CYBB":0.17901640830293714,"NCF1":0.60121460535505,"LRRK2":0.5663779300424407,"RAB31":0.38354154916173155,"GLIPR2":0.45547062385062853,"MNDA":-0.6837059983249677,"MYO1F":-0.04628138924635739,"PTAFR":0.3197835751627,"PADI2":-0.2804978989739259,"MEGF9":0.04478318792785902,"C19orf38":-0.021002304930134306,"CD101":0.6780488367538825,"C1orf162":-0.15101198269554592,"S100A12":-0.1696207526049155,"S100A8":-0.4830674302025152,"PILRA":-0.1531169381310281,"SIGLEC14":0.062157235330856576,"KCTD12":0.0687810479562567,"LRRC25":-0.007597822846789251,"FCAR":0.07659138578772037,"HCK":0.0812532820905132,"SIRPB1":-0.34383542221321467,"THEMIS2":-0.5780102924322493,"VNN2":-0.12055977320522838,"NFAM1":0.979206841875508,"BST1":0.005933080395163951,"LILRB3":-0.07583403163275591,"LILRA5":-0.3661586155612313,"FGR":-0.3290928073302311,"MCEMP1":-0.5571530804382967,"NLRC4":-0.21300262035002057,"PSTPIP1":0.23123821240747394,"IGSF6":-0.1470602874198284,"ITGAM":0.157958405891904,"P2RY13":-0.07532616428921103,"TLR8":-0.1729226712594077,"SIGLEC5":0.016598033782911633,"CDA":-0.2136108371504108,"FCN1":-0.09732649692741746,"HK3":-0.02973079096549854,"ZBTB7B":-0.08099079037879058}},"MuSiC CD14 Mono":{"min":-50.0,"max":50.0,"top_text":"High CD14 Mono Correlation","bottom_text":"Low CD14 Mono Correlation","map":{"HK3":39.45954550729712,"LRRK2":25.381118218009846,"FCER1G":38.65752229451445,"PSTPIP1":30.10282276304119,"PADI2":13.219723661458422,"CD101":18.968979411925336,"C1orf162":19.569683533493553,"ITGB2":39.10528101949876,"HCK":39.994003632624164,"LILRB2":45.48938665199628,"MEGF9":25.835011700365893,"CTSS":25.80203265360317,"LILRA5":38.57223368368178,"S100A12":11.983901576761205,"STX11":23.959232806806362,"CDA":27.10264250447734,"LYZ":16.05749843246149,"LILRA2":24.413606672280604,"VNN2":27.167423459143475,"BST1":14.625381850854964,"GLIPR2":29.551076294904895,"CYBB":42.152402420868604,"IGSF6":43.77765471171112,"FGR":47.92358853616047,"ITGAM":42.87964302870296,"LILRB3":41.32085737072299,"MCEMP1":27.240662325463923,"RAB31":16.644785047701646,"MNDA":29.865323663117714,"C19orf38":26.762342568753116,"SIGLEC14":17.747342418198848,"S100A8":23.248745794365977,"SIRPB1":30.999885866834994,"ZBTB7B":27.34153416160199,"NLRC4":29.309341608595364,"PILRA":36.29603420228325,"KCTD12":38.33527724042499,"FPR1":24.1128360842872,"SIGLEC5":21.719511314321878,"PTAFR":16.852766872361403,"NCF1":33.26619383709963,"FCAR":14.23022954315972,"LRRC25":38.15060557847691,"MYO1F":35.9803479518468,"NFAM1":15.116964559925163,"SIRPA":41.34277557359193,"TLR8":48.240138500737594,"S100A9":20.68058472030229,"FCN1":26.25085160507404,"THEMIS2":37.626263539631175,"P2RY13":18.803444875330413}},"NPM1 Subtype":{"min":-37.0,"max":37.0,"top_text":"Committed NPM1 Subtype","bottom_text":"Primative NPM1 Subtype","map":{"S100A9":16.32157484099056,"MCEMP1":20.619876989277646,"CD101":15.27579795081414,"LILRB3":28.17595630791758,"GLIPR2":20.833329863144566,