{"NPM1 Subtype":{"min":-37.0,"max":37.0,"top_text":"Committed NPM1 Subtype","bottom_text":"Primative NPM1 Subtype","map":{"EIF2S2":1.4416144808029447,"H4C3":0.0,"H2BC17":0.0,"H3C13":0.0,"GBF1":2.8859602946221474,"EIF3H":0.15573899527978882,"CCDC124":0.15458411143470108,"FNTB":0.9901090667451243,"H4C11":0.0,"EIF4G1":3.00375566132337,"COPA":8.188973403615647,"NAA10":-1.5276732966383706,"H4C1":0.0,"H2BC7":0.0,"DCTN1":2.586616806911027,"EIF3J":-0.7234263562306938,"EIF6":-0.7562592216239329,"H4C2":0.0,"SND1":1.2884549310497515,"PCBP1":1.3990191828221321,"AP2A2":5.311721384426604,"AP2A1":4.337239058977369,"AP2S1":2.8470374620199066,"APEX1":-10.20635800762673,"AP2M1":4.953669835504327,"AURKAIP1":-0.30150594414537985,"SPAG9":0.6842262062707798,"PSMB3":0.8733162934153392,"TRIM25":11.765828088857688,"H4C5":0.0,"EIF3G":0.5820650239614814,"ARFGAP2":0.26829724418069867,"NUBP2":1.355126611761435,"ARFGAP1":5.144441658778556,"ARFGAP3":1.5122978476298596,"EIF3C":1.260470772629771,"H2AC4":0.0,"WWP2":4.659691284698911,"EIF4B":-0.6153121073658506,"RPS19":-0.4157615999859903,"CSNK2A1":-2.0939854764795136,"UBE2M":-3.5231166303496937,"RBM42":-3.671461504168541,"H4C12":0.0,"CC2D1A":4.819759451811819,"EIF3A":0.3918630314581902,"DYNC1LI2":4.624798364229446,"STX5":1.6352646238692803,"H4C8":0.0,"H4C4":0.0,"INPPL1":9.944474378760425}},"Mutation FLT3 ITD":{"min":-10.0,"max":10.0,"top_text":"High FLT3 ITD Correlation","bottom_text":"Low FLT3 ITD Correlation","map":{"AURKAIP1":0.1791453796277279,"EIF3G":0.0772991715568445,"RBM42":-0.29663387606561625,"AP2A2":0.11934671667162024,"H2BC17":0.0,"DCTN1":-0.5862023561817291,"SPAG9":1.3030852367263035,"H4C4":0.0,"EIF4B":-3.777924852669882,"H4C2":0.0,"RPS19":-0.2053107923135084,"ARFGAP2":0.2774123853199779,"UBE2M":-4.418356512066106,"EIF3A":0.12003678675566035,"STX5":0.07643262993998995,"H4C12":0.0,"AP2S1":-1.0880763785895589,"APEX1":0.16260193036553675,"PCBP1":0.04929099806153448,"EIF4G1":-1.7681426535164897,"CCDC124":-1.1468013037700882,"H2BC7":0.0,"GBF1":0.000706485482838861,"TRIM25":-0.0940043073093102,"ARFGAP3":0.579537591076364,"EIF3J":-1.2578567047204503,"H4C1":0.0,"CC2D1A":-0.35118323106584076,"NAA10":-1.0423700922875763,"ARFGAP1":-0.5738942684445021,"CSNK2A1":0.37568723126140235,"PSMB3":0.16251802541836244,"AP2A1":-1.3349839509654033,"SND1":5.1057207311253565,"AP2M1":-0.7700670324266429,"H4C3":0.0,"EIF3C":0.15362951037477293,"COPA":0.826836817245681,"H2AC4":0.0,"H4C5":0.0,"FNTB":-0.08411023369912567,"EIF6":0.47365306820266123,"EIF2S2":-2.828889898370073,"EIF3H":-0.26476616283042914,"H4C8":0.0,"H4C11":0.0,"INPPL1":-0.17071073453537278,"WWP2":-2.8155337089107326,"H3C13":0.0,"DYNC1LI2":-0.2232235862728653,"NUBP2":-0.0269854187833906}},"Blast Percent":{"min":-11.0,"max":11.0,"top_text":"High Blast Percent Correlation","bottom_text":"Low Blast Percent Correlation","map":{"APEX1":5.490836922945718,"EIF3C":-0.18635262258523247,"AP2A2":-0.622833985829372,"EIF4G1":-4.217820951405893,"EIF3J":-1.528079196048356,"DYNC1LI2":-0.5370346450279965,"GBF1":-3.271627037256626,"H4C8":0.0,"EIF3G":-0.6486951097395944,"DCTN1":-2.6441143119775092,"H2BC17":0.0,"ARFGAP1":-1.994360461582367,"AP2M1":-4.707746942998365,"EIF2S2":-2.6539925714029984,"SND1":-0.027636527905586773,"H4C2":0.0,"EIF3H":-0.4171757060656016,"H4C12":0.0,"AP2S1":-3.2113641809236686,"PCBP1":0.6491150949401623,"AP2A1":-4.546805584169272,"SPAG9":-0.359251963932037,"CC2D1A":-3.8549364591560447,"PSMB3":-0.38900709502310293,"NAA10":-0.2989605039301353,"AURKAIP1":-0.017497149193345326,"H4C5":0.0,"UBE2M":-0.01971789233558775,"COPA":-0.40776821967265975,"EIF4B":-1.9485170234957006,"H2BC7":0.0,"TRIM25":-1.2217001839191042,"H4C1":0.0,"CCDC124":-2.5414800231727543,"H3C13":0.0,"ARFGAP2":0.6238724607593272,"ARFGAP3":0.015625189512788934,"H2AC4":0.0,"H4C11":0.0,"H4C4":0.0,"RPS19":0.023494248909823413,"RBM42":3.5286609332516083,"CSNK2A1":0.16839102058562955,"INPPL1":-0.4999692837897246,"FNTB":-0.7432790611082942,"EIF3A":-0.711133471987396,"H4C3":0.0,"EIF6":0.7156966918882579,"STX5":-0.8341508517464409,"WWP2":-1.2637505709508505,"NUBP2":0.40095773672360185}},"Overall Survival":{"min":-6.0,"max":6.0,"top_text":"High Survival Correlation","bottom_text":"Low Survival Correlation","map":{"H2BC17":0.0,"EIF3G":0.44588482929322454,"INPPL1":0.024004771949424093,"H2BC7":0.0,"STX5":0.639157077882954,"H4C2":0.0,"FNTB":0.18491768822479912,"UBE2M":-0.9517093549070187,"H2AC4":0.0,"PCBP1":0.2216954769504696,"H4C8":0.0,"H4C12":0.0,"H4C1":0.0,"CC2D1A":0.36582773492359993,"EIF4G1":0.226565957352099,"ARFGAP2":-0.06501874139719555,"TRIM25":0.2458395830255259,"SND1":-0.045779185873273245,"RBM42":0.1412221252542032,"COPA":-0.12390698827896839,"NUBP2":-0.4927322591102536,"WWP2":1.2965170874636034,"ARFGAP3":0.09495136032060299,"CSNK2A1":-0.08411221126768156,"H4C11":0.0,"DYNC1LI2":-0.05092066190131089,"APEX1":-0.7588543947205122,"CCDC124":0.03596496973431823,"ARFGAP1":0.06749419058097833,"EIF3A":1.0688447573983075,"DCTN1":0.3831874732093503,"H3C13":0.0,"H4C4":0.0,"AP2A1":0.42168720361602896,"H4C5":0.0,"AP2M1":-0.1079440946835144,"GBF1":0.7602891514962393,"AURKAIP1":-0.11386813396997215,"SPAG9":-0.3818749495345753,"EIF2S2":0.5188671202350688,"H4C3":0.0,"NAA10":-0.35693751826406744,"AP2A2":-0.24712146912045244,"EIF3C":0.8094747670896865,"EIF3J":-0.5297208223969111,"EIF3H":0.5011757425848835,"EIF6":-0.05456045986301329,"AP2S1":-0.030567135464223055,"RPS19":0.49230103010243115,"EIF4B":-1.0077942350078506,"PSMB3":0.22948333757947714}},"Mutation NPM1":{"min":-30.0,"max":30.0,"top_text":"High NPM1 Correlation","bottom_text":"Low NPM1 Correlation","map":{"AURKAIP1":0.0035908502459263713,"NAA10":-3.657724168286218,"TRIM25":-0.009583914399497226,"H4C11":0.0,"EIF3C":-0.45268200466784025,"H4C4":0.0,"H2BC7":0.0,"DYNC1LI2":0.5897815153264849,"AP2A2":0.0075819589524834564,"AP2A1":-2.471577505156577,"AP2S1":-1.8365784864643273,"RPS19":-2.6482914005593914,"CCDC124":-2.8269892781634174,"EIF4G1":-1.8338371833697422,"H2AC4":0.0,"EIF4B":-8.866800182193957,"H4C1":0.0,"EIF2S2":-3.408952053219704,"ARFGAP1":0.18819632938764896,"CC2D1A":0.7437340509229596,"DCTN1":0.3978523496195466,"H4C8":0.0,"H4C3":0.0,"SND1":5.273642643334842,"WWP2":-4.130049654077783,"ARFGAP2":2.7825828075392574,"FNTB":-0.6833417600998195,"ARFGAP3":0.947564964444832,"EIF6":0.6583130160804401,"EIF3H":-0.9852165690708522,"APEX1":-0.12706186365657723,"GBF1":0.12249252281180531,"SPAG9":2.9630787044150386,"STX5":0.08300994801157445,"UBE2M":-4.5197693237220395,"RBM42":-0.045574423509635344,"AP2M1":-1.8477279115869574,"INPPL1":1.4922592536069261,"CSNK2A1":-0.8143281936586843,"EIF3A":-1.1575530340271016,"PSMB3":0.06644468115503709,"H3C13":0.0,"EIF3J":-3.1388323955477695,"PCBP1":2.769268815023043,"H4C5":0.0,"H2BC17":0.0,"H4C12":0.0,"NUBP2":0.23043483351250585,"EIF3G":-1.2390918322820816,"COPA":2.179975643904687,"H4C2":0.0}},"MuSiC CD14 Mono":{"min":-50.0,"max":50.0,"top_text":"High CD14 Mono Correlation","bottom_text":"Low CD14 Mono Correlation","map":{"AP2M1":12.04712308989827,"EIF3J":-1.356907943846368,"GBF1":3.6988395949874597,"CSNK2A1":-2.1969993685114795,"EIF2S2":2.279063823183529,"EIF3C":0.762616428061147,"RBM42":-2.695070670266021,"CC2D1A":9.5977240896271,"INPPL1":11.399825348539512,"EIF4B":-1.7763458919694184,"PSMB3":1.6608238412459608,"H4C3":0.0,"AP2A2":8.2569763844756,"EIF4G1":3.8542902185282886,"H4C2":0.0,"H3C13":0.0,"H4C5":0.0,"H2BC7":0.0,"H4C11":0.0,"APEX1":-8.554182832038181,"H2AC4":0.0,"PCBP1":1.5757026826923994,"ARFGAP1":6.277866882720125,"EIF6":-0.5070590086644529,"EIF3G":0.47114302235243594,"H2BC17":0.0,"NAA10":-2.8954572377688494,"EIF3A":0.09017480335006561,"STX5":2.532438708647276,"ARFGAP2":0.17412264192025212,"RPS19":-1.0765919162742987,"AURKAIP1":-0.4422386394164138,"H4C1":0.0,"ARFGAP3":2.972151284234459,"UBE2M":-5.74647315359,"CCDC124":-0.3127857944762122,"NUBP2":1.2938558610249156,"SND1":2.700395953366487,"SPAG9":1.5051379983663336,"AP2S1":5.969404506560203,"EIF3H":-0.35197766848179174,"AP2A1":10.601542055349661,"H4C4":0.0,"FNTB":1.2564932017949033,