{"MuSiC CD14 Mono":{"min":-50.0,"max":50.0,"top_text":"High CD14 Mono Correlation","bottom_text":"Low CD14 Mono Correlation","map":{"MDH2":-6.36328508667933,"VDAC1":-9.823457122989478,"PTPMT1":-5.792759379130658,"DLST":-7.240087317538189,"POLG":-13.149536651189441,"PDPR":-7.494514102164344,"OXSM":-6.1366823417787995,"DBT":-10.966735794384915,"PARS2":-10.260703626628407,"HIBCH":-8.23296651418658,"CHCHD4":-1.0126841265328452,"NIPSNAP1":-13.566760981485256,"CETN3":-3.7425356973117205,"AFG3L2":-5.162157797160243,"HSPE1":-12.415471332813322,"PDHA1":-8.58143238333792,"ERGIC1":-8.161335368541044,"MCUR1":-8.144038566009538,"AUH":-9.185608443755365,"TFAM":-11.739526246300523,"PMPCA":-2.752920707877986,"NADK2":-11.072670084748994,"ALDH6A1":-8.151215297837135,"TIMM9":-8.667177247932297,"TOMM70":-9.391968375378465,"CCDC90B":-9.492931793204729,"ALDH5A1":-14.301079621513416,"DNAJC19":-9.373236349739138,"PBXIP1":-6.652784541542795,"OPA1":-5.602828430598222,"CCDC127":-10.232414551028723,"SUPV3L1":-13.277869056153726,"DIABLO":-9.248444427940258,"GCSH":-13.869445423464411,"AIFM1":-1.5647021183548813,"SSBP1":-6.73642691737528,"ABHD10":-5.816556695939255,"C1QBP":-4.8160760207016615,"PMPCB":-2.191616558157011,"TSFM":-5.825431476818724,"LRPPRC":-3.750501003342939,"BCKDHB":-6.342756705121316,"POLG2":-4.136450795498688,"HSPD1":-8.597224261864966,"ECHS1":-5.174748801781701,"HSCB":-5.832746614891735,"PDHX":-11.429521951321068,"DLD":-3.707343450076915,"SIRT3":-6.91463929496764,"SUCLA2":-3.3156659545233285,"PHB2":-5.897443539968027}},"Mutation FLT3 ITD":{"min":-10.0,"max":10.0,"top_text":"High FLT3 ITD Correlation","bottom_text":"Low FLT3 ITD Correlation","map":{"HIBCH":2.640189000184673,"POLG":0.1396108222983303,"PDHA1":-0.025580503147306685,"OPA1":0.9772559597948316,"CHCHD4":1.010567807793394,"TIMM9":-0.01167742496346691,"GCSH":2.1523848053278294,"CCDC90B":-0.33046546422165113,"AUH":0.8240015538572524,"CCDC127":0.2596572655138178,"ALDH5A1":0.32480160640014255,"PDPR":0.7710545004377928,"DIABLO":-0.14540332539310752,"PDHX":-0.15593599363610502,"AFG3L2":1.845695061651842,"C1QBP":1.602391820244794,"VDAC1":2.057164490801179,"AIFM1":2.1981150631415396,"DLST":0.2397656492150843,"HSCB":-0.5613903368243137,"CETN3":0.5816276429629037,"ALDH6A1":1.0294262609331104,"SUPV3L1":0.06649142801165656,"PTPMT1":-0.035608334730916034,"TOMM70":0.8616591264091752,"ECHS1":1.6172668368927374,"POLG2":0.3559410406510684,"DBT":0.42407709467945737,"PARS2":0.5004869741239477,"DNAJC19":0.6705557258476431,"BCKDHB":-0.6593641781480372,"PMPCB":3.219611684608975,"TSFM":0.4907041039332716,"HSPD1":-0.25777955961214105,"SUCLA2":-0.011214116311066955,"MCUR1":0.3684239441701117,"PHB2":-0.3988876758579072,"OXSM":0.5222342929574129,"PMPCA":2.93171614685268,"SIRT3":1.89250650616781,"NADK2":-1.971210469685786,"HSPE1":-0.6900703707038063,"ERGIC1":1.1479378666912368,"LRPPRC":0.9727068591814294,"ABHD10":0.37123952801369486,"PBXIP1":1.3302677816660884,"SSBP1":0.8049760128876159,"DLD":0.692860650113062,"TFAM":-0.005320517617689102,"NIPSNAP1":-0.19177881164982669,"MDH2":1.0763205551916817}},"Mutation NPM1":{"min":-30.0,"max":30.0,"top_text":"High NPM1 Correlation","bottom_text":"Low NPM1 Correlation","map":{"CHCHD4":1.0602290905760374,"CCDC127":0.2115147955839841,"SUPV3L1":-1.7208397916454448,"NIPSNAP1":0.5774719661217482,"DIABLO":-0.0783332416992012,"BCKDHB":-0.1168525016348578,"MDH2":-0.21848359477808166,"PDHX":-1.539393480965124,"AIFM1":2.4953571666879704,"CETN3":1.4861954387612828,"MCUR1":-5.256248455853749,"SSBP1":-0.2745118444771925,"OXSM":-0.5359380540703805,"PARS2":0.0956592250907623,"PDHA1":-0.38342436450199746,"POLG":-0.45373670560036106,"PTPMT1":-0.942810953597142,"PHB2":-0.05758884288836184,"PMPCA":1.3049014522571363,"HIBCH":1.5318672659985153,"SIRT3":-0.20751854531826613,"HSPE1":-0.16227206089558793,"HSPD1":-0.7552996762779499,"TIMM9":-0.2283878419240689,"ERGIC1":0.8020865248340642,"PDPR":-0.26568293485030925,"C1QBP":-0.41379299397816716,"LRPPRC":-0.8360745805749749,"OPA1":1.0588051143409076,"TSFM":-0.923760116744688,"CCDC90B":-2.7219288463785687,"TFAM":-0.6301395867220757,"DBT":-0.03954991689393773,"DLD":0.44728227742015503,"ALDH5A1":-0.6965724025391951,"AFG3L2":-0.11704249137818461,"ALDH6A1":-0.4321338052632651,"HSCB":-0.332388838208586,"DNAJC19":-0.022253724533082497,"DLST":-0.6074310112994484,"ABHD10":-0.15353195716737736,"AUH":0.06539950636343504,"ECHS1":0.8111619918687505,"POLG2":-0.02406664703317215,"NADK2":-2.0720110914389096,"PMPCB":2.3189468713803842,"TOMM70":0.06775622502432846,"SUCLA2":0.447635378851062,"GCSH":0.1724249634713566,"VDAC1":0.5107727342414231,"PBXIP1":4.704250600266507}},"Blast Percent":{"min":-11.0,"max":11.0,"top_text":"High Blast Percent Correlation","bottom_text":"Low Blast Percent Correlation","map":{"ABHD10":2.6478093295200993,"SSBP1":1.9693515716967422,"TSFM":2.303847092275237,"HSPD1":2.18622642975138,"POLG2":0.8125095886909472,"HIBCH":4.7836082087705805,"PMPCA":1.6578218241679659,"CHCHD4":1.9753765994122705,"DNAJC19":3.607167811340664,"C1QBP":2.584490667622572,"CETN3":1.584976904114066,"OXSM":0.8598384031137297,"PDHX":3.013533456812546,"CCDC127":2.965299131492171,"HSCB":4.173129690860308,"PBXIP1":1.9776532271373484,"DBT":4.6744284271813505,"MDH2":5.543936109602973,"SUPV3L1":1.4653866369072974,"NADK2":3.6465875253554514,"PTPMT1":3.700667553860352,"AIFM1":1.71155764319493,"ECHS1":2.0841605810796864,"OPA1":4.419920897871041,"DLD":2.9610645628766847,"MCUR1":1.7694749507947922,"BCKDHB":3.7304560267734557,"SUCLA2":3.0881090991906026,"VDAC1":1.5105886540069342,"PDHA1":3.833952722002807,"NIPSNAP1":3.322982454939803,"PDPR":4.703685351756513,"AUH":3.878740829829209,"PARS2":4.787712155695418,"CCDC90B":3.1548884154055377,"SIRT3":2.591925657227951,"ALDH5A1":2.1276459853716783,"POLG":2.66090311574925,"DLST":1.8057869505691702,"GCSH":3.8091208071269658,"TIMM9":2.0171429449173495,"TOMM70":3.581969160628749,"LRPPRC":0.8560565169515136,"TFAM":4.287608431396111,"ALDH6A1":2.2308608783703443,"PHB2":3.8433921062618865,"PMPCB":1.631653418320339,"DIABLO":4.052418413757392,"AFG3L2":1.1789656910563853,"ERGIC1":2.3049192175408297,"HSPE1":5.86539361148773}},"Overall Survival":{"min":-6.0,"max":6.0,"top_text":"High Survival Correlation","bottom_text":"Low Survival Correlation","map":{"HSCB":-0.22264712208481363,"NIPSNAP1":0.11508250930103267,"CCDC90B":-0.10511461472186254,"POLG":0.028155595260563163,"TIMM9":0.0023274163453530397,"PDPR":0.11151709799658037,"HIBCH":-0.20060584802244688,"VDAC1":-0.1457520103999377,"PDHA1":-0.12012533797567616,"OPA1":0.33062117398421986,"SIRT3":-0.4858746899640898,"DNAJC19":0.21816422745291122,"GCSH":-0.271909087116874,"SSBP1":0.057979418900285996,"PTPMT1":-0.645533448727254,"TOMM70":-0.18364551509937255,"LRPPRC":-0.03014008232093747,"TSFM":0.29143956406308363,"PBXIP1":-0.07105627593007403,"CHCHD4":0.7520362961012924,"C1QBP":0.06273721282783516,"ERGIC1":-0.25289274786704047,"MDH2":-0.19550146233629925,"AIFM1":0.056147132912738686,"ECHS1":0.3913965082542478,"ALDH6A1":0.6029810262086153,"AUH":-0.15733993054497689,"HSPE1":-0.41347217925722685,"ALDH5A1":-0.08801486852021637,"CCDC127":-1.0314936294991004,"DLST":0.6801123128339451,"SUPV3L1":-0.007635544706009739,"PARS2":-0.9312340413776774,"AFG3L2":-0.19058937794283695,"BCKDHB":-0.2527910845179937,"PMPCB":-0.3353698281669069,"CETN3":-0.3539144580951623,"DBT":0.21226705615039212,"DIABLO":-0.0615539665219386,"MCUR1":-0.14419706230584944,"TFAM":-0.17591895583375114,"PHB2":1.065351381531038,"NADK2":-0.40936409790649125,"PMPCA":0.009544137651928178,"POLG2":-0.5686573609108818,"DLD":0.4061816828825795,"SUCLA2":-0.2400035865887175,"OXSM":-0.18965358172006813,"HSPD1":-0.0004652615701074577,"ABHD10":-0.5851373513171207,"PDHX":-2.2261359169813364}},"NPM1 Subtype":{"min":-37.0,"max":37.0,"top_text":"Committed NPM1 Subtype","bottom_text":"Primative NPM1 Subtype","map":{"PTPMT1":-5.716149969046654,"C1QBP":-3.890608203582633,"CHCHD4":-1.2234814502753368,"TFAM":-11.00922572682379,"HSPE1":-11.199417137720891,"AFG3L2":-6.793963293495538,