{"Mutation NPM1":{"min":-30.0,"max":30.0,"top_text":"High NPM1 Correlation","bottom_text":"Low NPM1 Correlation","map":{"STT3A":-0.4251720169910112,"H4C2":0.0,"CACNG6":0.0,"SKP2":-1.6434182792209076,"PPFIBP1":7.4358767034987725,"MSMO1":0.3664133141658583,"MOB3C":0.11512033416567818,"TTYH1":0.0,"CEPT1":0.3737266403884096,"BSCL2":-2.6366229684023215,"MRPS15":0.5476449931923243,"YOD1":-6.478504824804754,"ST7":-1.464154103836841,"TMEM169":0.0,"EGFL8":0.0,"FHL2":-1.2374270147544288,"CANX":-0.9598249786965297,"CKAP4":-1.6510757886347813,"CACNG8":0.0,"SLC35B2":-0.7830573134886925,"ZNF770":-1.8688831495542817,"AMFR":-0.1261625902383599,"GATA1":-0.8850657540454211,"OBSL1":1.7749883701117535,"TMOD1":-5.0385268784487325,"CD63":0.07271473808013454,"GGCX":-1.2815751097396175,"PRKAR1B":-2.2424219971551937,"CMTM5":0.36235588999678947,"STT3B":-0.805532020397997,"KANK2":-0.9413693563432622,"CCRL2":0.5973258953552707,"FITM2":0.0,"SLC25A3":-0.07958858990626201,"SEC61B":0.37175122495508905,"NDC80":-0.719839385018763,"BRPF3":-2.293096362313915,"CD1E":0.0,"DERL1":-0.8500704883713309,"DNAJC6":-2.9980320523843744,"CMKLR1":0.0,"GMNN":0.6342395353624088,"POMK":-6.500903242808916,"FBXO7":-5.868148557716225,"PIGN":1.4807113016192304,"TMEM147":0.24370778526205158,"C3AR1":3.621667386913083,"PRMT2":-0.05429400605896758,"GPR52":0.0,"SIGLEC1":-1.4282520478273328,"SLC33A1":0.1978790790818737}},"Blast Percent":{"min":-11.0,"max":11.0,"top_text":"High Blast Percent Correlation","bottom_text":"Low Blast Percent Correlation","map":{"POMK":-2.4319550429648573,"FBXO7":-2.2574509679608794,"ST7":0.03905023705003239,"TTYH1":0.0,"FHL2":-3.3663773070169585,"SEC61B":0.31896317272431707,"SKP2":-0.31240760744215357,"CMTM5":-4.147935512850159,"BRPF3":0.01503619804831964,"SLC35B2":0.6736362737814015,"CD1E":0.0,"CACNG8":0.0,"SIGLEC1":-2.6233206147242183,"SLC25A3":0.005932196358431744,"MRPS15":0.4387102787093931,"MOB3C":-2.0171429449173495,"PPFIBP1":0.7421857244663651,"KANK2":-1.0107000753303745,"GGCX":-0.2412306092108759,"FITM2":0.0,"GMNN":-2.1561824619638963,"PRMT2":0.899580503711738,"TMOD1":-3.4451310634507157,"YOD1":-3.922522558275025,"CANX":-1.6554512699106405,"EGFL8":0.0,"CACNG6":0.0,"STT3A":-1.2534295696329008,"CMKLR1":0.0,"TMEM147":-0.6893579681522244,"CCRL2":-2.8233410993226364,"H4C2":0.0,"OBSL1":1.8066802649919973,"MSMO1":0.2199285353438566,"CEPT1":-1.7028131083453524,"NDC80":-1.1005487704943424,"DNAJC6":-2.043840454383044,"DERL1":-4.574506219329879,"ZNF770":-0.7652989206874647,"BSCL2":-0.7217208492891669,"TMEM169":0.0,"CKAP4":-6.148425443857611,"PRKAR1B":-0.7056411062689883,"AMFR":-1.153977363413596,"C3AR1":-1.7312903625750833,"CD63":-1.3847064335664174,"GATA1":-1.7479818907364875,"SLC33A1":-1.1897129911223985,"PIGN":0.21101027077201165,"STT3B":-0.1514534153247713,"GPR52":0.0}},"MuSiC CD14 Mono":{"min":-50.0,"max":50.0,"top_text":"High CD14 Mono Correlation","bottom_text":"Low CD14 Mono Correlation","map":{"NDC80":1.241804526377869,"FITM2":0.0,"CMTM5":1.0801401587960262,"MOB3C":1.906564020470753,"C3AR1":5.713945501754894,"SLC25A3":-1.2068920719494851,"CD63":3.834474431085008,"FHL2":0.03261943572126782,"SLC33A1":1.228536530767714,"SIGLEC1":1.1573678681171158,"TTYH1":0.0,"GMNN":-0.015715763870265666,"MRPS15":-0.9541424584213262,"CD1E":0.0,"BSCL2":-0.3135706004944843,"CKAP4":16.361205608478617,"SLC35B2":-2.1014054902614205,"DERL1":-0.4517278695652508,"GPR52":0.0,"YOD1":-0.10038926939348335,"ST7":-0.6438256630590578,"PIGN":-1.7726815006503998,"FBXO7":-0.4503500246385786,"MSMO1":-1.3978839839658623,"CCRL2":3.4288307063421537,"ZNF770":-1.0322416574577555,"DNAJC6":-1.4879884594087178,"TMEM147":0.28003635673471194,"KANK2":-2.776077060349935,"GATA1":-0.8060705578818932,"PRKAR1B":-5.298846805146362,"PRMT2":-1.6644059347656213,"CMKLR1":0.0,"CACNG8":0.0,"STT3B":-2.3483912120481674,"CACNG6":0.0,"CANX":0.2264897862573834,"SEC61B":0.2626436144148487,"BRPF3":-3.402646853837849,"H4C2":0.0,"TMEM169":0.0,"POMK":-0.6511573659964165,"CEPT1":0.9071329128378502,"AMFR":0.4926135974658332,"TMOD1":0.30419633812831226,"GGCX":-0.07503266605175002,"OBSL1":-3.073990455147884,"PPFIBP1":-1.983083070319204,"EGFL8":0.0,"SKP2":-0.5611041213633066,"STT3A":-0.1097970814791633}},"NPM1 Subtype":{"min":-37.0,"max":37.0,"top_text":"Committed NPM1 Subtype","bottom_text":"Primative NPM1 Subtype","map":{"BRPF3":-2.857899467007681,"KANK2":-3.7765218942285386,"GPR52":0.0,"YOD1":-0.06380084003293655,"CD63":3.54732540346194,"PIGN":-1.2290258266512426,"NDC80":2.263156909759963,"STT3B":-1.6142168281949107,"CMKLR1":0.0,"SLC25A3":-1.7532852225463946,"GATA1":-1.6503314818022978,"MSMO1":-2.444539857081255,"C3AR1":6.68686038686382,"POMK":-0.1717722037562741,"TMOD1":-0.30701168682008395,"MOB3C":1.5174012808648398,"MRPS15":-1.2345763052260066,"ZNF770":-0.5379053566700093,"BSCL2":-0.1396995468937341,"CANX":-0.31405400225911134,"GGCX":0.13620837975856492,"EGFL8":0.0,"SEC61B":0.25786083423916417,"PRMT2":-1.6930681829759748,"CD1E":0.0,"CACNG6":0.0,"DNAJC6":-1.7022805573569801,"GMNN":0.6855930521355497,"TMEM147":0.7851996279407069,"PRKAR1B":-4.543560847593174,"OBSL1":-4.121616307989659,"FITM2":0.0,"ST7":-0.09245835090740172,"PPFIBP1":-2.5922829929360014,"SKP2":0.25351747538537367,"TMEM169":0.0,"CEPT1":2.171610231284546,"SIGLEC1":1.07487692461772,"AMFR":0.8058228707492067,"CACNG8":0.0,"TTYH1":0.0,"SLC33A1":1.0365491653811163,"STT3A":0.06646948101093977,"CKAP4":11.458506283049383,"H4C2":0.0,"CMTM5":1.0290616804604809,"SLC35B2":-0.7097697502726616,"CCRL2":1.8642172100187666,"DERL1":-0.09254726814192704,"FBXO7":-0.3067639959262162,"FHL2":-0.38376845429067263}},"Overall Survival":{"min":-6.0,"max":6.0,"top_text":"High Survival Correlation","bottom_text":"Low Survival Correlation","map":{"TMEM169":0.0,"ST7":0.3691005284469113,"OBSL1":-1.7906899263000446,"GATA1":0.9225733980245929,"DNAJC6":-1.3238816734815018,"PRMT2":-0.08549108858342688,"TTYH1":0.0,"AMFR":1.1463707255122415,"STT3B":0.5421410325855953,"FBXO7":-1.0505412838441193,"TMOD1":-0.6309934461461655,"GGCX":0.5960712830252047,"SLC33A1":-0.0015477826794351689,"EGFL8":0.0,"BSCL2":0.03386986195926231,"GPR52":0.0,"PIGN":1.4046839067038321,"CMKLR1":0.0,"GMNN":-0.8701216307585782,"PPFIBP1":-0.5593729954144518,"SLC35B2":0.5290151969507467,"CACNG6":0.0,"H4C2":0.0,"POMK":0.37106019730664214,"ZNF770":0.9281795078026097,"CCRL2":0.23543632238260098,"CD1E":0.0,"BRPF3":1.224480018579783,"SLC25A3":1.4542741958742005,"TMEM147":0.22980430982573422,"PRKAR1B":0.26766092172468564,"NDC80":-0.545689004771714,"STT3A":-0.07960408818351955,"CEPT1":1.1799139453545373,"MRPS15":-0.22138676303780055,"DERL1":0.7663919117759522,"SIGLEC1":1.8835718630217866,"C3AR1":0.10455591788074814,"CACNG8":0.0,"CANX":0.9516411478360907,"FHL2":0.08341432400122915,"FITM2":0.0,"CD63":0.9322006419931693,"SKP2":0.01658971217894079,"CKAP4":-0.7128373351965334,"YOD1":-0.9410285759865138,"MSMO1":0.20281324106993276,"SEC61B":0.7188928083702123,"KANK2":-3.3099374686706318,"MOB3C":-0.13624117019138016,"CMTM5":0.4593855474836417}},"Mutation FLT3 ITD":{"min":-10.0,"max":10.0,"top_text":"High FLT3 ITD Correlation","bottom_text":"Low FLT3 ITD Correlation","map":{"STT3B":-0.20561596592188677,"PRMT2":-0.15612957129875074,"CMKLR1":0.0,"CKAP4":-0.8385968672033979,"AMFR":-0.03804987389200326,"DNAJC6":-2.1622673706888005,"SEC61B":0.13365342418189674,"C3AR1":0.06273442222184485,"PIGN":2.158819782189889,"GATA1":-0.13522455423885382,"FBXO7":-2.060037191118317,"MRPS15":3.193424798344578,"DERL1":-1.3309721209135228,"SLC33A1":0.13669154983774054,"TTYH1":0.0,"SKP2":-1.1895371733752407,"CCRL2":0.6480974353745537,"NDC80":-1.2821049916816711,"GPR52":0.0,"TMEM169":0.0,"POMK":-0.8931729386693221,"ZNF770":0.6453147737509666,"CEPT1":-0.564884887882735,"CACNG6":0.0,"GGCX":0.1570296380200337,"BSCL2":-1.2665208170412807,"SLC25A3":1.9633199272500041,"H4C2":0.0,"TMEM147":0.1847909508924259,"TMOD1":-2.1192477938821885,"MSMO1":1.3861032781804101,"FHL2":-2.5394779616126266,"GMNN":-0.9471002787698692,"BRPF3":-0.3962878480235951,"STT3A":-0.37205912953269715,"EGFL8":0.0,"CD1E":0.0,