{"Blast Percent":{"min":-11.0,"max":11.0,"top_text":"High Blast Percent Correlation","bottom_text":"Low Blast Percent Correlation","map":{"CCT8":-0.08810879798634769,"TCP1":0.03190983356126994,"H4C4":0.0,"PRMT5":-0.37224185652481384,"CCT2":-0.560802129146755,"CCT3":-0.3142774196153831,"HSP90AB1":1.433877292544966,"H4C5":0.0,"IPO7":-0.7930130065830738,"PSMA4":-0.08968512353078342,"EIF2S1":-2.613207289842856,"H4C12":0.0,"PSMB3":-0.38900709502310293,"AHSA1":-0.3283321291937643,"EIF6":0.7156966918882579,"PDCL3":0.7389961987429219,"HUWE1":-0.7379917797722944,"PSMB1":-0.10696155512657993,"ACTR1A":-1.3685893838603724,"PSMC3":-1.4096035255899042,"COPS5":-0.7621519789868738,"PSMD14":-1.8090078932428866,"PSMC6":-0.37231779965120826,"COPS4":-0.09383123647910305,"CCT7":-0.16053739046580848,"PSMC2":-2.731942924220445,"PSMC4":-1.0379205162097946,"CCT5":-0.5179480396568318,"ABCE1":0.3671771881567837,"CCT6A":-0.39571982277426276,"PSMA2":-0.8062851595296084,"YWHAE":0.12413977051627836,"EEF2":-0.24755115851452483,"CCT4":-0.5334390025471932,"PSMD2":-3.0511986216909186,"TUBB":-0.19695552172979722,"PSMB4":-0.15500707288721516,"EIF3F":0.17676598937101257,"SERBP1":-0.8653715114081116,"KARS1":0.39317130427752156,"HSPA8":-1.2026813871568238,"PAICS":-0.7577910213279135,"HSPA4":-0.08476691278570621,"PSMA3":-0.33957706969983037,"PSMD11":-2.0829770899652122,"USP14":-0.8725166126085377,"VCP":-0.7002938526615667,"H4C2":0.0,"HSP90AA1":-0.26605461016165755,"PSMA7":-0.7852341161687946,"VBP1":-0.6037828893313332}},"NPM1 Subtype":{"min":-37.0,"max":37.0,"top_text":"Committed NPM1 Subtype","bottom_text":"Primative NPM1 Subtype","map":{"PSMA3":0.5504599732893699,"PSMA7":1.0422575438406674,"H4C4":0.0,"CCT5":-0.4070265472198636,"CCT8":-0.6678265031095335,"PSMD14":0.2422766170007199,"PSMB1":0.7207440910680675,"COPS4":-0.4249972298733191,"COPS5":-0.9630556384946116,"H4C2":0.0,"HSPA8":-0.2149080663792353,"HUWE1":0.22756433550760774,"USP14":-0.602835512508913,"HSP90AB1":-1.42086727724631,"PSMC6":0.2943105531829725,"PSMB4":1.0004930173199433,"KARS1":0.12945873433893038,"VBP1":0.2578659271132476,"H4C12":0.0,"PRMT5":-1.153649995268762,"PSMA2":0.7103615517358178,"EIF6":-0.7562592216239329,"YWHAE":-0.03670043455846413,"CCT4":-0.23818506034900683,"CCT2":-0.46913179787936476,"TUBB":2.1268177234599466,"PSMB3":0.8733162934153392,"PDCL3":0.2987370737643676,"H4C5":0.0,"CCT6A":-0.3840462213200395,"PSMC4":0.2514880639879128,"AHSA1":-0.5830258239713039,"VCP":0.2996924545798663,"ABCE1":-6.051676528102565,"TCP1":-0.1663420426914179,"EIF3F":0.5326189648201313,"PSMC2":0.6644727381659856,"PSMC3":0.12114784805886533,"PSMD11":0.5063531170712627,"PAICS":-2.863901366189807,"HSPA4":-0.9811021528566507,"EIF2S1":1.211110183464235,"IPO7":0.28995896777276925,"PSMA4":0.37234292862739665,"PSMD2":0.26151707945862007,"SERBP1":-4.06088889862184,"ACTR1A":1.5377603237961361,"CCT7":-0.0875669214913264,"HSP90AA1":-0.84375389413137,"CCT3":-0.22598528783215893,"EEF2":0.6520431463704054}},"MuSiC CD14 Mono":{"min":-50.0,"max":50.0,"top_text":"High CD14 Mono Correlation","bottom_text":"Low CD14 Mono Correlation","map":{"PSMA4":0.5324251961299412,"PSMC6":0.8705567162556247,"PSMC3":1.5394606019039132,"H4C4":0.0,"H4C2":0.0,"PSMC4":1.2756012843941646,"PSMB4":2.124845475690792,"AHSA1":-1.0522149712935986,"TCP1":-0.3411650710255453,"ACTR1A":6.0536971946074125,"CCT5":-0.7013417170164383,"CCT4":-0.33324090018959696,"PSMD2":1.8932609705089276,"CCT3":-0.2716475955009964,"PSMB1":1.8575837870435175,"HSP90AB1":-1.4802449665652917,"EIF2S1":2.0725065063446872,"PRMT5":-1.1208584216510455,"H4C12":0.0,"YWHAE":-0.16466344982753647,"H4C5":0.0,"EIF6":-0.5070590086644529,"HSPA4":-0.4123427992593957,"PSMB3":1.6608238412459608,"PSMD14":1.4541129719867671,"PSMA3":1.3983308988334737,"PSMD11":1.9293491318653666,"COPS5":-2.264250487522636,"IPO7":0.5042956781124904,"CCT2":-1.1269974910023857,"ABCE1":-6.8885895536956525,"SERBP1":-6.54426641769853,"TUBB":1.8128589362377832,"CCT7":-0.26285282457937953,"PSMA7":1.7396242061405585,"PSMC2":3.9774904838243184,"COPS4":-0.34124795374069794,"CCT6A":-0.5961862828579956,"HSPA8":0.21490910916296246,"VCP":1.5189312094049967,"PSMA2":1.2729937238246662,"PAICS":-4.471239188888168,"USP14":-1.3858062703127574,"EEF2":0.4995522386088706,"CCT8":-1.3745224723524962,"KARS1":-0.04763054945906906,"HUWE1":0.725243463866499,"HSP90AA1":-1.4447769369335224,"VBP1":-0.29754417320614274,"EIF3F":0.413652807692151,"PDCL3":-0.0375862886704278}},"Mutation NPM1":{"min":-30.0,"max":30.0,"top_text":"High NPM1 Correlation","bottom_text":"Low NPM1 Correlation","map":{"COPS4":-0.693014252322001,"ABCE1":-0.5870454616813623,"H4C2":0.0,"SERBP1":-6.525408604785954,"PSMC6":0.039099858289298586,"PDCL3":0.6787767979810803,"VCP":0.11302685320097508,"ACTR1A":0.3012189899113647,"PSMA2":0.3143800389057026,"H4C5":0.0,"EIF2S1":-1.3760823939384406,"HUWE1":0.15089018429314932,"CCT3":-1.8919052100657971,"PSMD11":-1.1605654903205653,"CCT2":-3.48446176793588,"PSMD14":1.1580674389224166,"PSMC4":0.13244459801459507,"CCT4":-1.2285003991115975,"AHSA1":-0.08015542562063996,"PSMC3":-1.3379353698094445,"PSMA4":0.2375699496000761,"PSMA7":0.08580847906426262,"PSMD2":-2.1061319232346625,"COPS5":-4.006551956231067,"CCT8":-4.438826594188499,"CCT7":-1.1839962270374662,"HSPA8":-1.109637443395507,"CCT6A":1.35268144472197,"PSMB1":0.07942577826830313,"KARS1":0.12338557050480556,"CCT5":-1.82544866578662,"USP14":-5.551333472536455,"EIF3F":-0.2677655681666524,"EIF6":0.6583130160804401,"PRMT5":-0.7218467358990457,"TUBB":-0.2385340365636773,"EEF2":-0.17061352101822716,"PSMB4":0.06330607615928294,"PAICS":-7.303767767255692,"HSP90AA1":-0.017310282792451177,"IPO7":-0.8555533131327887,"VBP1":-4.480092637465026,"YWHAE":0.024387365718097163,"TCP1":-0.5331640847710573,"PSMB3":0.06644468115503709,"PSMC2":1.2139266722770805,"PSMA3":0.022483613565705808,"H4C12":0.0,"HSPA4":2.236903395749233,"HSP90AB1":0.03286583414187847,"H4C4":0.0}},"Mutation FLT3 ITD":{"min":-10.0,"max":10.0,"top_text":"High FLT3 ITD Correlation","bottom_text":"Low FLT3 ITD Correlation","map":{"PSMC6":0.4818727422517625,"PSMD11":0.04860338995874558,"H4C4":0.0,"TUBB":-0.4659311484263344,"HSPA8":0.001898457853518998,"H4C12":0.0,"PSMA4":0.04806838426178031,"PDCL3":1.5113782181975695,"PSMD14":0.42283331310834377,"SERBP1":-0.8944420247274277,"YWHAE":0.6321194024960436,"KARS1":0.7345495380195487,"CCT6A":0.04087730280328649,"ABCE1":-0.0016352740000588483,"HUWE1":0.1945352329866143,"COPS4":0.09549876239653987,"HSP90AA1":-0.06635588925647547,"PSMB3":0.16251802541836244,"EEF2":0.48834193972133677,"EIF2S1":0.6235279188743552,"VCP":0.6465270878514207,"CCT2":-1.1501897889170285,"CCT3":0.10963602773179969,"PSMB4":0.22200772469519983,"PSMA7":0.2270064004483134,"PSMB1":0.3808800496503802,"H4C2":0.0,"PRMT5":0.43008243593926765,"PSMC4":0.6883981511442515,"CCT8":-1.518624713881993,"PSMC3":0.3010401983383064,"USP14":-1.8830628276244739,"EIF3F":0.6839175568761072,"PSMA3":1.059551080447883,"EIF6":0.47365306820266123,"VBP1":-2.335700542448014,"PSMD2":0.1956599107665046,"AHSA1":0.2462929836710318,"PAICS":-1.3230240309792907,"H4C5":0.0,"COPS5":-1.0479167878421678,"HSPA4":3.170040110903423,"IPO7":-0.45731851174836885,"CCT5":0.16532086452361033,"CCT4":0.08114183036878843,"ACTR1A":-0.5356204885112543,"PSMA2":0.07100231927375546,"HSP90AB1":1.357610483532576,"CCT7":0.3219961985747694,"TCP1":0.00920955882497939,"PSMC2":0.30683568581840703}},"Overall Survival":{"min":-6.0,"max":6.0,"top_text":"High Survival Correlation","bottom_text":"Low Survival Correlation","map":{"AHSA1":0.06620434319481094,"USP14":-0.0949056955005452,"PSMC2":-0.1897509221436456,"PSMA2":1.3747567439310269,"KARS1":0.5683385108557156,"HSPA8":-0.07295063683679716,"CCT8":-0.6069284885182957,"PSMA3":-0.05405878126401016,"CCT5":0.1448757032423096,"H4C5":0.0,"PSMB3":0.22948333757947714,"PSMC6":0.03383536806299971,"PSMA4":-0.1277913702582444,"H4C4":0.0,"CCT4":0.09895864500824407,"PSMD11":-0.03634128157736263,"HSP90AA1":-0.4395977594417577,"COPS4":0.13046193695647001,"PDCL3":0.7726591272224322,