{"Blast Percent":{"min":-11.0,"max":11.0,"top_text":"High Blast Percent Correlation","bottom_text":"Low Blast Percent Correlation","map":{"APOC3":-2.4967110974882303,"CD19":-0.4318055168921536,"VCAM1":-1.6754452857927522,"ABHD14A":0.0,"STMN3":2.459950577564811,"AZGP1":-3.1790544359833475,"APOC1":-1.5731486410160953,"ERGIC3":-0.7457705559293928,"TF":-2.7468750632611796,"C4A":-1.0982451640127318,"C1QC":-1.721044989674092,"BSG":-3.822718729706639,"NRAS":0.21279681076895923,"PDGFC":0.0,"CD81":0.5071543376418999,"APOE":-4.3420523841107075,"RAB5C":-6.235907376326455,"APOA2":-3.517802246205603,"FGA":-4.937145104571725,"CYB5R3":-0.2735503652372148,"RPS6KA2":-0.9082937153132713,"APOB":-3.346941537500115,"PLTP":0.0,"STX4":-1.8018767400953903,"GNAI2":-3.1673409912300166,"PON1":-2.740268682045374,"SLC3A2":-3.5482169418219005,"SCAMP3":0.07434374755129586,"RPN1":0.14679113053446632,"ERGIC1":2.3049192175408297,"KNG1":-3.031259814077712,"EBP":-0.48117162386261997,"ALB":-2.0394930026178333,"VTN":-2.3883558012672954,"RAB5A":-1.4401429011325702,"RAB35":-2.641799515126824,"F2":-2.987114804544224,"NAPA":-3.1521148677097526,"ITIH4":-2.886736851434406,"C3":-2.142209393203788,"MGAT4B":-1.3136832741256521,"APOC2":-0.4794716015266428,"MTHFD2":-1.347595587220456,"SLC7A5":-1.8247314784105388,"HRAS":-1.5015273829770084,"SERPIND1":-1.5085749145304579,"APOA1":-3.424919133429988,"C9":-2.1393903776577625,"IGSF8":0.43902217640602903,"CD9":-1.3734472723408002,"ARF6":-2.332634397680407}},"Mutation FLT3 ITD":{"min":-10.0,"max":10.0,"top_text":"High FLT3 ITD Correlation","bottom_text":"Low FLT3 ITD Correlation","map":{"ERGIC1":1.1479378666912368,"APOC1":-1.9203510902173755,"NRAS":-0.6728593180793161,"RAB5C":-1.3583057221959507,"ITIH4":-2.9506136460616172,"GNAI2":-0.07035701088645917,"SLC7A5":-1.7829583378077816,"ALB":-0.8160759256632604,"CD19":-0.19875328112892693,"VTN":-2.2744555087261062,"CD81":-0.16158351358796638,"SLC3A2":-0.5924531637590763,"IGSF8":0.2642072584729415,"APOB":-2.6579809621573167,"C4A":-1.7322644186946818,"KNG1":-2.141287623502634,"EBP":-0.8697404225141088,"PON1":-1.942712850992232,"AZGP1":-2.4559216629013556,"C1QC":0.5264794098617065,"APOC3":-1.923753298866965,"RAB35":-1.6330288134284061,"FGA":-2.5817653341314184,"C3":-2.3442681519315847,"ERGIC3":0.22875211708035703,"RAB5A":-0.24833186344575767,"APOC2":-1.3018718849931565,"HRAS":-0.3351225809020064,"F2":-2.4635239256058745,"TF":-2.978787661016507,"STMN3":-0.9317259048865998,"APOA2":-1.219593579655549,"BSG":-0.5000667509519439,"CYB5R3":0.6032425872206164,"C9":-2.40194494358429,"PLTP":0.0,"MGAT4B":-0.238224860562754,"MTHFD2":-0.5734242763884961,"RPS6KA2":-0.9440996220253953,"APOE":-2.5573316519095552,"SCAMP3":0.25295833099418347,"CD9":0.07264214908363462,"APOA1":-1.8194175188023785,"PDGFC":0.0,"ARF6":1.0057614505913428,"ABHD14A":0.0,"SERPIND1":-3.749740904106094,"RPN1":-0.012225016413125043,"VCAM1":-1.2649255808047393,"NAPA":-0.45094353474737525,"STX4":-0.013306233735033984}},"MuSiC CD14 Mono":{"min":-50.0,"max":50.0,"top_text":"High CD14 Mono Correlation","bottom_text":"Low CD14 Mono Correlation","map":{"APOE":1.1573471922619887,"CD19":0.14908515058618835,"RAB35":9.646633740505852,"CYB5R3":-0.035741329680165204,"STMN3":-7.848747570238651,"PDGFC":0.0,"PLTP":0.0,"SLC7A5":-3.136351594199969,"ARF6":10.03536031165224,"SERPIND1":0.24235196124859554,"BSG":7.5157955712584466,"APOA1":0.12538516878526001,"VCAM1":-0.09673777026112758,"RAB5C":11.18743479736458,"STX4":5.223110850503825,"MGAT4B":-0.3478765559351067,"PON1":0.15405200674690953,"RPS6KA2":3.121414889409664,"C3":0.8319102211576486,"AZGP1":0.5998632287345891,"SLC3A2":3.034533614696566,"NRAS":-0.11082924392259495,"FGA":1.3935216694166261,"F2":1.2963738346724984,"NAPA":8.238005670906634,"CD9":2.0020717356458486,"APOC2":0.020909020993583872,"GNAI2":20.020967711682758,"IGSF8":-4.717961220399714,"APOC1":0.23294036414707403,"EBP":-0.3711194351429752,"ERGIC1":-8.161335368541044,"ITIH4":1.8370809419145844,"TF":-0.35093084812114683,"RAB5A":4.168069823818585,"MTHFD2":0.10091985363103761,"SCAMP3":0.3817577154755144,"ALB":0.731000662795529,"CD81":0.005577508395725572,"APOC3":0.36384078542068055,"RPN1":-0.8539539384471044,"HRAS":0.96631291691772,"KNG1":2.0434488380852103,"VTN":0.9483233701251181,"ABHD14A":0.0,"ERGIC3":-0.5556980015393624,"APOB":-0.04076714361444173,"APOA2":-0.01732113307668791,"C4A":0.35181010341802965,"C9":1.8195724747289141,"C1QC":4.056434341642037}},"Mutation NPM1":{"min":-30.0,"max":30.0,"top_text":"High NPM1 Correlation","bottom_text":"Low NPM1 Correlation","map":{"ABHD14A":0.0,"RPS6KA2":-3.136422178852505,"APOB":-1.4457091018465706,"SCAMP3":0.4543706018758599,"ERGIC3":0.5029777075957261,"STMN3":-0.4451027932589029,"C3":-0.4381347265818473,"EBP":-0.37154154121162225,"VTN":-0.5826377029322074,"RAB5C":-0.5770151584312811,"ARF6":0.02183481721384159,"RAB5A":0.01577026018868355,"SLC7A5":-6.9015980146783455,"CD19":-0.4398051372054944,"NRAS":-1.9652942125766553,"IGSF8":-2.152354413439926,"RPN1":0.13593365058046744,"APOC1":-0.9721010233568409,"ERGIC1":0.8020865248340642,"APOA1":-0.9125918346138866,"PDGFC":0.0,"TF":-1.4430072670509297,"VCAM1":-2.1319928075892047,"RAB35":0.5470041419794166,"STX4":-0.1407086490782231,"ALB":0.1403034551825986,"APOE":-0.7124076466612855,"BSG":-0.10233524183158392,"F2":-0.39884953700454207,"CYB5R3":-0.2933026574519484,"APOA2":-0.5621549272938762,"APOC2":-0.33110704673748376,"KNG1":0.04739801396143039,"GNAI2":-0.16740879578280266,"MTHFD2":-4.437433468575296,"SERPIND1":-0.41380606414930887,"HRAS":-1.7517988494250734,"CD81":0.5538260689148696,"C4A":-0.301144556485626,"CD9":0.2736731126227407,"FGA":-1.9145522992873771,"AZGP1":-1.7068076461638244,"SLC3A2":-3.061414163178286,"ITIH4":-0.29536261452413487,"APOC3":-0.46537864254294165,"C1QC":0.2828908596488781,"NAPA":-1.0176363670882491,"C9":0.08574882157895707,"PLTP":0.0,"MGAT4B":-0.08193696817848695,"PON1":-1.2172937046091676}},"Overall Survival":{"min":-6.0,"max":6.0,"top_text":"High Survival Correlation","bottom_text":"Low Survival Correlation","map":{"GNAI2":1.242298261190537,"PLTP":0.0,"SLC7A5":-0.2189755793141625,"SERPIND1":0.5166478967105231,"CD81":-0.15653023311498468,"ITIH4":0.561853067062445,"EBP":0.3957647044063232,"ARF6":0.19820810276871087,"TF":0.0839338809587882,"APOC2":0.31242570815000603,"ERGIC3":0.38948126787224874,"PDGFC":0.0,"C3":0.1083916317552643,"STX4":1.3066593137283933,"ERGIC1":-0.25289274786704047,"CYB5R3":0.9264245304737745,"F2":0.32221651905713716,"ABHD14A":0.0,"CD19":-0.010487715809225754,"RPN1":-0.270082755236151,"SCAMP3":-0.13859780584958234,"C9":0.9688880153730429,"NRAS":0.39825985156005594,"BSG":-0.4579742810334648,"STMN3":-0.908704396165252,"RAB5A":0.10054113953336556,"AZGP1":0.17882028921684884,"MTHFD2":0.297132544002347,"HRAS":1.0468367100909786,"C1QC":-0.39618783940014246,"ALB":0.12188602207902692,"APOE":0.5652713053792872,"PON1":0.08015799891713869,"MGAT4B":0.770590174013443,"IGSF8":0.36592239859822134,"APOC3":0.41407058339343367,"SLC3A2":1.5295589754315693,"KNG1":0.21331376577406894,"RAB35":0.719694805196785,"RPS6KA2":0.43692414561414883,"VTN":0.15497760529465723,"APOA1":0.40273612541208303,"APOA2":0.05232266975973171,"CD9":1.9943032686528337,"C4A":0.19170116160904668,"APOC1":0.12162621698624626,"APOB":0.2890629079939418,"VCAM1":0.06301235481581237,"NAPA":0.1304080034056271,"RAB5C":0.2348787682636548,"FGA":0.3156687049179151}},"NPM1 Subtype":{"min":-37.0,"max":37.0,"top_text":"Committed NPM1 Subtype","bottom_text":"Primative NPM1 Subtype","map":{"ABHD14A":0.0,"BSG":5.545907414789077,"CD19":0.0777661825019285,"APOC1":0.5584536601110708,"EBP":0.3272229422859691,"VTN":1.3476527211507023,"CD81":0.1696148623605718,"FGA":1.223582183809986,"APOC3":0.6559190015752016,"STMN3":-3.945609991347696,"RPN1":-0.9730784441664453,"STX4":2.712695606768425,"ERGIC3":-0.017519134266122168,"ITIH4":2.095465762281404,"CYB5R3":-0.08218506652652043,"CD9":2.02863810906536,"PLTP":0.0,"TF":-0.15215792474573275,"GNAI2":13.86449573447355,"SCAMP3":0.5139685300660772,"APOA2":0.5198330057890678,