{"Blast Percent":{"min":-11.0,"max":11.0,"top_text":"High Blast Percent Correlation","bottom_text":"Low Blast Percent Correlation","map":{"AP1G2":-1.175704443037517,"ACVR1":-0.47240123094264946,"TSPAN32":-0.9633496776282812,"ICAM2":-0.17769208048358684,"MGLL":-1.9347789019611914,"MSRB3":1.4835310641527257,"CST3":0.04465984363961809,"C11orf21":0.0,"SLC25A45":0.0,"FYN":-3.0233410102981675,"CAT":-0.5394372695985972,"AK2":1.0253457203173955,"PRDX5":-1.7165589683711904,"DPP7":0.6223682460871393,"TRIM34":0.0,"BSPRY":-0.15435347347455786,"CD84":-2.0492459482932786,"MGST1":1.0969990913442125,"DPEP2":-0.38380556684627376,"TMEM106A":3.131769473065707,"VIM":0.2967500512487655,"IDUA":4.755797817668024,"EEF1AKMT3":0.0,"DCUN1D4":1.8717245622647811,"GSTK1":0.7136607009463741,"LGALS1":0.5429867105169989,"PIK3R6":0.4373270567906732,"SUSD1":-0.8702401784794537,"ESYT1":4.242507371781817,"MYH9":-5.129980406574905,"ATP8B4":-0.5912447821383234,"PLD1":0.5087185955562084,"LSP1":-5.2535247951272845,"TBXAS1":0.13211499750280828,"DOK2":-3.8301944949952116,"IL1RAP":0.4712384039719075,"GLIPR1":-0.14550869296959995,"LYN":-3.6433702663498777,"VMP1":-1.2714681749711827,"CTSO":1.8986757296897485,"CTTNBP2NL":1.553180060863227,"ACVR1B":0.0,"PRR33":0.0,"CSK":-1.382275903739603,"CD300A":-2.5823413890528726,"LRMDA":1.0164593794440142,"PICK1":-2.8628924084265277,"PIK3CG":-1.279004055182644,"PECAM1":-2.5267045809631847,"ACVR2A":0.0,"MAN2B1":-0.0468180742785757}},"Mutation FLT3 ITD":{"min":-10.0,"max":10.0,"top_text":"High FLT3 ITD Correlation","bottom_text":"Low FLT3 ITD Correlation","map":{"GLIPR1":1.7030337559036428,"DPP7":0.8367917424059818,"CD300A":0.04624201786933666,"PIK3R6":6.373477499168187,"CAT":0.015714952199024614,"SUSD1":3.738110707661112,"AK2":2.448540200264255,"ICAM2":2.380790857305549,"MAN2B1":3.0633857347534077,"ATP8B4":0.9475942099614739,"BSPRY":0.6287878353532795,"EEF1AKMT3":0.0,"TSPAN32":2.5533296862677,"ACVR1B":0.0,"MSRB3":-0.6367618223158331,"CD84":0.11634938272180385,"ESYT1":-0.1576328437373613,"MGLL":-0.3470993779375885,"TBXAS1":3.02564706341073,"IDUA":0.6646672956971251,"ACVR2A":0.0,"PIK3CG":1.4641670805437423,"PICK1":2.235336716584041,"PRDX5":-0.8539538783365124,"VIM":4.518902047611949,"AP1G2":-0.10215692581194742,"SLC25A45":0.0,"CST3":-0.033219591854902496,"DPEP2":1.1433738278186443,"GSTK1":1.687286429316474,"VMP1":1.0602127632669789,"C11orf21":0.0,"ACVR1":2.521383487421455,"PECAM1":-0.49830028481706506,"TRIM34":0.0,"FYN":-0.2779477243807064,"LRMDA":2.1996320006690357,"PRR33":0.0,"MGST1":1.3043517266337994,"DCUN1D4":-0.9970047482501304,"LSP1":-0.7865295856314709,"CTTNBP2NL":1.2793904852478737,"LYN":-0.2494900342467458,"MYH9":-0.5011356149612094,"CSK":0.25613328241541566,"PLD1":-0.46711159696162047,"DOK2":0.2904377672716008,"LGALS1":0.967140641944531,"CTSO":4.152533115976878,"IL1RAP":5.495883633675487,"TMEM106A":1.4278869517257924}},"NPM1 Subtype":{"min":-37.0,"max":37.0,"top_text":"Committed NPM1 Subtype","bottom_text":"Primative NPM1 Subtype","map":{"LYN":14.423189763765572,"DPEP2":6.125315992347685,"TMEM106A":-0.1460467084894214,"DCUN1D4":-9.503297370410223,"ATP8B4":2.6270687455709805,"AP1G2":12.990426290911635,"BSPRY":-6.065987301807646,"CTSO":0.2687325460127998,"TBXAS1":2.003568297258835,"MYH9":13.176780338482924,"CST3":12.944669357779222,"DPP7":0.06380236272526062,"CD84":1.8927144600888688,"MGLL":6.236896752292444,"PRR33":0.0,"IL1RAP":0.18643302774051623,"SUSD1":2.8403185462994793,"GSTK1":1.2477603206302261,"VIM":3.855961736803668,"CD300A":14.880205166191596,"AK2":2.181329064194846,"PIK3R6":0.9218148994374609,"MGST1":-1.7771114749547976,"GLIPR1":6.161450647559917,"EEF1AKMT3":0.0,"IDUA":-1.1557739419404975,"ICAM2":0.5540854158087308,"MAN2B1":2.0624823155258416,"TSPAN32":2.236794620806927,"MSRB3":-2.9408572038774556,"PLD1":-0.5378710563342356,"ACVR2A":0.0,"TRIM34":0.0,"SLC25A45":0.0,"C11orf21":0.0,"PRDX5":0.17097941051904533,"LRMDA":1.6487202704968702,"PICK1":0.11219721993947208,"LGALS1":10.513565243023853,"LSP1":7.803144444845527,"CTTNBP2NL":0.6967498827650909,"ACVR1B":0.0,"PIK3CG":9.192346116169437,"CSK":12.73926275076637,"VMP1":10.637183846012357,"DOK2":14.581764485837367,"ACVR1":1.0020792036521495,"CAT":0.18217137200309078,"FYN":9.304634828617822,"PECAM1":12.706354427110258,"ESYT1":0.10700476883214449}},"MuSiC CD14 Mono":{"min":-50.0,"max":50.0,"top_text":"High CD14 Mono Correlation","bottom_text":"Low CD14 Mono Correlation","map":{"C11orf21":0.0,"TSPAN32":2.794459872394671,"EEF1AKMT3":0.0,"CD300A":19.381213236756132,"ICAM2":1.3262588135212345,"AK2":3.8722711440610107,"GSTK1":2.341741469491853,"ACVR2A":0.0,"LRMDA":2.3876377173525767,"DOK2":16.21657380183247,"FYN":11.980012779053814,"PICK1":0.9183883551047662,"CTSO":1.3803688414830013,"GLIPR1":7.485787139471243,"CST3":11.5727189230167,"BSPRY":-4.133845874966153,"VIM":5.178707624203485,"MGST1":-1.807964667450817,"ESYT1":0.028920706174476545,"MSRB3":-0.8117571342283967,"ACVR1":2.060431104633156,"PRDX5":1.525006476409309,"TRIM34":0.0,"CTTNBP2NL":0.22188043987443895,"TBXAS1":2.1660742363497185,"MGLL":6.578394001514892,"DPEP2":11.272962445068002,"LSP1":6.948562433204503,"MYH9":18.85590437042841,"ACVR1B":0.0,"SLC25A45":0.0,"IDUA":-0.85039198441133,"CSK":13.96531535718625,"LYN":21.003818451302905,"VMP1":10.640977028002663,"ATP8B4":3.1617182299785753,"CAT":1.0256693035530864,"PLD1":0.10873593884243889,"DPP7":1.0808843265288821,"MAN2B1":2.4561613828398206,"AP1G2":11.25263241714625,"SUSD1":5.115352502476026,"LGALS1":11.638771743548812,"DCUN1D4":-12.425543176371686,"PECAM1":14.670558968847258,"PIK3R6":0.9662162242152431,"IL1RAP":0.9827186976049943,"PRR33":0.0,"PIK3CG":8.493931752630944,"TMEM106A":-0.08933229475974266,"CD84":2.5695181295534426}},"Overall Survival":{"min":-6.0,"max":6.0,"top_text":"High Survival Correlation","bottom_text":"Low Survival Correlation","map":{"DPEP2":-0.0064749188063582,"DOK2":1.328615051447904,"EEF1AKMT3":0.0,"MSRB3":-2.3125404826719955,"PECAM1":0.6271908570894307,"PRR33":0.0,"GLIPR1":0.7147899334406567,"MAN2B1":-0.2751127472179321,"MGLL":0.7446761375466936,"GSTK1":0.00025825542789021636,"ICAM2":1.5710753102825301,"SUSD1":0.5135480424240776,"ESYT1":2.325196402768218,"VMP1":1.5493501479458154,"PLD1":-0.29171300793833466,"CSK":1.2751334827472744,"CAT":-0.7947086973778369,"PRDX5":-2.3640048657701476,"SLC25A45":0.0,"ATP8B4":-0.48984492975290406,"CTSO":0.19289894025710735,"AP1G2":0.8501894701731684,"TMEM106A":0.0760233980958004,"LRMDA":-0.08451468078729632,"PICK1":-1.7385632076107678,"BSPRY":-0.6831515405787973,"C11orf21":0.0,"ACVR1":0.6748006331762976,"LSP1":0.8971219076091207,"CD300A":0.00202390409109206,"CST3":0.12631468936524637,"CTTNBP2NL":-0.04434994336613931,"PIK3R6":1.9952802606447348,"PIK3CG":1.5485043896543997,"MYH9":1.0737103680222333,"TSPAN32":0.45683676231418635,"IDUA":0.3399789043697058,"IL1RAP":0.16020649905381842,"LGALS1":0.15661389554221225,"TBXAS1":0.88496929945378,"LYN":0.2698452587485424,"ACVR1B":0.0,"FYN":1.6366995096623498,"TRIM34":0.0,"MGST1":-0.03806521134503463,"AK2":0.10062136945773596,"DCUN1D4":-0.4876811566270394,"CD84":0.5181739004669332,"VIM":0.6875673700647285,"ACVR2A":0.0,"DPP7":-0.45971755965017375}},"Mutation NPM1":{"min":-30.0,"max":30.0,"top_text":"High NPM1 Correlation","bottom_text":"Low NPM1 Correlation","map":{"CAT":4.269381836040916,"LGALS1":3.810117944260426,"TMEM106A":2.1503972131672895,"AK2":12.88833722841369,"DPP7":3.072582723837251,"GLIPR1":4.442426215270369,"ACVR2A":0.0,"TBXAS1":10.004657251900001,"DOK2":1.835287884384609,"CTTNBP2NL":3.6628122190347483,"LRMDA":7.225198902875077,"PRR33":0.0,"PLD1":-0.2345412145869836,"CTSO":5.976960235311543,"TSPAN32":5.112663446054864,"BSPRY":-0.7352674920691028,"CD300A":1.195190903821783,"CD84":0.11718709479405884,"PIK3CG":0.40394627967710406,"CST3":3.545911187354745,"PECAM1":0.014290226615576612,"FYN":-0.017499207158208355,"TRIM34":0.0,"MGLL":0.06646763451640178,"PIK3R6":4.289136719992717,"ATP8B4":6.140334661871132,"LSP1":-2.851484223903533,"MYH9":-0.006899456921615533,"IDUA":4.412401711653277,