{"Mutation NPM1":{"min":-30.0,"max":30.0,"top_text":"High NPM1 Correlation","bottom_text":"Low NPM1 Correlation","map":{"DNAJC7":0.6806146756801227,"IKBKG":-0.016851167492180213,"PPP2R1A":-1.1218880837134002,"PFDN1":-3.28138560183623,"TAB1":-4.814630887014377,"PPID":2.0325254426328514,"YWHAE":0.024387365718097163,"AHSA1":-0.08015542562063996,"AKT1":1.021275447586404,"EIF2S1":-1.3760823939384406,"NAA10":-3.657724168286218,"CC2D1A":0.7437340509229596,"DNAJA2":0.19011432197994266,"CDK5":3.2132102134111222,"VBP1":-4.480092637465026,"UNC45A":1.4814858907258135,"STUB1":1.6680274722186372,"DNAJB1":-2.490889136105262,"HSP90AA1":-0.017310282792451177,"EIF2S2":-3.408952053219704,"PSME1":-2.6550174520321885,"PRKACA":0.1921016142270881,"DNM1L":2.4791790238827733,"TOMM34":0.5630338921794465,"CDC37L1":-1.066657566140661,"SSNA1":-0.1601879656892515,"GAK":0.40746573747388537,"EEF2":-0.17061352101822716,"PCBP1":2.769268815023043,"USP19":0.32144929551303736,"TNK2":0.993090867440471,"PDPK1":-0.5334334073021296,"CDC37":-10.389063074254384,"RPS27":-1.8514861506927072,"PRAM1":-0.046924380522362384,"RNF31":-1.077293465683543,"UPF1":0.08499629813666772,"EIF4G1":-1.8338371833697422,"DPP9":-2.680228922796584,"STK11":-1.85048162534006,"PPP5C":-5.8019461734776545,"STIP1":-5.822965178151434,"ARAF":-0.4405918552344068,"HSP90AB1":0.03286583414187847,"IGBP1":-1.3985504041196402,"UBE2M":-4.5197693237220395,"MAP2K7":0.7950525316808457,"COPE":1.6171408243176646,"CSK":0.9528336097970239,"DCTN1":0.3978523496195466,"MAP2K2":-2.7877318037637333}},"MuSiC CD14 Mono":{"min":-50.0,"max":50.0,"top_text":"High CD14 Mono Correlation","bottom_text":"Low CD14 Mono Correlation","map":{"PDPK1":13.343586394099852,"STIP1":0.2530565128372497,"MAP2K2":3.718832057077152,"USP19":0.5113240694056389,"COPE":7.956184738590105,"EIF2S2":2.279063823183529,"PFDN1":-0.24517809634490967,"DPP9":2.3109144522196923,"PPP5C":-0.05990288447607278,"STUB1":1.6459911798216191,"STK11":-0.6351811125497109,"TNK2":5.418225646234744,"DNAJC7":10.121226081279918,"TAB1":0.11308450620174584,"SSNA1":4.509499265324772,"RNF31":1.3505074060529592,"CSK":13.96531535718625,"CC2D1A":9.5977240896271,"NAA10":-2.8954572377688494,"MAP2K7":-0.2566176938943331,"UNC45A":4.107289923255072,"DNAJA2":0.6019356003943059,"CDC37":1.586250217407549,"HSP90AA1":-1.4447769369335224,"DNM1L":1.6437702371925595,"IGBP1":2.360652013704903,"YWHAE":-0.16466344982753647,"CDK5":3.559444371285434,"ARAF":6.973000551711284,"TOMM34":-2.5988296661396446,"PRAM1":2.992610518489693,"UBE2M":-5.74647315359,"AKT1":2.103269726914667,"EIF4G1":3.8542902185282886,"CDC37L1":-2.4684704408525793,"GAK":11.128647550355916,"VBP1":-0.29754417320614274,"EEF2":0.4995522386088706,"UPF1":1.3139946640447007,"HSP90AB1":-1.4802449665652917,"PPID":1.2981527237191295,"DNAJB1":-1.6011283320270795,"AHSA1":-1.0522149712935986,"PSME1":0.9373676981616659,"EIF2S1":2.0725065063446872,"PPP2R1A":3.099205687022397,"PRKACA":13.100490506865803,"IKBKG":17.09949150958655,"DCTN1":7.1220216257668465,"PCBP1":1.5757026826923994,"RPS27":-1.0458471365826032}},"NPM1 Subtype":{"min":-37.0,"max":37.0,"top_text":"Committed NPM1 Subtype","bottom_text":"Primative NPM1 Subtype","map":{"DPP9":5.481671719206783,"GAK":12.609927421259536,"PPID":0.7588889599418901,"VBP1":0.2578659271132476,"CDK5":0.40551374932542317,"PPP2R1A":1.6328769267655605,"STUB1":1.9378563585001845,"CDC37L1":-1.585679627799117,"MAP2K7":0.15017277746703403,"PRAM1":2.9991750342685632,"NAA10":-1.5276732966383706,"DNM1L":0.4658287391789375,"USP19":0.5885255121004864,"STK11":-0.22368182467133013,"SSNA1":5.898688071895796,"HSP90AB1":-1.42086727724631,"COPE":4.413985479403299,"TNK2":3.202847349424713,"RPS27":-0.1835425204409394,"CC2D1A":4.819759451811819,"ARAF":8.663363655214564,"PFDN1":0.3093344664409876,"TOMM34":-1.7641664964679302,"HSP90AA1":-0.84375389413137,"YWHAE":-0.03670043455846413,"CDC37":1.1680889435247672,"EIF2S2":1.4416144808029447,"MAP2K2":1.3839902251691674,"EEF2":0.6520431463704054,"DCTN1":2.586616806911027,"CSK":12.73926275076637,"DNAJC7":13.165392454233848,"PSME1":1.2217908339287904,"UNC45A":2.117538094364579,"DNAJA2":0.7846128332928715,"TAB1":0.7595792597693951,"DNAJB1":-1.746713162712639,"PCBP1":1.3990191828221321,"PDPK1":14.350273605342169,"AKT1":2.2386347341801978,"STIP1":0.24001474678749496,"IKBKG":17.959846590639536,"RNF31":2.2962336889769883,"EIF4G1":3.00375566132337,"PRKACA":10.235343760648462,"UPF1":0.29795341701585665,"AHSA1":-0.5830258239713039,"EIF2S1":1.211110183464235,"PPP5C":-0.11412838051569643,"IGBP1":2.544285495012878,"UBE2M":-3.5231166303496937}},"Overall Survival":{"min":-6.0,"max":6.0,"top_text":"High Survival Correlation","bottom_text":"Low Survival Correlation","map":{"EEF2":1.0784308341029578,"GAK":2.2793661259127065,"UNC45A":0.32119539975708256,"PRKACA":-0.2953163766316355,"AHSA1":0.06620434319481094,"PCBP1":0.2216954769504696,"PPID":-0.16195919549381604,"IKBKG":1.1962934655393556,"DCTN1":0.3831874732093503,"UPF1":-1.3064074851223233,"USP19":-0.10229165247872143,"PFDN1":0.597268624601125,"ARAF":0.8497848878996224,"HSP90AB1":0.5144695241166105,"RPS27":-1.4815078035820053,"PPP2R1A":0.026748844471600832,"STUB1":0.3291270649544706,"PRAM1":0.07408869119004002,"IGBP1":0.40353445682690675,"HSP90AA1":-0.4395977594417577,"EIF2S1":0.1529988141370025,"RNF31":5.1454557999365,"COPE":-0.48269694432986376,"EIF2S2":0.5188671202350688,"YWHAE":-0.5509604084690057,"UBE2M":-0.9517093549070187,"DPP9":0.1522691332192903,"CDK5":-0.575257834594644,"DNAJC7":0.03881778812342077,"CC2D1A":0.36582773492359993,"CDC37L1":0.5280749761464113,"CDC37":-0.05229350983661489,"DNAJB1":-1.5199042976563089,"PPP5C":-0.3163768965722957,"VBP1":0.5964063417289294,"NAA10":-0.35693751826406744,"SSNA1":0.7627629095500833,"PSME1":1.106934880960037,"TNK2":0.7777126302853201,"PDPK1":0.6605408717643508,"MAP2K7":-1.605517929169418,"TAB1":-0.8032868514693944,"STK11":-0.13334096690435868,"MAP2K2":0.24826667004508368,"STIP1":-0.10954503028739761,"DNM1L":0.09533102086890272,"AKT1":0.1246364468502269,"TOMM34":0.16631745512652535,"CSK":1.2751334827472744,"EIF4G1":0.226565957352099,"DNAJA2":0.1332903364043339}},"Blast Percent":{"min":-11.0,"max":11.0,"top_text":"High Blast Percent Correlation","bottom_text":"Low Blast Percent Correlation","map":{"DNAJB1":-0.39750740523357664,"CDC37":-5.302626103895697,"HSP90AA1":-0.26605461016165755,"VBP1":-0.6037828893313332,"EIF2S1":-2.613207289842856,"CC2D1A":-3.8549364591560447,"STIP1":-1.502014552609409,"UPF1":0.42439533629512294,"USP19":0.10703933456992891,"UBE2M":-0.01971789233558775,"PSME1":-0.681202000094243,"CDK5":1.3540686006989904,"COPE":-0.26547325252457094,"PRAM1":-1.1251344939698216,"PPID":0.1041139880155614,"MAP2K2":-3.602719243730383,"TAB1":-0.712474239108756,"IGBP1":-3.38279853079205,"HSP90AB1":1.433877292544966,"GAK":-1.1131304607714585,"UNC45A":-1.35963227636548,"TOMM34":0.3073686298433812,"PCBP1":0.6491150949401623,"SSNA1":-3.0030329542825394,"DCTN1":-2.6441143119775092,"RPS27":-0.10303127890926145,"PDPK1":-2.772459036069882,"EIF2S2":-2.6539925714029984,"ARAF":-0.8949486708155837,"PPP5C":-3.143711404173682,"AKT1":0.017053182784391534,"RNF31":-1.1606219571340455,"MAP2K7":0.04402804592066208,"PRKACA":-2.2618700623498125,"STUB1":-0.37973272851019385,"DNAJA2":0.768028128040136,"CDC37L1":-0.33735326246855235,"IKBKG":-3.5512211459081473,"PPP2R1A":-1.0113817070883602,"CSK":-1.382275903739603,"NAA10":-0.2989605039301353,"EIF4G1":-4.217820951405893,"YWHAE":0.12413977051627836,"STK11":-0.9989976422033596,"DNAJC7":-1.7967667908407252,"PFDN1":-2.2574509679608794,"DNM1L":-0.11140318242842832,"DPP9":-2.272368692836604,"TNK2":-0.6783673870594149,"EEF2":-0.24755115851452483,"AHSA1":-0.3283321291937643}},"Mutation FLT3 ITD":{"min":-10.0,"max":10.0,"top_text":"High FLT3 ITD Correlation","bottom_text":"Low FLT3 ITD Correlation","map":{"PCBP1":0.04929099806153448,"DNAJC7":0.7033559492949686,"DNM1L":1.196209054188388,"IGBP1":-0.6570751312226423,"STK11":-1.0205363882832434,"PRKACA":-0.28398607826093714,"CDC37":-3.1480915364053956,