{"Overall Survival":{"min":-6.0,"max":6.0,"top_text":"High Survival Correlation","bottom_text":"Low Survival Correlation","map":{"ARHGEF15":0.0,"PARD3":0.0,"PDGFRA":0.0,"WNT5A":0.0,"EPB41L5":0.0,"TANC1":-1.6133368495727127,"PROS1":1.3406097886081456,"ADH1B":0.1028997045145678,"BGN":0.0,"ENPEP":-0.14910496782970956,"KRT14":0.5428685526887272,"DZIP1":0.0,"TENM2":0.0,"MXRA5":0.0,"APOB":0.2890629079939418,"ARHGAP21":0.18446747030480468,"EPHA2":0.0,"PTPRK":0.0,"GFRA1":0.0,"SDC1":0.0,"AFDN":-0.07756131760027479,"TMEM47":0.0,"COL4A1":0.0,"CDH11":0.0,"IGFBP5":0.0,"CAV1":-0.14447947551038773,"COL1A2":1.296955019233559,"ARHGAP32":-2.2554882714475104,"FBLN1":1.219603391450428,"MPDZ":0.0,"GNG12":0.13499480718515627,"COL6A1":0.11900443223928922,"PXDN":-0.372569927208475,"FAM171A1":0.0,"MAGI3":0.0,"EFEMP1":0.0,"COL3A1":0.0,"MMP16":0.0,"PARD3B":0.0,"KIAA1671":0.6765868044845622,"PTPRG":0.0,"ANTXR1":0.0,"CTNNB1":-2.132978317636448,"TMEM132C":0.0,"C7":-0.08286338736187983,"FSTL1":-0.0935963150189377,"KIRREL1":0.0,"CDH2":-0.06596302992687286,"COL11A1":0.0,"NPTX1":0.0,"AMOTL2":0.0}},"MuSiC CD14 Mono":{"min":-50.0,"max":50.0,"top_text":"High CD14 Mono Correlation","bottom_text":"Low CD14 Mono Correlation","map":{"COL3A1":0.0,"IGFBP5":0.0,"PTPRK":0.0,"TANC1":-1.502619006509992,"PARD3":0.0,"ARHGAP21":0.3319392214472957,"BGN":0.0,"MXRA5":0.0,"EFEMP1":0.0,"TMEM132C":0.0,"PARD3B":0.0,"CAV1":-0.5302430407351745,"MMP16":0.0,"EPHA2":0.0,"APOB":-0.04076714361444173,"MAGI3":0.0,"ADH1B":0.5804522734518397,"ARHGEF15":0.0,"COL11A1":0.0,"EPB41L5":0.0,"KIAA1671":-0.3559235154751618,"PTPRG":0.0,"NPTX1":0.0,"FSTL1":0.03155382128284532,"TENM2":0.0,"TMEM47":0.0,"AFDN":0.5482277814363232,"ANTXR1":0.0,"PDGFRA":0.0,"COL1A2":0.05504844875566271,"CDH2":-0.703760176003105,"KIRREL1":0.0,"CTNNB1":-0.5009367214219028,"COL6A1":-0.4369789205719287,"SDC1":0.0,"MPDZ":0.0,"C7":2.266277806530954,"AMOTL2":0.0,"ARHGAP32":0.1148455877507839,"FAM171A1":0.0,"CDH11":0.0,"PROS1":0.9748206227585573,"GFRA1":0.0,"WNT5A":0.0,"ENPEP":-0.061981655333758344,"COL4A1":0.0,"FBLN1":1.109143926606135,"KRT14":-1.5522636370857634,"DZIP1":0.0,"GNG12":-0.2710666339294709,"PXDN":-1.0501124995014641}},"Mutation FLT3 ITD":{"min":-10.0,"max":10.0,"top_text":"High FLT3 ITD Correlation","bottom_text":"Low FLT3 ITD Correlation","map":{"MMP16":0.0,"PXDN":0.22918360690661194,"PROS1":-1.2920917668090575,"BGN":0.0,"MAGI3":0.0,"APOB":-2.6579809621573167,"ENPEP":-1.8347128548353293,"C7":-1.772880870689924,"COL1A2":-0.7590674959536498,"COL11A1":0.0,"TENM2":0.0,"KIRREL1":0.0,"COL6A1":0.4354447260078867,"ARHGAP32":0.08721101462023792,"KIAA1671":0.018357300768187087,"PTPRG":0.0,"CDH2":-0.8975727749382374,"NPTX1":0.0,"ARHGAP21":0.21330402052883166,"PARD3":0.0,"TMEM132C":0.0,"FSTL1":-0.6735735909578374,"EPHA2":0.0,"AMOTL2":0.0,"FBLN1":-0.32950392338038464,"CAV1":0.43890709235006165,"MPDZ":0.0,"GNG12":-1.2792884628260779,"CDH11":0.0,"TANC1":-2.1786712901533107,"EPB41L5":0.0,"FAM171A1":0.0,"COL3A1":0.0,"TMEM47":0.0,"PTPRK":0.0,"WNT5A":0.0,"ANTXR1":0.0,"DZIP1":0.0,"KRT14":0.050777201360446285,"ADH1B":-0.4960972675269791,"ARHGEF15":0.0,"AFDN":-1.3059246930939887,"EFEMP1":0.0,"PARD3B":0.0,"COL4A1":0.0,"MXRA5":0.0,"IGFBP5":0.0,"PDGFRA":0.0,"SDC1":0.0,"GFRA1":0.0,"CTNNB1":-0.4334147898916556}},"NPM1 Subtype":{"min":-37.0,"max":37.0,"top_text":"Committed NPM1 Subtype","bottom_text":"Primative NPM1 Subtype","map":{"CDH2":-0.9542912736557353,"BGN":0.0,"GFRA1":0.0,"EPHA2":0.0,"MAGI3":0.0,"CTNNB1":-0.511473725892018,"KRT14":-1.5794880495794863,"ARHGEF15":0.0,"COL11A1":0.0,"PDGFRA":0.0,"COL3A1":0.0,"CAV1":-0.3465734988006755,"EPB41L5":0.0,"TMEM132C":0.0,"PXDN":-1.326465084947384,"COL6A1":-1.0892384215419362,"ENPEP":0.2488044333054889,"PARD3B":0.0,"PROS1":0.9369832996137601,"TMEM47":0.0,"EFEMP1":0.0,"PARD3":0.0,"C7":1.7230025378133942,"AMOTL2":0.0,"TANC1":-1.3764341676765284,"AFDN":0.7264750444060954,"PTPRK":0.0,"SDC1":0.0,"COL1A2":0.3721132665539138,"KIAA1671":-0.3366153854893116,"FBLN1":2.473801039623822,"MMP16":0.0,"CDH11":0.0,"COL4A1":0.0,"APOB":0.8282395285596286,"ARHGAP21":0.6545521579375264,"ARHGAP32":-0.7812143399138398,"IGFBP5":0.0,"MPDZ":0.0,"TENM2":0.0,"WNT5A":0.0,"ANTXR1":0.0,"FSTL1":-0.10286795684534265,"NPTX1":0.0,"KIRREL1":0.0,"MXRA5":0.0,"DZIP1":0.0,"GNG12":-0.1999501867303338,"FAM171A1":0.0,"ADH1B":1.2394504427825748,"PTPRG":0.0}},"Blast Percent":{"min":-11.0,"max":11.0,"top_text":"High Blast Percent Correlation","bottom_text":"Low Blast Percent Correlation","map":{"KIRREL1":0.0,"CTNNB1":-0.03360939052225017,"WNT5A":0.0,"EPB41L5":0.0,"PARD3B":0.0,"ANTXR1":0.0,"PARD3":0.0,"TMEM132C":0.0,"MMP16":0.0,"TANC1":-0.6770141491285404,"ADH1B":-1.1481125489373825,"DZIP1":0.0,"AMOTL2":0.0,"ARHGAP32":-1.027574293017037,"FAM171A1":0.0,"SDC1":0.0,"GNG12":-0.9046075223213653,"TMEM47":0.0,"ARHGAP21":-0.7283069727530516,"PXDN":-0.45800574379449716,"NPTX1":0.0,"PROS1":-5.494457702019531,"BGN":0.0,"CDH11":0.0,"EPHA2":0.0,"KIAA1671":0.09997148670019129,"FBLN1":-0.10979138312391992,"COL6A1":-0.6410074068597889,"PDGFRA":0.0,"TENM2":0.0,"EFEMP1":0.0,"COL3A1":0.0,"COL4A1":0.0,"MAGI3":0.0,"KRT14":-0.5805995537434848,"MXRA5":0.0,"PTPRG":0.0,"IGFBP5":0.0,"CDH2":-0.3443316524679924,"ARHGEF15":0.0,"APOB":-3.346941537500115,"CAV1":-0.1785760131450302,"COL1A2":-1.7952954933526935,"PTPRK":0.0,"GFRA1":0.0,"AFDN":-1.496106563439253,"FSTL1":-2.295404513652364,"MPDZ":0.0,"COL11A1":0.0,"C7":-1.8101327548976007,"ENPEP":-0.48486506746923186}},"Mutation NPM1":{"min":-30.0,"max":30.0,"top_text":"High NPM1 Correlation","bottom_text":"Low NPM1 Correlation","map":{"WNT5A":0.0,"COL1A2":-1.8212602710517567,"IGFBP5":0.0,"TANC1":-5.899468460371163,"KIRREL1":0.0,"ARHGAP32":-1.3667503199912148,"TENM2":0.0,"PXDN":-4.0310993375699224,"MMP16":0.0,"GFRA1":0.0,"COL3A1":0.0,"ENPEP":-1.0503390121638427,"PDGFRA":0.0,"PTPRK":0.0,"PARD3B":0.0,"EPHA2":0.0,"PROS1":-0.7769140611259496,"COL11A1":0.0,"MAGI3":0.0,"DZIP1":0.0,"ANTXR1":0.0,"EFEMP1":0.0,"CTNNB1":0.49678202627901763,"TMEM132C":0.0,"NPTX1":0.0,"ADH1B":-0.1569192459308473,"COL6A1":-0.867418515260306,"EPB41L5":0.0,"COL4A1":0.0,"CDH2":-0.25754788479213947,"MPDZ":0.0,"CDH11":0.0,"CAV1":-0.6693585076647097,"APOB":-1.4457091018465706,"GNG12":-1.7649016386696357,"MXRA5":0.0,"ARHGAP21":0.3159829154875786,"TMEM47":0.0,"BGN":0.0,"FSTL1":-2.4253095331238566,"SDC1":0.0,"AFDN":-0.7697822435028056,"ARHGEF15":0.0,"C7":-0.9295102087352523,"PARD3":0.0,"AMOTL2":0.0,"FAM171A1":0.0,"KIAA1671":-0.8500825455494624,"PTPRG":0.0,"KRT14":-1.581956769357736,"FBLN1":0.14993401554092686}}}