{"Mutation FLT3 ITD":{"min":-10.0,"max":10.0,"top_text":"High FLT3 ITD Correlation","bottom_text":"Low FLT3 ITD Correlation","map":{"AHCTF1":0.246839705349046,"YEATS2":0.9387706694275766,"BRD1":0.0307072383968983,"MT-ND1":1.6713109021277204,"NOC3L":-0.48723743760255767,"ZNF8":-0.3004690186491878,"ZMYM4":1.536885503552627,"NR2C2":-0.07142975049210988,"MT-ND4":-0.5880419659863683,"KMT2B":-2.352221175389733,"BBX":-1.29540343006194,"CTCF":-0.30967221296562963,"PSIP1":-2.8115076186267416,"STK32B":0.0,"AUTS2":-0.22872080954709267,"MT-ATP8":1.0808488364892246,"PML":-0.4040103363077623,"GNL2":-0.5654819744855584,"MEN1":-2.4584589072418668,"CCDC137":-1.1323705492130025,"GTPBP4":-0.5062264346097826,"SURF6":-1.7409075589247753,"ZNF512":-0.4701867137922932,"RIOX1":-1.7146816440048038,"HDAC2":0.5237603838265383,"ZNF608":-0.8671770731260086,"GPR179":0.0,"CENPA":-1.308685954922877,"CDIP1":-0.474084060598771,"BRPF1":-3.6596664128935505,"REXO1":-2.3299354361895506,"ZSCAN31":0.1219567886503838,"KDM1A":0.19866792907262892,"RUNX1":0.3263092432852821,"KDM5B":0.2577318180786905,"KRR1":-1.1356429124529246,"PARP1":0.7195452093893925,"DDX18":-0.4130255021125189,"CREBBP":-0.03150655904984637,"CD200":-0.715102343221767,"NPM1":-1.0520844031272854,"ABT1":-0.00611161245790946,"ZMYM3":0.06582016940149317,"KAT6A":-3.213018981951749,"MYC":0.29382053195509006,"EHMT2":0.06738307884015166,"NOP2":0.3904317495936593,"ME3":0.08445865771989874,"ZNF280C":-0.13798272297674247,"KMT2A":-0.47061369499214006,"MT-ND2":0.0}},"NPM1 Subtype":{"min":-37.0,"max":37.0,"top_text":"Committed NPM1 Subtype","bottom_text":"Primative NPM1 Subtype","map":{"DDX18":-7.5555396400023636,"GPR179":0.0,"MYC":-2.814978620299115,"ZMYM3":-14.31475667647688,"KDM5B":-14.47720132262215,"YEATS2":-8.432469930920082,"NOP2":-6.31166900364867,"PML":-1.6847799436898738,"BBX":-6.736954353427515,"REXO1":-3.4193429757689917,"ZNF280C":-7.690954917360197,"CD200":-2.744530972107426,"ZNF608":-4.863606154549323,"ZMYM4":-10.161579977438594,"SURF6":-12.366320027592076,"ZNF8":-11.845091238203706,"ABT1":-8.90912605826267,"EHMT2":-14.404899518465175,"MT-ND1":-2.752291002390875,"MT-ND4":-0.6994819892708006,"CCDC137":-1.8775424718706473,"KAT6A":-1.8953292164232802,"ZNF512":-2.3003357580849717,"RUNX1":-10.82268566672236,"KMT2A":-4.773266770825573,"CTCF":-1.7848259612682305,"STK32B":0.0,"MEN1":-8.373675848346089,"NOC3L":-9.04539024658142,"BRPF1":-3.6991908980191086,"CREBBP":1.29703655263025,"GTPBP4":-4.3629393222878345,"PSIP1":-4.480302594262787,"ME3":-7.155974854021125,"CDIP1":-0.6314700733674206,"KRR1":-5.596537760572822,"CENPA":-0.6163784700023318,"GNL2":-4.730747118620033,"PARP1":-17.088509040652458,"BRD1":-3.8260528432328433,"NPM1":-13.438152303775192,"RIOX1":-5.948023529068778,"KMT2B":-3.204146862490907,"AUTS2":-8.054856269620974,"HDAC2":-8.44012458482962,"MT-ND2":0.0,"MT-ATP8":-0.37402046826037544,"NR2C2":-6.800203977726264,"ZSCAN31":-13.366811663710784,"AHCTF1":-1.8660372159936973,"KDM1A":-11.454216703226782}},"Mutation NPM1":{"min":-30.0,"max":30.0,"top_text":"High NPM1 Correlation","bottom_text":"Low NPM1 Correlation","map":{"AUTS2":-0.5876640880225839,"ZMYM3":0.283436023449797,"KMT2A":-0.7516679571546176,"CTCF":-0.44908392458058227,"CENPA":-0.34492279214760857,"ZNF280C":-0.06567722600655507,"DDX18":-2.259332477172579,"CDIP1":0.18227818566417037,"KDM5B":0.46748344027834343,"PML":-1.2695260905112806,"RUNX1":1.286856132553923,"BBX":-4.400267032110955,"MYC":-0.10168434394597319,"ZNF8":-1.5158171997203527,"BRD1":0.7422845214018746,"EHMT2":0.042812316914570464,"MT-ND2":0.0,"REXO1":-7.3067975256757185,"NOP2":-0.16986479373592345,"MEN1":-1.6247723960625462,"NPM1":-10.934537178762957,"ZSCAN31":-0.0554876990673608,"ZNF512":-0.9929750744007148,"YEATS2":-0.01380655038218106,"MT-ATP8":0.39855188115006857,"KRR1":-8.223669577980502,"GNL2":-6.924320140840715,"MT-ND4":-0.6756388143368872,"ZNF608":-5.205430451668013,"GTPBP4":-5.931162078751271,"NOC3L":-6.7161735218996155,"GPR179":0.0,"ZMYM4":1.4837286884172443,"CD200":-11.863731593143601,"HDAC2":0.6601444824937441,"KMT2B":-0.24495083072997828,"KAT6A":-8.927700470402373,"ABT1":-0.3947206801511592,"KDM1A":-0.3359988292238178,"ME3":-2.0044337193526047,"MT-ND1":0.6767171188702855,"AHCTF1":-1.3175624420253658,"SURF6":-10.172520681717767,"PSIP1":-2.2546003748712073,"CREBBP":-0.0055025576709553815,"PARP1":0.1597850710969594,"NR2C2":-0.02538607330339903,"CCDC137":-1.6260674624923772,"RIOX1":-9.79423345429622,"BRPF1":-10.759940331070714,"STK32B":0.0}},"Blast Percent":{"min":-11.0,"max":11.0,"top_text":"High Blast Percent Correlation","bottom_text":"Low Blast Percent Correlation","map":{"GTPBP4":0.49028081735385803,"ZNF8":2.538219357363262,"NPM1":2.0044213784871614,"ZMYM4":5.713130484140398,"MT-ND1":0.6073533839182051,"MYC":0.7481112329162724,"CENPA":-0.7485829406072555,"KRR1":0.46381365454384327,"ZNF280C":5.345898722913708,"STK32B":0.0,"ME3":0.19113640419436054,"GPR179":0.0,"RUNX1":5.7941187891306996,"NOP2":1.7755402437989636,"MEN1":1.9558608311443046,"BBX":1.7193021075035162,"AUTS2":1.1246790331365795,"AHCTF1":0.964870540279773,"BRD1":2.763831314155607,"PSIP1":1.9194295276531688,"CDIP1":-0.16451621348674375,"GNL2":0.41360602310403305,"KAT6A":0.3040851641377844,"BRPF1":1.007411428745768,"SURF6":2.2762460430407954,"YEATS2":1.6734565921880065,"KMT2B":1.5384759967454373,"CCDC137":-0.043016047605337566,"MT-ND2":0.0,"NR2C2":3.9928062806929483,"REXO1":0.4711672472391237,"MT-ATP8":0.6351436513323178,"RIOX1":0.40957584554118637,"NOC3L":1.0221008586739337,"CTCF":0.9130530798459884,"KDM5B":4.553626321099935,"KMT2A":1.334086275913008,"ZMYM3":5.232096884569037,"ZNF512":0.552022578209487,"CD200":0.1534737911014245,"HDAC2":8.110049998404987,"ZSCAN31":0.8821486673283967,"KDM1A":3.8407230546841316,"PARP1":3.339563682313568,"ZNF608":1.1968459308886723,"MT-ND4":-1.4818195556214533,"DDX18":2.4523865912868175,"ABT1":3.405923999621191,"PML":0.1753229906316446,"EHMT2":6.911278636104022,"CREBBP":1.5726914377732641}},"Overall Survival":{"min":-6.0,"max":6.0,"top_text":"High Survival Correlation","bottom_text":"Low Survival Correlation","map":{"RUNX1":-0.6716167082671688,"GTPBP4":0.25898307673904336,"RIOX1":0.38463142914818627,"PARP1":-0.346483691553083,"NOC3L":-0.04675026904247916,"ZNF280C":-0.15529166680503956,"PSIP1":-0.3649854059672987,"NOP2":-0.4143222924376503,"NPM1":0.521776265381839,"CDIP1":-0.029728991800409974,"ME3":-0.16678071762487648,"NR2C2":0.15160242118184747,"CTCF":1.3197742139957889,"AUTS2":-1.0072260908715913,"MT-ATP8":0.4243913053777323,"AHCTF1":0.6962939926455535,"KDM1A":-1.484905755397661,"MT-ND1":1.385411085696571,"CD200":0.10231539847752219,"MT-ND4":0.4932692787562001,"ZMYM3":-0.0022091250309730468,"MEN1":-1.6726102735442352,"DDX18":0.3524841817588144,"CENPA":-0.404216951183246,"MT-ND2":0.0,"ZSCAN31":0.10057142688734745,"KMT2B":-0.6027248199944916,"EHMT2":-0.175346104340024,"BRD1":0.4714219630999236,"STK32B":0.0,"YEATS2":-0.9157455037532722,"BBX":-0.6195116319040835,"SURF6":0.22418623930255233,"KMT2A":-0.6047892392417981,"CREBBP":-0.13014199665467036,"ZNF512":0.018254201794010046,"ZMYM4":-1.4075366511357041,"GNL2":0.9126564190840155,"REXO1":0.020028565365556462,"GPR179":0.0,"BRPF1":0.014603497024022527,"ZNF8":-0.21765247503237106,"PML":-0.023962574509249285,"HDAC2":-0.6852899224982528,"ABT1":-0.022783924617919702,"KRR1":0.5051985211340179,"ZNF608":0.577917260388398,"KAT6A":-0.23749180101400336,"MYC":-0.09746207262172309,"CCDC137":0.03846770320088716,"KDM5B":-0.07986453402930387}},"MuSiC CD14 Mono":{"min":-50.0,"max":50.0,"top_text":"High CD14 Mono Correlation","bottom_text":"Low CD14 Mono Correlation","map":{"CENPA":-2.3675165097419932,"PSIP1":-7.51878029106211,"GTPBP4":-6.23803081489971,"CTCF":-1.8787934125639925,"NOP2":-8.546536827716121,"MYC":-3.3149980205941003,"ZMYM3":-14.60444011047265,"PARP1":-19.567060190214754,"KRR1":-8.646648278757858,"NOC3L":-10.889928804235065,"KMT2A":-5.380729623980089,"KDM1A":-12.788789772906915,"KAT6A":-3.778525316680951,"MT-ND1":-5.411256327246127,"SURF6":-15.631332858690403,