{"Overall Survival":{"min":-6.0,"max":6.0,"top_text":"High Survival Correlation","bottom_text":"Low Survival Correlation","map":{"APEX1":-0.7588543947205122,"RPUSD2":0.3534511874342443,"TTC30A":-0.29600046123595986,"IFT81":-1.0768739261138986,"FBXW9":0.08090955383867836,"QPRT":-0.2554136108399244,"WDR19":0.034595517903957686,"PCYOX1":-0.31969071598231064,"DNAAF5":-1.0078732530115466,"CLUAP1":0.13708991093369355,"IFT22":-0.2679925568865314,"WT1":0.17258276835154188,"SPN":-0.4251196097007037,"IFT172":-0.25240696411855246,"BICD1":-0.3011309611629979,"DYNC2H1":0.05777646239699154,"IFT88":-0.22534743301916724,"TRAF3IP1":-0.4175239978025772,"IFT57":-0.21740044424505764,"IFT52":-0.013281027393418212,"LZTFL1":-0.07164802390691907,"IFT122":-1.2092726507312028,"WDR35":-0.03426573418307177,"TWSG1":0.07863397338444382,"IFT140":-0.13131015220012932,"DYNC2LI1":-1.9067654241722245,"CFAP36":0.6015321847457779,"LANCL1":-0.8136289509657852,"TRAF3IP2":-0.2881877317209619,"FSCN1":-0.05046192100944185,"IFT20":-0.24002135571849012,"TTC21B":-0.6184394564369764,"IFT46":-0.7039601001883955,"IFT74":-0.16568192489253253,"SLC45A3":0.0,"SEPSECS":0.36122883140945117,"UBFD1":0.08855099718734419,"TIE1":1.1072548345460684,"SMARCD1":-1.008390655723318,"ARID1B":-0.012138351962708745,"RHEX":-0.06962077638177652,"BLMH":-1.6822492214158618,"BBS5":0.0,"TTC30B":0.0,"TULP3":0.0,"ABTB2":-0.8916192505209893,"IFT80":-0.8384075416404245,"NAT14":-1.213224070635367,"DPCD":-0.44771407224509524,"TSNAXIP1":0.0,"TTC26":-0.8882116985433025}},"Mutation FLT3 ITD":{"min":-10.0,"max":10.0,"top_text":"High FLT3 ITD Correlation","bottom_text":"Low FLT3 ITD Correlation","map":{"WDR35":3.8479403221482236,"CLUAP1":1.9511180732161164,"BLMH":-0.00902493143727674,"BBS5":0.0,"UBFD1":0.04104815554993082,"TRAF3IP2":0.05302189384251933,"IFT20":0.6846173007611108,"TTC30A":0.9957854284136336,"SPN":0.5661297335050649,"CFAP36":1.5394444291704028,"PCYOX1":-0.8330342601696292,"ABTB2":-0.29026043333629814,"LZTFL1":-0.33944690328216964,"IFT122":2.918127328774606,"QPRT":3.004015922664639,"IFT80":0.32649750640615066,"RHEX":-0.39908078267407116,"TTC30B":0.0,"TWSG1":0.049949407817122496,"TTC26":2.2218921511611374,"FSCN1":1.9097304126721957,"RPUSD2":0.5351665436830042,"SMARCD1":0.34796485559634593,"TIE1":0.24466835102881748,"TSNAXIP1":0.0,"IFT52":0.27429992016677496,"WT1":0.869802800833502,"TRAF3IP1":1.5018870039604255,"SEPSECS":-1.213335659184305,"DPCD":0.3932306280793686,"WDR19":4.038938653972439,"IFT57":1.413595326024436,"IFT22":1.129047202347474,"IFT88":1.3479649788390946,"IFT46":1.563623755386294,"FBXW9":0.1626777389721742,"SLC45A3":0.0,"DNAAF5":0.5841698438936803,"LANCL1":-1.321917425596352,"APEX1":0.16260193036553675,"IFT172":1.623880077046877,"DYNC2LI1":0.07718574892339644,"NAT14":0.10462171230098061,"IFT140":2.804962737331995,"IFT74":1.8057222014478573,"TTC21B":2.596437263732749,"DYNC2H1":-0.15184931288069406,"BICD1":-0.609880845430396,"ARID1B":0.42403154437768176,"TULP3":0.0,"IFT81":1.5924518351145511}},"NPM1 Subtype":{"min":-37.0,"max":37.0,"top_text":"Committed NPM1 Subtype","bottom_text":"Primative NPM1 Subtype","map":{"LZTFL1":-9.684796991252938,"IFT20":-0.3165483414333165,"QPRT":-7.638582386344571,"TWSG1":-3.5131687570176977,"LANCL1":-8.05314592106406,"TRAF3IP2":-0.9545264005783122,"TSNAXIP1":0.0,"DYNC2LI1":-3.030018021726742,"RHEX":-3.3001668574372864,"APEX1":-10.20635800762673,"WT1":-4.683706207545683,"TTC30A":-3.792844237450825,"TIE1":-1.777243257069489,"IFT46":-7.234967065270361,"IFT81":-12.282600705076764,"UBFD1":-12.923407478572807,"SEPSECS":-1.572248475142026,"IFT140":-7.189304170117204,"IFT22":-5.7331041546751,"PCYOX1":-2.304482327456746,"TULP3":0.0,"TTC21B":-3.528860895018888,"SLC45A3":0.0,"DYNC2H1":-0.04780410256754455,"IFT88":-6.994635667570758,"TTC26":-7.068145050451351,"FSCN1":-6.09143299270942,"ABTB2":-1.370050027767397,"NAT14":-5.302271336197883,"TRAF3IP1":-8.63258560328237,"IFT57":-5.669683429081234,"RPUSD2":-13.285451303962574,"TTC30B":0.0,"ARID1B":-15.261242390816948,"FBXW9":-7.374986263670575,"IFT80":-2.3241710624647443,"IFT122":-4.473820914338288,"WDR35":-3.826883353799891,"CFAP36":-7.651894930347283,"IFT74":-7.407968774251503,"BICD1":-4.206996495731999,"SPN":-0.6452330553011815,"WDR19":-8.448384972816832,"CLUAP1":-5.509655059927702,"DNAAF5":-7.040672672235111,"DPCD":-3.7559490746000663,"SMARCD1":-6.985411063085492,"IFT52":-1.5713553414604255,"IFT172":-5.289416941826018,"BLMH":-1.287910045004663,"BBS5":0.0}},"Blast Percent":{"min":-11.0,"max":11.0,"top_text":"High Blast Percent Correlation","bottom_text":"Low Blast Percent Correlation","map":{"IFT88":1.1706959410800857,"IFT122":1.2270179070923712,"IFT57":0.5410791008419596,"IFT140":2.141130573308514,"APEX1":5.490836922945718,"NAT14":1.1394048667966814,"TTC30B":0.0,"DNAAF5":0.9584603420265966,"IFT74":1.0102679365065732,"BLMH":0.0314970272866085,"TTC30A":1.2667437797021812,"SPN":-0.03600949922276236,"SMARCD1":4.642827884575543,"TIE1":0.07817003798018508,"IFT172":1.360094836631859,"PCYOX1":-0.2451556142122792,"DPCD":-0.5651752723629624,"WDR35":1.2352089951994492,"TRAF3IP1":2.258965549064596,"IFT22":2.039348585602878,"WT1":0.09477562821347077,"BICD1":-0.09275965136600803,"RPUSD2":2.7081640462702388,"TWSG1":-0.31503457990344036,"SLC45A3":0.0,"ARID1B":4.592395379645711,"FSCN1":0.9969820944682954,"IFT52":0.8216868905315713,"CFAP36":0.23028696589379888,"LZTFL1":0.06796486925982655,"CLUAP1":1.5300318807215412,"IFT46":2.415007986489133,"TTC21B":0.8173577567976966,"SEPSECS":0.053637932539570804,"UBFD1":0.9324645408756355,"LANCL1":-0.21284220830239714,"BBS5":0.0,"IFT20":-0.4592417736416385,"RHEX":0.44601103998766867,"TULP3":0.0,"DYNC2LI1":0.47777493868236215,"IFT80":-0.1068242469686668,"ABTB2":0.5317225080267727,"WDR19":2.1525713738295886,"IFT81":2.774158088437798,"TRAF3IP2":0.5027863305378972,"TSNAXIP1":0.0,"QPRT":1.6655224322701014,"DYNC2H1":-0.7981298289305958,"FBXW9":0.9831743538075212,"TTC26":1.682530158035839}},"MuSiC CD14 Mono":{"min":-50.0,"max":50.0,"top_text":"High CD14 Mono Correlation","bottom_text":"Low CD14 Mono Correlation","map":{"IFT88":-8.323446574648955,"SEPSECS":-3.3733551658107688,"IFT22":-5.38463707665122,"TRAF3IP2":-1.9258935125756045,"NAT14":-5.133737279054642,"IFT74":-7.53278829060878,"DYNC2H1":-0.33599800941924474,"TIE1":-2.5003849203453883,"TWSG1":-3.8857556129569377,"TTC30A":-7.2958171966785965,"TSNAXIP1":0.0,"DNAAF5":-9.16965179741595,"IFT140":-6.602531956622171,"TRAF3IP1":-9.425657248273122,"SLC45A3":0.0,"FBXW9":-10.267624625526482,"CLUAP1":-3.9855053800934943,"IFT52":-3.1814820010621885,"WDR35":-5.063870475056863,"TTC21B":-3.0815869606612156,"BLMH":-0.9063869628978984,"LZTFL1":-12.869621802278143,"SMARCD1":-7.641533646953706,"IFT122":-4.069391520174469,"ARID1B":-16.15634768517813,"TTC26":-8.557107566573634,"ABTB2":-1.611569864720453,"CFAP36":-8.32554352012613,"IFT81":-11.85065730892925,"IFT172":-7.064313131269932,"BICD1":-6.353705941070084,"DPCD":-4.0388495322579665,"IFT20":-0.8927284324240391,"IFT80":-2.0864733782492366,"IFT57":-6.254328218822909,"APEX1":-8.554182832038181,"TTC30B":0.0,"RHEX":-3.6090703110133346,"BBS5":0.0,"IFT46":-9.878974943901781,"LANCL1":-6.774953360328286,"RPUSD2":-14.254861757867449,"SPN":-0.5993287343148388,"TULP3":0.0,"UBFD1":-15.563719204779687,"DYNC2LI1":-1.7451348978993597,"FSCN1":-5.505964062315051,"WT1":-3.9827921886139106,"WDR19":-7.288968333574085,"QPRT":-5.704029961687266,"PCYOX1":-1.7312178225645478}},"Mutation NPM1":{"min":-30.0,"max":30.0,"top_text":"High NPM1 Correlation","bottom_text":"Low NPM1 Correlation","map":{"TWSG1":0.04091751091414855,"IFT52":2.085153943303205,"TTC26":2.165209177777585,"IFT140":6.052956693782507,"IFT22":1.5573608185759455,"PCYOX1":-1.1749575876094889,"TULP3":0.0,"WT1":1.0995837181360901,"WDR35":5.339111864375692,"DNAAF5":0.4114725646921454,"SEPSECS":0.28585380616431105,"BLMH":-0.8313347922425934,"CFAP36":1.5905877379039957,"RPUSD2":0.1231856718033162,"TIE1":-0.0398501670706457,"TTC21B":4.693627394563425,"IFT20":0.0016035535199567588,