{"Blast Percent":{"min":-11.0,"max":11.0,"top_text":"High Blast Percent Correlation","bottom_text":"Low Blast Percent Correlation","map":{"OCIAD1":0.6310823871686287,"ENO1":-1.5928324354961332,"MRPL23":3.3314401134891574,"KIAA2013":-2.409106216402829,"UQCRQ":0.7822708680492283,"CHCHD10":-2.481320394865344,"COA3":-0.1978007247870195,"IMMT":1.768966323626402,"JOSD2":-0.8519946522985268,"CCNYL1":-2.523318093022675,"RPN2":-0.11418295349688311,"CISD3":0.542722993870174,"LGALS9":1.0183937991806635,"EMD":-1.6899026599377054,"NDUFB10":0.7500277660775128,"NPEPL1":0.3901983572332139,"TTYH3":-0.48505114791772125,"PTPMT1":3.700667553860352,"UQCRC1":1.117369151011468,"AGPAT2":-1.1910823604790812,"VPS28":-1.05457121154308,"INTS1":2.977315900687764,"FAM162A":-1.290237590973945,"HEATR3":-0.016817061601248833,"SYNGR2":-2.6516176865443053,"COX5A":0.6845688229481113,"COX15":-0.2970110069091085,"BRAT1":1.0249440231004467,"COX5B":-0.059789867525400435,"PHKG2":-1.6814322111180207,"MTCH1":0.08361495468951106,"MMS19":-0.3423850171286254,"COX4I1":0.009647545179321345,"SLC25A11":0.4986706634927543,"SLC25A1":0.9216687781578369,"NDUFA8":0.9173323222526215,"COX7C":0.25579397329739717,"C4orf48":0.0,"ATP5PB":0.4831931122950851,"ERLIN2":-0.5893587820184306,"GANAB":1.7035932921084298,"GBF1":-3.271627037256626,"NCDN":-0.09672904509488489,"PEX3":-0.20636841715943618,"ATP5F1C":2.5853615473496334,"TUBA1C":-0.05731329011749368,"SEC61A1":-0.06651398094308174,"HSPB1":-0.6732094003578089,"COMTD1":-0.850199296077008,"MRPL24":0.6777734724578087,"ATP5PD":1.3066336414931707}},"Overall Survival":{"min":-6.0,"max":6.0,"top_text":"High Survival Correlation","bottom_text":"Low Survival Correlation","map":{"SLC25A1":-0.09020869896866565,"GBF1":0.7602891514962393,"COX5A":0.3391024028103507,"SEC61A1":1.0919723319359687,"MMS19":0.10799265340265009,"UQCRC1":0.9493795692298727,"NCDN":0.3085050655421928,"SLC25A11":0.6487204507425876,"CCNYL1":-1.9037466541670571,"NPEPL1":-0.5444185465105339,"C4orf48":0.0,"ENO1":-0.3687101286350442,"EMD":1.1180933173884424,"PEX3":0.1547253680945192,"ATP5PD":1.0617565892578358,"PTPMT1":-0.645533448727254,"COX5B":0.8906014359717713,"IMMT":0.2961217388877748,"NDUFB10":1.0464713155780048,"ATP5F1C":0.8731578040329914,"COMTD1":0.38834719557513653,"KIAA2013":0.8809672263293894,"HEATR3":-0.16415992855220923,"LGALS9":2.520976996603913,"ATP5PB":1.5866491941459848,"FAM162A":0.3603526386997812,"ERLIN2":-0.7026462581825024,"GANAB":-0.3087746177997089,"TUBA1C":1.0604446239778877,"TTYH3":-0.6429021362362027,"VPS28":0.3771605915416635,"CISD3":-0.5697562230321978,"NDUFA8":1.136345259323157,"COX15":-0.03335243224586267,"AGPAT2":-0.6444058831907071,"PHKG2":-0.4892078077210932,"COA3":2.4641146243458527,"MRPL23":0.28005268590658905,"MTCH1":-0.42261815646548956,"COX4I1":0.6448145229405116,"COX7C":1.4740939747235684,"RPN2":-0.1435354006305826,"SYNGR2":-0.6805668087195272,"INTS1":0.4420175713318743,"OCIAD1":1.1171405536274979,"BRAT1":-0.24139542392498625,"UQCRQ":-0.04413396151288043,"JOSD2":-0.07926006298589021,"HSPB1":-0.19746762232534193,"CHCHD10":-0.7238246110830253,"MRPL24":-0.033154186478562254}},"MuSiC CD14 Mono":{"min":-50.0,"max":50.0,"top_text":"High CD14 Mono Correlation","bottom_text":"Low CD14 Mono Correlation","map":{"HEATR3":7.5611672115175725,"LGALS9":-0.6461412328227378,"CISD3":1.5292384477541943,"COX15":-0.04694274421905628,"ATP5PD":-1.7154980443050531,"CCNYL1":0.8134105856518212,"SLC25A11":-0.09940515844226605,"MRPL24":-4.870961159785353,"GANAB":-1.864340678514943,"SEC61A1":0.8164262158908863,"VPS28":0.7109538674879892,"NDUFA8":0.09521464781923404,"PHKG2":10.75834480486123,"SLC25A1":0.515167744099416,"OCIAD1":-5.897706755296865,"SYNGR2":0.6759761366780356,"C4orf48":0.0,"MRPL23":-4.031911631200175,"NCDN":4.794552884373073,"ATP5PB":-2.2719248240802288,"BRAT1":1.1842366504592956,"NDUFB10":-0.7150992127227194,"COA3":-1.3386563297539342,"CHCHD10":1.3528085853120206,"AGPAT2":1.5050579966549629,"MMS19":1.9047058246868898,"TUBA1C":0.7051851050163341,"COX5A":0.2648524131197143,"COX5B":-0.18662269394292075,"MTCH1":2.22338146874097,"KIAA2013":0.5342178034809401,"ERLIN2":3.970959410444201,"UQCRC1":-0.7886263116838331,"FAM162A":-1.3837755246836922,"HSPB1":-0.23545787312771158,"GBF1":3.6988395949874597,"INTS1":0.4457461519337351,"JOSD2":9.955417953421568,"TTYH3":8.823673387813395,"COX7C":-0.6875665644439173,"EMD":2.3376350226024374,"UQCRQ":-0.9561178193241483,"NPEPL1":4.535885884666075,"COMTD1":6.050574884502456,"IMMT":-4.659992738189688,"PEX3":-0.7329148937163479,"COX4I1":-0.019810555215715165,"RPN2":-0.30010002951116477,"PTPMT1":-5.792759379130658,"ATP5F1C":-3.153129551490307,"ENO1":8.240306864591288}},"Mutation FLT3 ITD":{"min":-10.0,"max":10.0,"top_text":"High FLT3 ITD Correlation","bottom_text":"Low FLT3 ITD Correlation","map":{"COMTD1":0.8769693002391052,"COX15":0.4805650285419249,"OCIAD1":1.5506698765456155,"C4orf48":0.0,"BRAT1":2.738784605999228,"COX5B":1.6705248078394104,"ENO1":-0.4231615164889338,"ATP5PD":2.206415632122481,"SLC25A1":0.03948657282477317,"MRPL23":4.4104785765444126,"COX4I1":1.36647793888403,"INTS1":2.7502218225547987,"CHCHD10":0.2699725123647853,"IMMT":1.2623923826421979,"SYNGR2":-0.6922190952568896,"JOSD2":-0.016178165416702837,"ATP5PB":1.1442371040927228,"ERLIN2":1.2702208735993865,"TUBA1C":-0.03621191758555659,"FAM162A":0.150071222791074,"GANAB":-0.4229833490154159,"CISD3":1.3398259189564028,"UQCRC1":2.3562767945951473,"COX5A":2.2103108331551917,"SEC61A1":0.0923583004694661,"MMS19":0.34698902592490355,"NPEPL1":2.4954099807923873,"COX7C":0.5130841298879699,"PEX3":0.09924780555605422,"CCNYL1":0.01866575530176478,"MRPL24":3.013123218347638,"NCDN":0.6478477059498561,"ATP5F1C":-0.8904482559237966,"MTCH1":1.5065874418045708,"EMD":0.07039379553469331,"PTPMT1":-0.035608334730916034,"TTYH3":0.4767348186581243,"KIAA2013":-0.10908175367740228,"COA3":1.708380512068041,"LGALS9":0.1580531768551961,"HEATR3":3.3321904504738007,"AGPAT2":-0.6027351008826429,"VPS28":0.07476516888850683,"NDUFA8":1.3865415559155463,"GBF1":0.000706485482838861,"SLC25A11":0.5963223331346783,"PHKG2":-0.16657618429000912,"UQCRQ":0.7552659313107917,"RPN2":0.3001603712727599,"NDUFB10":2.1317050473258115,"HSPB1":-2.093191401832776}},"Mutation NPM1":{"min":-30.0,"max":30.0,"top_text":"High NPM1 Correlation","bottom_text":"Low NPM1 Correlation","map":{"CHCHD10":0.028657292133512313,"COX4I1":0.6647650558440731,"ENO1":-0.01465603633407539,"C4orf48":0.0,"COMTD1":2.100242345610633,"RPN2":-0.004090891409675298,"EMD":1.206265860365436,"GANAB":0.6085324551942796,"GBF1":0.12249252281180531,"ERLIN2":4.052746079792651,"AGPAT2":-0.4746915916906535,"COX5A":1.4408743086420104,"PHKG2":1.7937902343385568,"UQCRC1":0.7652394761201871,"KIAA2013":-0.8709084038178168,"MMS19":-0.28461960098092237,"PTPMT1":-0.942810953597142,"COX7C":-0.0437094960490198,"COX15":0.026918871389515132,"SLC25A11":0.24379011499996048,"PEX3":0.23803453073704392,"JOSD2":2.257637793920954,"CISD3":3.9952954653483785,"INTS1":6.310002465236969,"HEATR3":9.168307708194192,"MRPL24":0.4847824974998817,"OCIAD1":1.0736056301648607,"UQCRQ":-0.2001093079951854,"FAM162A":-1.1423117266573237,"COA3":-0.21241932193108454,"CCNYL1":-0.9592440676745958,"TTYH3":6.29857264803205,"SYNGR2":0.04695455243598189,"NCDN":0.06979413523405584,"BRAT1":6.665669696689703,"ATP5PD":0.36071403874438,"SLC25A1":0.14248961134089988,"ATP5F1C":-0.06349722851496921,"LGALS9":1.510317913486379,"NDUFB10":1.617160660860769,"HSPB1":-7.172388573300481,"COX5B":0.7726167536010533,"MRPL23":1.0554706348872154,"ATP5PB":-0.5154151291243886,"NPEPL1":7.145678560002104,"VPS28":-2.0420757057095438,"MTCH1":6.25076045873171,"IMMT":0.046329647326846905,"SEC61A1":0.37909031734077525,"TUBA1C":-0.07462507408336827,"NDUFA8":2.452350843008108}},"NPM1 Subtype":{"min":-37.0,"max":37.0,"top_text":"Committed NPM1 Subtype","bottom_text":"Primative NPM1 Subtype","map":{"GBF1":2.8859602946221474,"SLC25A11":-0.28843621450629575,"CHCHD10":-0.91604181280636,"LGALS9":-0.3273806772109848,"COA3":-1.0533220753346946,