{"Overall Survival":{"min":-6.0,"max":6.0,"top_text":"High Survival Correlation","bottom_text":"Low Survival Correlation","map":{"NDUFAF4":-0.48329797239599664,"RPUSD3":0.9604742553619154,"MED29":-0.6034680896752092,"NDUFB7":1.3819903378673812,"COQ9":-1.6032713782142145,"ATP5F1E":-0.26983040781086354,"VDAC2":-0.08276333548463652,"CISD3":-0.5697562230321978,"HADHB":-0.4562962729356398,"SLC25A22":0.06919208927722327,"TXNRD2":-0.06144791353064263,"CHCHD2":0.16426608920896743,"NDUFS5":1.5365901068481385,"C1QBP":0.06273721282783516,"GFER":0.06305090297763787,"COA7":0.17098949883726894,"CYCS":0.8996855675666621,"UQCRH":0.4902912412853753,"COA5":0.758523738834134,"ATP5F1C":0.8731578040329914,"NDUFA8":1.136345259323157,"NDUFAF1":-0.4606841951715998,"SDHA":-0.007413689004567906,"COA4":-0.6362677558389112,"AIFM1":0.056147132912738686,"APOO":0.13423426473639058,"CHCHD4":0.7520362961012924,"TIMMDC1":0.6459947294298193,"SDHB":0.5293695727247858,"CCDC51":-0.03749507104480104,"ATP5F1B":0.8629482933813148,"FH":-0.11210070215252065,"TRMT2A":-0.5801724296514384,"COA6":0.02514830336223646,"CHCHD1":0.5937073974446332,"PHB2":1.065351381531038,"NPM1":0.521776265381839,"FAM136A":0.0669494543863934,"DYNLL1":0.25788035467150056,"PRDX3":-1.1717473271519858,"COX17":0.5784955266903892,"ECHS1":0.3913965082542478,"COX6B1":1.3951978488022727,"TRIAP1":0.517386122213111,"CHCHD3":0.0816619271888554,"OPA1":0.33062117398421986,"TIMM10":-0.03142055792941014,"ILF3":-0.673717588424537,"HIBADH":0.08197933460940042,"SCO1":-0.039056610031286826,"CS":0.443087791218423}},"MuSiC CD14 Mono":{"min":-50.0,"max":50.0,"top_text":"High CD14 Mono Correlation","bottom_text":"Low CD14 Mono Correlation","map":{"AIFM1":-1.5647021183548813,"CHCHD2":-1.7488286794617118,"PRDX3":0.4673414851791056,"COA5":-0.5637902484140455,"RPUSD3":-10.305623012018073,"ATP5F1E":0.24175822239045142,"ATP5F1B":-2.1811653081934237,"PHB2":-5.897443539968027,"NPM1":-17.855123193602328,"ILF3":-11.911758106549213,"NDUFAF1":-0.3501150905247918,"NDUFS5":-0.20198078135584857,"HIBADH":-6.6204843641873214,"TIMM10":-7.953403723459537,"CHCHD4":-1.0126841265328452,"UQCRH":-0.18819615020783942,"COA6":0.15098343282083768,"ECHS1":-5.174748801781701,"CHCHD3":-2.237255675116475,"FAM136A":-4.23245739229738,"SCO1":-2.0817665782179344,"OPA1":-5.602828430598222,"CCDC51":-2.4753701421922214,"COA7":0.18439798631509513,"TXNRD2":-0.25271813945143307,"APOO":-5.583149618732237,"DYNLL1":-0.9547157486228275,"SDHB":0.4904755140206119,"SDHA":0.3459005678604382,"CISD3":1.5292384477541943,"MED29":-1.7771316434162785,"COX17":0.07759858111852644,"COQ9":-2.6727364947292953,"C1QBP":-4.8160760207016615,"CHCHD1":-0.4870859924991819,"NDUFAF4":-2.9237097488540105,"NDUFA8":0.09521464781923404,"TRIAP1":-2.602916981015257,"ATP5F1C":-3.153129551490307,"VDAC2":-2.769441781203919,"GFER":-0.38859484300030733,"NDUFB7":0.6801386522174888,"TRMT2A":-0.3671738879465994,"HADHB":-1.7783106179153942,"CYCS":-1.0672251848073646,"COA4":-4.783005858238677,"COX6B1":0.40939545699176916,"CS":-1.4501864816626708,"SLC25A22":-1.0386353700584676,"FH":0.004093280635658915,"TIMMDC1":0.06216292628172758}},"Mutation NPM1":{"min":-30.0,"max":30.0,"top_text":"High NPM1 Correlation","bottom_text":"Low NPM1 Correlation","map":{"SDHB":-0.25563329974209387,"RPUSD3":-4.987896447357316,"DYNLL1":2.7568058712233316,"APOO":-0.25718756685938604,"TRMT2A":2.3074572624604537,"NDUFAF4":-1.3510312611472286,"CYCS":0.6963903442511985,"FAM136A":1.2099127394639482,"FH":-0.23602357456208348,"CS":-1.2210554487371215,"ILF3":1.3262304082673484,"COX6B1":2.705872040130583,"HIBADH":-0.5093792965581525,"TRIAP1":1.3457563793631326,"CHCHD2":1.7051828418782689,"COA5":-0.7491692411054353,"NPM1":-10.934537178762957,"MED29":1.32440295972385,"GFER":0.06272992080666384,"TXNRD2":1.5739933181381391,"NDUFA8":2.452350843008108,"VDAC2":0.13646031269739384,"C1QBP":-0.41379299397816716,"COQ9":-0.21611530575075094,"UQCRH":1.2685914603316926,"CHCHD3":2.8075466653141796,"NDUFS5":1.9330054389647775,"PHB2":-0.05758884288836184,"COA4":-0.32346233577474487,"CHCHD1":0.999471521402136,"ATP5F1B":-0.061231290582044656,"SCO1":-0.7035735793123272,"NDUFB7":5.035041002751221,"CCDC51":-0.6570886816984939,"ECHS1":0.8111619918687505,"TIMM10":-0.524993807500995,"CISD3":3.9952954653483785,"AIFM1":2.4953571666879704,"OPA1":1.0588051143409076,"TIMMDC1":0.20145580026210863,"ATP5F1C":-0.06349722851496921,"PRDX3":3.4462121417624467,"CHCHD4":1.0602290905760374,"COX17":0.970603931978177,"HADHB":1.2698732095943788,"COA6":1.8124225565905634,"NDUFAF1":1.4997544381189605,"ATP5F1E":3.1808811537380492,"SDHA":-1.1314695213877437,"COA7":2.8817309840992795,"SLC25A22":-0.30840844654758426}},"NPM1 Subtype":{"min":-37.0,"max":37.0,"top_text":"Committed NPM1 Subtype","bottom_text":"Primative NPM1 Subtype","map":{"TRMT2A":-0.6537601760654042,"HIBADH":-8.517386764820731,"APOO":-5.790874919618911,"NDUFA8":-0.23091593668575483,"ATP5F1B":-2.743523157820771,"CS":-1.850068308565346,"ECHS1":-8.25134569567617,"TXNRD2":-1.094372028613696,"AIFM1":-3.49353500575545,"SDHA":-0.29529673605145595,"OPA1":-8.046098903554151,"SCO1":-2.543439518500268,"NDUFB7":0.24132287372009403,"CCDC51":-3.1506380156370777,"CISD3":1.400838204418593,"CHCHD3":-2.6954493774917614,"CHCHD4":-1.2234814502753368,"PHB2":-5.307661876321362,"COA6":0.24146656870415784,"COX6B1":0.07798650872309233,"GFER":-0.8931638856048326,"CHCHD2":-1.2084783218259785,"CYCS":-1.2665658612001771,"VDAC2":-4.75711659873763,"HADHB":-4.890183795094341,"CHCHD1":-1.1414792619558145,"NDUFAF4":-3.3843473495904126,"TIMMDC1":-0.008512805529816642,"TIMM10":-10.675196401559417,"FH":-0.38225832897751,"COX17":-0.15657743957056486,"ATP5F1C":-3.88188581975398,"COQ9":-3.8537147015198703,"UQCRH":-0.11840122740578381,"NDUFS5":0.26757407518544296,"SDHB":0.11122430927313853,"PRDX3":0.6815997034513889,"SLC25A22":-1.3162612610587787,"COA4":-5.3257150596569005,"NDUFAF1":-0.7085152544349985,"COA5":-0.725662527747536,"NPM1":-13.438152303775192,"COA7":0.0750556560333301,"ILF3":-11.277614677704031,"RPUSD3":-9.141352429980593,"DYNLL1":-2.2385630300367767,"TRIAP1":-3.3490121203652268,"C1QBP":-3.890608203582633,"MED29":-1.0495760396473561,"FAM136A":-6.02741425798111,"ATP5F1E":0.10446206264552521}},"Mutation FLT3 ITD":{"min":-10.0,"max":10.0,"top_text":"High FLT3 ITD Correlation","bottom_text":"Low FLT3 ITD Correlation","map":{"NDUFA8":1.3865415559155463,"COX17":0.03706523528757612,"CCDC51":2.90208917703631,"TRIAP1":-0.6490399272926579,"SLC25A22":-0.5190135751021814,"RPUSD3":-0.6246918131663373,"CYCS":1.0618375040378087,"NDUFS5":0.8921340402334242,"SDHA":0.058012951363122206,"NPM1":-1.0520844031272854,"CHCHD4":1.010567807793394,"ECHS1":1.6172668368927374,"COA6":0.4180283797191259,"HADHB":2.0846408665868337,"SCO1":2.367689742354099,"TIMMDC1":3.042728496169407,"TIMM10":-0.13982410492867683,"FH":1.9961561502792666,"NDUFAF4":0.09335214419040563,"GFER":-0.08839550722282256,"PRDX3":4.151124143873073,"SDHB":0.7516216433526535,"COA7":2.5293478858134844,"ILF3":0.6269173487915035,"MED29":-0.039858829190412476,"COQ9":0.4053435882005055,"COA5":0.6633990679281255,"CHCHD2":-0.4489545322962408,"TXNRD2":1.6911735674312642,"DYNLL1":0.9709939063933902,"HIBADH":-0.44114040013881384,"VDAC2":0.17173165147803596,"CISD3":1.3398259189564028,"NDUFB7":2.4346361578493583,"ATP5F1C":-0.8904482559237966,"APOO":0.5174072476351274,"CHCHD3":1.529095665990707,"CS":-1.2075195041230298,"OPA1":0.9772559597948316,"UQCRH":0.97686443475932,"C1QBP":1.602391820244794,"ATP5F1B":1.0900039657826093,"FAM136A":1.1658222529525417,"COX6B1":0.7031373263593608,"ATP5F1E":1.2766071711014018,"TRMT2A":3.026241972255007,"PHB2":-0.3988876758579072,"COA4":-0.3935299430317609,"CHCHD1":1.0435848976027742,"NDUFAF1":1.2420381701799859,"AIFM1":2.1981150631415396}},"Blast Percent":{"min":-11.0,"max":11.0,"top_text":"High Blast Percent Correlation","bottom_text":"Low Blast Percent Correlation","map":{"NDUFS5":1.1201469254464076,"TIMM10":1.0627492177229036,"HIBADH":1.8796191204573913,"COA6":0.11380529528474402,