{"Overall Survival":{"min":-6.0,"max":6.0,"top_text":"High Survival Correlation","bottom_text":"Low Survival Correlation","map":{"MPIG6B":0.5182583942826252,"ESAM":0.6154424866699478,"FLG2":0.0,"CKB":0.33996204033393596,"DBN1":-0.5178524727504311,"KRT5":1.1943735237252244,"AIF1L":-1.2970277011553486,"KRT1":1.4055721793077398,"CMBL":-1.6304738967122345,"KRT16":0.0,"TTC7B":0.043566907590365356,"TPM4":0.014556408032331235,"HSPG2":0.3411310306918396,"SRC":0.496037201582058,"CAVIN1":-0.30506740973807167,"EXOC3L2":0.21485818739933563,"H4C12":0.0,"ITPKA":0.0,"SLC9A3R2":0.5852077986748022,"GP9":0.45565736836767623,"HRNR":0.18686748325441596,"JUP":-0.943256088668992,"KIAA1522":-0.09879327681836242,"EHD2":0.2335809977131903,"HEXIM1":0.5664675533379195,"INF2":0.9209885379960582,"FSCN1":-0.05046192100944185,"EGFL7":1.0849649394911254,"WT1":0.17258276835154188,"HDAC7":0.3566306849803211,"TPM3":1.2494543771155926,"KRT2":1.929556910106756,"HEXIM2":-0.1413010847445513,"BCAT1":-1.3933442694805156,"NTRK1":0.0,"MOV10":0.22411834299170533,"KRT17":0.4013955534176203,"SERPINH1":-1.7825591147449058,"ASAP2":0.480681611824763,"SH3PXD2A":-0.2143640661558042,"WFDC1":0.0,"CDKN1C":0.0,"TGFB1I1":-0.006379110176032574,"CDC42BPB":1.0158515459792745,"KRT10":1.8723896911271916,"STXBP5":0.23564267601538086,"STON2":0.01938125001449757,"TPM1":-0.012304115998457115,"CTDSPL":0.0,"DSG1":0.0,"TPM2":0.01144209397869684}},"Blast Percent":{"min":-11.0,"max":11.0,"top_text":"High Blast Percent Correlation","bottom_text":"Low Blast Percent Correlation","map":{"KIAA1522":0.4315501690138724,"KRT5":-1.9686926662161244,"FLG2":0.0,"BCAT1":-0.17577199461330154,"HDAC7":0.1877212528676472,"KRT10":-1.7485752010136173,"STXBP5":-0.1604190784574604,"CMBL":0.4289485976397114,"KRT2":-1.8653034721701192,"KRT1":-1.9423969602635829,"H4C12":0.0,"KRT16":0.0,"SH3PXD2A":-1.4291082529869836,"HEXIM2":-0.9716855438030073,"CAVIN1":-2.638990226173233,"MPIG6B":-4.008966995426641,"DSG1":0.0,"HSPG2":-0.2393050409381764,"MOV10":0.7147066495782385,"CDKN1C":0.0,"TPM1":-4.1791367165327316,"ASAP2":-1.896903547761391,"TTC7B":0.18951486887407237,"CTDSPL":0.0,"AIF1L":-0.12451575458131939,"SERPINH1":0.4019057288595283,"DBN1":1.1903615415489683,"GP9":-4.395614891863357,"KRT17":-1.0861697571463111,"INF2":-0.46377829732056036,"CKB":-0.34946661799670503,"HRNR":-0.7868652608274117,"EHD2":-1.1873773566004888,"HEXIM1":-2.809946232140727,"WT1":0.09477562821347077,"SRC":-2.60095634583234,"TPM3":-1.7436561646882256,"SLC9A3R2":-0.5218465055707904,"EGFL7":-0.35387030073464576,"CDC42BPB":-0.96022718346656,"EXOC3L2":-0.4501955302500687,"TPM2":-3.9094748208264565,"ESAM":-2.7743280261541354,"ITPKA":0.0,"FSCN1":0.9969820944682954,"TGFB1I1":-2.38942350796832,"STON2":-0.17357285593514518,"NTRK1":0.0,"TPM4":0.3229804259287087,"WFDC1":0.0,"JUP":0.11090197206163172}},"Mutation NPM1":{"min":-30.0,"max":30.0,"top_text":"High NPM1 Correlation","bottom_text":"Low NPM1 Correlation","map":{"KRT10":-0.8777517252981717,"SLC9A3R2":-1.2538033230691374,"EGFL7":-1.6267333782382714,"WT1":1.0995837181360901,"EXOC3L2":-1.5024516117654414,"TPM2":-1.3612190479989894,"STXBP5":2.882962687274359,"BCAT1":-4.187343170519186,"DBN1":0.5557587363030468,"MOV10":-8.12934365174273,"SERPINH1":-2.0365766974279764,"KRT17":-0.8395379532823223,"NTRK1":0.0,"AIF1L":-0.2861836637498026,"SRC":0.5758016202344075,"TPM3":-3.416770570968263,"CTDSPL":0.0,"SH3PXD2A":-1.884802535105749,"HDAC7":-5.287530238583407,"TGFB1I1":-1.24092476031421,"H4C12":0.0,"HRNR":0.4506466342611485,"ITPKA":0.0,"TTC7B":-0.01641471680445912,"HEXIM1":-4.148679161069873,"STON2":-0.20001886611501932,"MPIG6B":-0.09503509530683404,"CDC42BPB":1.284040161734588,"CDKN1C":0.0,"GP9":0.6515998161812354,"KRT1":-1.555745137736277,"FLG2":0.0,"JUP":-4.739246978551705,"DSG1":0.0,"TPM1":-1.1562162718765714,"FSCN1":-0.23055747170755242,"KIAA1522":-0.6641375307152501,"KRT5":1.006327726227791,"WFDC1":0.0,"TPM4":-2.018743442209724,"HSPG2":-0.9822492553703778,"HEXIM2":-1.8192970738419925,"KRT2":-0.8378015418332118,"EHD2":-0.0551404353457641,"INF2":1.7120836673202746,"CKB":-1.2449519638320263,"CAVIN1":-0.1703478556691099,"ASAP2":-0.5127190228075367,"ESAM":-0.8205722787407046,"CMBL":0.11888011116590341,"KRT16":0.0}},"MuSiC CD14 Mono":{"min":-50.0,"max":50.0,"top_text":"High CD14 Mono Correlation","bottom_text":"Low CD14 Mono Correlation","map":{"TPM1":1.311384822236859,"ASAP2":-0.07941121420003157,"EGFL7":-5.615214043935999,"EXOC3L2":-1.0258480527740934,"BCAT1":-3.4427302256361623,"JUP":-4.877109185698079,"KRT1":-0.8523230280235253,"KRT16":0.0,"STON2":-5.716750480650801,"DSG1":0.0,"AIF1L":-1.8806379707842793,"CDC42BPB":1.2451418142287898,"CKB":-1.8121971352727526,"SH3PXD2A":-3.113485308866244,"KRT5":-1.285816298144296,"SLC9A3R2":-0.21598586377990664,"CDKN1C":0.0,"TGFB1I1":0.28516480657525234,"TPM3":4.856970893960802,"EHD2":-0.45003496568998597,"ESAM":0.31361086470874394,"HSPG2":-1.2255458085300186,"MOV10":-10.707605643912416,"KRT17":-1.566987596461094,"HEXIM1":0.5421050789287439,"DBN1":-8.207365535337079,"KIAA1522":-3.8399850829636373,"WFDC1":0.0,"STXBP5":-0.3562600836698187,"CAVIN1":-0.16739872060439207,"FLG2":0.0,"KRT10":-0.3717987182627708,"KRT2":-0.35767055698182565,"CMBL":-6.6625612212652925,"WT1":-3.9827921886139106,"TTC7B":-4.131101215825001,"H4C12":0.0,"HRNR":-0.0951132479040039,"HEXIM2":0.8784737261002172,"NTRK1":0.0,"FSCN1":-5.505964062315051,"TPM2":0.3741296499670931,"INF2":0.0511389886677368,"CTDSPL":0.0,"GP9":3.1306110366398743,"SERPINH1":-2.447367924149939,"TPM4":-0.8381596111554128,"SRC":3.932795556240627,"MPIG6B":1.8024175783312126,"HDAC7":-0.21505259020719275,"ITPKA":0.0}},"NPM1 Subtype":{"min":-37.0,"max":37.0,"top_text":"Committed NPM1 Subtype","bottom_text":"Primative NPM1 Subtype","map":{"HSPG2":-1.486756422412892,"HRNR":0.3672386328962807,"CAVIN1":-1.1801171280871978,"TPM2":0.641660768109179,"KIAA1522":-4.498096886091933,"FLG2":0.0,"KRT10":-0.23839823124736334,"EHD2":-1.5732453467344094,"CDC42BPB":1.3008623498962897,"H4C12":0.0,"SRC":3.9006406760282273,"CDKN1C":0.0,"STXBP5":-0.39385965438327536,"CTDSPL":0.0,"TPM3":5.447807641358529,"ESAM":0.4389205140182388,"NTRK1":0.0,"EXOC3L2":-0.41860758899911504,"TTC7B":-3.8313864929035453,"WFDC1":0.0,"SERPINH1":-2.3697313230555705,"JUP":-5.070807188510222,"GP9":2.9932789229633507,"KRT2":-0.21140064873732456,"KRT16":0.0,"HEXIM2":0.908516917077081,"ASAP2":-0.49370691946884004,"ITPKA":0.0,"AIF1L":-4.130767203193064,"TPM1":0.833614647590329,"EGFL7":-5.427311479546799,"DBN1":-6.4113959349357135,"HEXIM1":-0.04207532703791775,"KRT17":-1.0861528626486676,"MPIG6B":2.0128412132747737,"FSCN1":-6.09143299270942,"SLC9A3R2":-0.6187819126455968,"TGFB1I1":0.6495774682045236,"KRT1":-0.2864642281257093,"KRT5":-0.8820031172881583,"CMBL":-7.229365978225806,"MOV10":-8.425331552004,"CKB":-0.9990989986266263,"TPM4":-0.19167065637631878,"SH3PXD2A":-1.9837971174038642,"INF2":-0.1090402557876407,"STON2":-6.0239242878048085,"BCAT1":-3.628737842102972,"DSG1":0.0,"WT1":-4.683706207545683,"HDAC7":-0.7281063611406701}},"Mutation FLT3 ITD":{"min":-10.0,"max":10.0,"top_text":"High FLT3 ITD Correlation","bottom_text":"Low FLT3 ITD Correlation","map":{"KIAA1522":3.4539889073372287,"DBN1":0.841203168333625,"CAVIN1":0.2599485419733589,"CMBL":1.6664622612274351,"WT1":0.869802800833502,"WFDC1":0.0,"TPM2":-0.7120283179885252,"FLG2":0.0,"TGFB1I1":-0.7679974781271371,"SLC9A3R2":0.8563906174926763,"JUP":-2.791683168728266,"ESAM":0.3946168156214917,"FSCN1":1.9097304126721957,"CKB":-2.090365704793219,"TPM3":-2.1339714998678527,"TTC7B":0.12127062700246331,"HEXIM1":-3.071289639271165,"TPM4":-0.17664718272107974,"ITPKA":0.0,"CDC42BPB":1.6314166016327927,"MPIG6B":-0.17579995564453985,"EGFL7":0.44148943673408275,"SH3PXD2A":0.25309406415459307,"MOV10":-2.1739015932841963,"BCAT1":-0.18120114987418912,"HDAC7":-2.433952047959685,"INF2":5.4576115652650685,"KRT2":-1.0069025007833012,"DSG1":0.0,"SERPINH1":-1.6834800767079388,"EHD2":1.3138145334624616,"KRT16":0.0,"HRNR":-0.6029723081770921,"AIF1L":4.037131389604933,