{"NPM1 Subtype":{"min":-37.0,"max":37.0,"top_text":"Committed NPM1 Subtype","bottom_text":"Primative NPM1 Subtype","map":{"MYL9":1.628391220977796,"MPIG6B":2.0128412132747737,"FGA":1.223582183809986,"SELP":2.657949496817005,"NCKAP1":0.7415302868384542,"FGB":1.5077511187661996,"XIRP2":-0.7363114808056315,"RAB27B":-0.17214308816990614,"TUBB1":1.8133650431859765,"GP1BB":1.9999731736943678,"PROS1":0.9369832996137601,"TSPAN9":0.9131050776124571,"MMRN1":1.6933402292896376,"CLDN5":0.583006677820141,"CALHM5":0.0,"SPX":0.0,"SERPINE1":-0.8513464473265687,"ITGA2B":1.5172627681460498,"CTTN":0.21800149585002038,"CALD1":1.488918148152167,"CLU":1.4676931578307708,"GP1BA":1.7305553559918545,"CMTM5":1.0290616804604809,"TAP1":3.901761512096564,"MYCT1":0.682792684127769,"TREML1":1.7913372352759223,"TMEM40":0.0,"MYLK":1.0686137138481882,"GPX8":0.0,"ESAM":0.4389205140182388,"PTGS1":0.25841017174558245,"C2orf88":0.0700853099768289,"ARHGAP6":2.0844387952149845,"PF4":0.0,"AQP10":0.0,"SYTL4":-0.18576897186964694,"CAVIN2":0.8540629303272376,"ELOVL7":-0.06994444623148754,"CD9":2.02863810906536,"GP9":2.9932789229633507,"FHL2":-0.38376845429067263,"ITGB3":2.3418651981505696,"KALRN":0.7508493570390533,"PPBP":2.9974815953750507,"THBS1":4.3214969941624615,"FITM2":0.0,"PEAR1":0.6017406339048901,"LY6G6F":3.318419630801492,"VWF":1.8167210732194246,"GP5":2.8786641879446755,"LGALSL":0.9415586541469299}},"Overall Survival":{"min":-6.0,"max":6.0,"top_text":"High Survival Correlation","bottom_text":"Low Survival Correlation","map":{"GP9":0.45565736836767623,"VWF":1.0575206057108495,"ELOVL7":-0.2212655526639136,"SERPINE1":1.1404588969547416,"CLU":0.843050588246298,"RAB27B":0.4862216282219043,"ITGA2B":0.760340811599148,"TUBB1":0.5044514327352569,"MMRN1":1.5479582482152037,"FGA":0.3156687049179151,"MYL9":2.085224038319017,"ITGB3":1.2336487670993077,"CMTM5":0.4593855474836417,"LY6G6F":1.0102376530994401,"PEAR1":0.008293720645701995,"CD9":1.9943032686528337,"NCKAP1":0.1351786012140216,"FHL2":0.08341432400122915,"GP1BA":0.42248092326678677,"GPX8":0.0,"PROS1":1.3406097886081456,"MYLK":0.524347211826412,"SELP":1.086000517837156,"CAVIN2":0.7261713337463949,"AQP10":0.0,"CLDN5":0.013138582810393736,"GP5":1.3197199244074604,"PF4":0.0,"C2orf88":-0.1387302503384507,"CALD1":0.3016741645448322,"PPBP":1.4489355932692656,"TMEM40":0.0,"TSPAN9":0.39140344883532846,"MYCT1":-0.021274684915762274,"LGALSL":0.03496209018664352,"THBS1":0.6082655487966359,"SYTL4":0.27917973544893715,"CTTN":0.07531775448875362,"ESAM":0.6154424866699478,"TREML1":1.0780765581491119,"MPIG6B":0.5182583942826252,"PTGS1":1.2663528034732856,"FITM2":0.0,"FGB":0.23540947879006366,"TAP1":0.12131390808513075,"GP1BB":1.442549386571268,"ARHGAP6":0.5503752824187402,"KALRN":0.7088174194780047,"CALHM5":0.0,"SPX":0.0,"XIRP2":0.08038027294586865}},"MuSiC CD14 Mono":{"min":-50.0,"max":50.0,"top_text":"High CD14 Mono Correlation","bottom_text":"Low CD14 Mono Correlation","map":{"FITM2":0.0,"SYTL4":0.46829655788630054,"ARHGAP6":2.121433307746269,"CALHM5":0.0,"ITGB3":2.180531302343359,"TMEM40":0.0,"ITGA2B":1.1736764824910495,"C2orf88":0.191614026239817,"GP1BB":1.6167437136097456,"FGB":1.6955506619922678,"AQP10":0.0,"LY6G6F":2.687176040894975,"SPX":0.0,"XIRP2":-1.6022245663964536,"FGA":1.3935216694166261,"CD9":2.0020717356458486,"TSPAN9":1.0814057903489058,"CALD1":1.4079749100974495,"MMRN1":1.2523031494729557,"PEAR1":0.9266451740866749,"TUBB1":1.4832604505201763,"ELOVL7":0.2191382087532781,"GP9":3.1306110366398743,"CMTM5":1.0801401587960262,"GP1BA":1.4646236115058735,"THBS1":4.714998143749004,"MPIG6B":1.8024175783312126,"NCKAP1":0.6943439709556737,"CAVIN2":1.1891265077679034,"TREML1":1.4844592958821146,"MYCT1":0.524954470543457,"GP5":1.792315411726357,"PROS1":0.9748206227585573,"CTTN":0.028708692278037556,"ESAM":0.31361086470874394,"SELP":2.6933700274186863,"RAB27B":-0.09562032959556445,"PPBP":2.656544440904096,"VWF":3.4168301561067813,"MYL9":1.6196518886652058,"FHL2":0.03261943572126782,"TAP1":2.611156343247606,"CLU":1.6741613909447364,"KALRN":0.6214704443165188,"LGALSL":0.9227084033611159,"MYLK":1.1320799118443912,"CLDN5":0.4386470012153277,"PTGS1":0.7426899173330435,"GPX8":0.0,"PF4":0.0,"SERPINE1":0.1808956731212171}},"Mutation FLT3 ITD":{"min":-10.0,"max":10.0,"top_text":"High FLT3 ITD Correlation","bottom_text":"Low FLT3 ITD Correlation","map":{"MPIG6B":-0.17579995564453985,"CALD1":-0.3212259709670402,"LGALSL":0.05795447719415776,"ITGB3":0.010531068992007205,"TREML1":0.32268656571026744,"RAB27B":0.1408326419199698,"CD9":0.07264214908363462,"SYTL4":2.4727384979114375,"GP9":0.1823663403592001,"MYCT1":-1.0331238295203549,"PROS1":-1.2920917668090575,"MYL9":0.11859652689354047,"MYLK":0.0656138359669624,"PF4":0.0,"FHL2":-2.5394779616126266,"NCKAP1":-0.799733076998689,"FGB":-2.787752433320642,"GP5":-0.6559081002092733,"TSPAN9":-0.04608442383388738,"SERPINE1":0.06583422137765116,"SPX":0.0,"TAP1":-1.2786261069341882,"CAVIN2":-0.11169419006470875,"CALHM5":0.0,"TMEM40":0.0,"CTTN":-1.4804584971653432,"FITM2":0.0,"PTGS1":0.752595480020139,"XIRP2":0.3040953710578426,"AQP10":0.0,"MMRN1":0.3295963287594584,"GP1BB":0.0012369971311391825,"ESAM":0.3946168156214917,"CLU":0.05704187064070339,"PEAR1":0.07533396514102547,"KALRN":0.21654232539606222,"ELOVL7":0.09318249219673269,"PPBP":0.13302678511276042,"CLDN5":-0.0022968737690059996,"ARHGAP6":0.1503919601444519,"LY6G6F":0.1680965504838837,"C2orf88":-0.38407826273133,"FGA":-2.5817653341314184,"GPX8":0.0,"THBS1":0.3059665633270309,"GP1BA":0.1260482654742483,"VWF":0.5015446498942248,"CMTM5":-0.7229679094600507,"ITGA2B":-0.15137808039061432,"TUBB1":0.3365950585043257,"SELP":-0.2282162348648115}},"Blast Percent":{"min":-11.0,"max":11.0,"top_text":"High Blast Percent Correlation","bottom_text":"Low Blast Percent Correlation","map":{"AQP10":0.0,"TREML1":-2.4804164231506887,"CMTM5":-4.147935512850159,"ELOVL7":-3.9360768108034287,"GP9":-4.395614891863357,"ITGA2B":-4.833352938848906,"CALD1":-5.845383960738439,"VWF":-3.2899639731565586,"LY6G6F":-3.940805203568553,"CTTN":-4.966405696497598,"LGALSL":-4.865389710155042,"MYLK":-4.411698281687771,"THBS1":-5.538710115354436,"CD9":-1.3734472723408002,"XIRP2":-0.009811385864748126,"FHL2":-3.3663773070169585,"MPIG6B":-4.008966995426641,"TMEM40":0.0,"MYL9":-3.7709356286735343,"GP1BB":-3.2791666621575657,"SELP":-5.375892688310932,"CLDN5":-2.4919806445665795,"FGA":-4.937145104571725,"FITM2":0.0,"FGB":-4.762380585804137,"GPX8":0.0,"TAP1":-0.7004619934777425,"CLU":-4.701906666975222,"SERPINE1":-2.3288017018925866,"CAVIN2":-4.855208885049094,"PEAR1":-2.5582777960372987,"GP5":-4.96928565069015,"MMRN1":-5.271229666471841,"SPX":0.0,"ARHGAP6":-4.698698347340386,"PROS1":-5.494457702019531,"PPBP":-5.30871098691352,"SYTL4":-4.246321394178637,"CALHM5":0.0,"PF4":0.0,"ITGB3":-5.4856001154020015,"ESAM":-2.7743280261541354,"RAB27B":-3.173302605059171,"TSPAN9":-3.076238398710665,"MYCT1":-2.2807336574735277,"PTGS1":-3.671253374230671,"GP1BA":-3.7451336751125215,"KALRN":-3.102256922712074,"TUBB1":-4.926712348100621,"NCKAP1":-5.073260119063157,"C2orf88":-3.721215883824693}},"Mutation NPM1":{"min":-30.0,"max":30.0,"top_text":"High NPM1 Correlation","bottom_text":"Low NPM1 Correlation","map":{"MMRN1":-0.4868748869433082,"GP5":-0.4457710754073297,"ELOVL7":-1.0204206940923741,"GP1BA":0.26076389111450027,"PROS1":-0.7769140611259496,"PF4":0.0,"ITGB3":0.3102989462104769,"MYL9":0.0698531692426929,"VWF":2.3871496277532986,"CTTN":-1.9186327562526382,"SPX":0.0,"CD9":0.2736731126227407,"SERPINE1":0.005180954005185568,"GP9":0.6515998161812354,"LGALSL":-0.7001508951127718,"CALHM5":0.0,"PPBP":0.5601932197027972,"KALRN":0.4133650602550159,"RAB27B":0.3976012682540303,"NCKAP1":-0.3305527303759439,"FITM2":0.0,"CAVIN2":0.7008240041081729,"ARHGAP6":0.003850883994382178,"CMTM5":0.36235588999678947,"XIRP2":0.26272372682578654,"FGB":-1.857298612304548,"ESAM":-0.8205722787407046,"MYCT1":-0.9867094068691319,"TAP1":-1.415415665194582,"C2orf88":-1.1780861644132294,"FHL2":-1.2374270147544288,"CLDN5":-0.21955979588629979,