{"Mutation NPM1":{"min":-30.0,"max":30.0,"top_text":"High NPM1 Correlation","bottom_text":"Low NPM1 Correlation","map":{"GAK":0.40746573747388537,"DNAJC7":0.6806146756801227,"TTYH3":6.29857264803205,"KIAA2013":-0.8709084038178168,"SERPINB2":0.03100171660043991,"JOSD2":2.257637793920954,"BRAT1":6.665669696689703,"LMAN2":1.0342697107167182,"PI4K2A":0.08645432874576049,"CHCHD10":0.028657292133512313,"STUB1":1.6680274722186372,"TUBB":-0.2385340365636773,"NPEPL1":7.145678560002104,"RHOT2":4.040832973238979,"XPO6":-0.2637601038041232,"COX5A":1.4408743086420104,"GBF1":0.12249252281180531,"COMTD1":2.100242345610633,"TUBA1C":-0.07462507408336827,"FPR1":0.2704380823394476,"REX1BD":0.48694851450638754,"TKFC":0.6824037676186377,"CAMK1":1.417345369503566,"ARHGDIA":-0.5313651619137226,"CCNYL1":-0.9592440676745958,"NCDN":0.06979413523405584,"INTS1":6.310002465236969,"VPS28":-2.0420757057095438,"C19orf38":-1.1934327672774885,"MRPL23":1.0554706348872154,"LY86":0.527195623078376,"CD1D":0.0,"HEATR3":9.168307708194192,"SYNGR2":0.04695455243598189,"INTS9":1.1427506102970326,"RFXANK":-0.31242511421520214,"MMS19":-0.28461960098092237,"PHKA2":4.000778184347211,"ACSL1":7.247488434534501,"SLC25A1":0.14248961134089988,"GAA":2.717488627409295,"ECD":-1.3380550125649977,"COA3":-0.21241932193108454,"LIMK1":5.486949406695589,"PHKG2":1.7937902343385568,"ATXN1":-1.3214042082506043,"EIF4G3":-0.30052362529526994,"SPN":1.9220694204924034,"C4orf48":0.0,"S1PR4":0.0,"STX16-NPEPL1":0.0}},"Overall Survival":{"min":-6.0,"max":6.0,"top_text":"High Survival Correlation","bottom_text":"Low Survival Correlation","map":{"XPO6":-1.4258706078624013,"GBF1":0.7602891514962393,"TUBA1C":1.0604446239778877,"SERPINB2":-0.3089423636350125,"ATXN1":0.0872960636631086,"KIAA2013":0.8809672263293894,"RHOT2":0.032370563790710905,"PHKG2":-0.4892078077210932,"CHCHD10":-0.7238246110830253,"REX1BD":-0.3720085250414941,"C19orf38":-0.021002304930134306,"COA3":2.4641146243458527,"SYNGR2":-0.6805668087195272,"PI4K2A":1.1943704463019444,"INTS9":-0.09541700452123064,"GAK":2.2793661259127065,"ECD":0.30431196867213284,"NPEPL1":-0.5444185465105339,"MMS19":0.10799265340265009,"CAMK1":1.5193803883607806,"GAA":-1.430696783589625,"COX5A":0.3391024028103507,"STUB1":0.3291270649544706,"COMTD1":0.38834719557513653,"INTS1":0.4420175713318743,"FPR1":-1.8451323179379087,"HEATR3":-0.16415992855220923,"LY86":2.761590391925081,"TUBB":0.32320154661107303,"RFXANK":0.485023060343185,"EIF4G3":0.9909056327614764,"LMAN2":0.23408831183801743,"SLC25A1":-0.09020869896866565,"STX16-NPEPL1":0.0,"NCDN":0.3085050655421928,"TKFC":-1.999158282892,"ARHGDIA":0.3203229696456129,"MRPL23":0.28005268590658905,"SPN":-0.4251196097007037,"CD1D":0.0,"CCNYL1":-1.9037466541670571,"ACSL1":-0.914801745335914,"TTYH3":-0.6429021362362027,"DNAJC7":0.03881778812342077,"C4orf48":0.0,"JOSD2":-0.07926006298589021,"PHKA2":-0.5195310440289863,"S1PR4":0.0,"VPS28":0.3771605915416635,"BRAT1":-0.24139542392498625,"LIMK1":0.41099141070063644}},"NPM1 Subtype":{"min":-37.0,"max":37.0,"top_text":"Committed NPM1 Subtype","bottom_text":"Primative NPM1 Subtype","map":{"NCDN":5.873903700117628,"MRPL23":-4.546512523724331,"LIMK1":11.752121856089492,"CAMK1":15.27007920571912,"PHKG2":6.7879038132987795,"LY86":11.403846635184195,"ATXN1":4.88742440669443,"ACSL1":15.392309460046837,"TUBB":2.1268177234599466,"RHOT2":1.73805146526397,"LMAN2":2.0081496458088113,"FPR1":15.124582064372433,"C19orf38":19.962227929240754,"C4orf48":0.0,"TKFC":0.22894122784175303,"PI4K2A":5.282960594384637,"COX5A":-0.0912481299382667,"TUBA1C":1.0832089934313536,"NPEPL1":2.489925875888606,"CD1D":0.0,"STUB1":1.9378563585001845,"SLC25A1":0.46465723128317055,"ECD":0.9909517727401531,"STX16-NPEPL1":0.0,"VPS28":0.17904036296602538,"XPO6":2.7324422922195533,"JOSD2":7.033014452284554,"SERPINB2":13.84743636804155,"INTS1":-0.09981280675970636,"DNAJC7":13.165392454233848,"SPN":-0.6452330553011815,"CHCHD10":-0.91604181280636,"GBF1":2.8859602946221474,"ARHGDIA":12.965197759518935,"RFXANK":-4.304405842814957,"GAK":12.609927421259536,"INTS9":-0.5602399662884581,"REX1BD":1.1062401151026542,"COMTD1":2.360096988510821,"CCNYL1":0.3035056476865426,"TTYH3":7.729073949735482,"COA3":-1.0533220753346946,"MMS19":1.5245417080327972,"PHKA2":8.915212880459908,"KIAA2013":1.2041833867593241,"SYNGR2":1.3929213367885895,"BRAT1":0.7811720359389442,"EIF4G3":2.739435929984051,"GAA":8.666074563404095,"S1PR4":0.0,"HEATR3":7.320277006080036}},"Blast Percent":{"min":-11.0,"max":11.0,"top_text":"High Blast Percent Correlation","bottom_text":"Low Blast Percent Correlation","map":{"ACSL1":-0.7170554627249981,"GAK":-1.1131304607714585,"TKFC":0.21023165766109964,"ARHGDIA":-1.7154710652155942,"PI4K2A":-4.628761578836548,"ECD":-0.4131437150074327,"RFXANK":3.5161134392824325,"SPN":-0.03600949922276236,"REX1BD":1.545961279583372,"DNAJC7":-1.7967667908407252,"SERPINB2":-2.598635601696053,"SLC25A1":0.9216687781578369,"C4orf48":0.0,"MMS19":-0.3423850171286254,"COX5A":0.6845688229481113,"NPEPL1":0.3901983572332139,"STUB1":-0.37973272851019385,"CD1D":0.0,"GBF1":-3.271627037256626,"TTYH3":-0.48505114791772125,"PHKG2":-1.6814322111180207,"CCNYL1":-2.523318093022675,"JOSD2":-0.8519946522985268,"VPS28":-1.05457121154308,"INTS1":2.977315900687764,"RHOT2":-0.04953233230153931,"TUBB":-0.19695552172979722,"LMAN2":-1.2803307599462947,"NCDN":-0.09672904509488489,"ATXN1":-1.6932064086810679,"S1PR4":0.0,"CHCHD10":-2.481320394865344,"MRPL23":3.3314401134891574,"COMTD1":-0.850199296077008,"LY86":-0.4450624977936947,"PHKA2":-1.4972508768340234,"TUBA1C":-0.05731329011749368,"CAMK1":-2.974751166056275,"LIMK1":0.0584894594217532,"KIAA2013":-2.409106216402829,"INTS9":1.1671963345202265,"GAA":-0.0649513995956303,"SYNGR2":-2.6516176865443053,"COA3":-0.1978007247870195,"BRAT1":1.0249440231004467,"XPO6":-1.7135789859386115,"STX16-NPEPL1":0.0,"C19orf38":-6.372762297992655,"FPR1":-3.0308427383209424,"EIF4G3":-0.25243939312283536,"HEATR3":-0.016817061601248833}},"MuSiC CD14 Mono":{"min":-50.0,"max":50.0,"top_text":"High CD14 Mono Correlation","bottom_text":"Low CD14 Mono Correlation","map":{"LY86":9.466783408450729,"TTYH3":8.823673387813395,"TKFC":2.131004564698657,"RHOT2":3.401696115369147,"HEATR3":7.5611672115175725,"COMTD1":6.050574884502456,"CCNYL1":0.8134105856518212,"STUB1":1.6459911798216191,"GAA":13.796003029047327,"PHKG2":10.75834480486123,"TUBB":1.8128589362377832,"JOSD2":9.955417953421568,"PHKA2":13.99559932941842,"GBF1":3.6988395949874597,"CAMK1":16.06994031773785,"STX16-NPEPL1":0.0,"COA3":-1.3386563297539342,"ATXN1":4.578599712638862,"ARHGDIA":13.09137818636643,"COX5A":0.2648524131197143,"CHCHD10":1.3528085853120206,"NCDN":4.794552884373073,"REX1BD":1.7297325522691427,"ACSL1":22.409178531998236,"INTS9":-0.7719052224795203,"DNAJC7":10.121226081279918,"XPO6":4.79524625161259,"RFXANK":-3.4337688609437147,"INTS1":0.4457461519337351,"LIMK1":12.159038090232853,"CD1D":0.0,"FPR1":24.1128360842872,"VPS28":0.7109538674879892,"MMS19":1.9047058246868898,"SERPINB2":17.51417966577278,"C19orf38":26.762342568753116,"EIF4G3":1.161339959139099,"LMAN2":3.857531216445625,"SLC25A1":0.515167744099416,"C4orf48":0.0,"SYNGR2":0.6759761366780356,"NPEPL1":4.535885884666075,"S1PR4":0.0,"KIAA2013":0.5342178034809401,"TUBA1C":0.7051851050163341,"PI4K2A":6.316583653466619,"ECD":0.9151078172051059,"MRPL23":-4.031911631200175,"SPN":-0.5993287343148388,"BRAT1":1.1842366504592956,"GAK":11.128647550355916}},"Mutation FLT3 ITD":{"min":-10.0,"max":10.0,"top_text":"High FLT3 ITD Correlation","bottom_text":"Low FLT3 ITD Correlation","map":{"XPO6":-1.0300025658139214,"TTYH3":0.4767348186581243,"HEATR3":3.3321904504738007,"CCNYL1":0.01866575530176478,"CAMK1":0.08011041425524294,"STX16-NPEPL1":0.0,"NCDN":0.6478477059498561,"LY86":-0.21980873210924676,"S1PR4":0.0,"MRPL23":4.4104785765444126,"PHKG2":-0.16657618429000912,"REX1BD":0.32835591165795536,"PHKA2":0.04580425509526178,"PI4K2A":0.05612598315547031,"INTS9":3.7361784743908917,"GAK":-0.07626956672946791,"GBF1":0.000706485482838861,"INTS1":2.7502218225547987,