{"NPM1 Subtype":{"min":-37.0,"max":37.0,"top_text":"Committed NPM1 Subtype","bottom_text":"Primative NPM1 Subtype","map":{"CHMP4B":14.961101394093026,"NMRAL1":0.4377358516449508,"ACTB":12.779563501183883,"VPS26A":4.117195472287467,"ACTG1":2.3898156051746255,"KRAS":6.744270177015504,"ACTR2":17.22137564545635,"PSMD2":0.26151707945862007,"TFCP2":3.6108303636992143,"STAT6":5.8566276396247785,"LCP1":18.998618392785502,"BICD2":10.458716068712299,"ANXA2":16.648477435463874,"ACTR3":16.615931643374278,"LPXN":5.0782258049189455,"CORO1C":7.523320800765563,"ADPRH":4.792251422736746,"CORO1A":15.81054476434914,"STUB1":1.9378563585001845,"THAP8":0.0,"TANK":10.625229610009637,"VCP":0.2996924545798663,"CARD9":7.24001965074688,"ETF1":0.998386772430621,"PRMT7":-0.8817856898283498,"CAPZA2":2.803696047784565,"CSF1R":8.635553465456196,"CCDC22":9.755688811882381,"RNH1":12.33600025815304,"IQGAP1":18.03004726914796,"SIRT6":3.6234170641091388,"TP53":-0.8118343715985066,"CAPZB":12.380136678671906,"RIN3":5.225020226478215,"PLA2G15":3.7681534257435794,"TLN1":6.484647438144557,"MYH9":13.176780338482924,"ARPC2":12.802895617336002,"PDLIM7":3.2016829873564565,"DOK2":14.581764485837367,"GRB2":16.273473727153373,"FLNA":12.720445656491957,"PPP1CA":3.269633951130448,"MAPK3":13.560896506611035,"LPP":3.7959481897182403,"VCL":5.482420258449412,"PLEKHG2":-0.7283921025242824,"DYNLL1":-2.2385630300367767,"CORO1B":4.503158136316169,"IKBKE":5.366619710123942,"ZYX":13.301714625742589}},"Mutation FLT3 ITD":{"min":-10.0,"max":10.0,"top_text":"High FLT3 ITD Correlation","bottom_text":"Low FLT3 ITD Correlation","map":{"PRMT7":0.3049990078359906,"CORO1C":-0.9518964169213626,"MYH9":-0.5011356149612094,"CAPZB":-1.7324347104746427,"ADPRH":3.650154171235639,"ZYX":-0.5698531627370537,"IQGAP1":0.11174600228507243,"CCDC22":2.157970320683464,"TFCP2":0.4340947047966677,"TANK":-0.32523550266307666,"CAPZA2":0.2815737242385327,"TLN1":0.2198328763620997,"DYNLL1":0.9709939063933902,"SIRT6":0.27644787593680203,"CARD9":4.506191028072352,"THAP8":0.0,"VPS26A":0.3600273055581627,"CORO1B":3.1244741343239633,"NMRAL1":-0.6178887735964068,"STUB1":0.11759035184321598,"PPP1CA":0.18242560095604346,"LCP1":-0.2837683509299953,"CORO1A":-0.7263845751550453,"RIN3":0.34601084699945067,"ACTR2":-1.2628603739252766,"LPP":3.497444330529397,"ETF1":2.183183758685524,"VCL":-1.2575632019220189,"PLA2G15":0.24110810921611137,"PSMD2":0.1956599107665046,"MAPK3":-0.3841218790320393,"DOK2":0.2904377672716008,"GRB2":-0.11806133918238056,"ANXA2":0.8661920902322086,"BICD2":2.9636323633510426,"CSF1R":-0.0007971123178226556,"ACTR3":-0.7884901191811549,"LPXN":1.117513368281519,"PLEKHG2":-1.1720045901752218,"TP53":-2.4086252511328947,"IKBKE":-0.15058625453247695,"STAT6":0.8026846033932858,"ARPC2":-0.3155244582835396,"FLNA":-0.31844071377372973,"ACTG1":1.0135661577841415,"VCP":0.6465270878514207,"CHMP4B":-0.6269746267439624,"ACTB":-0.9269944551531453,"KRAS":0.07625659147457894,"PDLIM7":0.45564750711316715,"RNH1":0.7254957376627331}},"Mutation NPM1":{"min":-30.0,"max":30.0,"top_text":"High NPM1 Correlation","bottom_text":"Low NPM1 Correlation","map":{"CARD9":12.569842198306707,"VCP":0.11302685320097508,"PLEKHG2":-3.0580020317124204,"ACTR2":-0.6903989556768801,"PPP1CA":1.1699425260695409,"IKBKE":0.7733422745551881,"VPS26A":0.6660722168272041,"NMRAL1":-1.1917270186497646,"TFCP2":1.2435593727657983,"ADPRH":4.1140278033961,"DYNLL1":2.7568058712233316,"ZYX":-0.2060228014426895,"DOK2":1.835287884384609,"ANXA2":2.1508435393284264,"ETF1":0.5720134202995705,"LPP":8.458012318311049,"VCL":-0.5214790719296997,"CCDC22":5.757707233759037,"RIN3":2.4036515570914614,"CORO1B":7.334538347551592,"GRB2":0.03976063579371648,"PLA2G15":3.2836377759224233,"PSMD2":-2.1061319232346625,"RNH1":1.6857534686195563,"TANK":4.519075560973567,"ACTB":-0.5396991830312623,"CSF1R":0.31656622600703893,"BICD2":6.165405961958559,"FLNA":0.687223407231698,"ACTR3":-0.3600422328488173,"LCP1":1.0299308811913255,"LPXN":4.777227490363068,"IQGAP1":0.5286689578453456,"CORO1C":-0.28121358810427644,"CORO1A":-0.4574941384151709,"MYH9":-0.006899456921615533,"STUB1":1.6680274722186372,"CAPZB":-1.1931358247090864,"THAP8":0.0,"TLN1":0.052403771986113894,"ARPC2":0.08247317903808114,"PRMT7":0.037832141559257175,"ACTG1":1.734674316213787,"SIRT6":2.778798054432801,"TP53":-1.8597512278524304,"PDLIM7":0.8809161841776008,"STAT6":2.6928395795475524,"KRAS":0.3120119779791907,"CAPZA2":0.7090482748563051,"MAPK3":1.2087434610654548,"CHMP4B":-0.1361769207777706}},"Blast Percent":{"min":-11.0,"max":11.0,"top_text":"High Blast Percent Correlation","bottom_text":"Low Blast Percent Correlation","map":{"PSMD2":-3.0511986216909186,"CAPZB":-5.062033415539668,"PLEKHG2":-0.2612857047971731,"LCP1":-1.691478532225186,"ARPC2":-1.4574661008593426,"PRMT7":-0.17580654510313695,"LPXN":-0.2360446918974687,"VCP":-0.7002938526615667,"RIN3":-0.1585035711737929,"ACTB":-4.37642113778035,"PLA2G15":-0.23991546451055792,"KRAS":-2.1693013764878573,"RNH1":-0.9700786573146293,"SIRT6":-0.12458777711349486,"CSF1R":-0.592455770608682,"IQGAP1":-0.13342011762029216,"ANXA2":0.0792899926896112,"TFCP2":-0.12683258805613037,"FLNA":-2.922467275431351,"TANK":-1.9412578695541638,"LPP":0.5667085931112157,"CAPZA2":-0.4996171869564137,"STAT6":-0.1787407877546367,"GRB2":-1.799443526639074,"PPP1CA":-0.06949978671584128,"STUB1":-0.37973272851019385,"ACTG1":0.21386890420232677,"NMRAL1":0.0027494836560828587,"ACTR3":-3.685358872591291,"CARD9":-1.0541470041886243,"ETF1":-0.9089729020656836,"THAP8":0.0,"CORO1A":-2.9484109590954666,"CORO1C":-0.5932115438898944,"VCL":-5.467147509366645,"CORO1B":0.5865540352359933,"BICD2":-0.36605509486614835,"DOK2":-3.8301944949952116,"MYH9":-5.129980406574905,"PDLIM7":-3.912275993491941,"CHMP4B":-4.09547560925909,"VPS26A":-0.10257558202267189,"ZYX":-3.5794090728358556,"ADPRH":0.5177017025811166,"DYNLL1":0.002215973306221141,"CCDC22":0.20373496063370355,"IKBKE":0.00024004654629301668,"ACTR2":-5.092279667014953,"TLN1":-4.3678042859920385,"MAPK3":-2.0680339565652868,"TP53":-1.1668667584627048}},"Overall Survival":{"min":-6.0,"max":6.0,"top_text":"High Survival Correlation","bottom_text":"Low Survival Correlation","map":{"PDLIM7":0.39358009048523723,"ACTR3":1.1356501221815636,"MYH9":1.0737103680222333,"TFCP2":-0.12649427013583375,"ETF1":1.214005067007338,"ACTB":1.250040045445864,"CAPZB":0.2647567135386062,"CAPZA2":0.8517683520710453,"MAPK3":1.051501922327441,"PPP1CA":0.4418906905259564,"DYNLL1":0.25788035467150056,"CCDC22":-0.08493504387932033,"LCP1":0.08217770746264805,"VPS26A":0.40088854934097157,"CSF1R":0.7223921161093599,"GRB2":-0.028500014139479373,"VCL":-0.09707846071003695,"NMRAL1":0.14579645127825108,"ARPC2":0.9567782388821142,"STAT6":0.57716643019058,"CARD9":0.03963465160010186,"CHMP4B":0.08966193312235235,"ZYX":0.5578955400032496,"PLA2G15":-0.3593663561512751,"TANK":0.04230981833492491,"TLN1":0.845801375834552,"CORO1B":0.32997112163896264,"RNH1":0.25524531776014076,"CORO1C":0.24588876712966587,"FLNA":1.5982960662472545,"VCP":-0.43301810464155616,"CORO1A":0.6130166698752483,"IKBKE":-0.5257014461104614,"BICD2":-0.008722051066009533,"TP53":-0.18747418326780263,"RIN3":-0.4788683305782503,"PLEKHG2":0.24972446044867377,"DOK2":1.328615051447904,"KRAS":0.32504972471163424,"PRMT7":-0.6794205824836403,"ACTR2":1.0890581337930718,"PSMD2":0.7261992125092539,"ADPRH":0.19222344896298682,"THAP8":0.0,"STUB1":0.3291270649544706,"ANXA2":-0.025741131387706975,"SIRT6":0.0755591960019494,"ACTG1":1.1740957381313175,"LPXN":1.2336959499234486,"LPP":-0.45499713996190194,"IQGAP1":-0.057353144323501505}},"MuSiC CD14 Mono":{"min":-50.0,"max":50.0,"top_text":"High CD14 Mono Correlation","bottom_text":"Low CD14 Mono Correlation","map":{"BICD2":15.417930178115045,"ETF1":1.7682373029803882,"ACTG1":2.572777630317799,"VCL":7.4636412674842685,"MAPK3":17.715202619774526,"ADPRH":5.827782131230603,"DYNLL1":-0.9547157486228275,"CORO1C":6.730497916489754,"LPP":5.783656475431769,"PDLIM7":5.904465191950698,"ACTR2":19.95160462561039,"PPP1CA":5.381309065035854,