{"NPM1 Subtype":{"min":-37.0,"max":37.0,"top_text":"Committed NPM1 Subtype","bottom_text":"Primative NPM1 Subtype","map":{"MTCH2":-0.23698763226802888,"NDUFB8":-0.9974989091235397,"NDUFS4":-2.9082700709316516,"MRPL47":-3.696410227551046,"COX5B":-0.07222238224699476,"NDUFS3":-0.740803067109875,"NDUFB1":0.09264981731727243,"NDUFA12":-1.9854596883933717,"NDUFV1":-1.7520482734382878,"CYC1":-2.060847712031401,"NDUFB6":-1.7095770854093888,"UQCRB":-2.5495258250937733,"NDUFA8":-0.23091593668575483,"NDUFC2":-1.1524646467305082,"MT-ND1":-2.752291002390875,"COX4I1":0.2180424024938705,"COX7A2":0.11707796490162503,"ATP5PD":-2.1659398670583334,"ATP5MC3":0.0,"ATP5ME":-1.634898130123648,"MT-ND5":-0.3639133374628645,"NDUFA4":0.14579321933728276,"NDUFS1":-2.453485243529112,"SNRPB2":-7.0110728095377794,"NDUFA13":-1.1498523983414821,"UQCRC2":-1.8442304338365987,"COX7A2L":-1.4510597879916374,"NDUFA2":-0.9460193570839451,"COX6A1":-0.2119090480982499,"NDUFB4":-1.670534514292088,"PSMB1":0.7207440910680675,"NDUFB5":-1.5965369910567737,"COX7C":-0.9310130394063836,"COX6C":-0.18430617827594306,"NDUFB3":-1.5561359883241845,"COX7B":-0.4937782337084544,"OCIAD1":-5.0610820953573965,"UQCRFS1":-0.49368966531224734,"SNRPC":-2.8288961500749616,"H2BC6":0.0,"UQCRQ":-0.728928202625446,"NDUFB11":-2.05723727766418,"UQCR10":-1.1485175235727534,"NDUFS7":-1.709424272502127,"NDUFB10":-1.7291719620775914,"NDUFA9":-0.6417521186514316,"COX6B1":0.07798650872309233,"ATP5PB":-2.0091912803306267,"NDUFB9":0.3019043188333158,"MT-CO2":-0.418360725712759,"NDUFS5":0.26757407518544296}},"MuSiC CD14 Mono":{"min":-50.0,"max":50.0,"top_text":"High CD14 Mono Correlation","bottom_text":"Low CD14 Mono Correlation","map":{"NDUFB10":-0.7150992127227194,"COX7A2":0.14267294220147922,"NDUFB8":-1.5000622764244003,"NDUFB6":-1.8344600505923037,"COX7A2L":-1.0954118980519434,"NDUFA13":-1.1541998406259066,"UQCRC2":-1.4991440042830364,"NDUFA8":0.09521464781923404,"UQCRFS1":-0.37053921472764745,"NDUFB4":-1.2922279075295184,"UQCRQ":-0.9561178193241483,"ATP5MC3":0.0,"COX7C":-0.6875665644439173,"COX6A1":0.12683901200392647,"NDUFA9":-0.6782872520528951,"SNRPB2":-7.105558155816705,"ATP5PD":-1.7154980443050531,"NDUFB1":-0.05618086401794398,"NDUFB11":-2.05608391777467,"COX4I1":-0.019810555215715165,"NDUFS7":-1.2164879859577038,"COX5B":-0.18662269394292075,"NDUFA2":-0.3521662127917116,"NDUFC2":-1.0803092657217366,"COX6B1":0.40939545699176916,"NDUFA4":0.16419466707980762,"UQCR10":-1.3412559751480013,"PSMB1":1.8575837870435175,"NDUFS3":-0.321373718303882,"MTCH2":0.027425364939130337,"H2BC6":0.0,"NDUFV1":-0.8977056905934436,"NDUFS1":-1.4437980645566444,"MT-ND1":-5.411256327246127,"OCIAD1":-5.897706755296865,"COX6C":-0.05347276595599138,"MRPL47":-5.382550856686785,"COX7B":-0.5953117244465879,"SNRPC":-6.3677093994432905,"CYC1":-1.8431299542367092,"MT-CO2":0.09419417820326392,"ATP5PB":-2.2719248240802288,"NDUFA12":-1.4795312391805453,"MT-ND5":-0.3638831768998565,"NDUFS4":-1.913098099054146,"NDUFS5":-0.20198078135584857,"NDUFB5":-0.9258135084103313,"UQCRB":-2.031372126878803,"ATP5ME":-2.4636157395920435,"NDUFB9":-0.2499224083051602,"NDUFB3":-1.6741190946204587}},"Mutation NPM1":{"min":-30.0,"max":30.0,"top_text":"High NPM1 Correlation","bottom_text":"Low NPM1 Correlation","map":{"NDUFA12":1.1775626870986287,"NDUFB8":0.6795855845144829,"NDUFB10":1.617160660860769,"COX5B":0.7726167536010533,"UQCRFS1":0.7710882611850347,"COX6B1":2.705872040130583,"NDUFA2":3.799715302343987,"UQCRQ":-0.2001093079951854,"COX4I1":0.6647650558440731,"UQCRB":-0.31150850444539796,"COX7C":-0.0437094960490198,"MT-CO2":1.4484426780112851,"UQCR10":-0.7070333061693893,"MRPL47":0.7497580480668051,"SNRPC":0.7164317782601068,"NDUFA13":1.7328910422442838,"COX6C":0.8392350377843184,"NDUFB4":0.20471473785252833,"MT-ND1":0.6767171188702855,"ATP5MC3":0.0,"COX6A1":0.2783482056955379,"COX7B":0.5205988285689328,"ATP5PD":0.36071403874438,"NDUFS7":1.7536481461324998,"ATP5PB":-0.5154151291243886,"NDUFB6":1.013346415887485,"NDUFS5":1.9330054389647775,"COX7A2":1.0123659523869601,"NDUFB5":1.0743159207027801,"NDUFB9":1.2527446376267102,"NDUFV1":3.128362512523043,"NDUFB3":0.8441129220386537,"SNRPB2":1.0512781642611446,"NDUFA9":0.4877972436319662,"MTCH2":2.446159409206866,"COX7A2L":-0.34848386204988024,"MT-ND5":-0.21194483551203452,"NDUFA4":3.4305249912687334,"NDUFS1":2.0028690417377906,"UQCRC2":0.46974774100310845,"CYC1":0.1290006986103178,"NDUFS3":1.2485820136720833,"ATP5ME":-0.26602629441775344,"OCIAD1":1.0736056301648607,"PSMB1":0.07942577826830313,"NDUFA8":2.452350843008108,"NDUFS4":1.221825860611213,"H2BC6":0.0,"NDUFB11":-0.1284421544352362,"NDUFB1":1.9885375950192057,"NDUFC2":1.1167530097658125}},"Blast Percent":{"min":-11.0,"max":11.0,"top_text":"High Blast Percent Correlation","bottom_text":"Low Blast Percent Correlation","map":{"UQCRFS1":1.260132430115625,"COX4I1":0.009647545179321345,"NDUFA9":1.3246558614923203,"MT-ND1":0.6073533839182051,"UQCRB":0.985800360678504,"NDUFB8":0.34145866294400873,"NDUFS5":1.1201469254464076,"NDUFB3":1.0152762620507199,"NDUFB6":0.4143844928656675,"MT-CO2":0.8811987896798202,"MRPL47":2.838557979612867,"NDUFB11":0.3829612329850596,"ATP5MC3":0.0,"MT-ND5":-0.5685380749919262,"NDUFB10":0.7500277660775128,"ATP5PB":0.4831931122950851,"NDUFB4":0.1264070661103555,"NDUFA2":1.3542801532740536,"NDUFS7":4.202747516856414,"NDUFA13":2.6249415802978766,"COX7C":0.25579397329739717,"MTCH2":1.217377830213272,"COX7B":0.24100470342602892,"NDUFA12":3.6175273628231106,"UQCR10":0.013198661634541944,"UQCRC2":1.231998926846486,"COX6B1":1.2369533648098943,"PSMB1":-0.10696155512657993,"NDUFC2":0.40386009946669327,"COX7A2":0.2315270570760244,"ATP5ME":0.6134948288107629,"COX6A1":0.619484012792215,"SNRPC":4.2803027710170625,"COX7A2L":0.08090888468411823,"NDUFS3":3.2055766594772437,"NDUFB5":0.4610824838212594,"SNRPB2":4.816539853007493,"NDUFV1":2.637531162461798,"NDUFA4":2.3887724357413282,"NDUFS1":2.536037908416239,"NDUFB9":1.2173960518274107,"NDUFB1":1.6431149568908798,"NDUFA8":0.9173323222526215,"ATP5PD":1.3066336414931707,"H2BC6":0.0,"OCIAD1":0.6310823871686287,"CYC1":0.34399769087185506,"COX5B":-0.059789867525400435,"UQCRQ":0.7822708680492283,"NDUFS4":1.0613698833112435,"COX6C":0.037685064331382245}},"Overall Survival":{"min":-6.0,"max":6.0,"top_text":"High Survival Correlation","bottom_text":"Low Survival Correlation","map":{"PSMB1":-0.07472750596432386,"NDUFS5":1.5365901068481385,"MTCH2":-0.03163266316160394,"COX5B":0.8906014359717713,"NDUFS7":-0.013068226417954874,"NDUFB4":0.2183653624656603,"COX7C":1.4740939747235684,"UQCRQ":-0.04413396151288043,"NDUFB8":0.5657316904000415,"COX7B":0.12721596201460816,"ATP5PD":1.0617565892578358,"COX6A1":-0.19750615686660444,"MRPL47":0.1039686380037245,"ATP5MC3":0.0,"UQCRB":2.4868271595342466,"NDUFS3":-0.9064190572101297,"COX7A2L":1.8993672093085916,"NDUFB10":1.0464713155780048,"CYC1":0.8662990613516797,"NDUFB1":0.07453048341654255,"SNRPB2":-1.6162138952300258,"COX7A2":-0.004067324820628555,"OCIAD1":1.1171405536274979,"H2BC6":0.0,"UQCRFS1":1.0638431467173055,"NDUFB5":0.33745292967840146,"UQCRC2":2.4421240097618977,"NDUFA8":1.136345259323157,"MT-ND1":1.385411085696571,"NDUFC2":1.6754972946931301,"NDUFV1":0.29348812674412583,"NDUFB3":0.486647019446806,"UQCR10":-0.11306846696178882,"NDUFB6":0.969602503434868,"NDUFA9":0.34123296344196313,"NDUFA12":0.5134587349357858,"NDUFB11":0.2301544428868229,"NDUFS4":0.16586526729267767,"NDUFA4":0.3978521676703525,"ATP5ME":0.7265380313090039,"NDUFS1":0.07934903523488826,"COX4I1":0.6448145229405116,"NDUFA13":0.2820083659000643,"NDUFB9":1.0051758487154918,"MT-CO2":1.3042594689717473,"MT-ND5":0.08304888240271723,"SNRPC":-0.24475407871399169,"COX6C":1.095744631190214,"ATP5PB":1.5866491941459848,"NDUFA2":0.029712781846648523,"COX6B1":1.3951978488022727}},"Mutation FLT3 ITD":{"min":-10.0,"max":10.0,"top_text":"High FLT3 ITD Correlation","bottom_text":"Low FLT3 ITD Correlation","map":{"NDUFB10":2.1317050473258115,"ATP5PD":2.206415632122481,"COX7A2L":1.8231890573371967,"COX5B":1.6705248078394104,