{"Blast Percent":{"min":-11.0,"max":11.0,"top_text":"High Blast Percent Correlation","bottom_text":"Low Blast Percent Correlation","map":{"P2RY13":-5.197784201214965,"PSTPIP1":-7.391964736544591,"MCEMP1":-8.206782193515835,"FCAR":-4.8133620079862345,"CR1":-3.0011071806911587,"TREM1":-1.3555690657877544,"MTF1":-5.1335314089865465,"S100A9":-9.878657917074811,"ADGRE3":-3.913304857367371,"FPR2":-4.438549623316934,"PADI2":-5.80201069136217,"ITGAM":-6.159603407709753,"FGR":-5.628540178880434,"NCF1":-3.8197172140356055,"CRISPLD2":-3.276370403225311,"SIGLEC14":-2.9598007453702273,"MEFV":-5.7851330366159885,"S100A8":-9.031405664331206,"VNN2":-4.3932036083867025,"NLRC4":-6.520024137507555,"CXCL16":0.0,"MEGF9":-4.605401307293842,"NLRP12":-3.0466359977537936,"ALOX5":-3.6304848889865293,"LILRB3":-5.184022919758817,"C5AR1":-5.416288521531332,"LILRA5":-3.9625186495871607,"CYBB":-5.773429703618635,"MNDA":-2.586885983553489,"SLCO4C1":-4.210975177967711,"FFAR2":0.0,"HK3":-4.16640944004213,"ITGB2":-4.235212018982832,"FPR1":-3.0308427383209424,"PILRA":-2.9533395339923807,"BCL6":-3.7394740244325684,"C19orf38":-6.372762297992655,"CDA":-5.4376372914419315,"LILRB2":-5.369717465697387,"CLEC4E":-2.236206502968236,"STX11":-5.4029566296156215,"S100A11":-2.0289796634225974,"OSCAR":-3.0718130060181528,"LYZ":-1.427606023666051,"FCER1G":-5.454966559293315,"SIRPB1":-4.261889514888887,"S100A12":-8.58183340517275,"FCN1":-8.131275263035983,"SIGLEC9":-4.069360608777189,"THEMIS2":-6.362598393559543,"LRRK2":-4.868075224987361}},"Overall Survival":{"min":-6.0,"max":6.0,"top_text":"High Survival Correlation","bottom_text":"Low Survival Correlation","map":{"SIRPB1":-0.34383542221321467,"FGR":-0.3290928073302311,"PILRA":-0.1531169381310281,"TREM1":-0.2278385758422989,"THEMIS2":-0.5780102924322493,"ALOX5":0.612744104846452,"S100A11":-0.050615939888407166,"FPR2":-0.05601420778451059,"LILRB2":-0.12049208428118349,"SIGLEC14":0.062157235330856576,"NLRP12":-0.9510304614929809,"HK3":-0.02973079096549854,"STX11":0.3222312364143047,"FCN1":-0.09732649692741746,"CDA":-0.2136108371504108,"OSCAR":-0.5516323761164786,"LRRK2":0.5663779300424407,"NLRC4":-0.21300262035002057,"CXCL16":0.0,"FFAR2":0.0,"CYBB":0.17901640830293714,"CR1":-0.28001638353397307,"FCAR":0.07659138578772037,"C19orf38":-0.021002304930134306,"NCF1":0.60121460535505,"S100A12":-0.1696207526049155,"FCER1G":-0.17769499604873149,"ITGB2":-0.11186430715555226,"CLEC4E":-0.8692817383097355,"PADI2":-0.2804978989739259,"MEGF9":0.04478318792785902,"LILRB3":-0.07583403163275591,"VNN2":-0.12055977320522838,"LILRA5":-0.3661586155612313,"SIGLEC9":-0.07487375879248456,"P2RY13":-0.07532616428921103,"MEFV":0.3205624168416945,"LYZ":-0.9725158068358468,"BCL6":0.3911084555231217,"S100A8":-0.4830674302025152,"C5AR1":-0.07654769095433445,"FPR1":-1.8451323179379087,"S100A9":-0.23830462424115587,"CRISPLD2":-0.964014373914607,"ADGRE3":-0.02214028988320754,"PSTPIP1":0.23123821240747394,"MCEMP1":-0.5571530804382967,"MTF1":0.07455553030430989,"ITGAM":0.157958405891904,"SLCO4C1":0.1904314460645066,"MNDA":-0.6837059983249677}},"Mutation FLT3 ITD":{"min":-10.0,"max":10.0,"top_text":"High FLT3 ITD Correlation","bottom_text":"Low FLT3 ITD Correlation","map":{"FCER1G":-0.6093379137351146,"OSCAR":0.2470726856287232,"S100A8":-1.188206156875096,"CYBB":-0.2256833878660398,"TREM1":1.2134693746108722,"CDA":-0.6688823465976622,"PSTPIP1":0.1491471037620563,"C5AR1":-0.7406060277987441,"LILRB3":0.28112948384831904,"SIRPB1":-0.20347953977888264,"ALOX5":1.6636480786875911,"NLRC4":-1.391724387427898,"MEFV":0.04478905591737681,"FCAR":-1.2104563684904852,"CLEC4E":-0.9733108892158092,"C19orf38":-0.7881124024586543,"LRRK2":-0.30782610109903563,"FGR":-0.29137794465434275,"STX11":-0.21868748025669002,"VNN2":-0.3432782214168982,"NCF1":-0.11780122712114262,"ITGB2":-0.0379677775269902,"PADI2":-0.9370348423922321,"MCEMP1":-0.88189359207128,"P2RY13":-0.2882374793150952,"NLRP12":0.4437184153818737,"BCL6":-2.4738435914263075,"S100A11":-0.5511951233092083,"CRISPLD2":-0.8134641327430606,"PILRA":-0.022188155286033448,"CXCL16":0.0,"CR1":-0.06764524156321385,"MEGF9":-0.1536817351734751,"SIGLEC14":-0.19173383839354435,"FCN1":-0.7948648377190213,"MTF1":-0.7511148874134157,"LYZ":-0.39754593297508745,"S100A12":-1.5655865968234972,"ADGRE3":0.6411132194341965,"FPR2":0.49839332849661994,"S100A9":-1.1137848617687773,"FPR1":-0.1716659637125416,"LILRA5":-0.6360063871584595,"SLCO4C1":0.23776374239616818,"SIGLEC9":-0.052174769707358196,"LILRB2":-0.03874662579074988,"ITGAM":-0.11051935833827488,"THEMIS2":-0.1939155365020615,"MNDA":-0.17897922617597087,"FFAR2":0.0,"HK3":-0.1699695513249297}},"Mutation NPM1":{"min":-30.0,"max":30.0,"top_text":"High NPM1 Correlation","bottom_text":"Low NPM1 Correlation","map":{"FPR2":0.3456742823888101,"STX11":0.09903307226405608,"LYZ":0.2437586540141673,"FGR":0.5369833495773482,"LILRB2":1.3206564603287247,"S100A12":-2.432761729835104,"FCAR":-2.0751507886110385,"BCL6":-0.5388059192725675,"TREM1":3.4749974248982234,"MEGF9":0.4059574307191839,"ITGAM":0.26294695471025653,"CLEC4E":-1.148693408729581,"NLRP12":0.0019458995904309683,"FPR1":0.2704380823394476,"HK3":1.5429160809313496,"MNDA":0.4003844642323933,"FFAR2":0.0,"C19orf38":-1.1934327672774885,"ALOX5":0.04376412183641409,"P2RY13":-0.004824600234513791,"LILRA5":0.22692319363800295,"SLCO4C1":0.1507313658194979,"PILRA":2.355058838937572,"CXCL16":0.0,"NLRC4":-0.8448238774690455,"C5AR1":0.13640271729085762,"SIRPB1":-0.32755466027085284,"VNN2":0.5326741765704998,"PSTPIP1":-0.08927199665382755,"ITGB2":1.7772617678875287,"SIGLEC9":1.3126225411873655,"MEFV":0.3553036205631615,"SIGLEC14":0.15931350034711747,"ADGRE3":0.38658540190630086,"S100A8":-1.9797069615275174,"MTF1":0.23446197095177965,"LRRK2":-0.1844384562449975,"OSCAR":1.2849056697837278,"THEMIS2":0.42740930089672236,"S100A9":-2.2988673507799655,"CYBB":0.041581724283964526,"MCEMP1":-0.36351144945271346,"CRISPLD2":0.03791227142000397,"LILRB3":1.1529114730962569,"PADI2":-1.617794215229134,"CDA":0.0482885970923996,"CR1":1.2138728080165448,"NCF1":1.3308727683039403,"FCN1":-0.40823958330144866,"FCER1G":0.13428119093887145,"S100A11":0.17242026707006483}},"NPM1 Subtype":{"min":-37.0,"max":37.0,"top_text":"Committed NPM1 Subtype","bottom_text":"Primative NPM1 Subtype","map":{"FCN1":19.620727136033025,"ADGRE3":10.58045039308085,"SIGLEC9":27.15184105468452,"LILRB2":28.822862577795505,"MTF1":22.249910581390672,"FPR1":15.124582064372433,"FCER1G":30.049456950557442,"S100A8":16.612739689259254,"SIGLEC14":9.688280348749975,"FPR2":13.696194145179602,"ITGB2":26.49989474464419,"NLRC4":22.653629592241913,"ITGAM":27.76251373062879,"S100A9":16.32157484099056,"MEFV":28.669384912028473,"OSCAR":15.614704735180437,"NCF1":25.19352991635475,"C19orf38":19.962227929240754,"TREM1":13.080670553614258,"SLCO4C1":9.858927721736613,"MEGF9":20.849101097189223,"S100A11":21.171464979853504,"MCEMP1":20.619876989277646,"NLRP12":17.603499694155982,"CRISPLD2":14.326855783112915,"FCAR":12.26943762499202,"PADI2":9.17436311062147,"PSTPIP1":21.571209803415318,"PILRA":26.011163017780078,"C5AR1":20.443010774912853,"LYZ":12.639380109561376,"HK3":24.388939939022872,"SIRPB1":18.975280389765338,"S100A12":10.773738300548397,"P2RY13":14.372945190200653,"CXCL16":0.0,"LILRA5":26.918170972316993,"CLEC4E":5.9225658402099794,"ALOX5":6.937605395922,"FFAR2":0.0,"CYBB":28.381117913351286,"VNN2":16.081375148473423,"BCL6":16.27910459204684,"LILRB3":28.17595630791758,"MNDA":20.684180759458712,"LRRK2":16.56766263389641,"THEMIS2":23.286398030646854,"CR1":16.546507815637604,"CDA":16.83015438469037,"FGR":28.423210901313855,"STX11":18.991728877875943}},"MuSiC CD14 Mono":{"min":-50.0,"max":50.0,"top_text":"High CD14 Mono Correlation","bottom_text":"Low CD14 Mono Correlation","map":{"S100A11":23.74171785541833,"MCEMP1":27.240662325463923,"SLCO4C1":9.733061407675121,"CDA":27.10264250447734,"FPR1":24.1128360842872,"CR1":19.117304166451323,"S100A9":20.68058472030229,"ITGB2":39.10528101949876,"LILRA5":38.57223368368178,"VNN2":27.167423459143475,