{"Mutation NPM1":{"min":-30.0,"max":30.0,"top_text":"High NPM1 Correlation","bottom_text":"Low NPM1 Correlation","map":{"RCAN3":-0.7157725512123368,"CDK16":-0.9123357227850262,"ZC3H7A":2.8320238074827566,"TRAF6":0.34286158086840657,"MED15":0.10129444050697378,"PPP3R1":-0.1905965491863044,"USP21":0.0,"ARHGAP4":-0.6203407684436311,"TRIM56":-0.5094096344948772,"LTBR":1.22024027604052,"H3C2":0.0,"BCL9L":-6.102107278993144,"FMNL1":0.15333205102289163,"ARHGEF1":0.5026792348531952,"TJAP1":-1.6818187070080775,"NFATC1":1.7468293488081406,"TNIP2":-0.525965259246142,"CWC25":0.09007675820441412,"CRTC2":-0.5157818484267627,"TRIM37":0.2222951998397887,"PPP3CA":-1.7453989348242172,"CSK":0.9528336097970239,"DENND4B":-0.8062060868524575,"EP300":1.1861962538320805,"WAS":-2.146061617094694,"LBH":-2.157180735670851,"GMIP":1.7590989183687868,"RELA":-0.32743348958358015,"PPP1R16B":0.0,"SH3BP1":2.126417543906806,"MAP7D1":2.1892771166685936,"GSK3A":-3.0439335502690046,"GSK3B":0.17219019920514167,"ARHGAP27":0.03979593038792623,"CDR2":-3.036212629406297,"LRCH4":1.5934344376857894,"PPP3CC":-1.5005212904843772,"RBCK1":-1.4416390469546891,"GIGYF1":-0.03232718381930085,"IKBKG":-0.016851167492180213,"APP":-11.981728007130616,"RCAN1":-1.424334474796691,"APBA3":-0.18007058666084813,"UPK3BL2":0.0,"PPP3CB":1.1170975131116816,"DDX6":-0.8468038569562953,"PILRB":0.0,"EIF4E2":0.8113064345410169,"ARMT1":0.1357387664213964,"UBC":0.0,"CNTROB":0.41172508544982506}},"Mutation FLT3 ITD":{"min":-10.0,"max":10.0,"top_text":"High FLT3 ITD Correlation","bottom_text":"Low FLT3 ITD Correlation","map":{"WAS":-1.621039045005384,"PILRB":0.0,"BCL9L":-2.8137161118564737,"LTBR":-0.2579477987662828,"GIGYF1":-0.7937365738208124,"GSK3B":-1.104383095504364,"MAP7D1":0.7754449336879928,"APBA3":-0.4021906988947838,"RCAN3":-1.6770597901871553,"DENND4B":-0.8556516554798511,"UPK3BL2":0.0,"PPP3CC":-1.5247619554529228,"MED15":-0.4546759908237,"SH3BP1":-0.18986278516761168,"FMNL1":-0.4779161781845655,"PPP1R16B":0.0,"CDR2":-2.4413867872784163,"PPP3CA":-2.518155124274077,"CSK":0.25613328241541566,"GMIP":0.47103087401243593,"TRAF6":-0.5717655484971595,"GSK3A":-2.5254654804157823,"ARHGAP27":0.1891539962684581,"LRCH4":0.9653814404654478,"ZC3H7A":0.281179402334788,"PPP3R1":-0.6848160570388991,"IKBKG":-0.33592360354730083,"TJAP1":-2.5100368564273494,"H3C2":0.0,"CDK16":0.513854559405891,"NFATC1":2.274117368341349,"RBCK1":-1.2491888723709756,"DDX6":-0.7528036117982098,"EIF4E2":0.11101914339775285,"CWC25":-0.34293874500408417,"CRTC2":-2.952978504083312,"TRIM37":0.20977515068652264,"PPP3CB":-0.008470669901930223,"RCAN1":-1.3299113326360992,"TRIM56":-2.0088784735217877,"CNTROB":-2.267380744429411,"ARMT1":0.06503176493148531,"LBH":-1.1707567590180457,"RELA":-0.7702198255456733,"EP300":-0.034602454011254884,"USP21":0.0,"APP":-3.327108979178409,"ARHGAP4":0.23793450625243256,"UBC":0.0,"ARHGEF1":-0.7090850600520918,"TNIP2":-1.5302383212654176}},"MuSiC CD14 Mono":{"min":-50.0,"max":50.0,"top_text":"High CD14 Mono Correlation","bottom_text":"Low CD14 Mono Correlation","map":{"GMIP":28.262818052651006,"NFATC1":-0.5476793995135923,"DDX6":-2.298697094935558,"H3C2":0.0,"MED15":-2.0227496504919977,"PPP3CB":4.601776023931225,"CWC25":-0.015862252672299175,"CDR2":-2.247422222541463,"CSK":13.96531535718625,"PPP3R1":1.6459492606141435,"FMNL1":16.05640101863911,"RCAN1":5.837975307324538,"RCAN3":0.19500568611977984,"UPK3BL2":0.0,"RELA":2.6129893009849794,"BCL9L":-1.6238944355953888,"PPP3CA":1.3186616616021394,"EIF4E2":0.7419533454728372,"LBH":-0.4704589686235731,"PPP3CC":0.6123432030715997,"EP300":3.2515858328739564,"CRTC2":2.9607940261675267,"MAP7D1":4.77178322103814,"DENND4B":23.041220362074743,"LTBR":7.8710258190272056,"ARHGAP27":13.771860732365552,"UBC":0.0,"ARMT1":8.188255498836158,"TRAF6":2.6388893798519937,"GSK3A":3.793152198425134,"CDK16":0.9610967452041529,"LRCH4":7.416932125910072,"ARHGAP4":2.9880118184741575,"ARHGEF1":24.744850804291993,"WAS":6.6885198637149,"PILRB":0.0,"ZC3H7A":5.425045608431413,"PPP1R16B":0.0,"CNTROB":3.187384099664331,"GIGYF1":0.924276017762721,"TJAP1":0.2882338963363801,"IKBKG":17.09949150958655,"TRIM56":-0.57552601386223,"TRIM37":-0.25070951917022916,"USP21":0.0,"APP":-0.7401982384299821,"RBCK1":2.110304577754408,"SH3BP1":11.542878913563653,"APBA3":3.8938118108731987,"GSK3B":5.631406696089327,"TNIP2":5.860055930304864}},"NPM1 Subtype":{"min":-37.0,"max":37.0,"top_text":"Committed NPM1 Subtype","bottom_text":"Primative NPM1 Subtype","map":{"RBCK1":2.9064539404563248,"TRIM56":-0.4206469260396248,"CSK":12.73926275076637,"CNTROB":2.3837512078878267,"PPP1R16B":0.0,"TRIM37":-0.12966357785285795,"CDK16":0.42717974392549996,"H3C2":0.0,"GIGYF1":0.12542798574911596,"LTBR":5.371760362051762,"ZC3H7A":3.2863437342219854,"GSK3B":3.896163060043158,"UBC":0.0,"NFATC1":-0.24154952359913437,"FMNL1":13.117845497338253,"TJAP1":0.2759371803569789,"UPK3BL2":0.0,"CRTC2":3.912711605026654,"MAP7D1":3.2372621896595164,"LBH":-0.22224456352331542,"PPP3CA":1.7142035484900124,"APBA3":2.780014756607738,"IKBKG":17.959846590639536,"LRCH4":5.528876737288899,"GSK3A":1.530238736430858,"APP":-0.15347275784147357,"MED15":-2.718988957181282,"RCAN3":0.8043114267304379,"CDR2":-0.30808906103129763,"ARHGEF1":17.115980919373545,"WAS":8.333173596211646,"ARHGAP27":14.206132911276503,"USP21":0.0,"PPP3CB":5.029452802814568,"RCAN1":4.313213631058325,"SH3BP1":8.775555863320365,"EIF4E2":0.6942936213617774,"GMIP":16.23488026194122,"CWC25":0.0550173296002465,"DDX6":-1.6461280417402038,"ARHGAP4":2.715614006486543,"ARMT1":9.572823450166945,"EP300":1.921502290883876,"PILRB":0.0,"PPP3CC":1.912329805148508,"BCL9L":-0.4320448629228768,"RELA":2.8403198358674584,"DENND4B":20.090557372245794,"TRAF6":3.795976165863826,"PPP3R1":1.971556267483443,"TNIP2":5.883769652785042}},"Overall Survival":{"min":-6.0,"max":6.0,"top_text":"High Survival Correlation","bottom_text":"Low Survival Correlation","map":{"MED15":-0.15310901488906298,"CDR2":1.5488063292912984,"CRTC2":1.2523837889579743,"LTBR":-0.04731652793282669,"DDX6":-0.49150578421242597,"TRIM56":0.28448222374842264,"CDK16":-0.02985145594448518,"CSK":1.2751334827472744,"ARHGAP4":0.7256912695415095,"BCL9L":-0.13770033199964538,"MAP7D1":0.5201197548123654,"RELA":-0.12222903048648386,"GSK3B":0.16669222493244187,"IKBKG":1.1962934655393556,"NFATC1":-0.13452564449960455,"CWC25":-0.6912639537592521,"RCAN3":1.0453012579476781,"TRIM37":-0.3451088149758812,"ZC3H7A":0.1172450245275365,"CNTROB":0.7850688464621889,"LRCH4":0.57657607314067,"GIGYF1":-0.6974935676546165,"RBCK1":4.010870965114119,"EP300":-0.33887591101364556,"UPK3BL2":0.0,"GSK3A":-0.4124971000880483,"SH3BP1":0.7749091994819717,"H3C2":0.0,"PPP1R16B":0.0,"GMIP":-0.05036303189684937,"ARHGAP27":0.5072628762619831,"USP21":0.0,"TNIP2":0.11077071142284693,"PPP3R1":0.30954641152650625,"WAS":0.9207490630056938,"TRAF6":0.6431532893458309,"PPP3CC":-0.22228953249553265,"ARHGEF1":0.42728744764525145,"PILRB":0.0,"ARMT1":0.16303107679092985,"EIF4E2":-0.07564131198704396,"TJAP1":0.4150018084446391,"APBA3":-0.5714450542920814,"LBH":-0.15363340239319648,"PPP3CA":-0.02639913368150658,"PPP3CB":1.8393798643106103,"RCAN1":0.1324691041517618,"UBC":0.0,"DENND4B":0.30664503871972887,"FMNL1":0.4515410718503309,"APP":0.1022519156374208}},"Blast Percent":{"min":-11.0,"max":11.0,"top_text":"High Blast Percent Correlation","bottom_text":"Low Blast Percent Correlation","map":{"TRAF6":-1.9442807383659093,"FMNL1":-0.8256287817621268,"GSK3B":-0.7226868169595438,"RCAN1":-0.042448558741387574,"CRTC2":-0.30633368647063236,"PPP3CA":0.8809497212522136,"UBC":0.0,"CSK":-1.382275903739603,"GSK3A":-4.157794079017892,"PPP3CB":-0.32390990293084815,"TRIM37":0.03783580259422914,"APP":-1.2295620863803502,"UPK3BL2":0.0,"LRCH4":0.06252255044415629,"IKBKG":-3.5512211459081473,"RELA":-0.730335517409501,"GIGYF1":-0.16900672425774993,"USP21":0.0,"DDX6":0.4255803692632906,"PPP3R1":0.5009775613488489,"PILRB":0.0,"MED15":2.3788103326632384,"DENND4B":-3.0991717411344344,"TJAP1":-0.17389152483301698,"NFATC1":-0.030652212832929498,