{"MuSiC CD14 Mono":{"min":-50.0,"max":50.0,"top_text":"High CD14 Mono Correlation","bottom_text":"Low CD14 Mono Correlation","map":{"PFDN2":-2.4278150509758447,"CAP1":24.76973990649351,"CAPN1":8.454821663866685,"ZC3H7A":5.425045608431413,"ACTR2":19.95160462561039,"OPTN":-0.00918288950325741,"GOT1":0.1497533418590504,"HSPB1":-0.23545787312771158,"CFL1":9.743388925581412,"PSAT1":0.1422903643252352,"EPB41L2":1.9440705371783173,"H4C12":0.0,"NCKIPSD":1.2987830438588164,"DPP3":0.33986059174409367,"TUBA1B":0.0,"CCNDBP1":0.016455575038073236,"PARVB":1.0728808562038306,"PXN":9.43300809251604,"MYH9":18.85590437042841,"BAG3":7.214828320117401,"PEPD":5.097168860570279,"MYL6":16.016024700324678,"TLN1":11.399963981045866,"TGFB1I1":0.28516480657525234,"H3C11":0.0,"CSK":13.96531535718625,"FERMT3":12.314368081024059,"PLG":1.7608869543363224,"PC":0.13056779954324155,"PTGS1":0.7426899173330435,"LIMS1":6.212048553975378,"CUL2":3.6143691229224224,"ILK":8.6838750690384,"CMIP":11.29483449129268,"AHCYL1":3.9720589316759214,"PTP4A2":4.646605491894125,"MVD":1.2777334084497136,"LPXN":5.093409007063929,"LDLR":2.7673545713720644,"CAV1":-0.5302430407351745,"MYL9":1.6196518886652058,"SLC25A1":0.515167744099416,"CSRP1":9.572605532732998,"BMP2K":2.491721281394122,"ARMC6":-0.00666237676749748,"RSU1":4.312661873231462,"FKBP4":-5.9320769713177475,"CAPZA1":6.9954359038422735,"TRIM25":14.73726704406685,"ACTR3":20.677588883348687,"KRAS":10.118181926267097}},"Blast Percent":{"min":-11.0,"max":11.0,"top_text":"High Blast Percent Correlation","bottom_text":"Low Blast Percent Correlation","map":{"RSU1":-6.081314832715818,"MYH9":-5.129980406574905,"BAG3":-2.101423095357921,"KRAS":-2.1693013764878573,"TGFB1I1":-2.38942350796832,"CMIP":-2.2927082451884693,"PTP4A2":-0.11553024958831888,"EPB41L2":-1.1333484064570543,"PC":-3.810244355342287,"GOT1":-1.7462026025762065,"CSRP1":-1.1154668607671099,"CSK":-1.382275903739603,"MVD":-1.4816771643379483,"PXN":-3.9567005322923854,"PFDN2":-0.7250615828626544,"CAP1":-4.2602874651814595,"ACTR2":-5.092279667014953,"CAPZA1":-0.6104436424104389,"FKBP4":-0.34780264666650546,"LIMS1":-1.1416978147479895,"TLN1":-4.3678042859920385,"PEPD":-1.3435125106331904,"PSAT1":-2.4117234025159555,"FERMT3":-5.153314444109814,"MYL6":-2.1414738019109203,"H3C11":0.0,"AHCYL1":-0.08523884362150562,"PTGS1":-3.671253374230671,"MYL9":-3.7709356286735343,"HSPB1":-0.6732094003578089,"CCNDBP1":-2.7297533843514143,"ZC3H7A":0.2505339449960463,"ILK":-4.518603995524095,"ARMC6":-0.23273222897789006,"TUBA1B":0.0,"H4C12":0.0,"OPTN":-3.91175716752275,"LDLR":-1.3386153755079782,"ACTR3":-3.685358872591291,"SLC25A1":0.9216687781578369,"BMP2K":-6.110226693987597,"TRIM25":-1.2217001839191042,"CFL1":-0.8393323178695001,"LPXN":-0.2360446918974687,"CUL2":-2.087471471563317,"DPP3":-0.5104072467096112,"CAV1":-0.1785760131450302,"PARVB":-4.58078158830703,"PLG":-3.9882560899128645,"NCKIPSD":-2.876693993769132,"CAPN1":-1.1509633674424888}},"NPM1 Subtype":{"min":-37.0,"max":37.0,"top_text":"Committed NPM1 Subtype","bottom_text":"Primative NPM1 Subtype","map":{"CCNDBP1":-0.29158053096992304,"PSAT1":0.024432428623195956,"LDLR":3.309603152520827,"RSU1":2.5233169480237243,"KRAS":6.744270177015504,"FERMT3":6.472240457132888,"MYL9":1.628391220977796,"ACTR3":16.615931643374278,"AHCYL1":2.502188396668042,"TGFB1I1":0.6495774682045236,"HSPB1":-0.26357908867899216,"PFDN2":-1.126132701657497,"LIMS1":2.859785955099424,"PLG":2.0924856934563927,"SLC25A1":0.46465723128317055,"TRIM25":11.765828088857688,"EPB41L2":1.5268073173821108,"MYH9":13.176780338482924,"CAP1":20.712177577665727,"CAPZA1":5.230695281339192,"H4C12":0.0,"TLN1":6.484647438144557,"ARMC6":0.024200394405897732,"ACTR2":17.22137564545635,"H3C11":0.0,"TUBA1B":0.0,"DPP3":0.17185996929077,"CFL1":6.696357556106699,"CAPN1":2.9723854315722287,"ZC3H7A":3.2863437342219854,"GOT1":-0.5995692294066391,"BMP2K":0.49080653173064054,"PC":-0.17648251178099975,"CSRP1":5.028180241377365,"OPTN":-0.14897459560083504,"MVD":0.1619830156902239,"PARVB":0.8813544040077177,"LPXN":5.0782258049189455,"PTGS1":0.25841017174558245,"BAG3":6.334480122059072,"CUL2":1.336767534314438,"PTP4A2":3.7009470423203896,"NCKIPSD":1.3489375624905138,"CSK":12.73926275076637,"ILK":4.266786791748416,"MYL6":12.824891342004351,"PXN":7.0441129063635435,"CMIP":6.525270685105086,"CAV1":-0.3465734988006755,"PEPD":2.397875091250956,"FKBP4":-6.5725659464925625}},"Mutation NPM1":{"min":-30.0,"max":30.0,"top_text":"High NPM1 Correlation","bottom_text":"Low NPM1 Correlation","map":{"ACTR3":-0.3600422328488173,"PARVB":-0.2313115004559061,"PXN":-0.6020211411048438,"ZC3H7A":2.8320238074827566,"LIMS1":1.077807651021277,"LPXN":4.777227490363068,"TUBA1B":0.0,"PFDN2":-5.958468323655834,"CCNDBP1":-4.771945496888018,"CFL1":-0.3460517899669817,"ILK":0.20339872062646763,"PEPD":-1.788703562931972,"KRAS":0.3120119779791907,"H3C11":0.0,"ACTR2":-0.6903989556768801,"TRIM25":-0.009583914399497226,"MYH9":-0.006899456921615533,"H4C12":0.0,"TGFB1I1":-1.24092476031421,"NCKIPSD":-0.5444401969726607,"MYL9":0.0698531692426929,"FERMT3":-0.18850408058183235,"ARMC6":-0.48524082244245326,"EPB41L2":-0.1865481657186139,"CAPN1":-0.7044956028842544,"OPTN":-6.277273784069056,"CAP1":0.02715473680011235,"MVD":-3.0330842306430363,"PTP4A2":1.4236756194014148,"MYL6":0.5265783333563823,"CMIP":0.40031574738420256,"LDLR":0.10072034478217051,"PSAT1":-4.9199535951851034,"HSPB1":-7.172388573300481,"BAG3":-0.0033574526494247687,"CAV1":-0.6693585076647097,"PC":-1.9343537056181594,"TLN1":0.052403771986113894,"SLC25A1":0.14248961134089988,"GOT1":0.5969841552931514,"CUL2":-3.8418835669647695,"DPP3":0.8775186066529075,"AHCYL1":2.4644321156470035,"BMP2K":-2.6185263951044075,"PTGS1":0.87382748652872,"CAPZA1":0.8131363612802983,"FKBP4":-5.4514070934736045,"PLG":-0.8183695301550417,"RSU1":-0.7172354712258175,"CSK":0.9528336097970239,"CSRP1":3.198556412570379}},"Mutation FLT3 ITD":{"min":-10.0,"max":10.0,"top_text":"High FLT3 ITD Correlation","bottom_text":"Low FLT3 ITD Correlation","map":{"ARMC6":0.11794702934298536,"TGFB1I1":-0.7679974781271371,"NCKIPSD":0.5394911210643789,"H3C11":0.0,"FKBP4":-0.7970538769978602,"ACTR3":-0.7884901191811549,"FERMT3":0.4042911705528972,"CAV1":0.43890709235006165,"CAPZA1":0.15573944860462316,"CMIP":-0.21597936271448648,"CFL1":-0.46561843764788385,"TUBA1B":0.0,"RSU1":-0.6892590846222271,"ACTR2":-1.2628603739252766,"CUL2":-1.3828666995623367,"ILK":-0.2191117048266166,"EPB41L2":0.4452463938779254,"PFDN2":-2.0044503520534813,"PC":0.8786865771395728,"TLN1":0.2198328763620997,"HSPB1":-2.093191401832776,"CSK":0.25613328241541566,"MYL6":-0.12862019564944074,"MYL9":0.11859652689354047,"PXN":-0.3505146384372452,"BAG3":-0.23974682343454778,"H4C12":0.0,"PTP4A2":1.931936355268343,"KRAS":0.07625659147457894,"LDLR":-0.3579248344606752,"PLG":-3.402617100439581,"CCNDBP1":-1.7874165797190815,"SLC25A1":0.03948657282477317,"CAP1":-0.1892469128455936,"OPTN":-2.9569169362722865,"CSRP1":0.2860171681880685,"AHCYL1":0.7712910018850648,"PARVB":0.14888920429722152,"ZC3H7A":0.281179402334788,"GOT1":0.19554836845027207,"PEPD":-0.36802729489221886,"BMP2K":-1.4755140982538948,"DPP3":0.038497169974082965,"MVD":-1.8938446833365847,"MYH9":-0.5011356149612094,"LIMS1":0.18713323869344986,"PSAT1":-1.4975034038483668,"CAPN1":-0.7855467346211923,"LPXN":1.117513368281519,"PTGS1":0.752595480020139,"TRIM25":-0.0940043073093102}},"Overall Survival":{"min":-6.0,"max":6.0,"top_text":"High Survival Correlation","bottom_text":"Low Survival Correlation","map":{"EPB41L2":0.3279870807106132,"MYL6":0.6267988160240829,"CCNDBP1":-0.5705366421082292,"SLC25A1":-0.09020869896866565,"DPP3":-1.9188736210853474,"NCKIPSD":1.4653205059739989,"FKBP4":-0.907424101115084,"CAPZA1":1.1519223448780782,"LPXN":1.2336959499234486,"TUBA1B":0.0,"CUL2":-0.151290640702952,"PTGS1":1.2663528034732856,"OPTN":-0.0659999431708364,"HSPB1":-0.19746762232534193,"ACTR3":1.1356501221815636,"PFDN2":-0.11086559307130776,"H3C11":0.0,"BMP2K":0.5017192784157328,"ILK":1.7558366470200089,"ARMC6":-0.1486924395641358,