{"Mutation FLT3 ITD":{"min":-10.0,"max":10.0,"top_text":"High FLT3 ITD Correlation","bottom_text":"Low FLT3 ITD Correlation","map":{"C14orf93":1.1107796927970839,"CD40":-0.2523746496219287,"MORN3":0.0,"FZR1":-0.7852511264289633,"ARHGEF10L":0.17000396041410573,"HSF2":0.506864993840607,"CD27":0.0,"ADGRA2":0.0,"C12orf57":-1.2323156466604697,"BAG3":-0.23974682343454778,"APBB1":2.1216020667353472,"SDCBP2":0.0,"ACTN3":0.0,"GLIS2":0.0,"TRAF1":-2.1454801358664453,"MAP3K14":0.0,"GEM":0.0,"EPB41L3":0.3412511960323215,"CPM":-0.019774000045951964,"FBP1":0.2672695653236245,"TRAF3":0.8356063033936308,"EIF2AK3":-0.5288902699542865,"CCR1":0.3984972074706011,"TNFRSF18":0.0,"CD40LG":0.0,"PIGA":0.07645802199001334,"CYB5R2":0.16491396448868517,"THAP7":0.0,"PPFIBP2":-0.2941438452345709,"TNFAIP3":-0.11478215719379865,"BIRC3":-1.0056845871336146,"CD83":0.0,"LILRB4":0.056820949480642,"ZC3H14":1.01742205657032,"SLFN5":-0.712325832812621,"RSPH6A":0.0,"PIGH":-1.2333200800266466,"CAMK2D":-0.5530279128014146,"GRAP2":-1.7467481316428495,"SHTN1":1.0986065341155946,"CES1":0.49341223552670777,"ITK":-0.6158971157572283,"TSHZ2":0.0,"RBBP6":0.4147190545276704,"IGF2R":-0.16055431162187045,"BACH2":-0.15225413483826156,"VAV2":1.1446014754697524,"SPOCK1":0.0,"RNF31":-1.409708810156163,"BAG2":0.8723154167053918,"TNFRSF9":0.0}},"MuSiC CD14 Mono":{"min":-50.0,"max":50.0,"top_text":"High CD14 Mono Correlation","bottom_text":"Low CD14 Mono Correlation","map":{"IGF2R":27.42550162127848,"SPOCK1":0.0,"CD40LG":0.0,"TNFRSF18":0.0,"C12orf57":-5.544345287051655,"APBB1":3.9494651853153546,"GLIS2":0.0,"TRAF3":0.13139584212434527,"C14orf93":-1.6102183030548973,"PIGA":-0.9156726704380594,"SLFN5":3.940109787135515,"GRAP2":0.3214955205632659,"TRAF1":0.26825729158871253,"SHTN1":14.883784844628083,"TSHZ2":0.0,"ITK":-0.6732876008408771,"THAP7":0.0,"VAV2":12.698258998690159,"RSPH6A":0.0,"FZR1":-0.8928244185747809,"EPB41L3":15.28031390284737,"ADGRA2":0.0,"TNFAIP3":0.02412055980405241,"CES1":17.333582039581284,"CAMK2D":7.863276581163394,"BIRC3":0.8555856295100542,"ACTN3":0.0,"ZC3H14":-2.138041679311753,"EIF2AK3":0.14985166628729485,"CPM":29.567589413724114,"TNFRSF9":0.0,"PPFIBP2":18.880837039557598,"CD40":3.7529253935789786,"CCR1":31.732739726773776,"CD83":0.0,"ARHGEF10L":34.83681204730483,"MORN3":0.0,"FBP1":26.20141360807004,"BACH2":0.5595044639686367,"SDCBP2":0.0,"CYB5R2":1.1300188433886647,"HSF2":-4.378649261316228,"RNF31":1.3505074060529592,"BAG2":-1.9977918986225802,"MAP3K14":0.0,"CD27":0.0,"GEM":0.0,"RBBP6":-8.042619785817791,"BAG3":7.214828320117401,"LILRB4":24.870118289059832,"PIGH":-1.6996596438394571}},"Blast Percent":{"min":-11.0,"max":11.0,"top_text":"High Blast Percent Correlation","bottom_text":"Low Blast Percent Correlation","map":{"BAG3":-2.101423095357921,"GLIS2":0.0,"MORN3":0.0,"PIGA":-0.15721766207907056,"EIF2AK3":-0.4322466626604466,"ADGRA2":0.0,"RBBP6":4.955615096970468,"TNFAIP3":0.5421455140521984,"CPM":-3.112011194645162,"RSPH6A":0.0,"CAMK2D":-2.9448055244753175,"FZR1":-0.6565589440014413,"C12orf57":0.8554269613659803,"RNF31":-1.1606219571340455,"BACH2":0.010438431477682942,"HSF2":1.3216190215124535,"CYB5R2":-0.09655165568533094,"BAG2":-2.307856210587071,"APBB1":-0.43307458703967217,"CD40LG":0.0,"ZC3H14":3.8254144659125173,"CCR1":-1.7725283504955869,"CD27":0.0,"ITK":-2.2393379341224326,"EPB41L3":-3.7194701817005456,"BIRC3":-0.22518889238953071,"C14orf93":1.3122088492425996,"MAP3K14":0.0,"GRAP2":-1.9203537142679852,"TSHZ2":0.0,"TNFRSF9":0.0,"CES1":-2.3037194766901647,"TRAF1":-2.1040589218641905,"THAP7":0.0,"TNFRSF18":0.0,"CD40":-2.0356447917333966,"PPFIBP2":-4.180972235658715,"FBP1":-3.1977976719777077,"SHTN1":-1.5141109693177988,"SDCBP2":0.0,"SPOCK1":0.0,"VAV2":-1.0845078572312872,"CD83":0.0,"LILRB4":-2.1155229003200793,"GEM":0.0,"PIGH":-0.4018081390894931,"ARHGEF10L":-2.6276051015053987,"IGF2R":-3.9778024283220157,"SLFN5":-1.855263045401556,"ACTN3":0.0,"TRAF3":-2.42094848192469}},"Mutation NPM1":{"min":-30.0,"max":30.0,"top_text":"High NPM1 Correlation","bottom_text":"Low NPM1 Correlation","map":{"CD27":0.0,"ZC3H14":4.20082549152506,"GLIS2":0.0,"TNFAIP3":-1.1857228633960075,"CES1":1.3783425633496629,"PPFIBP2":0.09018016684033685,"CPM":1.2656937836134659,"MORN3":0.0,"BACH2":0.4071893548722128,"TNFRSF18":0.0,"PIGH":-1.172146635357941,"C14orf93":0.5481709202323527,"BIRC3":2.547281132116844,"HSF2":-0.9001917936294346,"TRAF1":-2.134372640118153,"TRAF3":-3.2059579024645535,"ACTN3":0.0,"EIF2AK3":-1.27292341122847,"SHTN1":6.134838289133799,"PIGA":0.09648417640133003,"GEM":0.0,"CAMK2D":-0.07034421987651394,"CD83":0.0,"MAP3K14":0.0,"ARHGEF10L":1.1916229883655756,"FBP1":1.5441944220902761,"SPOCK1":0.0,"CD40LG":0.0,"THAP7":0.0,"SLFN5":0.32542847524293017,"BAG2":0.4134828762490717,"LILRB4":0.9895577783896703,"VAV2":4.311085191244879,"ITK":-2.227680290686501,"APBB1":3.4419880812736166,"ADGRA2":0.0,"RNF31":-1.077293465683543,"IGF2R":2.73985657648162,"CYB5R2":-0.15914831544108257,"TSHZ2":0.0,"RSPH6A":0.0,"CD40":-0.08237685027601492,"GRAP2":-2.0894862588257594,"C12orf57":-1.8968030004649497,"EPB41L3":2.7853882749506007,"BAG3":-0.0033574526494247687,"CCR1":2.355662390331561,"FZR1":0.02603703921379268,"RBBP6":0.529158016330459,"TNFRSF9":0.0,"SDCBP2":0.0}},"NPM1 Subtype":{"min":-37.0,"max":37.0,"top_text":"Committed NPM1 Subtype","bottom_text":"Primative NPM1 Subtype","map":{"TRAF3":-0.18462955152930602,"SHTN1":10.697745154387366,"CCR1":24.58489212417773,"GRAP2":1.096874606701945,"IGF2R":18.603819810094432,"BACH2":1.172815344811359,"CPM":21.34372224697006,"EPB41L3":11.629988300448083,"BIRC3":1.1854484760479702,"GEM":0.0,"HSF2":-2.9823150885628746,"FZR1":-0.929417124241057,"CYB5R2":-0.432544748764738,"CD40":2.3772411356762144,"TNFRSF9":0.0,"SLFN5":4.767947542301165,"PPFIBP2":13.080479331054159,"ARHGEF10L":28.18891908967271,"PIGH":-1.7534097665355026,"EIF2AK3":0.4330054492097738,"TSHZ2":0.0,"TNFRSF18":0.0,"CES1":10.864816993303402,"ZC3H14":-2.3518194478542083,"PIGA":-0.025693598839461183,"RBBP6":-9.42099072680587,"BAG3":6.334480122059072,"TNFAIP3":0.5814351412560761,"CD83":0.0,"CD27":0.0,"LILRB4":18.010115126063425,"MAP3K14":0.0,"MORN3":0.0,"SPOCK1":0.0,"ACTN3":0.0,"ADGRA2":0.0,"CAMK2D":6.717131599180914,"RNF31":2.2962336889769883,"C12orf57":-3.9437903701797956,"SDCBP2":0.0,"BAG2":-2.2615936630458613,"TRAF1":1.3176292130390739,"FBP1":22.193084942461343,"VAV2":8.373678688438622,"APBB1":3.556855517267642,"RSPH6A":0.0,"ITK":-0.07045927429165907,"CD40LG":0.0,"C14orf93":-2.761660709470195,"GLIS2":0.0,"THAP7":0.0}},"Overall Survival":{"min":-6.0,"max":6.0,"top_text":"High Survival Correlation","bottom_text":"Low Survival Correlation","map":{"GRAP2":0.8230179519574211,"TSHZ2":0.0,"SHTN1":0.07134830696050762,"C12orf57":-0.4908411841979359,"VAV2":-0.26164012447242907,"RSPH6A":0.0,"ADGRA2":0.0,"CCR1":-0.062432581439242456,"ZC3H14":0.034100994756800215,"PPFIBP2":0.01789674864052207,"GEM":0.0,"MAP3K14":0.0,"CYB5R2":-0.3436166239979041,"CD27":0.0,"THAP7":0.0,"FBP1":0.012798302474590888,"SLFN5":0.7015270250520759,"APBB1":-1.7621207982463567,"TNFRSF9":0.0,"ITK":1.14020386999878,"TRAF3":-0.752550069218948,"CPM":-0.04292463801026648,"EIF2AK3":-0.14004907011327553,"LILRB4":-0.03467591798744458,"CES1":0.06202156773232657,"CD40":0.2643980998168414,"PIGA":1.9698383482687598,"SDCBP2":0.0,"FZR1":-0.4894040441681836,"ACTN3":0.0,"RBBP6":-0.5588809358445058,"ARHGEF10L":-0.2643259129537337,"EPB41L3":0.34504026541408106,"RNF31":5.1454557999365,"BIRC3":1.470289391861227,"PIGH":0.2655988192570584,"TNFRSF18":0.0,"CD40LG":0.0,"IGF2R":-0.2800241267508679,"GLIS2":0.0,"HSF2":-0.07770315930491385,"C14orf93":-0.25362226505441565,"BAG3":0.4373527468347968,"CD83":0.0,"CAMK2D":0.1411152682837813,"SPOCK1":0.0,"MORN3":0.0,"TNFAIP3":0.1720806684392344,"TRAF1":0.5588902253958205,"BAG2":-0.5276924741187047,"BACH2":0.4693421173014397}}}