{"Mutation NPM1":{"min":-30.0,"max":30.0,"top_text":"High NPM1 Correlation","bottom_text":"Low NPM1 Correlation","map":{"DSP":-0.5977316325324231,"FIBIN":0.0,"KRT10":-0.8777517252981717,"KPRP":0.0,"KRT78":0.0,"CASP14":0.0,"KRT77":0.0,"NEFM":0.0,"MAGOH":0.0,"KRT6A":-1.0905846163647646,"APOA1":-0.9125918346138866,"SPP2":0.0,"COMP":0.0,"PRKN":0.0,"DCD":-0.3642198345920568,"SBSN":0.0,"HRG":-0.4829213303755763,"YAP1":0.0,"KRT13":0.0,"C1orf68":0.0,"DSC2":0.7565967611941838,"MYH4":0.0,"CACNA1B":0.0,"HRNR":0.4506466342611485,"ALB":0.1403034551825986,"LRRC31":0.0,"PARD3":0.0,"KRT17":-0.8395379532823223,"FLG2":0.0,"KRT4":0.0,"KRT5":1.006327726227791,"MYH1":0.0,"KRT16":0.0,"KRT14":-1.581956769357736,"KRT2":-0.8378015418332118,"FZR1":0.02603703921379268,"THBS4":0.0,"JUP":-4.739246978551705,"KRT9":-1.5207270725111346,"DSG1":0.0,"AZGP1":-1.7068076461638244,"SPRR2D":0.0,"DPPA4":-0.06755266905529435,"FLG":0.0,"KRT6C":0.0,"PKP1":0.0,"KRT73":0.0,"KRT1":-1.555745137736277,"LY6D":0.0,"NKX2-1":0.0,"KRT8":0.48105876905946}},"NPM1 Subtype":{"min":-37.0,"max":37.0,"top_text":"Committed NPM1 Subtype","bottom_text":"Primative NPM1 Subtype","map":{"DCD":-0.3698324409420494,"HRG":1.528429376426627,"PRKN":0.0,"DSG1":0.0,"KRT1":-0.2864642281257093,"HRNR":0.3672386328962807,"KRT2":-0.21140064873732456,"YAP1":0.0,"KRT17":-1.0861528626486676,"SPP2":0.0,"DSC2":-2.640687873191373,"SPRR2D":0.0,"MAGOH":0.0,"FZR1":-0.929417124241057,"FLG2":0.0,"KRT9":0.03748704248065446,"JUP":-5.070807188510222,"MYH4":0.0,"PARD3":0.0,"SBSN":0.0,"AZGP1":0.7939895958116269,"KRT14":-1.5794880495794863,"KRT8":-0.4476846186884619,"FIBIN":0.0,"MYH1":0.0,"KRT4":0.0,"LY6D":0.0,"KPRP":0.0,"APOA1":0.3613742287879375,"KRT78":0.0,"THBS4":0.0,"KRT5":-0.8820031172881583,"C1orf68":0.0,"LRRC31":0.0,"FLG":0.0,"KRT6A":-1.6658826400397966,"KRT16":0.0,"PKP1":0.0,"KRT73":0.0,"COMP":0.0,"KRT77":0.0,"KRT6C":0.0,"KRT13":0.0,"CASP14":0.0,"KRT10":-0.23839823124736334,"DSP":0.18447186885759612,"ALB":0.6868541779715955,"NEFM":0.0,"CACNA1B":0.0,"DPPA4":-0.4814209094304529,"NKX2-1":0.0}},"Overall Survival":{"min":-6.0,"max":6.0,"top_text":"High Survival Correlation","bottom_text":"Low Survival Correlation","map":{"PARD3":0.0,"KRT17":0.4013955534176203,"AZGP1":0.17882028921684884,"DPPA4":-0.8423388578445835,"KRT9":0.58134516734473,"THBS4":0.0,"FLG":0.0,"SPP2":0.0,"KRT10":1.8723896911271916,"DSC2":0.0161208308445106,"APOA1":0.40273612541208303,"KRT5":1.1943735237252244,"DSG1":0.0,"KRT13":0.0,"HRNR":0.18686748325441596,"MYH1":0.0,"KRT14":0.5428685526887272,"SPRR2D":0.0,"MYH4":0.0,"KRT4":0.0,"DSP":0.0531281810942183,"KRT78":0.0,"MAGOH":0.0,"KRT73":0.0,"KRT2":1.929556910106756,"LY6D":0.0,"CASP14":0.0,"FIBIN":0.0,"SBSN":0.0,"NKX2-1":0.0,"LRRC31":0.0,"C1orf68":0.0,"COMP":0.0,"KRT16":0.0,"HRG":1.8595899666199616,"KRT8":-0.16735048969766575,"YAP1":0.0,"DCD":1.2528276519440873,"FZR1":-0.4894040441681836,"JUP":-0.943256088668992,"KRT6A":0.5171137218134074,"PKP1":0.0,"KRT77":0.0,"ALB":0.12188602207902692,"PRKN":0.0,"KPRP":0.0,"FLG2":0.0,"KRT6C":0.0,"NEFM":0.0,"KRT1":1.4055721793077398,"CACNA1B":0.0}},"Mutation FLT3 ITD":{"min":-10.0,"max":10.0,"top_text":"High FLT3 ITD Correlation","bottom_text":"Low FLT3 ITD Correlation","map":{"CACNA1B":0.0,"KRT10":-0.6287502157145833,"PKP1":0.0,"KRT73":0.0,"FLG2":0.0,"NKX2-1":0.0,"LRRC31":0.0,"ALB":-0.8160759256632604,"KRT78":0.0,"KPRP":0.0,"NEFM":0.0,"DSG1":0.0,"YAP1":0.0,"KRT1":-1.2443687445059974,"HRG":-2.457455363634731,"C1orf68":0.0,"DCD":-0.9013129527934981,"KRT6A":0.0012479769565471484,"APOA1":-1.8194175188023785,"FIBIN":0.0,"COMP":0.0,"KRT5":0.3496987965770676,"FLG":0.0,"MYH4":0.0,"JUP":-2.791683168728266,"LY6D":0.0,"KRT9":-1.9468304384803634,"KRT14":0.050777201360446285,"CASP14":0.0,"SBSN":0.0,"AZGP1":-2.4559216629013556,"FZR1":-0.7852511264289633,"HRNR":-0.6029723081770921,"KRT77":0.0,"DSC2":0.8410750113049058,"KRT4":0.0,"SPP2":0.0,"KRT8":0.029638050015216442,"SPRR2D":0.0,"KRT16":0.0,"DSP":-0.2857746415124896,"MYH1":0.0,"PARD3":0.0,"MAGOH":0.0,"KRT17":0.4923798485254155,"KRT2":-1.0069025007833012,"KRT13":0.0,"THBS4":0.0,"KRT6C":0.0,"DPPA4":0.025951005693476564,"PRKN":0.0}},"Blast Percent":{"min":-11.0,"max":11.0,"top_text":"High Blast Percent Correlation","bottom_text":"Low Blast Percent Correlation","map":{"JUP":0.11090197206163172,"KPRP":0.0,"CACNA1B":0.0,"AZGP1":-3.1790544359833475,"THBS4":0.0,"KRT16":0.0,"MYH4":0.0,"ALB":-2.0394930026178333,"MAGOH":0.0,"KRT9":-1.919013721935769,"KRT8":-0.6437320382412458,"KRT13":0.0,"SBSN":0.0,"NEFM":0.0,"KRT14":-0.5805995537434848,"HRG":-1.6561131364125536,"KRT4":0.0,"KRT10":-1.7485752010136173,"KRT6A":-0.688112633939554,"FLG2":0.0,"HRNR":-0.7868652608274117,"FLG":0.0,"PARD3":0.0,"COMP":0.0,"SPP2":0.0,"DSC2":0.18033350925066718,"KRT78":0.0,"KRT1":-1.9423969602635829,"KRT6C":0.0,"SPRR2D":0.0,"KRT2":-1.8653034721701192,"MYH1":0.0,"KRT17":-1.0861697571463111,"DSG1":0.0,"APOA1":-3.424919133429988,"PKP1":0.0,"DCD":-1.1905360369046436,"C1orf68":0.0,"YAP1":0.0,"DPPA4":-0.8175517567772649,"FZR1":-0.6565589440014413,"FIBIN":0.0,"KRT73":0.0,"DSP":-0.7337537982019458,"LY6D":0.0,"KRT77":0.0,"NKX2-1":0.0,"KRT5":-1.9686926662161244,"CASP14":0.0,"PRKN":0.0,"LRRC31":0.0}},"MuSiC CD14 Mono":{"min":-50.0,"max":50.0,"top_text":"High CD14 Mono Correlation","bottom_text":"Low CD14 Mono Correlation","map":{"LY6D":0.0,"MYH1":0.0,"KPRP":0.0,"KRT78":0.0,"SBSN":0.0,"KRT17":-1.566987596461094,"KRT77":0.0,"JUP":-4.877109185698079,"FLG2":0.0,"KRT6A":-1.0636436481321716,"SPP2":0.0,"CASP14":0.0,"KRT4":0.0,"FZR1":-0.8928244185747809,"CACNA1B":0.0,"SPRR2D":0.0,"DSP":0.1361174159864961,"DSG1":0.0,"FIBIN":0.0,"KRT16":0.0,"KRT73":0.0,"NKX2-1":0.0,"COMP":0.0,"KRT14":-1.5522636370857634,"HRG":1.5591965827219412,"KRT13":0.0,"KRT6C":0.0,"DCD":-0.4609111729814674,"KRT1":-0.8523230280235253,"FLG":0.0,"KRT5":-1.285816298144296,"HRNR":-0.0951132479040039,"ALB":0.731000662795529,"DSC2":-1.3680685592299668,"KRT8":-0.9979561262280329,"KRT9":-0.4348032540745256,"MYH4":0.0,"NEFM":0.0,"YAP1":0.0,"PARD3":0.0,"KRT2":-0.35767055698182565,"C1orf68":0.0,"LRRC31":0.0,"THBS4":0.0,"DPPA4":-0.021581982481790375,"KRT10":-0.3717987182627708,"APOA1":0.12538516878526001,"AZGP1":0.5998632287345891,"MAGOH":0.0,"PKP1":0.0,"PRKN":0.0}}}