{"Mutation NPM1":{"min":-30.0,"max":30.0,"top_text":"High NPM1 Correlation","bottom_text":"Low NPM1 Correlation","map":{"MYBBP1A":-0.5636328747815655,"WDR36":-0.3807066547895533,"NOC2L":-2.3524037718843913,"IMP4":-1.1774302130299228,"NSA2":-5.7638375639775,"DDX10":-1.4516818751306546,"MPHOSPH10":-2.1006867825116036,"PES1":-0.7982139251143432,"DNTTIP2":-0.9821697590546667,"HEATR1":-0.7406508325358948,"GNL3":-6.2279781457928864,"DDX21":-2.0568335082339075,"NAT10":-0.16768443224499271,"RRP7A":-2.5340204728459526,"RSL1D1":-1.2245118755277333,"NOC3L":-6.7161735218996155,"WDR46":-2.428636619801485,"C1orf131":-7.864342568621903,"FTSJ3":-4.891311934634959,"EBNA1BP2":-8.33629018798704,"BRIX1":-9.09253638108088,"DDX56":-1.173798404637634,"PUM3":-3.043304825488322,"DDX52":1.4633090360491567,"DDX18":-2.259332477172579,"NOP16":-3.8946262371274902,"NOP14":-4.113059063265627,"GTPBP4":-5.931162078751271,"DDX27":-0.5372824159871957,"UTP20":-2.326199833028649,"RPL7L1":-1.9643446004175644,"BMS1":-2.283805816651445,"RBM34":-3.5145832775478247,"NOP2":-0.16986479373592345,"GNL2":-6.924320140840715,"UTP15":-1.3559773661612633,"UTP14A":-2.553111864194064,"ABT1":-0.3947206801511592,"WDR43":-0.18453574162575423,"CEBPZ":-1.9544114269886197,"RRP1B":-3.831735811683717,"DKC1":0.1741933865196276,"NOL11":-1.5199872685136477,"NPM1":-10.934537178762957,"PDCD11":-1.5393794790680695,"NIFK":-2.261789793941134,"DCAF13":-0.961424553612137,"KRR1":-8.223669577980502,"RPF2":-5.440102748704609,"UTP4":-1.7214229997259136,"NOL10":-3.3633906309396395}},"Overall Survival":{"min":-6.0,"max":6.0,"top_text":"High Survival Correlation","bottom_text":"Low Survival Correlation","map":{"UTP20":-0.007683096756632261,"NOL11":-0.09165329843953209,"GNL3":0.2095982574186179,"PES1":-0.2877671488785865,"ABT1":-0.022783924617919702,"WDR36":0.35113986000895786,"PDCD11":0.194309750558823,"HEATR1":-0.08475226290706099,"RBM34":-0.2577311208632447,"EBNA1BP2":-0.0012940062183737144,"NAT10":0.31006638313310203,"DCAF13":-0.035877220435208405,"IMP4":-0.09654681084112461,"NOC3L":-0.04675026904247916,"NOL10":-0.12979627829868923,"NOP2":-0.4143222924376503,"DDX10":-0.15043809812961997,"DDX18":0.3524841817588144,"MYBBP1A":0.14813471712952658,"FTSJ3":0.011628932732926523,"C1orf131":-0.039759715869488836,"UTP15":-0.11001355984230306,"KRR1":0.5051985211340179,"WDR46":0.29376657096397296,"GTPBP4":0.25898307673904336,"RPF2":0.29286878999740135,"UTP4":-0.3576572870995421,"RRP7A":0.23104553034931763,"RRP1B":-0.48896634392091365,"DDX52":-0.24585435166211134,"BMS1":-0.034309487095320154,"GNL2":0.9126564190840155,"DDX27":0.3870628603838813,"UTP14A":0.4101099709145106,"PUM3":-1.1927558889695937,"DDX21":0.5859588008676385,"BRIX1":-0.02945548902605667,"NOP14":1.2237832383871887,"MPHOSPH10":0.07565690654163985,"DDX56":-0.08502412622525694,"CEBPZ":-0.024675197107666604,"NPM1":0.521776265381839,"NIFK":0.8003144230297862,"NOC2L":-0.0018758652511020341,"DKC1":-0.9407539581713261,"NSA2":0.2055237789227334,"DNTTIP2":-0.05380315991945615,"NOP16":0.47260992387839273,"RSL1D1":0.2162058356049636,"WDR43":0.5112912306509844,"RPL7L1":-0.21632328193002665}},"Blast Percent":{"min":-11.0,"max":11.0,"top_text":"High Blast Percent Correlation","bottom_text":"Low Blast Percent Correlation","map":{"C1orf131":1.22756678624531,"RSL1D1":1.8582584976565182,"NOL11":1.8748483067851074,"UTP20":5.388887841275746,"MYBBP1A":5.993577847191054,"NPM1":2.0044213784871614,"ABT1":3.405923999621191,"WDR46":1.8670783326573703,"UTP15":5.300001789457287,"PES1":2.605656003876827,"EBNA1BP2":1.9855502582925566,"IMP4":6.169739056697472,"KRR1":0.46381365454384327,"CEBPZ":3.250060996859164,"WDR36":4.5904521477505424,"GNL3":2.64907843900881,"NOP14":3.302346912142299,"UTP4":3.4430778716261967,"NSA2":1.973476585591646,"PUM3":2.523723060811962,"NAT10":2.781669301988959,"HEATR1":3.6813874278755514,"RRP1B":1.1450001455449053,"GNL2":0.41360602310403305,"PDCD11":4.049840132222834,"NOP2":1.7755402437989636,"NOC3L":1.0221008586739337,"DDX10":2.268925222298891,"GTPBP4":0.49028081735385803,"NOP16":1.5786405098088638,"NOL10":2.3775115036902275,"FTSJ3":2.996754582635453,"RPF2":0.8294836512101974,"DKC1":4.808970083454023,"MPHOSPH10":5.543250555362237,"RBM34":1.320741331436895,"UTP14A":6.105394301718441,"NOC2L":2.503228320174259,"DDX18":2.4523865912868175,"DCAF13":3.9633203475029504,"BRIX1":1.781838579076157,"DNTTIP2":4.3285861438294795,"DDX56":2.2771842509050817,"RPL7L1":3.3178636416550753,"NIFK":1.4201465125713717,"DDX21":0.9272585157892512,"DDX27":4.320760905312146,"WDR43":4.87823317309859,"RRP7A":3.9039106104725834,"BMS1":7.051611806893314,"DDX52":3.6242671567712206}},"MuSiC CD14 Mono":{"min":-50.0,"max":50.0,"top_text":"High CD14 Mono Correlation","bottom_text":"Low CD14 Mono Correlation","map":{"CEBPZ":-16.719284807840733,"C1orf131":-12.156416120819033,"WDR46":-8.94251754776547,"NPM1":-17.855123193602328,"ABT1":-12.92928811231637,"RSL1D1":-7.4660997329294005,"NOL10":-16.084405319161316,"PUM3":-12.407773648544316,"EBNA1BP2":-15.524230339806167,"NOC3L":-10.889928804235065,"WDR43":-11.487279006889125,"BRIX1":-12.284823692589734,"RRP1B":-11.568091968497875,"IMP4":-16.781528161934656,"DDX10":-16.4474764275812,"RBM34":-12.125713558834304,"RRP7A":-15.659773072400885,"UTP14A":-18.47932693436827,"MYBBP1A":-14.785630708539758,"DDX27":-11.959576641042196,"RPL7L1":-8.452590598392224,"NOP16":-10.37094869968568,"GNL2":-6.778218465468891,"FTSJ3":-15.421110154460724,"MPHOSPH10":-20.1639827316359,"DNTTIP2":-17.446775734199974,"UTP4":-16.89763701173679,"NIFK":-8.18716442599924,"BMS1":-19.79233884036587,"DKC1":-14.010924546487777,"NSA2":-11.240283148408857,"GTPBP4":-6.23803081489971,"GNL3":-14.642965144328429,"DCAF13":-15.234615362529238,"PES1":-8.298642164150186,"RPF2":-5.026423261862164,"NOP2":-8.546536827716121,"WDR36":-14.745942327634438,"NOC2L":-13.660289017197156,"HEATR1":-16.124563366380762,"PDCD11":-17.938868161944047,"DDX52":-15.37082587035498,"UTP15":-15.627043831772365,"KRR1":-8.646648278757858,"UTP20":-19.31092348988076,"DDX21":-3.782395840795795,"DDX56":-12.14302180514026,"NAT10":-10.501213472547832,"NOL11":-13.874298946845096,"NOP14":-15.831165452309302,"DDX18":-10.654805010568689}},"Mutation FLT3 ITD":{"min":-10.0,"max":10.0,"top_text":"High FLT3 ITD Correlation","bottom_text":"Low FLT3 ITD Correlation","map":{"UTP14A":0.042906698159103224,"PUM3":0.1976500500155467,"NIFK":-0.0632311811086734,"RPF2":-0.139128937178699,"DDX52":0.092260813438944,"PES1":0.26942552880544807,"WDR43":0.481462760531888,"NOP14":0.31414500046650284,"HEATR1":0.39977225052823057,"NOL11":0.0029183760824421485,"NOP2":0.3904317495936593,"RSL1D1":0.16166951095204496,"DDX56":0.4171083853421353,"RRP7A":0.09802012405628197,"KRR1":-1.1356429124529246,"NOC2L":0.10502547105504285,"DCAF13":0.14443975688196511,"RPL7L1":-0.18123732054306416,"GNL2":-0.5654819744855584,"BMS1":0.435294612636052,"NOC3L":-0.48723743760255767,"DDX27":-0.45780614384161195,"C1orf131":-2.8664554614559408,"RRP1B":-0.07219636185653593,"DDX10":0.26651265990246487,"NOL10":0.1994044404324684,"NPM1":-1.0520844031272854,"IMP4":0.09774504065267071,"UTP15":0.151975759486633,"CEBPZ":0.1354183518804598,"NOP16":0.021496099527130882,"NAT10":1.050264329951811,"MYBBP1A":0.1016030091511709,"NSA2":-0.2200075727462918,"DDX18":-0.4130255021125189,"EBNA1BP2":-1.317000488527607,"BRIX1":-1.2181140690401187,"WDR46":0.09134116677671154,"DKC1":0.5444385288202916,"ABT1":-0.00611161245790946,"UTP4":-0.65793447325526,"DNTTIP2":0.3376891435396161,"RBM34":-0.4458604177888122,"MPHOSPH10":0.03331009195835066,"WDR36":0.5182192593758049,"FTSJ3":0.05561420690856889,"GTPBP4":-0.5062264346097826,"DDX21":-0.5922143811294643,"GNL3":0.5228039924069167,"PDCD11":0.0770532211302112,"UTP20":0.055895626936853064}},"NPM1 Subtype":{"min":-37.0,"max":37.0,"top_text":"Committed NPM1 Subtype","bottom_text":"Primative NPM1 Subtype","map":{"UTP15":-13.160069706594154,"ABT1":-8.90912605826267,"NOP2":-6.31166900364867,"PES1":-7.728581718378527,"FTSJ3":-11.626232321045588,"NAT10":-9.248911145482326,