{"Blast Percent":{"min":-11.0,"max":11.0,"top_text":"High Blast Percent Correlation","bottom_text":"Low Blast Percent Correlation","map":{"HSH2D":0.9655695974591384,"KMT2D":3.1383594364130416,"WDR24":6.138221005575962,"KPTN":0.6048338908672141,"HERC2":1.8992040045151046,"PAN3":3.6773518305118538,"EXOC1":-0.3014284646056153,"ZNF414":1.4496076132764137,"STIP1":-1.502014552609409,"DNAJA2":0.768028128040136,"CNOT1":2.4289050966163273,"NTRK1":0.0,"PIP4K2B":1.6304884107083821,"CCT2":-0.560802129146755,"ZNF224":0.0,"PTH2R":0.0,"NPRL3":0.3639006830324434,"MIOS":5.645645433152713,"THTPA":-1.7060651236983377,"DEPDC5":1.087486240494535,"SZT2":2.259218033718895,"PRMT5":-0.37224185652481384,"CNOT9":-0.08521636183035673,"FAM229A":0.0,"CTBP1":5.069969276212054,"CHTF18":0.8246625938849231,"RCCD1":3.537453280472316,"TCF3":3.268545549936658,"ITFG2":2.8022777894266575,"HNRNPH1":3.41412104707734,"MAP2K2":-3.602719243730383,"STXBP4":-0.15955681709757505,"VPS53":-2.875421973608618,"WDR77":-0.15221274606250712,"DUSP16":0.0,"WDR59":6.126976807072482,"PPT2":2.605364134424196,"SETMAR":6.372762297992655,"PAN2":2.788368238684886,"TBP":3.7351316621454456,"SIN3A":9.566712249665228,"MYO18A":0.12211970701642645,"RBBP5":3.9196131242065735,"LRCH3":3.299749257813923,"DFFB":2.2630829899401865,"SF3B3":5.906793691827644,"CLASP2":0.010642669438011903,"D2HGDH":1.9804716387605439,"RPA1":3.762818988260257,"TRMT61A":2.66998512758434,"NPRL2":0.3092690346188749}},"NPM1 Subtype":{"min":-37.0,"max":37.0,"top_text":"Committed NPM1 Subtype","bottom_text":"Primative NPM1 Subtype","map":{"WDR77":-1.7354240694064833,"LRCH3":-0.2703981721518085,"SZT2":-4.057324131480811,"PAN2":-0.005308109337089005,"ZNF414":-4.410678936434033,"ITFG2":-2.300191431034864,"TBP":-3.530779250687171,"PTH2R":0.0,"KPTN":-1.769458077805778,"SF3B3":-6.630186211843709,"MIOS":-8.643860511636086,"VPS53":10.179444236835025,"KMT2D":-2.9282875863202156,"DNAJA2":0.7846128332928715,"DUSP16":0.0,"THTPA":1.6716878615272552,"STXBP4":-2.0238670227916717,"TCF3":-15.037464814952486,"CNOT9":-0.8008238459342132,"MYO18A":-2.8004893288798933,"CCT2":-0.46913179787936476,"NPRL2":-0.12648803194870387,"ZNF224":0.0,"CHTF18":-1.180052668556805,"HERC2":-8.388645557310195,"SETMAR":-13.254866237850953,"TRMT61A":-1.383734478078353,"PPT2":-1.6558951509519568,"EXOC1":0.8213679069260349,"PAN3":-0.7908394657988436,"CTBP1":-1.235559992731764,"RBBP5":-8.290993416405174,"CLASP2":4.620776174318523,"SIN3A":-7.937026904327974,"NTRK1":0.0,"HSH2D":-3.436504035192222,"HNRNPH1":-2.9290618408915643,"RCCD1":-9.118740032544652,"DFFB":-4.722815123334205,"PIP4K2B":-4.282173685708904,"DEPDC5":0.6094475137991546,"STIP1":0.24001474678749496,"D2HGDH":-3.3490441674010105,"FAM229A":0.0,"CNOT1":-1.6153419326646392,"WDR59":-8.561142735019638,"NPRL3":-0.3148833359360811,"PRMT5":-1.153649995268762,"WDR24":-6.7772248584479735,"MAP2K2":1.3839902251691674,"RPA1":-1.8422682715660856}},"Overall Survival":{"min":-6.0,"max":6.0,"top_text":"High Survival Correlation","bottom_text":"Low Survival Correlation","map":{"FAM229A":0.0,"ZNF414":-1.8227329701651875,"MAP2K2":0.24826667004508368,"CLASP2":0.8780190545665282,"CTBP1":-1.494709500182299,"PRMT5":-1.4587397204801271,"LRCH3":0.21469646932351072,"PIP4K2B":0.6107105775715027,"DNAJA2":0.1332903364043339,"WDR24":0.4343878378396481,"RCCD1":-1.477087776042716,"CNOT9":-1.2992564441936416,"MYO18A":0.12091212009979814,"CCT2":0.08750996351042277,"HSH2D":-0.303201427148697,"KPTN":-0.35065354129773985,"VPS53":0.024539394851879795,"DUSP16":0.0,"NTRK1":0.0,"DFFB":-0.25954186521457145,"PPT2":-0.1880124053958664,"EXOC1":0.027895526467181575,"CNOT1":-1.91729052280668,"RBBP5":-0.37119053160775084,"NPRL3":-0.48937603094224275,"PAN2":1.1823911518570576,"SZT2":-0.4271227962765773,"KMT2D":-0.7175952780378569,"PAN3":1.2200294667480531,"NPRL2":0.05409103222099344,"PTH2R":0.0,"ITFG2":-1.0448901754917563,"SF3B3":-0.3527546094642563,"SETMAR":-0.47091640055474504,"WDR59":-0.06856311471684166,"WDR77":0.027483182543938292,"D2HGDH":0.4419887629000558,"SIN3A":-1.1333410651466098,"TBP":-0.2251047404101112,"DEPDC5":0.015851353352644898,"STIP1":-0.10954503028739761,"HERC2":0.1755552289808674,"ZNF224":0.0,"TRMT61A":-0.28196397263308814,"TCF3":-0.25699449626149856,"HNRNPH1":-0.17368619445462755,"STXBP4":-0.2666006283417968,"CHTF18":0.1859803647979152,"THTPA":0.4651921622874238,"MIOS":0.12441528118265166,"RPA1":0.4725323052191602}},"Mutation FLT3 ITD":{"min":-10.0,"max":10.0,"top_text":"High FLT3 ITD Correlation","bottom_text":"Low FLT3 ITD Correlation","map":{"MYO18A":-0.25946446218858477,"WDR77":0.05141541638040437,"PAN2":-0.020022088233306506,"ZNF414":-1.7395797687189936,"RBBP5":-0.978634760439297,"PTH2R":0.0,"KMT2D":-1.5822096068082152,"TBP":-0.43620161677117925,"DFFB":0.38641579519355146,"STIP1":-3.1492468612805578,"WDR59":0.2042081997049082,"PAN3":-0.34282932418903017,"VPS53":-0.555435402151797,"DEPDC5":-0.0427624965794432,"D2HGDH":-0.187430111041183,"SETMAR":0.5643544782039402,"PPT2":-0.428273571503741,"HNRNPH1":-0.0580429207675711,"NTRK1":0.0,"MIOS":0.6796248072150027,"THTPA":0.8942725714847122,"FAM229A":0.0,"CCT2":-1.1501897889170285,"CHTF18":0.08867093674598435,"TRMT61A":0.9512042311927607,"NPRL2":0.36155697445169055,"KPTN":0.9779077632545506,"PIP4K2B":0.09379227549146352,"WDR24":0.11896937215875045,"SF3B3":0.07141363535421803,"RCCD1":0.2807359622135896,"CTBP1":0.576229900866164,"HERC2":-0.4613962069906061,"NPRL3":-0.7079545216961034,"ZNF224":0.0,"TCF3":0.6133385450913825,"LRCH3":0.2638960862255101,"CLASP2":0.8061085745917483,"DNAJA2":0.09052723662168803,"ITFG2":3.272738998438229,"DUSP16":0.0,"SIN3A":-1.1779359287275906,"MAP2K2":-2.2738589758703793,"STXBP4":1.7428014095581812,"CNOT1":-0.7539049743073024,"EXOC1":2.806002054186706,"SZT2":0.13662872138946122,"HSH2D":0.5547210887998721,"CNOT9":-2.225497985067768,"PRMT5":0.43008243593926765,"RPA1":2.6941876226015937}},"MuSiC CD14 Mono":{"min":-50.0,"max":50.0,"top_text":"High CD14 Mono Correlation","bottom_text":"Low CD14 Mono Correlation","map":{"THTPA":2.5704262819823165,"RBBP5":-8.974701741346285,"NTRK1":0.0,"SZT2":-2.966643383207331,"FAM229A":0.0,"STIP1":0.2530565128372497,"HNRNPH1":-4.376710320816772,"SIN3A":-9.94226282256284,"SF3B3":-7.422339027624922,"NPRL3":-0.4270188111434698,"STXBP4":-2.799685630217745,"PAN3":-2.8891177057091912,"SETMAR":-14.860650926855708,"TRMT61A":-0.7803756717950053,"PPT2":-4.74863533834499,"RPA1":-1.0926552011171944,"MAP2K2":3.718832057077152,"ZNF414":-3.229879733074457,"DFFB":-3.614499094365928,"WDR59":-8.407833028373892,"WDR24":-5.292127073410358,"VPS53":13.338883655982677,"HSH2D":-2.742270207764973,"KMT2D":-4.32690170861386,"PIP4K2B":-5.49211763622897,"WDR77":-1.9550363658004448,"KPTN":-2.0252780948998956,"EXOC1":2.517733677133227,"TCF3":-19.60469314899398,"PRMT5":-1.1208584216510455,"HERC2":-10.283401947112125,"MYO18A":-3.5188786162343364,"CTBP1":-0.6211567589757032,"NPRL2":-0.09182997621662492,"PTH2R":0.0,"DNAJA2":0.6019356003943059,"MIOS":-7.024112961734507,"D2HGDH":-4.011693816615067,"CHTF18":-2.1378487125556638,"CLASP2":4.772705017197262,"ITFG2":-1.855215283448723,"CCT2":-1.1269974910023857,"RCCD1":-11.614706464926451,"DEPDC5":0.2779349137472625,"ZNF224":0.0,"CNOT9":-1.2812295755399004,"LRCH3":-0.2569954215906594,"TBP":-3.845925136141115,"DUSP16":0.0,"CNOT1":-1.2718927490672431,"PAN2":-0.34236755583719364}},"Mutation NPM1":{"min":-30.0,"max":30.0,"top_text":"High NPM1 Correlation","bottom_text":"Low NPM1 Correlation","map":{"MYO18A":-1.2335747133874129,"MIOS":1.5280217716661995,"SIN3A":0.09757534152773194,"PIP4K2B":-0.10188689438794236,"WDR77":-0.4090865634685935,"PAN2":1.0219890930256041,"TCF3":-2.2181705989235025,"NPRL3":-0.329220981015094,"PAN3":0.5175828741218413,"TBP":-0.36109525911591006,"TRMT61A":3.006705509214384,"PTH2R":0.0,"DUSP16":0.0,"KMT2D":-0.31608180172020967,"NTRK1":0.0,"STXBP4":0.4469738875642527,"SETMAR":0.9661654866000439,"CCT2":-3.48446176793588,"MAP2K2":-2.7877318037637333,"DEPDC5":0.24202856889798996,"VPS53":0.4573326724699542,"RPA1":3.2861834696392243,