{"Mutation FLT3 ITD":{"min":-10.0,"max":10.0,"top_text":"High FLT3 ITD Correlation","bottom_text":"Low FLT3 ITD Correlation","map":{"H4C6":0.0,"H2BC7":0.0,"H2BC13":0.0,"ISOC2":0.08357416346372279,"NDUFS3":1.2962016366007825,"HSD17B4":2.8808187337301474,"H2AC12":0.0,"LRIG3":0.0,"BPHL":0.4984847318744892,"H4C1":0.0,"HADHA":2.5432179201004796,"ACO2":0.41062075343898696,"CLPP":1.723796926770455,"PRDX3":4.151124143873073,"GUK1":0.3680942002325991,"H3C1":0.0,"CRAT":2.025391613844555,"H2BC3":0.0,"H4C8":0.0,"H3C2":0.0,"DGUOK":-0.3465209827866,"CHL1":0.0,"H4C4":0.0,"MPST":-0.5690038659572607,"GPM6A":0.0,"NDUFS1":1.950128799106952,"BOLA3":-0.5422784262961359,"ANK2":0.0,"GLRX5":-0.5423779305011059,"H2BC17":0.0,"H3C11":0.0,"DECR1":0.023174216183339834,"PDP1":1.3578203946616272,"H4C2":0.0,"CHMP2A":-0.4829029932335668,"H4C12":0.0,"H4C5":0.0,"MYO1D":-2.481297971004969,"H2BC10":0.0,"HSD17B10":2.1543863274646733,"RAPGEF5":0.0,"MSRB2":1.3673552482614473,"H4C13":0.0,"ECSIT":0.06602500751000681,"TST":1.2640966245437197,"H2AC14":0.0,"H3C7":0.0,"HADHB":2.0846408665868337,"FARP1":-1.1469280960213193,"ETFB":1.18792693925077,"H2AC4":0.0}},"NPM1 Subtype":{"min":-37.0,"max":37.0,"top_text":"Committed NPM1 Subtype","bottom_text":"Primative NPM1 Subtype","map":{"MYO1D":-1.9336688243135152,"H2BC3":0.0,"H2BC10":0.0,"HADHA":-1.5303790193280213,"DECR1":-1.1523075033540762,"H2AC12":0.0,"CHMP2A":6.830563856745675,"GUK1":0.11165799953200004,"LRIG3":0.0,"H4C1":0.0,"H2BC13":0.0,"ACO2":-0.896872762597306,"ISOC2":-0.44942296330226644,"RAPGEF5":0.0,"H4C2":0.0,"DGUOK":-7.091188275826237,"H4C13":0.0,"H3C11":0.0,"H4C6":0.0,"H2BC17":0.0,"FARP1":-0.07638905486303413,"H2AC4":0.0,"HADHB":-4.890183795094341,"HSD17B4":1.7406026259486282,"H2AC14":0.0,"GPM6A":0.0,"H3C1":0.0,"MSRB2":-0.1134502057814145,"ETFB":-1.5001989736894799,"CHL1":0.0,"GLRX5":-1.4793629215240678,"ECSIT":-0.38046442927655577,"ANK2":0.0,"PDP1":-0.4044431996211771,"CRAT":-1.3195826639984793,"H3C7":0.0,"H4C12":0.0,"PRDX3":0.6815997034513889,"CLPP":-0.39062562953059843,"MPST":-2.914524800469692,"H4C8":0.0,"HSD17B10":-0.9217160986280125,"NDUFS1":-2.453485243529112,"NDUFS3":-0.740803067109875,"H2BC7":0.0,"H4C4":0.0,"BPHL":-10.901203641488687,"H3C2":0.0,"BOLA3":-0.327942161978575,"TST":0.21737840463686586,"H4C5":0.0}},"Blast Percent":{"min":-11.0,"max":11.0,"top_text":"High Blast Percent Correlation","bottom_text":"Low Blast Percent Correlation","map":{"ACO2":0.11168529443952063,"DECR1":0.6616605516465965,"PDP1":1.4719237654641064,"DGUOK":0.6089139066997389,"TST":2.6349995274923135,"MYO1D":0.0031627649740422438,"LRIG3":0.0,"RAPGEF5":0.0,"HADHA":1.582786842810233,"ETFB":0.3640728685100787,"HSD17B10":1.5963070529513599,"H2BC10":0.0,"H2BC3":0.0,"H2BC7":0.0,"HSD17B4":0.4391486490608111,"H2AC14":0.0,"BOLA3":-0.1876246628920838,"CLPP":1.4695157069569262,"H4C4":0.0,"H3C2":0.0,"MPST":0.26230212197632136,"H4C1":0.0,"CHL1":0.0,"H4C2":0.0,"H3C1":0.0,"GLRX5":-0.21482413573244133,"H2AC12":0.0,"CRAT":0.922782256489782,"MSRB2":0.05366621442880058,"H2BC17":0.0,"PRDX3":2.8224292872538896,"H4C12":0.0,"H4C8":0.0,"BPHL":6.370560002007279,"ECSIT":0.36785751673519507,"H3C11":0.0,"H2AC4":0.0,"H4C13":0.0,"NDUFS1":2.536037908416239,"H4C6":0.0,"HADHB":2.022652559112142,"H3C7":0.0,"ANK2":0.0,"FARP1":-0.6529201829312266,"CHMP2A":-6.605151556170215,"NDUFS3":3.2055766594772437,"GPM6A":0.0,"ISOC2":-0.05577045840842983,"GUK1":-0.44171302184036987,"H4C5":0.0,"H2BC13":0.0}},"Mutation NPM1":{"min":-30.0,"max":30.0,"top_text":"High NPM1 Correlation","bottom_text":"Low NPM1 Correlation","map":{"FARP1":-1.1733524809456808,"H2BC17":0.0,"LRIG3":0.0,"GLRX5":-1.7816396812508433,"GPM6A":0.0,"BPHL":0.12389883153559648,"DECR1":0.05429398702647561,"PRDX3":3.4462121417624467,"H4C2":0.0,"H4C13":0.0,"H4C4":0.0,"HSD17B10":2.2405614968227594,"H3C11":0.0,"ACO2":-0.8027336350515593,"H4C6":0.0,"ECSIT":0.030529567271525015,"H2BC13":0.0,"CRAT":0.188408335489477,"CHMP2A":0.17297651278438606,"H3C7":0.0,"H2BC3":0.0,"H4C1":0.0,"HADHB":1.2698732095943788,"H2AC14":0.0,"GUK1":-1.9328914293334303,"H2AC4":0.0,"H2BC10":0.0,"TST":4.645809741892512,"ETFB":0.5987781155589953,"RAPGEF5":0.0,"H3C2":0.0,"PDP1":1.0032755479341813,"NDUFS1":2.0028690417377906,"NDUFS3":1.2485820136720833,"CLPP":1.2089139134388258,"HADHA":1.676441980262322,"DGUOK":-0.9143397521962404,"ANK2":0.0,"H2BC7":0.0,"H2AC12":0.0,"HSD17B4":17.931070487842998,"MPST":-0.45754395197773123,"H4C5":0.0,"CHL1":0.0,"ISOC2":-0.5204572604316843,"BOLA3":-3.246169874378888,"MYO1D":-3.4761982487509457,"H3C1":0.0,"H4C12":0.0,"MSRB2":-0.13859544347876873,"H4C8":0.0}},"Overall Survival":{"min":-6.0,"max":6.0,"top_text":"High Survival Correlation","bottom_text":"Low Survival Correlation","map":{"CRAT":0.47323127746544547,"H3C2":0.0,"H4C6":0.0,"MYO1D":-0.1008870558458382,"ETFB":-0.39837540432700136,"GPM6A":0.0,"H2AC14":0.0,"GUK1":0.07971043263754053,"PRDX3":-1.1717473271519858,"H2BC17":0.0,"DECR1":-0.3586707286265154,"CHMP2A":0.1335160388213157,"HSD17B10":0.11001251673252971,"H3C7":0.0,"H4C1":0.0,"BPHL":0.002793022341265537,"ISOC2":-0.6522106708789224,"GLRX5":0.5061374921586358,"H2BC13":0.0,"LRIG3":0.0,"CLPP":0.2137204635743449,"H4C2":0.0,"H4C5":0.0,"H2AC4":0.0,"MPST":-1.4143818168752371,"H4C4":0.0,"ACO2":0.5546689526861025,"NDUFS1":0.07934903523488826,"H4C13":0.0,"ANK2":0.0,"BOLA3":0.1740938924116918,"H2BC10":0.0,"H4C8":0.0,"CHL1":0.0,"H3C1":0.0,"DGUOK":-0.32004425376702145,"FARP1":0.35707565682504033,"H3C11":0.0,"NDUFS3":-0.9064190572101297,"HADHB":-0.4562962729356398,"H2AC12":0.0,"MSRB2":0.2241642631199486,"RAPGEF5":0.0,"H2BC3":0.0,"ECSIT":0.014382301630291175,"HSD17B4":0.11113514433062993,"HADHA":-0.13027475308445272,"H4C12":0.0,"TST":-0.03699730546032645,"H2BC7":0.0,"PDP1":-0.12260425991984732}},"MuSiC CD14 Mono":{"min":-50.0,"max":50.0,"top_text":"High CD14 Mono Correlation","bottom_text":"Low CD14 Mono Correlation","map":{"HADHA":-0.23637862878544408,"NDUFS3":-0.321373718303882,"CRAT":-0.2898018257990158,"CHL1":0.0,"RAPGEF5":0.0,"BOLA3":-0.853621597725493,"ETFB":-0.4003814740913137,"H4C5":0.0,"CLPP":-0.6394174915155585,"H4C2":0.0,"H4C1":0.0,"MPST":-2.324430280795255,"H2AC4":0.0,"BPHL":-8.370661171281773,"HADHB":-1.7783106179153942,"H3C2":0.0,"GUK1":0.3767448236777546,"CHMP2A":11.07036490408461,"H3C1":0.0,"PRDX3":0.4673414851791056,"MSRB2":0.6988857599674394,"H3C11":0.0,"H2BC13":0.0,"H2BC3":0.0,"H3C7":0.0,"NDUFS1":-1.4437980645566444,"H4C4":0.0,"ACO2":-0.03414438915652896,"HSD17B4":2.9703533263989312,"H2BC7":0.0,"ECSIT":-0.3757580000166151,"ISOC2":-0.8211966971376169,"HSD17B10":-0.1006924022255685,"DGUOK":-2.9800464604925283,"H4C6":0.0,"ANK2":0.0,"H2BC10":0.0,"H2BC17":0.0,"TST":0.48285639551217313,"H4C12":0.0,"H4C13":0.0,"FARP1":0.031146848151783618,"LRIG3":0.0,"H2AC12":0.0,"H2AC14":0.0,"GLRX5":-1.899272807666199,"H4C8":0.0,"GPM6A":0.0,"MYO1D":-3.132942406669177,"DECR1":-0.2633475252516654,"PDP1":-0.6027108472972557}}}