{"NPM1 Subtype":{"min":-37.0,"max":37.0,"top_text":"Committed NPM1 Subtype","bottom_text":"Primative NPM1 Subtype","map":{"TSNAXIP1":0.0,"ZBED1":-2.5703417672609965,"MLH1":-9.864552617386122,"FSD2":0.0,"TRRAP":-3.624451483780866,"CDK7":-2.406001660639498,"CAMKV":0.0,"DHRSX":0.7571341400967272,"CHRNB2":0.0,"GPC2":0.0,"TTLL6":0.0,"KIF7":0.0,"KAT2A":-4.67603306262558,"HDAC2":-8.44012458482962,"RUVBL2":-5.734447525797664,"ADGRB1":0.0,"VMAC":-2.7449248231589416,"CTXN1":0.0,"LMF1":0.0,"SMCO2":0.0,"TADA1":-0.7556290526051083,"IRF2BP1":-12.99233194222959,"SMARCAD1":-15.092112518437062,"GATAD2B":-10.781873787287472,"RFX2":-4.2061381067775105,"RBM15B":-8.857056480090973,"ATXN7L3":1.39661421342606,"SLC9A3R1":2.2264008312414347,"SHISAL2B":0.0,"BRD4":-4.638999711906336,"CHD3":-1.828342449022535,"MCCD1":0.0,"TGIF2-RAB5IF":0.0,"BANP":-1.1481669468970166,"SCX":0.0,"METTL22":0.0,"PRPF8":-5.604922202679517,"USP22":-6.948780388357278,"PLA2G10":0.0,"KDM1A":-11.454216703226782,"TAF5L":-0.5724061966728783,"CASTOR2":-6.230519024814985,"CAPS":0.0,"SUPT7L":-2.7391477079220197,"HDAC1":-5.655537515814193,"PRKAR1B":-4.543560847593174,"DHX37":-8.493050191771383,"TRIM46":0.0,"DVL2":-5.612373851214197,"TAF12":-1.4301530847405601,"PPP1R32":0.0}},"Mutation FLT3 ITD":{"min":-10.0,"max":10.0,"top_text":"High FLT3 ITD Correlation","bottom_text":"Low FLT3 ITD Correlation","map":{"PRKAR1B":0.11186647129237388,"TRRAP":-0.27695356833171714,"SCX":0.0,"IRF2BP1":-0.4415868794743485,"KIF7":0.0,"RUVBL2":0.1442190704401954,"TGIF2-RAB5IF":0.0,"USP22":-1.3458948739950833,"LMF1":0.0,"GPC2":0.0,"METTL22":0.0,"BRD4":0.18355071889476207,"HDAC1":0.25427844551869644,"KDM1A":0.19866792907262892,"PPP1R32":0.0,"VMAC":0.45448797486001136,"TAF12":-0.5532788233151862,"DHRSX":0.23405629555830987,"SUPT7L":-0.053204194882820605,"SHISAL2B":0.0,"CTXN1":0.0,"BANP":0.7630996527045483,"RBM15B":-0.3342944852675218,"DVL2":0.23455330563120322,"TTLL6":0.0,"TSNAXIP1":0.0,"HDAC2":0.5237603838265383,"GATAD2B":0.5557241867833205,"TADA1":-0.19922169382784155,"TRIM46":0.0,"CAPS":0.0,"PRPF8":-0.6581832590573128,"FSD2":0.0,"KAT2A":-2.706487463859755,"CASTOR2":0.26898828844278555,"TAF5L":-0.7761394505317455,"CDK7":-0.4129315777168814,"SMCO2":0.0,"CAMKV":0.0,"MCCD1":0.0,"CHD3":-0.692563906404568,"RFX2":0.20312910944058282,"PLA2G10":0.0,"ATXN7L3":-1.5720879762994078,"ADGRB1":0.0,"DHX37":0.11069385702391012,"CHRNB2":0.0,"SLC9A3R1":0.056373703902015,"SMARCAD1":0.15431553452892363,"MLH1":1.626846840503564,"ZBED1":0.4051490839178173}},"Mutation NPM1":{"min":-30.0,"max":30.0,"top_text":"High NPM1 Correlation","bottom_text":"Low NPM1 Correlation","map":{"MLH1":0.7588072184638813,"MCCD1":0.0,"SMARCAD1":0.15246333223368871,"TRIM46":0.0,"SUPT7L":1.4746757376560728,"ZBED1":-1.3171547488927184,"SCX":0.0,"DHX37":-0.014339428062202873,"BRD4":-1.0693798516051412,"IRF2BP1":-0.5055320403968194,"TRRAP":1.0455767183720814,"TADA1":0.22018486784895283,"ATXN7L3":-0.3553852677032544,"LMF1":0.0,"TAF12":1.0882345111461973,"FSD2":0.0,"TAF5L":0.336414555520695,"SHISAL2B":0.0,"CASTOR2":-1.6435675363267719,"KDM1A":-0.3359988292238178,"METTL22":0.0,"HDAC1":0.42857678154086615,"SLC9A3R1":-0.6790963689386592,"PRKAR1B":-2.2424219971551937,"RFX2":5.210407683544548,"CDK7":-0.9555623610626284,"VMAC":-0.5811598525386864,"SMCO2":0.0,"CAMKV":0.0,"USP22":-0.016651882123918556,"RBM15B":1.1974717179382068,"HDAC2":0.6601444824937441,"CHD3":-0.7278313362511709,"TGIF2-RAB5IF":0.0,"PLA2G10":0.0,"DVL2":-0.22272337956807586,"DHRSX":0.37273483534320584,"PPP1R32":0.0,"ADGRB1":0.0,"TTLL6":0.0,"CTXN1":0.0,"KAT2A":-3.214899232393936,"GATAD2B":1.1569624577482922,"CHRNB2":0.0,"GPC2":0.0,"CAPS":0.0,"PRPF8":0.7293307445936306,"KIF7":0.0,"TSNAXIP1":0.0,"RUVBL2":-0.9722641329357236,"BANP":2.079798398806484}},"MuSiC CD14 Mono":{"min":-50.0,"max":50.0,"top_text":"High CD14 Mono Correlation","bottom_text":"Low CD14 Mono Correlation","map":{"RFX2":-2.420782924819917,"PRPF8":-5.495975636974657,"CHD3":-3.247005912240305,"HDAC1":-4.679624575278813,"ADGRB1":0.0,"PRKAR1B":-5.298846805146362,"DHRSX":1.0335047886677156,"ZBED1":-2.75736531775993,"GATAD2B":-13.030963578465911,"LMF1":0.0,"DVL2":-10.524695113377996,"TRRAP":-2.708147420223346,"TADA1":-1.471731553323476,"IRF2BP1":-14.917425549483022,"SMARCAD1":-19.480675468099545,"SUPT7L":-2.193719884545682,"CAPS":0.0,"DHX37":-11.982749238640313,"HDAC2":-8.660595189361645,"MLH1":-10.442159927591605,"TAF5L":-0.7043548040899024,"VMAC":-1.5897291891909133,"SLC9A3R1":1.8667154246236357,"TRIM46":0.0,"FSD2":0.0,"CTXN1":0.0,"ATXN7L3":0.7387841978904139,"SMCO2":0.0,"PPP1R32":0.0,"SHISAL2B":0.0,"KDM1A":-12.788789772906915,"BRD4":-3.6745782819782855,"TAF12":-2.839533908806808,"CDK7":-1.6150831328724091,"CHRNB2":0.0,"GPC2":0.0,"PLA2G10":0.0,"CAMKV":0.0,"TSNAXIP1":0.0,"METTL22":0.0,"USP22":-11.672753124831162,"SCX":0.0,"KAT2A":-6.181251861130312,"CASTOR2":-4.826666501258719,"MCCD1":0.0,"TTLL6":0.0,"RBM15B":-10.701788052425215,"KIF7":0.0,"RUVBL2":-6.090350177200606,"TGIF2-RAB5IF":0.0,"BANP":-1.0457139805602729}},"Blast Percent":{"min":-11.0,"max":11.0,"top_text":"High Blast Percent Correlation","bottom_text":"Low Blast Percent Correlation","map":{"RUVBL2":0.767955096938985,"SCX":0.0,"TADA1":3.54802106736941,"DVL2":1.311169984910499,"TSNAXIP1":0.0,"CASTOR2":0.2806872563269838,"VMAC":0.38096910909688514,"PLA2G10":0.0,"CAMKV":0.0,"TGIF2-RAB5IF":0.0,"USP22":6.056752639540269,"BRD4":1.288643145429348,"TAF5L":2.7296691911253133,"LMF1":0.0,"CHD3":3.6072667051304252,"TRIM46":0.0,"IRF2BP1":2.8057827001404125,"HDAC2":8.110049998404987,"PRKAR1B":-0.7056411062689883,"METTL22":0.0,"RBM15B":9.214321016474996,"GPC2":0.0,"TTLL6":0.0,"CTXN1":0.0,"CAPS":0.0,"SHISAL2B":0.0,"ZBED1":3.6968201430182814,"MCCD1":0.0,"RFX2":3.19838148476805,"KDM1A":3.8407230546841316,"TRRAP":10.935466683300897,"CHRNB2":0.0,"FSD2":0.0,"SUPT7L":2.257476206388486,"MLH1":3.224624335005127,"TAF12":5.603051959613489,"PRPF8":8.267580667390558,"SMARCAD1":3.5642020836077353,"SLC9A3R1":0.1143010193355798,"DHRSX":0.04889051269234797,"GATAD2B":7.306468452924173,"KAT2A":1.4289698556823582,"ATXN7L3":-0.2380574435704524,"CDK7":2.249458227473404,"ADGRB1":0.0,"KIF7":0.0,"BANP":3.881356721602681,"PPP1R32":0.0,"SMCO2":0.0,"DHX37":7.3552635321904525,"HDAC1":4.408129367480514}},"Overall Survival":{"min":-6.0,"max":6.0,"top_text":"High Survival Correlation","bottom_text":"Low Survival Correlation","map":{"CASTOR2":0.09634876571316024,"PPP1R32":0.0,"CAMKV":0.0,"RBM15B":-0.2995976371527079,"IRF2BP1":-0.8197136967500617,"VMAC":-0.3633615959678954,"SMCO2":0.0,"TRIM46":0.0,"KIF7":0.0,"GPC2":0.0,"PRPF8":-0.0875995989939786,"DVL2":0.9676317867209114,"SCX":0.0,"TSNAXIP1":0.0,"DHRSX":-0.2965194725132139,"CHD3":-0.3783808582211109,"TTLL6":0.0,"MCCD1":0.0,"CDK7":-1.066610848253829,"USP22":0.005712093479589484,"PLA2G10":0.0,"ADGRB1":0.0,"SHISAL2B":0.0,"KDM1A":-1.484905755397661,"FSD2":0.0,"ZBED1":-0.06816650213875636,"TRRAP":-0.6727932958423095,"CHRNB2":0.0,"PRKAR1B":0.26766092172468564,"SMARCAD1":-0.1825603726090783,"KAT2A":-0.7079958888488284,"LMF1":0.0,"TADA1":-0.25982614695325046,"GATAD2B":-0.6436371821236078,"TAF12":-0.8231106819116624,"ATXN7L3":-0.37712681766551953,"SUPT7L":-0.9370544515738849,"DHX37":-0.03126952804029204,"BRD4":-0.7188798649332288,"HDAC2":-0.6852899224982528,"HDAC1":-0.04023659155705505,"RFX2":-0.4556030426823848,"BANP":-0.3470894145974341,"METTL22":0.0,"CAPS":0.0,"RUVBL2":-0.022029902592081773,"MLH1":0.35911803807910864,"CTXN1":0.0,"SLC9A3R1":0.8931769303872804,"TAF5L":-0.43300012191866427,"TGIF2-RAB5IF":0.0}}}