{"Blast Percent":{"min":-11.0,"max":11.0,"top_text":"High Blast Percent Correlation","bottom_text":"Low Blast Percent Correlation","map":{"SSR1":0.3897900888763043,"UQCRC2":1.231998926846486,"RPN2":-0.11418295349688311,"ZMPSTE24":-0.2553248646655931,"AMFR":-1.153977363413596,"EMC3":-0.6279136208362046,"RNF170":-1.7244681209424695,"LRRC59":-0.6520311606265732,"TMBIM6":-0.6526286405945889,"VAPA":0.5684100587329041,"DNAJB12":-2.9314025956440672,"DNAJB11":-0.8410678708448667,"CANX":-1.6554512699106405,"SEC62":-0.25580354966569024,"SEC61A1":-0.06651398094308174,"EMC1":-1.710449702120781,"CCDC47":0.22523425063710437,"AUP1":-1.4656270001685092,"HSPA9":2.00678707596388,"HM13":-5.5418367694125426,"VMP1":-1.2714681749711827,"ATP2A2":-0.9657647265898444,"DNAJB14":-1.5350268287338467,"C18orf32":-0.6249250104222455,"SEL1L":-0.8773419550792229,"BCAP31":-0.45050058651424496,"SEC61B":0.31896317272431707,"MMGT1":0.07639071887208661,"SPCS2":-0.7742913366135832,"SYVN1":0.8774351715828996,"NUP210":0.09128092712450761,"TMED2":-1.6262557123667474,"ALG5":-1.3408896505624215,"TMX3":-0.2160175522160955,"STT3A":-1.2534295696329008,"SLC33A1":-1.1897129911223985,"GRPEL1":0.5634651218437703,"SPCS3":-1.806122322268004,"RNF185":-0.07008288259599325,"EMC7":-0.5132757975092546,"PDIA4":0.2500867955337129,"MIA2":-0.9365464249505612,"MPDU1":-1.1182422973533008,"DERL1":-4.574506219329879,"TMCO1":-1.6197697855829465,"CEPT1":-1.7028131083453524,"RPN1":0.14679113053446632,"RAB18":-2.40588924584521,"HMOX2":-0.27522383130839195,"SSR3":-0.45897956434742815,"HYOU1":-1.400528983133036}},"MuSiC CD14 Mono":{"min":-50.0,"max":50.0,"top_text":"High CD14 Mono Correlation","bottom_text":"Low CD14 Mono Correlation","map":{"SYVN1":-0.05856554192849505,"SSR1":0.422754647409483,"SSR3":0.42490713958655957,"MIA2":0.37831279551192143,"HSPA9":-3.170139798242404,"BCAP31":-0.7530936817154861,"SPCS3":6.889074960072013,"SPCS2":4.097620501958987,"RPN1":-0.8539539384471044,"MPDU1":0.2550707779988506,"ATP2A2":1.4309480187703283,"DERL1":-0.4517278695652508,"SEC61A1":0.8164262158908863,"TMBIM6":3.9971911897411223,"AUP1":1.2189647488153719,"AMFR":0.4926135974658332,"PDIA4":1.697169170708281,"RAB18":12.750943846334884,"VAPA":0.9318811738738026,"CANX":0.2264897862573834,"HM13":2.9206075147899817,"EMC3":0.806953270042838,"UQCRC2":-1.4991440042830364,"CEPT1":0.9071329128378502,"NUP210":0.14949121380436367,"VMP1":10.640977028002663,"ALG5":0.023373270735823244,"LRRC59":2.586642984227652,"TMCO1":3.208924632989531,"EMC1":0.28107614631441236,"TMED2":-0.08442637597294819,"SLC33A1":1.228536530767714,"DNAJB11":5.231564529970794,"HMOX2":-0.16622274962330186,"EMC7":1.641006744228382,"SEC61B":0.2626436144148487,"GRPEL1":0.10380846192084382,"STT3A":-0.1097970814791633,"RPN2":-0.30010002951116477,"CCDC47":0.026765200875812974,"C18orf32":7.334324320890778,"TMX3":-0.020851765563283258,"SEC62":0.2010644172173444,"RNF170":2.4460166445337834,"ZMPSTE24":-0.14592991650046497,"DNAJB12":9.914619262422134,"MMGT1":-0.019849558626108408,"SEL1L":0.002864404405516473,"HYOU1":2.5277786932134805,"DNAJB14":0.4343052505357485,"RNF185":0.31875875052167024}},"Mutation FLT3 ITD":{"min":-10.0,"max":10.0,"top_text":"High FLT3 ITD Correlation","bottom_text":"Low FLT3 ITD Correlation","map":{"ALG5":-0.2884118727919992,"NUP210":0.37924544733451293,"CANX":-0.5196418388990681,"DERL1":-1.3309721209135228,"CCDC47":2.4478317060063697,"DNAJB11":-1.1022619084309395,"TMED2":0.09882218213883234,"ATP2A2":0.6280632764928717,"EMC7":-0.2710930231428673,"AMFR":-0.03804987389200326,"TMBIM6":0.46496312255310407,"LRRC59":0.08106430964429841,"MIA2":0.053736138638229965,"C18orf32":-0.12250803358507936,"HM13":1.1017535435548582,"DNAJB14":-0.9046720607349931,"SEL1L":-0.9977725618568296,"MPDU1":0.18994003164403947,"PDIA4":0.36071255750306724,"RPN1":-0.012225016413125043,"ZMPSTE24":0.13503107280769694,"VAPA":1.0723514050763805,"EMC3":1.1808972014887418,"TMCO1":1.0958150351736855,"MMGT1":-0.07557260570403018,"HMOX2":0.3132701841860655,"STT3A":-0.37205912953269715,"RNF170":0.9713169739145613,"SPCS3":-0.26955049241404266,"RPN2":0.3001603712727599,"SSR1":0.8486784345731158,"EMC1":-0.46486263664621785,"GRPEL1":-1.439211841734193,"SYVN1":-0.5650377825987305,"SEC62":-0.5582151813351985,"SSR3":0.14975281107010277,"VMP1":1.0602127632669789,"SPCS2":0.09109602229570846,"BCAP31":-0.7502788272345486,"RNF185":-0.11518111579966638,"HYOU1":0.04127121749223031,"AUP1":-0.05650777563032017,"UQCRC2":1.2491702650087078,"SLC33A1":0.13669154983774054,"HSPA9":1.4528862874312167,"RAB18":0.28836594969781926,"SEC61B":0.13365342418189674,"DNAJB12":0.7746217345728794,"CEPT1":-0.564884887882735,"SEC61A1":0.0923583004694661,"TMX3":0.6800161042476496}},"Mutation NPM1":{"min":-30.0,"max":30.0,"top_text":"High NPM1 Correlation","bottom_text":"Low NPM1 Correlation","map":{"CANX":-0.9598249786965297,"RPN2":-0.004090891409675298,"DNAJB12":1.885096636507213,"RPN1":0.13593365058046744,"SPCS3":0.6598699278526087,"GRPEL1":-3.203451444750555,"SSR3":0.3418926832289491,"EMC1":0.44826566246504856,"DNAJB14":-0.5981310193179419,"SPCS2":0.29877605122953454,"HMOX2":0.10649095805829278,"TMBIM6":0.5723613270935111,"MMGT1":1.0757198739670153,"CCDC47":2.2936238740910926,"EMC3":0.6106988627757197,"RNF170":1.9104371941825944,"C18orf32":1.3417477626594931,"ALG5":0.09287174949559768,"BCAP31":-0.6261764674167594,"TMCO1":1.1460014839553412,"TMX3":0.9865741529897027,"SEC62":-0.030366950705896817,"VMP1":3.125247840606312,"SEC61B":0.37175122495508905,"NUP210":-0.1700146907780197,"ZMPSTE24":-0.07827551909319826,"DERL1":-0.8500704883713309,"SLC33A1":0.1978790790818737,"HYOU1":0.29010827745063444,"HM13":0.21043867192202875,"LRRC59":0.07362643757381025,"RNF185":0.2777304035563828,"SSR1":0.7141010437203434,"SEC61A1":0.37909031734077525,"PDIA4":1.3753143382494448,"ATP2A2":-0.5495998945644092,"STT3A":-0.4251720169910112,"SYVN1":0.7923424258159917,"SEL1L":0.6134845711361476,"RAB18":-0.053805006962043204,"DNAJB11":0.023071156427304375,"TMED2":0.2029403813581202,"AMFR":-0.1261625902383599,"CEPT1":0.3737266403884096,"UQCRC2":0.46974774100310845,"VAPA":2.674067124047623,"MPDU1":0.19387554677214672,"AUP1":-0.2737731443085092,"HSPA9":-0.24377381089369762,"MIA2":-0.5570774202637462,"EMC7":0.07168937040866989}},"Overall Survival":{"min":-6.0,"max":6.0,"top_text":"High Survival Correlation","bottom_text":"Low Survival Correlation","map":{"STT3A":-0.07960408818351955,"CCDC47":0.42316983165242317,"PDIA4":-0.25954857757061595,"SEC61B":0.7188928083702123,"SLC33A1":-0.0015477826794351689,"EMC1":0.46202888826007077,"HYOU1":-0.5010125704982906,"C18orf32":1.0147673590043431,"CANX":0.9516411478360907,"GRPEL1":0.10887755655575831,"RPN2":-0.1435354006305826,"DNAJB11":-0.1361106938895392,"HM13":0.8122417622452699,"NUP210":0.9085710539854026,"SYVN1":1.5630502354034381,"EMC7":1.0004478413595863,"ALG5":1.1664788991861912,"VMP1":1.5493501479458154,"RAB18":0.2363888920082421,"BCAP31":0.2413845383773433,"LRRC59":0.7251764736296835,"SEL1L":0.914448542561046,"SSR3":0.7311270747761731,"SPCS3":0.006336432981994319,"RNF170":0.2850035411581861,"MPDU1":0.9829393817419133,"RPN1":-0.270082755236151,"TMX3":1.466406821262469,"HSPA9":1.2464076866493112,"AUP1":0.586591548603561,"TMBIM6":0.47348904833501826,"UQCRC2":2.4421240097618977,"HMOX2":0.6063945854061858,"SEC61A1":1.0919723319359687,"MIA2":0.9974870765225774,"TMED2":0.08169500718689629,"VAPA":0.5510431721130271,"SEC62":2.646217261517524,"MMGT1":0.9682035264642729,"AMFR":1.1463707255122415,"RNF185":3.4288005932428507,"DERL1":0.7663919117759522,"DNAJB14":2.126994394825877,"DNAJB12":0.6623072686719634,"SPCS2":1.686821060311731,"ZMPSTE24":1.656146422611828,"CEPT1":1.1799139453545373,"ATP2A2":1.18009426427091,"SSR1":-0.18301981331069386,"TMCO1":0.5673511242840318,"EMC3":1.166418212439102}},"NPM1 Subtype":{"min":-37.0,"max":37.0,"top_text":"Committed NPM1 Subtype","bottom_text":"Primative NPM1 Subtype","map":{"SSR3":0.536008430390255,"ATP2A2":1.423199192029772,"HMOX2":0.403775531701808,"C18orf32":7.867241131063957,