{"Blast Percent":{"min":-11.0,"max":11.0,"top_text":"High Blast Percent Correlation","bottom_text":"Low Blast Percent Correlation","map":{"OCIAD1":0.6310823871686287,"NDUFB4":0.1264070661103555,"SURF1":0.5509860531937983,"IMMT":1.768966323626402,"BCAP31":-0.45050058651424496,"NDUFB9":1.2173960518274107,"COX6C":0.037685064331382245,"NDUFS2":1.5107107437539415,"NDUFAF4":3.945809673181137,"NDUFB1":1.6431149568908798,"NDUFV1":2.637531162461798,"LRPPRC":0.8560565169515136,"NDUFB3":1.0152762620507199,"ACAD9":-0.37656864643158616,"TIMMDC1":0.023673885335846884,"MRPS7":0.8987317971865958,"DAP3":1.5554312290181067,"TMEM126B":-0.5698061906933449,"TIMM21":0.3259268839658658,"NDUFV3":1.0433832192312047,"NDUFA12":3.6175273628231106,"NDUFS5":1.1201469254464076,"TOMM40":-0.5499250869395563,"MT-ND5":-0.5685380749919262,"POLDIP2":1.8735711094938472,"NDUFAB1":1.1492984875190735,"MT-ND1":0.6073533839182051,"NDUFS4":1.0613698833112435,"NDUFA10":2.611126723683443,"TMED2":-1.6262557123667474,"ATAD3A":1.1047290380115367,"TMEM126A":0.8108465802631065,"NDUFC2":0.40386009946669327,"NDUFA5":1.3811294548434836,"NDUFB6":0.4143844928656675,"NDUFA2":1.3542801532740536,"NDUFS8":4.407757706594103,"NDUFA3":1.2944254202222294,"HSPA9":2.00678707596388,"NDUFS3":3.2055766594772437,"NDUFB11":0.3829612329850596,"DDOST":0.3304728848361726,"MOGS":0.5940329342131309,"CHCHD3":3.0317961027756875,"MLEC":-0.01659416936988686,"SAMM50":1.672533490782469,"STT3B":-0.1514534153247713,"MIA3":-0.9444943799037876,"NDUFA13":2.6249415802978766,"DNAJC30":1.3743578974192645,"NDUFB8":0.34145866294400873}},"NPM1 Subtype":{"min":-37.0,"max":37.0,"top_text":"Committed NPM1 Subtype","bottom_text":"Primative NPM1 Subtype","map":{"NDUFC2":-1.1524646467305082,"OCIAD1":-5.0610820953573965,"NDUFA10":-3.5710669912109485,"MRPS7":-2.5634399105609784,"NDUFB9":0.3019043188333158,"TMED2":0.07248363758804091,"DAP3":-2.705960683830125,"NDUFB3":-1.5561359883241845,"STT3B":-1.6142168281949107,"TMEM126B":0.10886735944957905,"MT-ND5":-0.3639133374628645,"COX6C":-0.18430617827594306,"CHCHD3":-2.6954493774917614,"NDUFS5":0.26757407518544296,"NDUFA13":-1.1498523983414821,"NDUFB6":-1.7095770854093888,"NDUFS4":-2.9082700709316516,"NDUFB1":0.09264981731727243,"SURF1":-0.31489937603011164,"LRPPRC":-4.87031437252102,"HSPA9":-2.5132734144160525,"NDUFA5":-1.9307853202106071,"BCAP31":-0.6889417854605071,"NDUFS3":-0.740803067109875,"NDUFB8":-0.9974989091235397,"ACAD9":0.4414278311057601,"MLEC":-0.4972295165915076,"NDUFB4":-1.670534514292088,"TIMM21":-1.509670229899641,"MT-ND1":-2.752291002390875,"NDUFAB1":-0.9024759999271192,"NDUFA3":-0.7966579785512508,"TMEM126A":-2.5291826573872545,"NDUFS2":-1.729480288302217,"ATAD3A":-5.868778160489621,"IMMT":-5.867704958158731,"NDUFB11":-2.05723727766418,"NDUFS8":-2.6833677340449578,"POLDIP2":-5.263512382145475,"NDUFV1":-1.7520482734382878,"DNAJC30":-1.6566485262182955,"NDUFAF4":-3.3843473495904126,"MIA3":0.0514120471758986,"MOGS":-1.056111820729721,"NDUFA2":-0.9460193570839451,"DDOST":0.09553939614165306,"NDUFV3":-1.6775747094934232,"SAMM50":-3.5904986849476535,"NDUFA12":-1.9854596883933717,"TOMM40":-1.5311493720495468,"TIMMDC1":-0.008512805529816642}},"Overall Survival":{"min":-6.0,"max":6.0,"top_text":"High Survival Correlation","bottom_text":"Low Survival Correlation","map":{"NDUFA12":0.5134587349357858,"NDUFB6":0.969602503434868,"NDUFA13":0.2820083659000643,"NDUFS3":-0.9064190572101297,"OCIAD1":1.1171405536274979,"BCAP31":0.2413845383773433,"NDUFA10":1.3786509373957703,"ACAD9":0.9315411111688089,"COX6C":1.095744631190214,"ATAD3A":0.019265631188144637,"NDUFS4":0.16586526729267767,"NDUFS8":-0.15002522023820755,"CHCHD3":0.0816619271888554,"MIA3":0.4306896469548568,"NDUFB8":0.5657316904000415,"NDUFV1":0.29348812674412583,"HSPA9":1.2464076866493112,"TMED2":0.08169500718689629,"NDUFAF4":-0.48329797239599664,"NDUFA2":0.029712781846648523,"NDUFV3":0.2761805660709332,"MT-ND5":0.08304888240271723,"TIMMDC1":0.6459947294298193,"MLEC":1.0826755372354708,"STT3B":0.5421410325855953,"TIMM21":1.1898778166501678,"NDUFB4":0.2183653624656603,"IMMT":0.2961217388877748,"DDOST":-0.5456048632522065,"NDUFA5":0.5725021296792876,"POLDIP2":0.14295478272181972,"NDUFB11":0.2301544428868229,"NDUFA3":0.806742049343151,"TOMM40":0.679610154265953,"SAMM50":0.05254136828112006,"DAP3":0.33192783522919733,"NDUFB3":0.486647019446806,"NDUFS5":1.5365901068481385,"NDUFB9":1.0051758487154918,"LRPPRC":-0.03014008232093747,"TMEM126B":0.25786418867273997,"TMEM126A":0.5093374978106129,"MT-ND1":1.385411085696571,"MRPS7":-0.13527358194356667,"NDUFS2":-0.284970137315923,"NDUFB1":0.07453048341654255,"NDUFC2":1.6754972946931301,"DNAJC30":-0.149755281662124,"NDUFAB1":-0.7954603031973637,"SURF1":0.6524726173093688,"MOGS":0.1355804561660412}},"Mutation FLT3 ITD":{"min":-10.0,"max":10.0,"top_text":"High FLT3 ITD Correlation","bottom_text":"Low FLT3 ITD Correlation","map":{"NDUFB9":0.8476627704395648,"HSPA9":1.4528862874312167,"TMED2":0.09882218213883234,"BCAP31":-0.7502788272345486,"NDUFAF4":0.09335214419040563,"DDOST":0.08808065261835957,"SURF1":1.1510334878254658,"CHCHD3":1.529095665990707,"MIA3":0.3729972206290923,"POLDIP2":1.3509714994528998,"MOGS":-0.19954914381636257,"ATAD3A":0.23240847595544767,"TMEM126B":-0.23128750580727267,"NDUFB11":0.9876043066263482,"TMEM126A":1.0094610152947117,"NDUFAB1":1.2736414789289037,"MT-ND5":0.3940698046947303,"MLEC":0.23453989452899532,"NDUFS5":0.8921340402334242,"DNAJC30":0.04256325485813699,"NDUFA13":2.0765643470345725,"MRPS7":3.925062103123433,"NDUFS8":1.182874687648826,"DAP3":2.565716715658185,"NDUFB3":1.255307926706916,"TIMM21":1.3275547453858196,"NDUFV1":2.881641435331292,"OCIAD1":1.5506698765456155,"NDUFS4":1.9261166927007094,"NDUFB1":2.8378976882164815,"SAMM50":1.3367541663028366,"NDUFA10":0.9642043360294374,"NDUFA12":1.5951187598474696,"MT-ND1":1.6713109021277204,"LRPPRC":0.9727068591814294,"IMMT":1.2623923826421979,"NDUFS3":1.2962016366007825,"NDUFV3":0.8187485501472811,"TIMMDC1":3.042728496169407,"NDUFS2":1.086289059553873,"NDUFB6":2.2679414187856692,"NDUFC2":0.7402489265388416,"STT3B":-0.20561596592188677,"NDUFB8":0.6056490877529265,"NDUFA5":1.1360769372262491,"COX6C":1.4205293105574506,"NDUFB4":1.1555664696558292,"ACAD9":0.7551140308823935,"NDUFA3":1.98205258818745,"NDUFA2":2.0328186731218243,"TOMM40":-0.0679187830463898}},"Mutation NPM1":{"min":-30.0,"max":30.0,"top_text":"High NPM1 Correlation","bottom_text":"Low NPM1 Correlation","map":{"LRPPRC":-0.8360745805749749,"NDUFB9":1.2527446376267102,"NDUFB4":0.20471473785252833,"NDUFB6":1.013346415887485,"TOMM40":-0.49667906420514124,"SURF1":0.3823881614665571,"MLEC":0.44746363346022133,"TMED2":0.2029403813581202,"ACAD9":-0.6006761520158459,"DAP3":2.095347565489034,"MOGS":0.720305047527579,"NDUFB3":0.8441129220386537,"NDUFS2":0.5008906048578818,"OCIAD1":1.0736056301648607,"NDUFAB1":0.19026275638632573,"NDUFA5":0.628589691746952,"NDUFS4":1.221825860611213,"ATAD3A":-1.48994089552895,"NDUFV1":3.128362512523043,"TMEM126B":-0.36355891549116504,"DNAJC30":-1.2931438515113558,"TIMMDC1":0.20145580026210863,"NDUFS3":1.2485820136720833,"NDUFA2":3.799715302343987,"NDUFS5":1.9330054389647775,"NDUFB1":1.9885375950192057,"NDUFB11":-0.1284421544352362,"NDUFA10":0.8764211389613129,"NDUFA13":1.7328910422442838,"NDUFA12":1.1775626870986287,"NDUFAF4":-1.3510312611472286,"POLDIP2":-0.13735081638962915,"BCAP31":-0.6261764674167594,"STT3B":-0.805532020397997,"MIA3":-0.2963906752291445,"NDUFC2":1.1167530097658125,"NDUFS8":1.7183416026256515,"DDOST":0.40039714888303624,"NDUFB8":0.6795855845144829,"NDUFV3":0.6527010579409319,"IMMT":0.046329647326846905,"SAMM50":1.2166254386491373,"CHCHD3":2.8075466653141796,"HSPA9":-0.24377381089369762,"TIMM21":-0.21853816590343936,"NDUFA3":1.0623531581711187,"TMEM126A":0.8841526908562568,"MRPS7":1.623682802737367,"MT-ND1":0.6767171188702855,"COX6C":0.8392350377843184,"MT-ND5":-0.21194483551203452}},"MuSiC CD14 Mono":{"min":-50.0,"max":50.0,"top_text":"High CD14 Mono Correlation","bottom_text":"Low CD14 Mono Correlation",