{"NPM1 Subtype":{"min":-37.0,"max":37.0,"top_text":"Committed NPM1 Subtype","bottom_text":"Primative NPM1 Subtype","map":{"TONSL":1.744311503476301,"CLSPN":1.6288494170435353,"H3C7":0.0,"H4C5":0.0,"H4C2":0.0,"H4C4":0.0,"CHAF1A":-0.10162373989911055,"BRCA1":-0.049069322183682255,"H3C11":0.0,"H2BC10":0.0,"H2BC6":0.0,"CDC45":-0.1680306828497911,"FANCA":1.239912105350367,"PCNA":0.2622775927505329,"CENPM":2.2025675711104467,"H3C3":0.0,"FANCI":0.4276539638177887,"POLA1":0.0029179499589939376,"H3C8":0.0,"CDK2":-2.911101288267975,"MCM3":-3.149883562666015,"DNMT1":0.14904030427321432,"H4C13":0.0,"MCM2":-3.0244445985211,"MCM5":-3.856918053095835,"RECQL4":0.6821669158080454,"H4C6":0.0,"SMC2":1.333560512238927,"INCENP":0.7515315502815286,"CCNB1":0.9424552451088607,"MCM4":-3.9859212665926935,"TIMELESS":-0.012706754029062512,"H4C1":0.0,"POLD1":0.5293412796623368,"H3C2":0.0,"POLA2":0.34737331142398875,"WDHD1":-0.5426823932788457,"UHRF1":0.04685236254449789,"MCM7":-3.9847595744615454,"MCM6":-3.0265730798993653,"H4C9":0.0,"CDCA5":0.9087061297730263,"CHAF1B":-0.06344185166517675,"TIPIN":-0.23185182893706383,"CHEK1":-0.905614904003736,"NSD2":-2.1437876010166694,"PRIM2":-0.5503445835760065,"LIG1":0.003684278923605726,"H2BC7":0.0,"HELLS":-0.06442921147733686,"PRIM1":-0.3810607286271939}},"MuSiC CD14 Mono":{"min":-50.0,"max":50.0,"top_text":"High CD14 Mono Correlation","bottom_text":"Low CD14 Mono Correlation","map":{"NSD2":-4.992228534530261,"SMC2":0.8700079873042391,"INCENP":0.15696893505083556,"FANCI":-0.09738153980784418,"CDK2":-4.151324747386937,"CENPM":0.9694225314420848,"H2BC6":0.0,"MCM6":-3.8973650699769458,"H4C6":0.0,"CCNB1":0.1980939180771828,"TIPIN":-1.2155195062846924,"TONSL":0.9293008949475001,"MCM2":-4.109393782613781,"TIMELESS":-1.0771660047511094,"H4C13":0.0,"H4C5":0.0,"H3C3":0.0,"H4C4":0.0,"H3C11":0.0,"H3C2":0.0,"CDCA5":0.03145886988788106,"CHAF1A":-1.115079457695662,"CLSPN":0.20481323728598522,"FANCA":0.0032778261658276803,"POLA1":-0.32086637718830996,"MCM3":-4.069112610462759,"MCM7":-4.685242975649149,"H4C1":0.0,"LIG1":-0.3031804995584159,"WDHD1":-0.8271109277650487,"H2BC7":0.0,"MCM4":-5.561232419131785,"HELLS":-1.0408594473783581,"POLA2":0.02412055980405241,"PRIM1":-1.4169550634598644,"UHRF1":-1.7737280580967074,"H3C7":0.0,"PRIM2":-1.1330492764348739,"H4C9":0.0,"H4C2":0.0,"CDC45":-1.2039993134646727,"MCM5":-5.217994032832663,"CHEK1":-2.308900902833106,"PCNA":-0.08346901561886266,"RECQL4":-0.09658307092597436,"CHAF1B":-0.8490957139286119,"DNMT1":-0.6180702178777474,"H3C8":0.0,"H2BC10":0.0,"BRCA1":-0.5466122588945166,"POLD1":0.18419138209402292}},"Overall Survival":{"min":-6.0,"max":6.0,"top_text":"High Survival Correlation","bottom_text":"Low Survival Correlation","map":{"TONSL":-0.011495047196225697,"TIPIN":-0.09061317403891071,"H3C3":0.0,"MCM6":-0.9922125700947177,"H4C5":0.0,"LIG1":-0.6196782179693686,"CDCA5":-1.1306642068327637,"RECQL4":-0.13224721165994976,"POLA1":0.07680771337045951,"H4C4":0.0,"FANCI":-0.20764361258475295,"H3C2":0.0,"CLSPN":-0.21497701534882804,"WDHD1":0.08811873398986193,"CDK2":-0.9166780132492727,"H4C6":0.0,"NSD2":0.13942013395651595,"H2BC6":0.0,"H3C7":0.0,"MCM3":-1.1245376732040993,"TIMELESS":0.3370212058456563,"H2BC10":0.0,"UHRF1":0.4510656632440845,"PRIM2":-0.3389188615517959,"PRIM1":0.07845272868799001,"H2BC7":0.0,"CENPM":-0.7100217854889702,"POLA2":0.020770002958386418,"H4C13":0.0,"SMC2":-1.0651367997222476,"MCM2":-1.0751882964464419,"CHAF1B":-0.10499204523455148,"CHAF1A":0.22573613901550457,"INCENP":-0.8815504022773207,"H3C11":0.0,"PCNA":-0.21000837055259727,"H3C8":0.0,"POLD1":-0.10921604074561984,"H4C9":0.0,"BRCA1":-0.25107120662382854,"MCM5":-0.8895470490637871,"DNMT1":0.033202288843764194,"H4C2":0.0,"H4C1":0.0,"HELLS":-0.2712742470257146,"CHEK1":-0.5499173282646461,"MCM4":-1.3199833349432646,"MCM7":-1.9931444087827563,"FANCA":-1.7903493801678219,"CDC45":-0.28342822077379315,"CCNB1":-0.5499195133740654}},"Mutation NPM1":{"min":-30.0,"max":30.0,"top_text":"High NPM1 Correlation","bottom_text":"Low NPM1 Correlation","map":{"MCM6":-0.5340373773898617,"CDCA5":-1.412683969020701,"BRCA1":-1.1372533190251854,"H2BC7":0.0,"PRIM2":-0.07081569924702717,"H3C11":0.0,"FANCA":-1.5010199780850668,"RECQL4":-2.9112628616717,"SMC2":-1.1969971140737108,"CENPM":-0.5883392797742826,"HELLS":-1.9401688026851103,"PRIM1":-1.324005381125929,"H3C3":0.0,"LIG1":-0.11197928494317548,"DNMT1":-2.462626320912999,"H4C9":0.0,"FANCI":-0.8057575861650125,"H4C4":0.0,"CHAF1B":-1.4922894246731504,"CHAF1A":-1.240696845215069,"H2BC10":0.0,"MCM2":-0.8932231535543373,"H3C7":0.0,"TIMELESS":-1.3585142204641838,"WDHD1":-1.1675511951047988,"POLD1":0.6336536889120328,"CHEK1":-2.913976410509836,"H4C5":0.0,"H4C13":0.0,"H3C8":0.0,"H4C6":0.0,"CCNB1":-1.1514116056407238,"TONSL":-1.007091229229551,"POLA1":-0.3498473760841474,"MCM3":-0.8401582949204129,"TIPIN":-1.202841843643595,"MCM5":-1.045535582605817,"NSD2":-0.36172268572454236,"POLA2":0.14594138243444676,"MCM4":-1.2131225962471044,"H4C2":0.0,"CDK2":-3.5431707502868006,"PCNA":1.1298584862887509,"H2BC6":0.0,"INCENP":-1.2610215274922927,"UHRF1":-4.975886347345992,"CDC45":-2.0232221121811884,"H3C2":0.0,"H4C1":0.0,"CLSPN":0.7447947167398818,"MCM7":-0.8568515364053902}},"Mutation FLT3 ITD":{"min":-10.0,"max":10.0,"top_text":"High FLT3 ITD Correlation","bottom_text":"Low FLT3 ITD Correlation","map":{"H2BC6":0.0,"LIG1":-1.4799538160939985,"H4C6":0.0,"CDCA5":-2.1332041441684426,"CHEK1":-2.3952690089495317,"FANCI":-0.895757513905416,"POLA1":-0.5265933164142871,"H3C11":0.0,"H3C8":0.0,"MCM2":-0.6530855247902244,"H3C3":0.0,"MCM7":-0.5658842245837381,"H2BC7":0.0,"MCM4":-1.136067795445333,"MCM5":-0.8777554086075336,"CHAF1A":-1.3192544213711588,"CDK2":-5.617044214489403,"SMC2":-1.0853232518267806,"H4C4":0.0,"CHAF1B":-1.3617989024904178,"TIMELESS":-1.5964417703913019,"POLD1":0.060731600855146776,"MCM6":-0.4419070075103728,"H4C5":0.0,"CDC45":-1.7069546609051889,"MCM3":-0.7679901169967277,"H2BC10":0.0,"PCNA":0.279872200130861,"PRIM2":-0.27959524840598576,"HELLS":-1.053437218123235,"TONSL":-2.321823534832292,"INCENP":-1.493742643601615,"H3C7":0.0,"DNMT1":-1.4980644932008405,"H4C13":0.0,"H4C9":0.0,"RECQL4":-1.5400984684828587,"NSD2":-0.7439394165922328,"CENPM":-1.1369105868670921,"WDHD1":-1.132394446118181,"CCNB1":1.0633928462710631,"UHRF1":-1.7822898590275742,"POLA2":0.030273690457064396,"TIPIN":-1.0504321120541416,"H3C2":0.0,"BRCA1":-1.367661228869997,"H4C2":0.0,"H4C1":0.0,"CLSPN":-1.2706442714132113,"PRIM1":-0.9851164911385734,"FANCA":-0.6494520360499632}},"Blast Percent":{"min":-11.0,"max":11.0,"top_text":"High Blast Percent Correlation","bottom_text":"Low Blast Percent Correlation","map":{"MCM3":0.45684525574861995,"H4C6":0.0,"SMC2":-3.0900968857065947,"H2BC6":0.0,"INCENP":-1.1145424728675792,"TONSL":-2.5372227626241983,"BRCA1":-0.5954160471001715,"UHRF1":0.7607261473234809,"H4C5":0.0,"PCNA":0.3275850274938238,"CCNB1":-1.7275018054865032,"CDCA5":-0.929221120460265,"H4C2":0.0,"H3C7":0.0,"LIG1":-1.5540266305631498,"H3C3":0.0,"H3C11":0.0,"MCM7":0.9106640164875115,"CENPM":-1.1177882191686435,"DNMT1":-0.7349392708360756,"CHEK1":-0.29753314306447504,"TIPIN":-0.9761663834865963,"H2BC7":0.0,"H4C13":0.0,"MCM2":0.8666994623783532,"H2BC10":0.0,"PRIM2":-0.017703140190607203,"FANCI":-1.3141797162121462,"CHAF1B":-0.6982775654482742,"POLD1":0.39573091656868237,"PRIM1":-0.12283756267815499,"TIMELESS":-1.1523103164885848,"H3C8":0.0,"RECQL4":-1.832676923117597,"H4C1":0.0,"H3C2":0.0,"WDHD1":-0.7688462928070591,"CLSPN":-0.9382946669586997,"HELLS":-0.27620395478124,"FANCA":-0.5912187509402004,"MCM6":0.6205466526861811,"POLA1":-0.5757777928921288,"POLA2":-0.6912409376476139,"H4C4":0.0,"NSD2":1.2549648184178281,"CDK2":-0.11969307808725581,"MCM4":0.3159562746508393,"CDC45":-1.0037966030044587,"CHAF1A":-0.5668236623761556,"MCM5":0.8602539636320292,"H4C9":0.0}}}