{"MuSiC CD14 Mono":{"min":-50.0,"max":50.0,"top_text":"High CD14 Mono Correlation","bottom_text":"Low CD14 Mono Correlation","map":{"LRCH1":-0.8793891249739784,"PPIP5K1":-0.08711560357086877,"ATP2C1":-1.9917527644701662,"DOCK7":-8.57005227233235,"PRELID2":0.0,"DNAJB4":-2.7288241630649117,"ANKRD27":-8.165255141572606,"ZMYM4":-9.286650463979957,"MTMR2":-7.48558188186413,"SUGT1":0.8378002055783654,"EEF1AKMT3":0.0,"TSC2":2.195824318764886,"FSCN1":-5.505964062315051,"CTPS2":-5.786603081894474,"NEDD4":-5.562077629568549,"IFT122":-4.069391520174469,"CMBL":-6.6625612212652925,"BAG5":-0.5890518938301113,"SEC24B":-0.05238791428852772,"SEPTIN11":-1.6079528537402306,"SULT1C4":0.0,"TNKS1BP1":-12.018511606559004,"IFT140":-6.602531956622171,"NAB1":-9.481107514228416,"TIE1":-2.5003849203453883,"MSRB3":-0.8117571342283967,"NTRK1":0.0,"CCT7":-0.26285282457937953,"GATA2":-12.65611469009414,"CDK2":-4.151324747386937,"ARAF":6.973000551711284,"DOCK8":5.494633529504347,"COG6":-0.040617796850089025,"TAF2":-6.03569128519925,"HGS":2.3218548790265987,"MPL":0.0,"DYRK1A":-2.980917986353556,"PTK7":-11.805880367931314,"SULT1C2":0.0,"LRCH3":-0.2569954215906594,"SEC24C":6.791000766504295,"TSC22D1":-7.192825108691022,"TSC1":1.4676225684936492,"BAG2":-1.9977918986225802,"UBXN2A":-2.159188798682904,"CDK6":-15.668546576023608,"MOV10":-10.707605643912416,"ARHGAP25":-0.380206095489701,"EHBP1":-5.10109054864205,"TRIO":-0.5497665371342157,"CD34":-4.760270017298782}},"Mutation FLT3 ITD":{"min":-10.0,"max":10.0,"top_text":"High FLT3 ITD Correlation","bottom_text":"Low FLT3 ITD Correlation","map":{"SUGT1":-0.2778146133546256,"EEF1AKMT3":0.0,"CDK6":-0.41547751481253276,"ANKRD27":-0.16829609186155225,"PRELID2":0.0,"PTK7":0.765848527142401,"TSC2":0.0543653340194712,"IFT122":2.918127328774606,"CTPS2":-0.15844396013864878,"CMBL":1.6664622612274351,"SULT1C4":0.0,"MOV10":-2.1739015932841963,"NTRK1":0.0,"TRIO":-1.299449680960631,"NAB1":-0.36547417037267776,"MPL":0.0,"TSC1":0.43461142739092984,"BAG2":0.8723154167053918,"IFT140":2.804962737331995,"CD34":-3.16939560889094,"GATA2":-0.10448547025785537,"FSCN1":1.9097304126721957,"TSC22D1":-1.3011864837620502,"SEC24C":1.9848691305596293,"DYRK1A":-3.4162324988720525,"LRCH3":0.2638960862255101,"MTMR2":-1.679207319054509,"ATP2C1":1.1650255048831601,"SULT1C2":0.0,"SEPTIN11":-0.7348041721013416,"DNAJB4":-0.7754106315276093,"CCT7":0.3219961985747694,"NEDD4":-2.517773885421116,"PPIP5K1":-0.09924582136095306,"TAF2":1.125347334073554,"EHBP1":-0.7442824418937568,"COG6":0.11133199840043469,"CDK2":-5.617044214489403,"TIE1":0.24466835102881748,"BAG5":-4.243069340022161,"ZMYM4":1.536885503552627,"ARAF":-2.070794192889826,"HGS":-1.8305867382046899,"UBXN2A":0.40666034628963527,"SEC24B":0.014658727562563678,"LRCH1":-0.7997756916718697,"ARHGAP25":2.2710855043944598,"MSRB3":-0.6367618223158331,"DOCK7":-0.40051618239658693,"TNKS1BP1":-0.24910872488957403,"DOCK8":-0.3495929516435853}},"Mutation NPM1":{"min":-30.0,"max":30.0,"top_text":"High NPM1 Correlation","bottom_text":"Low NPM1 Correlation","map":{"MTMR2":-3.545518376698915,"NEDD4":-7.941012870948416,"TRIO":-1.291907083514982,"SEC24B":2.925339554469748,"SEC24C":6.045044665369259,"LRCH3":1.4683936843701704,"BAG2":0.4134828762490717,"IFT140":6.052956693782507,"SULT1C2":0.0,"NTRK1":0.0,"DNAJB4":-2.3167148742390333,"ATP2C1":1.4206017911186035,"CCT7":-1.1839962270374662,"DYRK1A":-4.161333774168971,"PRELID2":0.0,"CMBL":0.11888011116590341,"NAB1":-2.444499123721618,"CDK2":-3.5431707502868006,"ANKRD27":0.03867690360762668,"ZMYM4":1.4837286884172443,"PPIP5K1":1.3072359779516167,"GATA2":0.44998353921600787,"FSCN1":-0.23055747170755242,"CTPS2":-0.9169143228445769,"SEPTIN11":-1.0445226121216447,"TNKS1BP1":-2.5120491689349236,"UBXN2A":-0.8782340828382975,"PTK7":-0.6734690884388081,"TSC2":1.8299807284317338,"DOCK8":1.4284645051817928,"BAG5":-8.051931275791954,"LRCH1":-1.7154982206929634,"TAF2":1.1175169780812642,"EHBP1":-2.25276133147466,"HGS":-0.4000089188896549,"CD34":-13.808069773491024,"ARHGAP25":-0.2234732300775206,"SUGT1":-0.6010151568327801,"TIE1":-0.0398501670706457,"MOV10":-8.12934365174273,"IFT122":3.4807360540184744,"ARAF":-0.4405918552344068,"TSC22D1":-4.316173924156423,"TSC1":1.7170702127825452,"CDK6":-1.6750979156757049,"SULT1C4":0.0,"DOCK7":-1.5530440545367767,"MSRB3":2.072120399469292,"COG6":1.0323382928334648,"EEF1AKMT3":0.0,"MPL":0.0}},"Overall Survival":{"min":-6.0,"max":6.0,"top_text":"High Survival Correlation","bottom_text":"Low Survival Correlation","map":{"GATA2":0.5009761748483645,"DYRK1A":-0.33711459088641854,"MPL":0.0,"UBXN2A":0.2903313685911203,"PRELID2":0.0,"ANKRD27":-0.2655068560378179,"ZMYM4":-1.4075366511357041,"LRCH1":-0.22336607575643302,"CD34":-0.034974147701158045,"PPIP5K1":0.09228351218626632,"BAG2":-0.5276924741187047,"ARHGAP25":0.03644800259309662,"HGS":-0.15261306687825335,"DNAJB4":-0.8848226892079937,"ARAF":0.8497848878996224,"MOV10":0.22411834299170533,"CMBL":-1.6304738967122345,"SEPTIN11":-0.7387201630361024,"CDK6":-0.4017557252599916,"TRIO":2.3611305899376043,"PTK7":-0.5015013169815257,"TSC2":-0.20679881765854224,"TNKS1BP1":-0.4334996889349773,"SEC24B":-0.9393879143140543,"IFT122":-1.2092726507312028,"BAG5":0.2528697723092,"MSRB3":-2.3125404826719955,"CDK2":-0.9166780132492727,"EEF1AKMT3":0.0,"SULT1C2":0.0,"FSCN1":-0.05046192100944185,"TIE1":1.1072548345460684,"TSC22D1":-1.7571069037689424,"COG6":-0.9101465913216984,"SEC24C":0.2590440397602164,"DOCK7":-0.24130253404159072,"ATP2C1":-0.2880326364932168,"IFT140":-0.13131015220012932,"TSC1":0.2935245242753018,"NAB1":-0.6478587191712656,"NTRK1":0.0,"SULT1C4":0.0,"TAF2":-1.002634098910928,"LRCH3":0.21469646932351072,"SUGT1":-0.16083061056088305,"MTMR2":-0.22898905502968997,"CTPS2":-1.2562164395134043,"NEDD4":-1.2844047008982902,"CCT7":0.5057893757741105,"DOCK8":0.32935744129619227,"EHBP1":-0.3229530590397905}},"Blast Percent":{"min":-11.0,"max":11.0,"top_text":"High Blast Percent Correlation","bottom_text":"Low Blast Percent Correlation","map":{"LRCH1":0.9198249934569687,"MPL":0.0,"DNAJB4":-1.2911008844539524,"ARHGAP25":0.2900811313450091,"ZMYM4":5.713130484140398,"PTK7":2.2735340484775777,"IFT122":1.2270179070923712,"FSCN1":0.9969820944682954,"COG6":0.09359547024311535,"TAF2":1.4853659964394772,"BAG2":-2.307856210587071,"CMBL":0.4289485976397114,"DOCK7":0.2428330025794907,"NTRK1":0.0,"NAB1":0.3841804820816734,"TSC2":-0.3977741325733389,"TSC1":-0.12797407368249578,"EEF1AKMT3":0.0,"CD34":-0.011406656620854348,"PPIP5K1":0.10950233735404204,"GATA2":2.181443482071388,"SEC24B":1.5661734839042791,"HGS":-0.7485978509498585,"TNKS1BP1":0.8793004804968344,"ANKRD27":2.516398517358407,"UBXN2A":1.2666355337641308,"NEDD4":-0.44437587244183724,"SULT1C2":0.0,"SUGT1":-1.9087725506977158,"MSRB3":1.4835310641527257,"DYRK1A":-0.2746656524904478,"CTPS2":-0.12983538181327006,"TSC22D1":-0.8452766567300704,"MTMR2":0.1423586510824213,"DOCK8":0.5443815220769008,"CCT7":-0.16053739046580848,"ARAF":-0.8949486708155837,"MOV10":0.7147066495782385,"SULT1C4":0.0,"ATP2C1":-0.020100761250095578,"CDK2":-0.11969307808725581,"SEPTIN11":0.033795610509907495,"LRCH3":3.299749257813923,"EHBP1":-0.5486379131316275,"SEC24C":0.09164457040912236,"CDK6":5.4197514506527105,"PRELID2":0.0,"BAG5":-2.100913551220448,"IFT140":2.141130573308514,"TIE1":0.07817003798018508,"TRIO":1.6070910201268467}},"NPM1 Subtype":{"min":-37.0,"max":37.0,"top_text":"Committed NPM1 Subtype","bottom_text":"Primative NPM1 Subtype","map":{"IFT122":-4.473820914338288,"ARAF":8.663363655214564,"HGS":1.1227905349421656,"EEF1AKMT3":0.0,"TIE1":-1.777243257069489,"SEPTIN11":-1.3518597062963615,"IFT140":-7.189304170117204,"LRCH3":-0.2703981721518085,"CCT7":-0.0875669214913264,"CDK2":-2.911101288267975,"DOCK7":-5.605742957958063,"NAB1":-6.068039459016032,"DNAJB4":-1.650721696958464,"ZMYM4":-10.161579977438594,"CTPS2":-6.140182905727618,"SUGT1":0.45631805441144907,"MTMR2":-6.0436093114970095,"SULT1C4":0.0,"CD34":-3.506080749711841,"NEDD4":-4.426108420022652,"MSRB3":-2.9408572038774556,"TSC2":1.7663632951127963,