{"Mutation FLT3 ITD":{"min":-10.0,"max":10.0,"top_text":"High FLT3 ITD Correlation","bottom_text":"Low FLT3 ITD Correlation","map":{"EIF2S1":0.6235279188743552,"SNRNP70":0.17394919618031818,"NCDN":0.6478477059498561,"CLTC":-0.03908201161744767,"EIF3D":0.9279413468875,"GMPPB":-1.3605961101455968,"DDRGK1":-1.2072544358241695,"IPO7":-0.45731851174836885,"PABPC1":-0.4678486933443859,"NAA15":-0.7945079177582579,"EIF2B2":-0.39245076137546386,"EIF2B4":-0.4900176355552458,"EIF3I":0.42331318141574914,"ECSIT":0.06602500751000681,"CCT5":0.16532086452361033,"PSMB3":0.16251802541836244,"EIF2B5":0.014939739383605231,"AP2M1":-0.7700670324266429,"NUBP2":-0.0269854187833906,"ACO1":0.2990380304395627,"SSR1":0.8486784345731158,"PSMD7":0.17019852858388143,"RPLP0":0.9977700667254856,"NUDC":-0.058621960990598805,"ZNRD2":-0.36317835443154867,"MKNK1":-0.2297354792725956,"KRAS":0.07625659147457894,"ABCE1":-0.0016352740000588483,"C3orf18":0.0,"XPO1":0.2544644500796783,"EIF3M":-0.30107055132210464,"CCT3":0.10963602773179969,"NMT1":-1.9184379294667833,"CAD":-0.34306255573334105,"PAIP1":-0.2740047710149944,"QARS1":0.13566442614825133,"TRMU":0.10430185244298161,"EIF5":0.7310892180350099,"EIF2B3":0.17695450539288785,"EIF3C":0.15362951037477293,"EIF4G1":-1.7681426535164897,"EIF3A":0.12003678675566035,"EIF2B1":0.2984209898774911,"EIF4G3":0.26695230384651986,"HSPA8":0.001898457853518998,"ATAD3B":0.4102288469081245,"TRAF2":-2.612341339226606,"FKBP3":1.5035260341096404,"G3BP1":1.01560861094159,"EIF2S3":-1.7839989059544616,"PMPCA":2.93171614685268}},"NPM1 Subtype":{"min":-37.0,"max":37.0,"top_text":"Committed NPM1 Subtype","bottom_text":"Primative NPM1 Subtype","map":{"KRAS":6.744270177015504,"ABCE1":-6.051676528102565,"CCT3":-0.22598528783215893,"PSMB3":0.8733162934153392,"EIF2B3":0.38638316875045065,"TRAF2":-3.042344823230055,"PSMD7":1.0214478249246814,"PAIP1":-0.15862655558136776,"MKNK1":5.8824311514145835,"NUDC":-0.9070746146953365,"EIF2B5":0.5179766518341694,"EIF2S1":1.211110183464235,"AP2M1":4.953669835504327,"ZNRD2":-0.29559906034914346,"EIF2B1":1.6361195700570474,"IPO7":0.28995896777276925,"TRMU":-2.555209217506927,"ECSIT":-0.38046442927655577,"FKBP3":-6.323805305510549,"CAD":-2.4076065711295307,"PABPC1":0.5634634771728644,"EIF3M":1.2944682820807965,"CCT5":-0.4070265472198636,"EIF3C":1.260470772629771,"EIF2B2":0.428717569792257,"EIF4G1":3.00375566132337,"NMT1":2.701941463204017,"G3BP1":-2.3607123613288277,"ACO1":-2.4238738858064495,"GMPPB":4.821754784429492,"NAA15":-2.1708380614201337,"EIF2S3":0.9086328218238633,"HSPA8":-0.2149080663792353,"QARS1":3.9578678266749336,"SSR1":0.4141766763598837,"EIF4G3":2.739435929984051,"EIF3A":0.3918630314581902,"EIF2B4":0.1719012455036519,"NCDN":5.873903700117628,"C3orf18":0.0,"ATAD3B":-0.05153252433909338,"EIF3I":0.594804870183408,"PMPCA":-4.129359517936568,"DDRGK1":0.0009565583228209427,"NUBP2":1.355126611761435,"XPO1":-1.6671056804186337,"EIF3D":1.3665667409255537,"SNRNP70":-8.614781223729564,"EIF5":-3.586761389524815,"CLTC":9.219061812629135,"RPLP0":-0.7350553087960351}},"Overall Survival":{"min":-6.0,"max":6.0,"top_text":"High Survival Correlation","bottom_text":"Low Survival Correlation","map":{"AP2M1":-0.1079440946835144,"EIF2S1":0.1529988141370025,"DDRGK1":1.629728547800389,"NMT1":0.3047386861849255,"EIF2B4":-0.054636683044001405,"EIF4G3":0.9909056327614764,"EIF3D":0.627555222163967,"EIF4G1":0.226565957352099,"NAA15":-0.2847207519372176,"EIF2B1":-0.4877818494579154,"GMPPB":0.019245881859337694,"ZNRD2":-0.25764149207923887,"ECSIT":0.014382301630291175,"QARS1":0.8636439868408692,"C3orf18":0.0,"EIF5":-0.27944950247957356,"EIF2B5":-0.16010141343609433,"IPO7":-0.32639098353774626,"KRAS":0.32504972471163424,"PMPCA":0.009544137651928178,"EIF2B3":-0.13653409235034972,"EIF3C":0.8094747670896865,"FKBP3":-0.07982212747972046,"NUBP2":-0.4927322591102536,"PSMB3":0.22948333757947714,"SNRNP70":-1.4833865658861327,"CLTC":0.41841571769312735,"ABCE1":-0.16634977162583486,"G3BP1":0.12914425646045768,"MKNK1":-0.5140413867258707,"ACO1":-1.817529908785585,"TRAF2":-0.7379405245697915,"TRMU":-1.9567595212782856,"HSPA8":-0.07295063683679716,"EIF3A":1.0688447573983075,"CCT5":0.1448757032423096,"PSMD7":0.11718995816337002,"EIF2B2":-0.14629002729840587,"CCT3":-0.05479278900607222,"SSR1":-0.18301981331069386,"CAD":-0.5691434632559227,"EIF3I":0.13725946954371396,"PAIP1":-0.8950818238792015,"EIF2S3":-0.15251598651382386,"EIF3M":0.2999279882475047,"NCDN":0.3085050655421928,"RPLP0":0.8494169791671194,"NUDC":0.026094356853090327,"ATAD3B":-0.9884883749889323,"PABPC1":0.5440924085831156,"XPO1":-1.4550714447644295}},"Mutation NPM1":{"min":-30.0,"max":30.0,"top_text":"High NPM1 Correlation","bottom_text":"Low NPM1 Correlation","map":{"KRAS":0.3120119779791907,"PAIP1":0.3420696182362687,"MKNK1":-1.8159128158676512,"C3orf18":0.0,"PABPC1":-0.46758976898485516,"ACO1":-0.17414263278458486,"RPLP0":-0.5275330805234366,"HSPA8":-1.109637443395507,"DDRGK1":-0.6081125577943529,"EIF2S1":-1.3760823939384406,"EIF3D":0.13013447232519892,"EIF2B5":0.07296183628214493,"TRMU":-0.8762050997822016,"SNRNP70":0.7777283309175462,"TRAF2":-3.508550127716954,"EIF2B4":-0.8264769001764238,"EIF4G1":-1.8338371833697422,"EIF3I":-0.23936900341932654,"EIF3A":-1.1575530340271016,"G3BP1":0.6858359635465129,"EIF2S3":-2.850687286565704,"GMPPB":-1.0322935469420678,"EIF3M":-1.3428729221956353,"IPO7":-0.8555533131327887,"EIF5":-0.19920303067490244,"ATAD3B":-2.0407980386602618,"EIF3C":-0.45268200466784025,"NMT1":-1.0224184952918276,"NUDC":-2.1142900895815515,"NCDN":0.06979413523405584,"PSMD7":0.2493092946565739,"CAD":-2.0809505676962092,"AP2M1":-1.8477279115869574,"ABCE1":-0.5870454616813623,"EIF2B2":-1.3687982599637276,"QARS1":-0.022587418948821096,"EIF2B1":-0.1924289122416995,"XPO1":0.6703624323215266,"ZNRD2":0.21015357507597301,"NUBP2":0.23043483351250585,"CCT5":-1.82544866578662,"EIF2B3":-0.10130419353013183,"CLTC":0.625315346948538,"EIF4G3":-0.30052362529526994,"NAA15":-4.7502324899518875,"CCT3":-1.8919052100657971,"ECSIT":0.030529567271525015,"FKBP3":0.2963740590363998,"SSR1":0.7141010437203434,"PSMB3":0.06644468115503709,"PMPCA":1.3049014522571363}},"Blast Percent":{"min":-11.0,"max":11.0,"top_text":"High Blast Percent Correlation","bottom_text":"Low Blast Percent Correlation","map":{"C3orf18":0.0,"TRMU":1.3885998404017352,"EIF4G3":-0.25243939312283536,"EIF3D":-0.6266987548373357,"CCT3":-0.3142774196153831,"G3BP1":2.6976147958316554,"TRAF2":-0.3721333760406706,"CCT5":-0.5179480396568318,"PSMB3":-0.38900709502310293,"XPO1":0.5857500169604274,"ABCE1":0.3671771881567837,"EIF2B3":-1.4762634214337742,"NAA15":-0.5156589475043754,"ATAD3B":-0.6403876491436382,"ZNRD2":-1.5834332671782816,"CLTC":-2.661096756869362,"ECSIT":0.36785751673519507,"EIF3C":-0.18635262258523247,"RPLP0":-0.04584224920597317,"EIF2S3":-2.9159071304599937,"NMT1":-0.6116976689685667,"NCDN":-0.09672904509488489,"HSPA8":-1.2026813871568238,"GMPPB":-2.4585743406197023,"NUBP2":0.40095773672360185,"PSMD7":-0.8665913376249944,"AP2M1":-4.707746942998365,"QARS1":-1.1125902950946103,"DDRGK1":0.034618686827266154,"FKBP3":1.1462728941710083,"EIF3I":0.19758710958570597,"EIF2S1":-2.613207289842856,"NUDC":-0.30430774599620036,"EIF4G1":-4.217820951405893,"EIF2B5":-3.2901513917100966,"EIF2B2":-1.572670657461311,"EIF3A":-0.711133471987396,"SSR1":0.3897900888763043,"PMPCA":1.6578218241679659,"MKNK1":0.06052723527173432,"ACO1":0.29584732177683337,"PAIP1":0.36525743201820965,"EIF5":-0.0944781826212526,"CAD":-0.8624718753634616,"SNRNP70":6.612830368714271,"EIF2B4":-1.7677945663836867,"PABPC1":-1.8914257017393472,"EIF3M":-2.1102172759756908,"KRAS":-2.1693013764878573,"EIF2B1":-1.9089337814924119,"IPO7":-0.7930130065830738}},"MuSiC CD14 Mono":{"min":-50.0,"max":50.0,"top_text":"High CD14 Mono Correlation","bottom_text":"Low CD14 Mono Correlation","map":{"CAD":-2.3037204793897654,"EIF2B4":0.15965722768690113,"XPO1":-1.4175754679797263,"EIF2B3":0.7819413932154478,"NUDC":-1.7628860260578292,"GMPPB":8.906711698538853,"EIF2B5":0.6016772794598748,"EIF2B1":4.178901496039217,