{"Blast Percent":{"min":-11.0,"max":11.0,"top_text":"High Blast Percent Correlation","bottom_text":"Low Blast Percent Correlation","map":{"EPN1":-1.2408873289346392,"ARF1":-4.452044534273855,"PRKCD":-3.9546810639706367,"MYL6":-2.1414738019109203,"IQGAP1":-0.13342011762029216,"ITSN2":-1.9344772996953419,"EHD1":-5.754893808967368,"KIAA1522":0.4315501690138724,"ARF6":-2.332634397680407,"TLN1":-4.3678042859920385,"RAB11FIP1":-3.251177661157579,"PIK3R1":0.6418431449849076,"CYFIP1":-0.6691394535492142,"ABHD4":0.18302077171455092,"EZR":-1.0475401710633951,"BAIAP2L1":0.0,"PLEKHO1":-0.6943783742641442,"PLCB3":-2.8073507420946693,"RIN3":-0.1585035711737929,"MAP2K1":-2.3518499328528026,"LYN":-3.6433702663498777,"RHOB":-2.373721177719302,"SLC9A3R2":-0.5218465055707904,"ABI2":2.214420663425572,"SLC18A2":0.0,"CTDSP1":-3.8169897791964034,"EPS8":-1.3315300289248795,"MSN":-1.286731130637734,"PLEKHO2":-4.096293320220888,"AKAP13":-1.9127594050232717,"TMEM51":0.0,"ACTB":-4.37642113778035,"WASF2":-0.33249329497509517,"CBL":-1.8041329373669555,"WAS":-1.1282024712377288,"RAP1A":-2.8352592365753817,"DSE":0.0,"DIAPH1":-0.9140348801604655,"KRAS":-2.1693013764878573,"NUMB":-1.116845425071068,"DAB2":-0.9911283759981964,"MEF2A":0.049510381085716364,"ADGRB1":0.0,"ABI1":-0.3659903962820121,"DLG4":0.0,"SRGAP2":-2.271507554984798,"PICALM":-4.907038928315279,"CORO1C":-0.5932115438898944,"BAIAP2":-0.31496293044968426,"RAB11A":0.0,"RHOA":-0.44199059585233197}},"NPM1 Subtype":{"min":-37.0,"max":37.0,"top_text":"Committed NPM1 Subtype","bottom_text":"Primative NPM1 Subtype","map":{"MYL6":12.824891342004351,"CORO1C":7.523320800765563,"SRGAP2":20.285019437264644,"AKAP13":24.802107010722384,"RAP1A":6.821703723687818,"DLG4":0.0,"MEF2A":-0.524344205997996,"TLN1":6.484647438144557,"CTDSP1":9.459719990632218,"PRKCD":16.491025650638733,"PICALM":11.047460182822821,"RIN3":5.225020226478215,"RHOB":6.30018797138579,"ADGRB1":0.0,"BAIAP2":0.34055434419953157,"PLEKHO2":22.21003860567708,"PIK3R1":-0.746740078519793,"ARF1":5.178942094409255,"BAIAP2L1":0.0,"NUMB":17.77536852286445,"CYFIP1":5.011174674341059,"DAB2":-0.554718102804176,"PLEKHO1":5.032043145460743,"ABHD4":-3.976251767327231,"EZR":5.70524211405846,"ABI2":-5.320985554253831,"EPS8":7.224290448347281,"DSE":0.0,"KIAA1522":-4.498096886091933,"SLC9A3R2":-0.6187819126455968,"RAB11A":0.0,"WAS":8.333173596211646,"MAP2K1":17.695212498077872,"RHOA":12.593986436210397,"ACTB":12.779563501183883,"SLC18A2":0.0,"PLCB3":7.39841581101155,"KRAS":6.744270177015504,"EPN1":7.377750570386994,"ABI1":1.798457016442001,"TMEM51":0.0,"ITSN2":9.98332300894467,"ARF6":7.691799486544673,"IQGAP1":18.03004726914796,"DIAPH1":8.76151086058707,"WASF2":1.750863549272143,"RAB11FIP1":19.7068822572553,"LYN":14.423189763765572,"MSN":13.094742962383398,"CBL":18.932964507898838,"EHD1":6.994380565933634}},"MuSiC CD14 Mono":{"min":-50.0,"max":50.0,"top_text":"High CD14 Mono Correlation","bottom_text":"Low CD14 Mono Correlation","map":{"SRGAP2":20.86738302211996,"MEF2A":-1.2658479325682845,"TMEM51":0.0,"ABI2":-4.838433325695152,"ARF1":7.165284621871179,"MSN":19.110461017404358,"RAB11FIP1":27.908940054225482,"PICALM":18.111089721057976,"RAP1A":12.158601064808995,"WASF2":1.8287366059929617,"RAB11A":0.0,"CTDSP1":10.358943073669792,"KRAS":10.118181926267097,"RHOB":7.348707897516135,"EHD1":8.765757729675911,"KIAA1522":-3.8399850829636373,"ABI1":1.890687607403734,"ADGRB1":0.0,"DSE":0.0,"ACTB":16.511643228357524,"SLC18A2":0.0,"DIAPH1":5.128916329369699,"ABHD4":-2.66411563383488,"TLN1":11.399963981045866,"IQGAP1":19.269726263059013,"EZR":5.019842186282769,"PLEKHO2":32.72365158205726,"PRKCD":29.169589852727487,"CBL":19.518588068698016,"EPN1":7.593762815512759,"DLG4":0.0,"AKAP13":27.52093227311249,"ARF6":10.03536031165224,"RHOA":14.64093540558552,"BAIAP2":0.29669381246560916,"MAP2K1":19.619151820420875,"LYN":21.003818451302905,"BAIAP2L1":0.0,"DAB2":-0.7326614100973259,"MYL6":16.016024700324678,"PLCB3":6.792635740549889,"WAS":6.6885198637149,"RIN3":9.63304331918234,"EPS8":6.329707300823463,"SLC9A3R2":-0.21598586377990664,"ITSN2":11.005291462757592,"CYFIP1":7.209523433329782,"PLEKHO1":2.8334902225984564,"NUMB":21.85047439427654,"PIK3R1":0.664176163552011,"CORO1C":6.730497916489754}},"Mutation FLT3 ITD":{"min":-10.0,"max":10.0,"top_text":"High FLT3 ITD Correlation","bottom_text":"Low FLT3 ITD Correlation","map":{"CTDSP1":-0.33424795996087325,"CBL":-2.0880097101636164,"TLN1":0.2198328763620997,"EPS8":-1.7363695768830276,"ABI2":2.1425231472354156,"SRGAP2":-0.3577452442144117,"RAP1A":-0.5164724983494555,"AKAP13":-0.25161108670234594,"EHD1":-1.9422247891318594,"CORO1C":-0.9518964169213626,"RIN3":0.34601084699945067,"ITSN2":0.20748396343407124,"DAB2":4.693804042256765,"LYN":-0.2494900342467458,"CYFIP1":0.6755100902736236,"MEF2A":-1.6791689108030694,"PLCB3":0.2839540934515422,"EPN1":0.08047681470572945,"KIAA1522":3.4539889073372287,"DSE":0.0,"RHOB":-1.183451642615064,"WASF2":2.4216633392782314,"ABI1":1.134985605499204,"KRAS":0.07625659147457894,"MYL6":-0.12862019564944074,"BAIAP2":3.839635807529472,"ARF1":-0.6628587708738172,"SLC9A3R2":0.8563906174926763,"PIK3R1":-0.0017540245964571166,"PRKCD":0.768439903778786,"DIAPH1":-1.3683314088742755,"MSN":-0.3919554720983482,"ACTB":-0.9269944551531453,"IQGAP1":0.11174600228507243,"ARF6":1.0057614505913428,"RHOA":-0.011046250728907378,"WAS":-1.621039045005384,"EZR":-2.8312778491910517,"NUMB":-0.10362939111090118,"PLEKHO1":0.353456095374363,"ABHD4":0.2534993251521937,"PICALM":-1.0908091674606117,"RAB11FIP1":1.601614031051524,"PLEKHO2":-0.378794147991563,"BAIAP2L1":0.0,"MAP2K1":-0.33906269753340934,"RAB11A":0.0,"SLC18A2":0.0,"ADGRB1":0.0,"DLG4":0.0,"TMEM51":0.0}},"Overall Survival":{"min":-6.0,"max":6.0,"top_text":"High Survival Correlation","bottom_text":"Low Survival Correlation","map":{"DLG4":0.0,"RAB11FIP1":-0.09105103521497077,"EHD1":1.9494744465713258,"KRAS":0.32504972471163424,"ARF6":0.19820810276871087,"CYFIP1":0.368169292350974,"SLC18A2":0.0,"LYN":0.2698452587485424,"ABHD4":0.5725138874744297,"KIAA1522":-0.09879327681836242,"MSN":-0.0457869606881124,"WAS":0.9207490630056938,"CORO1C":0.24588876712966587,"SLC9A3R2":0.5852077986748022,"ACTB":1.250040045445864,"MEF2A":0.18374392417886398,"NUMB":-0.09874167853882561,"SRGAP2":0.02734649704659683,"PLEKHO2":0.2163672609356098,"RAP1A":0.1826595659466211,"CBL":-0.055113403728386495,"ABI2":-1.0938935941597476,"TMEM51":0.0,"PLEKHO1":1.5302455599457498,"ABI1":0.8902060986994408,"ARF1":-0.34579714048978555,"PIK3R1":0.3163928540471968,"PRKCD":-1.1287983889413287,"ADGRB1":0.0,"PLCB3":-0.0013437935617619493,"EPS8":0.6736147164949774,"DAB2":-0.04058550882762468,"IQGAP1":-0.057353144323501505,"WASF2":2.0420116974505906,"DIAPH1":1.8104370794362437,"PICALM":0.270287861495979,"EZR":0.44060847849181484,"MYL6":0.6267988160240829,"RAB11A":0.0,"ITSN2":0.2626604274384664,"RHOA":0.49192030397277065,"RIN3":-0.4788683305782503,"RHOB":-0.16453075481527968,"CTDSP1":0.04588364218682389,"BAIAP2L1":0.0,"EPN1":0.2751110164214851,"DSE":0.0,"TLN1":0.845801375834552,"BAIAP2":0.07783299175941348,"MAP2K1":-0.3234956482673596,"AKAP13":0.07614994774970318}},"Mutation NPM1":{"min":-30.0,"max":30.0,"top_text":"High NPM1 Correlation","bottom_text":"Low NPM1 Correlation","map":{"PICALM":-0.34922275749616205,"ITSN2":0.05046734890879779,"RHOB":0.35964851118560864,"RAB11FIP1":4.7208879676764,"EHD1":-0.6009463276420185,"EPN1":0.14785428482762875,"CYFIP1":0.3789398946800053,"AKAP13":0.0014025310704271195,"DAB2":-0.03399214605583416,"ABI1":-0.6190180755118673,"KRAS":0.3120119779791907,"ARF6":0.02183481721384159,"EPS8":-1.5377743080232387,"DSE":0.0,"NUMB":1.2281728041784434,"DIAPH1":-1.4098422139944855,"RHOA":-0.33373037894749846,"LYN":0.2760667751158326,"DLG4":0.0,"MEF2A":-7.860639614501431,"ARF1":-1.0332735578133172,"CTDSP1":-0.5651540712961156,"EZR":-3.2004458758817966,"TLN1":0.052403771986113894,"MAP2K1":0.19625142843056229,"RAB11A":0.0,"PLEKHO2":-0.1942941461421503,"PRKCD":4.560967519609574,"ABI2":-0.29416588801268106,"PLCB3":-0.2825842536766618,