{"Mutation FLT3 ITD":{"min":-10.0,"max":10.0,"top_text":"High FLT3 ITD Correlation","bottom_text":"Low FLT3 ITD Correlation","map":{"ERCC3":-2.693231716758402,"C15orf40":0.04049673455549969,"IFT74":1.8057222014478573,"FAM166B":0.0,"ARL6":-0.49050995241033046,"TP53":-2.4086252511328947,"MED29":-0.039858829190412476,"IFT81":1.5924518351145511,"IFT140":2.804962737331995,"IFT27":4.034228210886814,"TTC9C":-1.4388424290611097,"TTC26":2.2218921511611374,"WDR19":4.038938653972439,"ERCC1":1.7478989278740806,"CDK7":-0.4129315777168814,"POLR2C":-0.09024981397041171,"MNAT1":-1.0322145106276541,"TTC30A":0.9957854284136336,"GTF2H3":-1.1632906778263656,"GTF2H4":0.30267980770208786,"GTF2H1":0.013649648315116655,"USP45":0.0,"TAF10":0.4151712193273511,"IFT80":0.32649750640615066,"RXRB":0.4237501965153194,"IFT46":1.563623755386294,"IFT88":1.3479649788390946,"TSTD3":0.0,"TAF7":0.3911973141515642,"ERCC4":0.9876306682410257,"IFT20":0.6846173007611108,"RPA2":1.3573512947086788,"H2BC7":0.0,"GTF2H2C":0.0,"IFT22":1.129047202347474,"PHF5A":0.8118956330487423,"H4C2":0.0,"RB1":-2.9171099908929548,"ADGRB1":0.0,"GTF2H5":-0.1546086852720846,"TRAF3IP1":1.5018870039604255,"H4C4":0.0,"H2AC4":0.0,"KPNA3":0.9169902373557244,"IFT172":1.623880077046877,"CCNH":-0.6665149198090727,"GTF2H2":-1.5399610176561942,"IFT57":1.413595326024436,"IFT52":0.27429992016677496,"ECM1":0.26562092430881545,"ERCC2":-0.492795636229848}},"Mutation NPM1":{"min":-30.0,"max":30.0,"top_text":"High NPM1 Correlation","bottom_text":"Low NPM1 Correlation","map":{"GTF2H2C":0.0,"GTF2H4":-0.996331836962392,"H2BC7":0.0,"ERCC1":2.5924445959066005,"ERCC2":-1.2753271580242262,"WDR19":3.1431619447393,"H4C4":0.0,"GTF2H5":-1.715384688061771,"IFT22":1.5573608185759455,"TP53":-1.8597512278524304,"TSTD3":0.0,"H4C2":0.0,"H2AC4":0.0,"PHF5A":2.8868096858945766,"TTC9C":-2.1481053369238534,"RXRB":1.584593472496982,"IFT57":2.1041308644140453,"IFT81":1.5593065932429164,"RB1":-2.842162972126936,"POLR2C":0.8683572260888152,"GTF2H3":-1.2429978228935177,"ADGRB1":0.0,"ERCC4":2.6143472246129695,"C15orf40":0.1344392428540068,"CCNH":-0.88178852417976,"TRAF3IP1":2.262686076021801,"USP45":0.0,"IFT46":1.58009509566014,"CDK7":-0.9555623610626284,"TAF7":0.026084667771471344,"IFT172":2.8113144735427706,"IFT80":0.2388074802404737,"MNAT1":-3.224192973093097,"IFT88":0.7492288254607732,"ECM1":0.08346869409148165,"IFT140":6.052956693782507,"IFT52":2.085153943303205,"ERCC3":-4.279229673273417,"MED29":1.32440295972385,"KPNA3":0.8209886042583353,"GTF2H2":-0.4963079794117275,"TTC26":2.165209177777585,"IFT20":0.0016035535199567588,"FAM166B":0.0,"IFT74":1.637833184752751,"TTC30A":0.783941391564097,"RPA2":3.851280051811565,"IFT27":6.785158715563479,"ARL6":0.011474509557822539,"GTF2H1":-0.7847850119779581,"TAF10":0.5461845798937779}},"NPM1 Subtype":{"min":-37.0,"max":37.0,"top_text":"Committed NPM1 Subtype","bottom_text":"Primative NPM1 Subtype","map":{"USP45":0.0,"ERCC2":-2.3396538772427764,"IFT88":-6.994635667570758,"H2BC7":0.0,"TP53":-0.8118343715985066,"IFT52":-1.5713553414604255,"IFT46":-7.234967065270361,"GTF2H2":-1.3916026714535163,"TTC26":-7.068145050451351,"GTF2H1":-1.9363004281259157,"MED29":-1.0495760396473561,"TAF7":-2.1699391835433888,"CCNH":1.3866003381232757,"C15orf40":-0.9039410969377984,"CDK7":-2.406001660639498,"IFT172":-5.289416941826018,"GTF2H5":-1.3570769004249439,"IFT74":-7.407968774251503,"FAM166B":0.0,"H4C2":0.0,"TTC30A":-3.792844237450825,"IFT27":1.65460232618715,"TSTD3":0.0,"IFT20":-0.3165483414333165,"ARL6":-0.15854730819077087,"GTF2H2C":0.0,"H2AC4":0.0,"KPNA3":0.879895109087697,"IFT57":-5.669683429081234,"ECM1":0.056581937124079294,"GTF2H3":-0.980187554106815,"IFT80":-2.3241710624647443,"ERCC1":-1.041372455735588,"TRAF3IP1":-8.63258560328237,"ERCC4":-0.6723817045321934,"IFT22":-5.7331041546751,"POLR2C":-3.398487888999382,"RXRB":0.6914585493987974,"ERCC3":-3.806419061723151,"H4C4":0.0,"IFT140":-7.189304170117204,"ADGRB1":0.0,"WDR19":-8.448384972816832,"RPA2":-5.094620327580898,"TAF10":-1.0155345016529775,"MNAT1":-3.1824780690095986,"PHF5A":-1.0060673165312122,"TTC9C":-0.7231855609975087,"IFT81":-12.282600705076764,"RB1":1.6680572936506677,"GTF2H4":-0.8456498367672507}},"Blast Percent":{"min":-11.0,"max":11.0,"top_text":"High Blast Percent Correlation","bottom_text":"Low Blast Percent Correlation","map":{"GTF2H1":4.261015624441028,"CCNH":0.7454535089871003,"MED29":2.5818518205185987,"ERCC1":1.1656267813630121,"TTC9C":0.840808954320295,"IFT52":0.8216868905315713,"IFT22":2.039348585602878,"GTF2H2":2.509755047774385,"POLR2C":7.281973619189204,"TSTD3":0.0,"ERCC2":2.3452717895224207,"IFT57":0.5410791008419596,"TTC30A":1.2667437797021812,"RXRB":1.2922461384976625,"ECM1":-0.21316006574656698,"GTF2H4":2.7123287461407943,"FAM166B":0.0,"TP53":-1.1668667584627048,"USP45":0.0,"GTF2H2C":0.0,"IFT81":2.774158088437798,"TAF10":4.458815612916491,"ARL6":0.5709983344131105,"RB1":-0.20914653807717323,"MNAT1":1.4960156340083943,"WDR19":2.1525713738295886,"H4C2":0.0,"IFT140":2.141130573308514,"IFT20":-0.4592417736416385,"ERCC4":1.2041488154431825,"IFT74":1.0102679365065732,"IFT46":2.415007986489133,"H2BC7":0.0,"ERCC3":1.544501179809485,"GTF2H5":0.3249540635313333,"TRAF3IP1":2.258965549064596,"H2AC4":0.0,"IFT172":1.360094836631859,"PHF5A":3.5749479059035796,"C15orf40":-0.5926772479272272,"TAF7":3.8420232240904095,"IFT88":1.1706959410800857,"IFT27":-0.4448048210225064,"CDK7":2.249458227473404,"IFT80":-0.1068242469686668,"ADGRB1":0.0,"TTC26":1.682530158035839,"GTF2H3":2.750678721975046,"KPNA3":-0.15409388431747484,"RPA2":2.958889812719193,"H4C4":0.0}},"Overall Survival":{"min":-6.0,"max":6.0,"top_text":"High Survival Correlation","bottom_text":"Low Survival Correlation","map":{"FAM166B":0.0,"TP53":-0.18747418326780263,"C15orf40":-0.8527159407179503,"H4C4":0.0,"H2AC4":0.0,"TRAF3IP1":-0.4175239978025772,"IFT20":-0.24002135571849012,"IFT88":-0.22534743301916724,"IFT22":-0.2679925568865314,"GTF2H2C":0.0,"TTC9C":0.08145336952391309,"H4C2":0.0,"TSTD3":0.0,"ADGRB1":0.0,"TAF10":-0.22988909953815495,"ERCC4":-0.6524946033597596,"GTF2H1":-0.6191922194171817,"H2BC7":0.0,"CDK7":-1.066610848253829,"MNAT1":-1.3480651270352921,"POLR2C":-0.02462466266757078,"IFT81":-1.0768739261138986,"ERCC2":-1.4325181854408542,"ECM1":0.4787987686423694,"IFT140":-0.13131015220012932,"PHF5A":-0.2216548332379135,"WDR19":0.034595517903957686,"IFT52":-0.013281027393418212,"CCNH":0.042073550770065284,"GTF2H3":0.021442537876265245,"ERCC3":-0.8352846357558533,"IFT80":-0.8384075416404245,"IFT27":-0.017126567351581797,"ARL6":0.22786153540481371,"IFT74":-0.16568192489253253,"RXRB":-0.1232100521891091,"GTF2H4":-1.0961724287263868,"RB1":0.4758789725777375,"IFT172":-0.25240696411855246,"MED29":-0.6034680896752092,"KPNA3":0.05734832112317489,"IFT57":-0.21740044424505764,"RPA2":0.05646866542986803,"IFT46":-0.7039601001883955,"ERCC1":0.10010166606697295,"TAF7":-0.36225269447254393,"GTF2H2":-0.6691146831678901,"TTC26":-0.8882116985433025,"GTF2H5":-0.11989912741975774,"USP45":0.0,"TTC30A":-0.29600046123595986}},"MuSiC CD14 Mono":{"min":-50.0,"max":50.0,"top_text":"High CD14 Mono Correlation","bottom_text":"Low CD14 Mono Correlation","map":{"IFT57":-6.254328218822909,"MNAT1":-5.688154666951846,"GTF2H3":-1.1319068542869097,"FAM166B":0.0,"IFT20":-0.8927284324240391,"IFT22":-5.38463707665122,"ARL6":-0.8214340754325796,"GTF2H2":-1.933594765297899,"GTF2H2C":0.0,"IFT81":-11.85065730892925,"IFT88":-8.323446574648955,"ERCC1":-1.086134463235484,"USP45":0.0,"GTF2H5":-0.9815562400186835,"MED29":-1.7771316434162785,"TP53":-0.8268676921741074,"GTF2H1":-1.4694787765424835,"CDK7":-1.6150831328724091,"ECM1":-0.2126706623666224,"IFT140":-6.602531956622171,"ERCC2":-2.3922032211444244,"RXRB":1.3206056128905843,"TRAF3IP1":-9.425657248273122,"CCNH":-1.0613494366397116,"IFT172":-7.064313131269932,"IFT27":2.923250039939539,"IFT74":-7.53278829060878,"KPNA3":0.2540159801486757,"TTC26":-8.557107566573634,"WDR19":-7.288968333574085,"TTC9C":-1.1656556221011767,"ADGRB1":0.0,"PHF5A":-1.2247537013225451,"TTC30A":-7.2958171966785965,"H4C4":0.0,