{"MuSiC CD14 Mono":{"min":-50.0,"max":50.0,"top_text":"High CD14 Mono Correlation","bottom_text":"Low CD14 Mono Correlation","map":{"BRI3BP":-0.2243269444202985,"MLEC":-0.9775250763936937,"CCDC90B":-9.492931793204729,"VTI1B":13.173881901405945,"MBLAC2":-13.04419873690739,"RABL3":-6.913763432584474,"TMEM59":0.13122059006525488,"ELOVL5":1.7223607172146003,"ATP6AP2":4.564533912527659,"TOLLIP":23.3517955875155,"ETNK1":1.7613214324232631,"PREB":0.966248262024127,"MPHOSPH8":-1.4261202202149672,"LPCAT3":3.452527587379731,"KRTCAP2":-0.27609924878943487,"GOLIM4":-10.875605971907097,"APOOL":-4.692309807705984,"FITM2":0.0,"BCLAF3":-0.3787642936190664,"RAB2A":14.259990990474959,"SCPEP1":20.899955497665076,"TMEM126A":-1.583948780089001,"CD53":16.249439180302517,"UNC93B1":23.693073612474716,"ARL8B":8.07596859051939,"MYCBP2":4.622311793707637,"LAMP2":0.3403573314743197,"CXCR4":6.706434781932918,"GPD1L":3.66068214849989,"ATP6V0D1":28.928199059841,"ABCB8":0.5587487730548477,"RHOB":7.348707897516135,"LMBRD2":7.122617167142445,"VKORC1L1":-0.9062626661818358,"SLC26A6":9.86933527203321,"TMEM87B":4.748161283980601,"CLPTM1":0.7474288569098949,"RHBDD1":0.12070777540415698,"CERS6":-5.332031976949181,"FBXO45":-0.310154470106394,"GPR108":5.2226233993019795,"PIGN":-1.7726815006503998,"MAGT1":-1.6679076759649016,"GNAI2":20.020967711682758,"LGALS3":18.975775394376473,"B3GAT3":-1.6511935236177415,"ALDH6A1":-8.151215297837135,"TNFRSF10C":2.8403252133522905,"TASOR":0.5877470284856363,"CPSF2":-0.6480869768383944,"LRP1":38.91544560323843}},"NPM1 Subtype":{"min":-37.0,"max":37.0,"top_text":"Committed NPM1 Subtype","bottom_text":"Primative NPM1 Subtype","map":{"TMEM59":0.2267842988989673,"FITM2":0.0,"MBLAC2":-11.844370768083802,"MAGT1":-1.6676227513875428,"ALDH6A1":-11.141086656667097,"LMBRD2":6.822715361085939,"SCPEP1":18.169567631893504,"TASOR":0.19658528304616982,"TNFRSF10C":2.3274491388757017,"KRTCAP2":0.04026280752282808,"PIGN":-1.2290258266512426,"ABCB8":0.048210124463483855,"TMEM126A":-2.5291826573872545,"ETNK1":2.169726057557666,"CD53":15.71620524035328,"CERS6":-2.328026138567484,"PREB":0.4472843361658557,"MPHOSPH8":-2.38329870582747,"ELOVL5":1.4580047306053034,"GPD1L":2.3300743013778487,"CXCR4":8.681040259107732,"ATP6V0D1":19.605570631556883,"BRI3BP":1.1203180888809254,"RAB2A":12.031544670795375,"MYCBP2":4.676008627891645,"ATP6AP2":3.597205606233515,"LGALS3":13.84404584297216,"VKORC1L1":-1.693631871451012,"RABL3":-8.05996129255084,"CCDC90B":-7.745792198969377,"GNAI2":13.86449573447355,"LPCAT3":1.842962436197871,"BCLAF3":-0.9540794938749341,"LAMP2":0.31965275692512285,"GOLIM4":-6.0161863322146525,"FBXO45":0.7957995985612264,"MLEC":-0.4972295165915076,"TMEM87B":5.02532031243115,"UNC93B1":23.74920501540926,"B3GAT3":-0.4762377182769782,"CPSF2":-0.9923700884647249,"VTI1B":11.727449793036728,"CLPTM1":0.7866167402718865,"ARL8B":6.6685605887237935,"RHBDD1":0.7553739403934515,"APOOL":-5.696044057746641,"GPR108":6.2532330784232535,"LRP1":31.6657276321637,"TOLLIP":16.132187348333584,"RHOB":6.30018797138579,"SLC26A6":7.993162600687203}},"Overall Survival":{"min":-6.0,"max":6.0,"top_text":"High Survival Correlation","bottom_text":"Low Survival Correlation","map":{"TOLLIP":0.3452178995566885,"MPHOSPH8":-0.04988539151276384,"B3GAT3":0.45092520174483447,"GPR108":0.5228569056272384,"RHOB":-0.16453075481527968,"TNFRSF10C":-0.8257784612822412,"GNAI2":1.242298261190537,"LRP1":-0.12504985072056685,"MLEC":1.0826755372354708,"TASOR":0.27655144982467733,"SCPEP1":0.4611408781682637,"ARL8B":-0.2766705621842618,"BRI3BP":0.5239245047037968,"APOOL":1.1018537718250476,"BCLAF3":-0.5032682817588647,"SLC26A6":-0.4515281230812256,"CPSF2":-0.09355374160098015,"MAGT1":0.534490667413374,"CLPTM1":0.8728851213221588,"UNC93B1":0.11351402892152572,"LMBRD2":-0.7447497500642728,"ELOVL5":0.45474687335546704,"TMEM87B":0.8374175599847555,"KRTCAP2":-0.17431042568345587,"VTI1B":0.3683670217741775,"MYCBP2":0.8524623440196796,"ABCB8":0.7833767955876862,"CCDC90B":-0.10511461472186254,"TMEM59":0.3065370281476111,"PREB":0.5581427106055005,"LPCAT3":0.13411880889627567,"VKORC1L1":0.05513290761785596,"ETNK1":0.10297297045329808,"GOLIM4":0.04627715386938627,"CERS6":-0.023593304648916607,"GPD1L":-0.19211923779552548,"ATP6V0D1":0.024285793421289916,"RAB2A":0.14613086682569523,"ATP6AP2":0.758555838414889,"FBXO45":-0.8284396295844595,"RABL3":-0.6098352362578018,"ALDH6A1":0.6029810262086153,"PIGN":1.4046839067038321,"RHBDD1":1.0536755124363186,"MBLAC2":0.8697887867922722,"FITM2":0.0,"CD53":0.4135657644654054,"LGALS3":-0.14825497683245417,"CXCR4":-0.16134293774375677,"LAMP2":-0.06860901626581786,"TMEM126A":0.5093374978106129}},"Blast Percent":{"min":-11.0,"max":11.0,"top_text":"High Blast Percent Correlation","bottom_text":"Low Blast Percent Correlation","map":{"LMBRD2":-2.3887463949033942,"TASOR":1.6286464751435354,"SLC26A6":-1.7304946110329926,"MPHOSPH8":1.6983307265673127,"LAMP2":0.6506198858577893,"MLEC":-0.01659416936988686,"CD53":-0.2924550954918842,"PREB":-0.5602676190073761,"ATP6AP2":-3.653226339470858,"LRP1":-4.171799497621999,"FBXO45":3.851131741133676,"TOLLIP":-2.080369873448595,"MBLAC2":3.058889711843463,"ARL8B":0.0670793634835119,"GOLIM4":1.6671933816787783,"CERS6":3.405382188335121,"VTI1B":-3.7442237463935566,"CLPTM1":-1.6205085347614165,"TNFRSF10C":-2.669403134112913,"CPSF2":1.3643001138983666,"UNC93B1":-4.481493754994245,"TMEM59":0.40272055141320323,"ABCB8":-0.1027609082167271,"B3GAT3":0.5475914312837129,"FITM2":0.0,"CCDC90B":3.1548884154055377,"APOOL":0.7823150578820962,"PIGN":0.21101027077201165,"BCLAF3":3.343598257069314,"VKORC1L1":0.1886350972620492,"RHOB":-2.373721177719302,"GNAI2":-3.1673409912300166,"KRTCAP2":-0.32317077730031213,"ALDH6A1":2.2308608783703443,"MYCBP2":0.794955813337744,"RHBDD1":-1.5837514055938313,"RAB2A":-2.328267741329931,"CXCR4":-0.9833219770266632,"GPR108":-2.6324967574686164,"TMEM126A":0.8108465802631065,"ATP6V0D1":-2.4161762487592506,"TMEM87B":-1.9944076318012207,"SCPEP1":-1.0096697383681024,"GPD1L":-0.8932087727398504,"RABL3":1.5642664486787996,"LPCAT3":-3.4305817059541854,"BRI3BP":-1.2205322075279812,"ETNK1":-0.20980646969153105,"LGALS3":-2.543771976681929,"ELOVL5":-2.160052906245732,"MAGT1":0.32408557271418514}},"Mutation FLT3 ITD":{"min":-10.0,"max":10.0,"top_text":"High FLT3 ITD Correlation","bottom_text":"Low FLT3 ITD Correlation","map":{"LRP1":-0.17524403971057403,"ARL8B":0.4223075546341123,"SLC26A6":-0.44259279947109065,"TASOR":1.9274488218550265,"MLEC":0.23453989452899532,"APOOL":0.40360434484810187,"TMEM59":-0.09757505673309867,"CD53":0.910359835073922,"VKORC1L1":0.8907416691158524,"UNC93B1":1.3128008441031083,"SCPEP1":-0.23807536748639538,"ETNK1":-0.5570682460982636,"LAMP2":0.6557950557727829,"PREB":0.18103831107097737,"FITM2":0.0,"ATP6AP2":-1.1780678576302184,"ALDH6A1":1.0294262609331104,"PIGN":2.158819782189889,"GNAI2":-0.07035701088645917,"GOLIM4":0.14242303411257806,"CERS6":0.7272720265795497,"GPR108":0.2331623769542989,"LPCAT3":0.603390794256964,"MPHOSPH8":3.1322299831672895,"GPD1L":0.339238176669211,"CCDC90B":-0.33046546422165113,"RHBDD1":-1.3290514820235872,"BCLAF3":1.6307742736865687,"CLPTM1":-0.8593378662583019,"LGALS3":0.1564256075500409,"FBXO45":-0.3708540673175968,"CPSF2":2.358918695921101,"TMEM87B":0.4080165044693958,"LMBRD2":-0.12048758100600265,"B3GAT3":0.6536765856666531,"ATP6V0D1":-0.05345833036294946,"RAB2A":-0.3568025264801468,"BRI3BP":-1.790467795500149,"MYCBP2":-0.6020309020981415,"TNFRSF10C":-2.833750503511682,"RHOB":-1.183451642615064,"ELOVL5":-1.1939302091259798,"ABCB8":4.818364874409774,"MAGT1":0.7013572030199463,"CXCR4":0.07933730564468076,"VTI1B":0.015395672125716147,"KRTCAP2":-0.028983417673397217,"TOLLIP":-0.16480579176438198,"MBLAC2":0.43711406636314887,"RABL3":0.31344683558770525,"TMEM126A":1.0094610152947117}},"Mutation NPM1":{"min":-30.0,"max":30.0,"top_text":"High NPM1 Correlation","bottom_text":"Low NPM1 Correlation","map":{"LMBRD2":1.8955716247945127,"TMEM87B":2.7600507681402524,"VKORC1L1":0.3205657034456074,"FITM2":0.0,