{"Blast Percent":{"min":-11.0,"max":11.0,"top_text":"High Blast Percent Correlation","bottom_text":"Low Blast Percent Correlation","map":{"C1orf162":-1.465526846328066,"ITGB2":-4.235212018982832,"FBP1":-3.1977976719777077,"FCER1G":-5.454966559293315,"FGR":-5.628540178880434,"NAIP":-3.770360358640677,"RBM47":-3.5185168847245234,"CD1D":0.0,"SCPEP1":-1.0096697383681024,"EVI2B":-1.488070128053679,"TCIRG1":-2.019469286341579,"LILRA2":-3.7258174592387143,"KCTD12":-4.071733776049882,"CTSS":-3.7735080607128575,"SIRPB2":-1.3372946565071817,"FKBP15":-3.940527288690418,"SIRPA":-4.8762954328109105,"IGSF6":-6.064146327082331,"ITGAL":-3.2244082185245357,"NCF4":-6.302999793433967,"PILRA":-2.9533395339923807,"LILRB2":-5.369717465697387,"ITGAX":-3.2041614842338997,"APOBR":-2.434217586647966,"LRRC25":-3.1315554529185565,"TLR8":-4.162279905677805,"ARHGAP26":-0.7378913718118553,"HK3":-4.16640944004213,"TLR2":-1.7168201195804198,"MEFV":-5.7851330366159885,"THEMIS2":-6.362598393559543,"CD93":-4.080702630390057,"OSTF1":-2.491216247203424,"ALDH3B1":-1.4072290821917954,"TLR4":-1.95653767844091,"FGL2":-3.5413977255062448,"MPEG1":-4.189472338485521,"FCGR1A":-2.8168265893672872,"CYBB":-5.773429703618635,"HVCN1":-1.5213113727832006,"SAMHD1":-2.258713079973951,"PTAFR":-5.9966723689151085,"CCR1":-1.7725283504955869,"FGD2":-2.8674791132072865,"TYMP":-1.2167765937811985,"S100A11":-2.0289796634225974,"NCF2":-4.944081293254442,"MYO1F":-2.5945702838273466,"LILRB3":-5.184022919758817,"TYROBP":-2.922263055066873,"NFAM1":-4.7503099774963}},"MuSiC CD14 Mono":{"min":-50.0,"max":50.0,"top_text":"High CD14 Mono Correlation","bottom_text":"Low CD14 Mono Correlation","map":{"CCR1":31.732739726773776,"NCF2":48.93765806880984,"ALDH3B1":23.82072042553812,"SIRPA":41.34277557359193,"MEFV":36.143579758867915,"SAMHD1":23.57585501945066,"TYROBP":20.353996097269803,"ARHGAP26":24.775551186112704,"S100A11":23.74171785541833,"FBP1":26.20141360807004,"CD1D":0.0,"NFAM1":15.116964559925163,"CYBB":42.152402420868604,"FGD2":33.19703413439391,"FGL2":36.00102153905948,"HVCN1":24.82486688903864,"FCGR1A":30.65978609553014,"TLR2":38.20144287533685,"THEMIS2":37.626263539631175,"TCIRG1":29.208774866757505,"LILRA2":24.413606672280604,"SIRPB2":24.760057655617285,"FCER1G":38.65752229451445,"FGR":47.92358853616047,"HK3":39.45954550729712,"TYMP":21.97781847953703,"TLR8":48.240138500737594,"RBM47":38.31980182612095,"LRRC25":38.15060557847691,"EVI2B":33.380040649790956,"C1orf162":19.569683533493553,"LILRB2":45.48938665199628,"ITGAX":29.55006563905008,"NCF4":33.52657798064615,"IGSF6":43.77765471171112,"PTAFR":16.852766872361403,"PILRA":36.29603420228325,"SCPEP1":20.899955497665076,"LILRB3":41.32085737072299,"CTSS":25.80203265360317,"APOBR":25.2183829337211,"NAIP":34.61938427031056,"KCTD12":38.33527724042499,"CD93":34.30926016283677,"ITGB2":39.10528101949876,"TLR4":26.288587253048078,"OSTF1":30.945023571579117,"MYO1F":35.9803479518468,"FKBP15":31.866267909529014,"ITGAL":28.324966623220327,"MPEG1":39.589755821071314}},"Mutation FLT3 ITD":{"min":-10.0,"max":10.0,"top_text":"High FLT3 ITD Correlation","bottom_text":"Low FLT3 ITD Correlation","map":{"FGD2":0.22454699764000619,"NAIP":-0.050691211146523946,"CYBB":-0.2256833878660398,"MEFV":0.04478905591737681,"OSTF1":-0.45604428711300016,"ITGB2":-0.0379677775269902,"RBM47":0.3819901380014061,"CCR1":0.3984972074706011,"KCTD12":-0.12622991136817602,"CD93":0.04705189363086108,"PILRA":-0.022188155286033448,"TYMP":-0.40934769866499093,"MPEG1":-0.17743093391604256,"SIRPB2":0.1844315276229774,"TLR8":-0.012883721601115625,"FGL2":0.11549934125240473,"LILRB2":-0.03874662579074988,"ARHGAP26":-0.009739635175267247,"SAMHD1":0.255990183885412,"PTAFR":0.3042782800734564,"NCF4":0.045925508444055255,"TYROBP":-0.2763832702596865,"HK3":-0.1699695513249297,"TLR4":-0.3839042500743411,"SCPEP1":-0.23807536748639538,"LILRA2":-0.5509731000684766,"TLR2":0.8542503957140567,"CTSS":-0.36701514117077877,"C1orf162":0.5214203600762525,"LRRC25":-0.18531249020545637,"FGR":-0.29137794465434275,"FKBP15":-0.1726025445729545,"FCER1G":-0.6093379137351146,"NCF2":-0.08306613204837221,"SIRPA":-0.104814054568485,"EVI2B":-0.13591970749411333,"MYO1F":-0.9722689994588645,"HVCN1":-0.20849494533050444,"S100A11":-0.5511951233092083,"ITGAL":0.24265602182163332,"FBP1":0.2672695653236245,"TCIRG1":-0.03859416670066572,"FCGR1A":-0.2243937118031373,"LILRB3":0.28112948384831904,"CD1D":0.0,"NFAM1":-0.20382983411872965,"ALDH3B1":0.05550751442008917,"IGSF6":-0.010164300964797873,"THEMIS2":-0.1939155365020615,"ITGAX":0.520945258401781,"APOBR":-0.17419976821802877}},"Mutation NPM1":{"min":-30.0,"max":30.0,"top_text":"High NPM1 Correlation","bottom_text":"Low NPM1 Correlation","map":{"CYBB":0.041581724283964526,"FCGR1A":1.157017851677827,"FGL2":1.5349737018892111,"EVI2B":1.583584885784813,"SCPEP1":0.6551355234388798,"ITGAX":3.3614424674686116,"LILRB2":1.3206564603287247,"THEMIS2":0.42740930089672236,"OSTF1":0.7619387060871745,"FCER1G":0.13428119093887145,"SIRPA":1.3032660667187508,"PTAFR":1.2166529796506305,"PILRA":2.355058838937572,"MPEG1":0.34204262062474017,"NAIP":0.3249946954539813,"IGSF6":0.1472045840525362,"CCR1":2.355662390331561,"CD1D":0.0,"LILRA2":0.30656981630765945,"NFAM1":0.06433902260978457,"FKBP15":1.0544042448668403,"LILRB3":1.1529114730962569,"C1orf162":1.955164778771334,"MEFV":0.3553036205631615,"TYROBP":0.2978597503792223,"TLR2":3.1759898791046055,"HVCN1":1.0753793443624617,"SAMHD1":1.1328577463144518,"ITGAL":0.8609224410601551,"APOBR":0.9081217848544987,"CD93":0.278247953404777,"SIRPB2":1.2659891196672677,"MYO1F":0.06518730630627353,"S100A11":0.17242026707006483,"ALDH3B1":2.127082121365708,"TLR4":3.4323227330777315,"TCIRG1":1.0886680902921486,"TLR8":1.0227912593891755,"FBP1":1.5441944220902761,"RBM47":0.1291503667231287,"KCTD12":0.060874748575241694,"ITGB2":1.7772617678875287,"HK3":1.5429160809313496,"ARHGAP26":0.7124032120787582,"FGD2":1.481865388326418,"TYMP":2.6051925471525013,"LRRC25":1.6289088785837058,"CTSS":-0.16802996573971335,"NCF2":0.45457160637262867,"FGR":0.5369833495773482,"NCF4":-0.06603614397354492}},"Overall Survival":{"min":-6.0,"max":6.0,"top_text":"High Survival Correlation","bottom_text":"Low Survival Correlation","map":{"SIRPA":-0.3662689115378773,"TLR8":-0.1729226712594077,"TLR4":-0.3850861444003824,"HK3":-0.02973079096549854,"APOBR":0.27192535517379,"RBM47":-0.20731196464717086,"NCF2":-0.019509324057518825,"CD1D":0.0,"FGD2":-0.08394717041369525,"LILRB3":-0.07583403163275591,"TCIRG1":0.06848196241095127,"HVCN1":0.47962607284895553,"LILRA2":-0.6691422699462204,"TYROBP":0.5908598534503151,"NAIP":0.19613423296514232,"FCGR1A":0.5450412945601931,"SAMHD1":0.5042724986773917,"ITGB2":-0.11186430715555226,"FCER1G":-0.17769499604873149,"MPEG1":0.046734191493992064,"IGSF6":-0.1470602874198284,"KCTD12":0.0687810479562567,"CTSS":0.7909866537939843,"NFAM1":0.979206841875508,"PTAFR":0.3197835751627,"CD93":-0.29062932988391926,"SIRPB2":0.02339876268490151,"EVI2B":-0.2800704790595527,"CYBB":0.17901640830293714,"C1orf162":-0.15101198269554592,"TYMP":-0.4500927947042232,"FGR":-0.3290928073302311,"PILRA":-0.1531169381310281,"FBP1":0.012798302474590888,"MYO1F":-0.04628138924635739,"S100A11":-0.050615939888407166,"ARHGAP26":-0.168820070558171,"FKBP15":0.5094496643443283,"SCPEP1":0.4611408781682637,"TLR2":-0.05899844165693156,"FGL2":-0.13758115529750067,"NCF4":0.018447248111252774,"LILRB2":-0.12049208428118349,"THEMIS2":-0.5780102924322493,"LRRC25":-0.007597822846789251,"CCR1":-0.062432581439242456,"MEFV":0.3205624168416945,"ALDH3B1":0.3896866190959121,"ITGAX":0.2968371428877415,"ITGAL":0.24743359829349587,"OSTF1":-0.006172834229140574}},"NPM1 Subtype":{"min":-37.0,"max":37.0,"top_text":"Committed NPM1 Subtype","bottom_text":"Primative NPM1 Subtype","map":{"TLR8":33.143119765919366,"ARHGAP26":21.91895789738289,"SAMHD1":25.44740858663137,"ITGAL":21.476238153573288,"S100A11":21.171464979853504,"LRRC25":27.975006963441704,"CD1D":0.0,"EVI2B":23.408074778498293,"TCIRG1":22.456583987637988,"TLR4":20.211998536543607,