{"MuSiC CD14 Mono":{"min":-50.0,"max":50.0,"top_text":"High CD14 Mono Correlation","bottom_text":"Low CD14 Mono Correlation","map":{"GBP4":-0.5665321035317602,"TBC1D10C":0.7704639736462545,"IFIT3":1.3354574057957826,"RAP1GAP2":1.3653012338565205,"PAX5":0.0,"ABI3":10.347205562260301,"LCK":0.5646197631388029,"PRKCH":0.28989991250423497,"RASAL3":0.09822638572725836,"IRF9":2.2659933973574993,"ABLIM1":-0.27824466028749284,"CD7":-0.20334607318352987,"SIPA1":4.478476327631307,"ZAP70":-0.3798616035494199,"SP110":2.003840943458686,"EVL":-1.6282261811963052,"OAS2":3.6470130537336023,"CD3D":0.17651962288654882,"AKAP12":-0.3305572384967761,"NLRC3":-7.119639792618853,"RUNX3":-0.8239879006335973,"BIN1":-1.3166444856586619,"PYHIN1":-0.6549305776532256,"ITPKB":-2.79738170397272,"GIMAP7":13.181953235912532,"SLC9A3R1":1.8667154246236357,"UBQLN2":-0.885556815515554,"TSPAN32":2.794459872394671,"SP140":0.21726195223782777,"DDX58":0.6823469071381174,"IFI16":-1.8253691354223585,"IL16":4.703645572739251,"HCCS":1.0460468861318368,"TBC1D10A":0.7177478509579236,"SEPTIN1":-0.6513444637862313,"TTC9":-0.8679973711472425,"HLA-DQA1":0.11746416901373428,"GNG7":-2.402994970127669,"WASF2":1.8287366059929617,"SLAMF6":-0.23562354578301647,"KLHL26":0.3345429744854749,"PROSER2":-2.4835906048550034,"SH3RF1":-0.23988380704306084,"SEPTIN9":1.233914615247589,"IRF7":0.5630365872458661,"SLC25A45":0.0,"BANK1":0.2934972670078582,"CARD11":-0.4990502065361427,"PRF1":0.5978081451323354,"ZYX":18.407531849290617,"NFATC2":-4.232885784941827}},"Mutation NPM1":{"min":-30.0,"max":30.0,"top_text":"High NPM1 Correlation","bottom_text":"Low NPM1 Correlation","map":{"CD3D":-0.9415032916994397,"SIPA1":-0.20209628049621878,"DDX58":0.7306029205318584,"CD7":-0.10461978592542781,"TBC1D10C":-3.004181122242567,"SLC9A3R1":-0.6790963689386592,"ABLIM1":-4.750885967202861,"SH3RF1":-7.622837379448186,"BIN1":-4.697039036174506,"SP110":-1.2649873600860948,"SP140":0.6752545712582351,"SLAMF6":-0.3546835960884444,"ABI3":-0.7586807757816746,"SLC25A45":0.0,"KLHL26":-1.0888676771776016,"HLA-DQA1":-2.051351559725916,"TBC1D10A":-1.2729950950069702,"IFI16":-9.84528351855544,"NLRC3":-1.8206636945827543,"PAX5":0.0,"TSPAN32":5.112663446054864,"HCCS":0.1369352441861095,"IL16":-3.5916690898782537,"OAS2":-3.1856363558865732,"IRF7":-2.158653248287013,"ZYX":-0.2060228014426895,"PRF1":-0.7902427946452881,"PROSER2":-9.252923786288997,"AKAP12":-0.42840990791567396,"UBQLN2":-3.32861709704915,"GIMAP7":-0.38672665555767893,"GNG7":-12.215608285975081,"RUNX3":-6.109523406190902,"GBP4":-5.2472286740388645,"IFIT3":-1.0574725729478078,"EVL":-3.9572473036120823,"ITPKB":-1.353903659370207,"IRF9":-2.398357036202802,"RASAL3":-3.366151892309973,"TTC9":-5.767243792411696,"PRKCH":-4.537831279146413,"LCK":-1.2471229313132164,"PYHIN1":-4.519925711105892,"BANK1":-1.7867437514008722,"ZAP70":-2.793871658510098,"WASF2":-0.2858958390255411,"CARD11":-1.0152666498614913,"SEPTIN1":-0.3999482453036249,"NFATC2":-0.7545676339276635,"RAP1GAP2":-2.8355410560537107,"SEPTIN9":-4.689140444747393}},"Blast Percent":{"min":-11.0,"max":11.0,"top_text":"High Blast Percent Correlation","bottom_text":"Low Blast Percent Correlation","map":{"ITPKB":-0.2399248592103281,"HLA-DQA1":-2.4364023161794783,"UBQLN2":-0.14840803279747314,"CD7":-0.6384546729732165,"SLC25A45":0.0,"ZAP70":-0.23182949674898928,"IRF7":0.011348340864744325,"PRKCH":-2.6568937656271245,"RUNX3":-0.04658788910508378,"PAX5":0.0,"SEPTIN1":-0.3365363433528167,"SEPTIN9":-0.7839951191416048,"RASAL3":-0.15283085426645185,"WASF2":-0.33249329497509517,"SLC9A3R1":0.1143010193355798,"BANK1":-1.663360081968827,"ABI3":-4.778256798048667,"PRF1":-0.9984357342904405,"EVL":-0.6931505363340161,"ZYX":-3.5794090728358556,"OAS2":-0.5807548609903815,"TBC1D10C":-0.4832050905179292,"NLRC3":0.7052334595393844,"GIMAP7":-3.104545482846001,"SP140":-0.7394268529231912,"KLHL26":-0.2676730040943817,"TBC1D10A":-0.07489524121307455,"SH3RF1":-0.49836134600636856,"TSPAN32":-0.9633496776282812,"SIPA1":-1.7933570392065759,"NFATC2":-0.7879660239604833,"GNG7":0.02530037456798006,"HCCS":0.2079907679505223,"AKAP12":-1.314004814675303,"RAP1GAP2":-0.9118186232140253,"SLAMF6":-1.36066076234125,"ABLIM1":-4.520000208033542,"CD3D":-0.7065660774906225,"LCK":-1.3865356357661618,"GBP4":-0.30132760106527423,"IFIT3":-1.028109460996025,"IRF9":-0.2608172926302378,"TTC9":-1.1446997379393622,"BIN1":-1.743700052045911,"IL16":-2.185433004430284,"CARD11":-0.5326164021178018,"DDX58":0.7735584549773806,"IFI16":0.14600482715568094,"PYHIN1":-0.1512366207093008,"SP110":0.48888404862261153,"PROSER2":-0.943834845368686}},"Mutation FLT3 ITD":{"min":-10.0,"max":10.0,"top_text":"High FLT3 ITD Correlation","bottom_text":"Low FLT3 ITD Correlation","map":{"TBC1D10C":-2.0211606692327573,"IFI16":-0.5360255600024397,"PROSER2":-1.948916208712777,"IRF9":-1.1927897152990192,"CD3D":-0.6844129647236029,"UBQLN2":-1.6375860097512303,"TBC1D10A":-1.4617658877349207,"RUNX3":-0.8716648052933239,"ABLIM1":-2.6870163111406544,"NLRC3":0.506259511906638,"OAS2":-0.5668265823048529,"CD7":0.5037237727802902,"GIMAP7":-0.6522871849181766,"WASF2":2.4216633392782314,"BANK1":-1.7237459483455535,"SEPTIN1":0.19220015416429403,"PAX5":0.0,"TSPAN32":2.5533296862677,"SIPA1":-0.33912518849589657,"GNG7":-2.8880794533473084,"ITPKB":-2.6588509905673643,"SLC25A45":0.0,"ZYX":-0.5698531627370537,"NFATC2":0.6352594149651595,"CARD11":1.4984228910698052,"IRF7":-0.15624353300616864,"RASAL3":-0.633349171770954,"BIN1":0.2856284581339851,"IL16":-1.7678008249667214,"SH3RF1":-1.5004753694470985,"PRKCH":-0.8251620002391251,"PRF1":-0.2852319583193262,"SLAMF6":0.548543406262613,"SP140":1.2053167689572866,"KLHL26":-0.7834218180005548,"AKAP12":0.27125514372409887,"ABI3":-0.9198498208715195,"HLA-DQA1":-0.5800460730387675,"TTC9":-2.319514696357618,"HCCS":0.5877036515193885,"GBP4":-1.3813723177955335,"RAP1GAP2":-0.9719380896870914,"LCK":-1.270434590282464,"EVL":-2.159561535865717,"SEPTIN9":-0.038829016699920976,"SP110":-0.7225539157223283,"ZAP70":-1.3450515321185652,"PYHIN1":-2.7612545687280603,"IFIT3":-0.3210441756176598,"SLC9A3R1":0.056373703902015,"DDX58":0.12857274942755634}},"NPM1 Subtype":{"min":-37.0,"max":37.0,"top_text":"Committed NPM1 Subtype","bottom_text":"Primative NPM1 Subtype","map":{"GBP4":-0.5635629034272949,"ABLIM1":-0.8698095707874564,"ABI3":12.674857097066736,"DDX58":0.2758105784612248,"TBC1D10C":1.298691976342941,"SEPTIN1":-0.23953405460603022,"RUNX3":-0.12145519873394908,"NLRC3":-4.870115852797844,"IL16":5.015933568907444,"RASAL3":0.48618367893811404,"SIPA1":3.7904967026773626,"BIN1":-1.190743427718478,"IRF7":1.5337229782481943,"PRKCH":0.23579136337474632,"IFIT3":2.0325146518435964,"IFI16":-0.9473514198005877,"CD3D":1.579762554078423,"GNG7":-1.429665443315028,"AKAP12":-0.7957946167314535,"RAP1GAP2":2.5716177234983486,"GIMAP7":10.500992731261078,"HLA-DQA1":0.38491627479875024,"UBQLN2":-0.9827569287247873,"SLC9A3R1":2.2264008312414347,"KLHL26":0.16198479988242562,"BANK1":1.5314916891246586,"SP110":2.802500123607889,"CD7":0.2655028250833536,"ZAP70":-0.13580314774084376,"WASF2":1.750863549272143,"TTC9":-0.5212822867683093,"SP140":0.9367344105031958,"CARD11":-0.35075600660089645,"PROSER2":-0.4907522887635488,"LCK":-0.8701832001471227,"TSPAN32":2.236794620806927,"SLAMF6":-0.02243890745147111,"PRF1":0.9057756404631169,"EVL":-0.14310283798849655,"IRF9":1.6899582953077281,"TBC1D10A":1.3075166380394714,"SLC25A45":0.0,"SEPTIN9":1.3732931305203295,"OAS2":5.645147892262444,"HCCS":1.1590062548207696,"ITPKB":-1.0206908685788776,"NFATC2":-4.506930576722869,"SH3RF1":-0.10691304799352669,"PYHIN1":0.1961994849936649,"PAX5":0.0,"ZYX":13.301714625742589}},"Overall Survival":{"min":-6.0,"max":6.0,"top_text":"High Survival Correlation","bottom_text":"Low Survival Correlation","map":{"GNG7":0.3645138971813634,"WASF2":2.0420116974505906,"KLHL26":-1.1951683647537843,"TBC1D10C":1.1402521621667288,"PYHIN1":2.189524567426415,"CD3D":0.9708392084295497,"GIMAP7":0.025521516647360007,"TSPAN32":0.45683676231418635,"ABI3":1.360196172522992,