{"Mutation FLT3 ITD":{"min":-10.0,"max":10.0,"top_text":"High FLT3 ITD Correlation","bottom_text":"Low FLT3 ITD Correlation","map":{"RPGRIP1L":0.0,"CEP131":-0.5270786491624955,"UNK":-0.5831625065257054,"TDRD3":2.0379884573956675,"FTSJ1":0.7186858397972038,"G3BP1":1.01560861094159,"ANAPC7":0.036370824270497364,"MASTL":-1.5684236390382627,"ANAPC1":0.110757530998708,"CNOT3":-1.80717729757972,"PUM1":-0.19006676430068978,"DDX21":-0.5922143811294643,"UBAP2L":0.9066254174299238,"CNOT2":-3.2102582375684747,"ANAPC16":-5.0010130893390095,"CDC16":-0.8337748161261522,"BUB1B":-1.815661374978917,"CEP85":-2.8637884382653263,"EIF4A1":-0.23807447999002715,"MOV10":-2.1739015932841963,"CDC27":-2.777269519730376,"BCR":-0.6438383239351482,"MAD2L1":-0.9129076925541073,"YWHAQ":-0.45917329209655067,"NDC80":-1.2821049916816711,"ANAPC2":0.5551325876872543,"SSX2IP":-0.4013457923823841,"FUBP3":0.4817224415593858,"SQSTM1":0.040266021153731235,"FAM193A":0.33531071719076405,"SAMD4B":-0.9073845881642189,"SNRNP70":0.17394919618031818,"ATXN2":0.4709976272174274,"MIB1":0.20141634801899058,"LARP4B":-0.6150632931172187,"YTHDF1":-1.4703826272968217,"CEP152":-1.146760372665605,"EIF4ENIF1":0.5557625542216302,"HNRNPL":-0.006109253806439775,"ANAPC5":-0.08681929458937311,"CDC26":0.12930502857820114,"CNOT1":-0.7539049743073024,"ANAPC10":-1.764999230414315,"ANAPC13":0.32772804665235744,"IBTK":-0.7440126347928723,"LUZP1":-0.4282595016758654,"CDC23":-0.16737235930466807,"ANAPC4":0.06140319581711431,"PLK4":0.0,"SMG7":-0.44045033761400726,"CAPRIN1":1.1970206798246439}},"MuSiC CD14 Mono":{"min":-50.0,"max":50.0,"top_text":"High CD14 Mono Correlation","bottom_text":"Low CD14 Mono Correlation","map":{"LUZP1":-7.414178687332047,"NDC80":1.241804526377869,"CEP85":-0.8496985155319462,"IBTK":-0.643347031712133,"RPGRIP1L":0.0,"G3BP1":-5.008832862582803,"EIF4ENIF1":-10.060343961603103,"FUBP3":-1.6259762477894222,"SNRNP70":-13.124917924756467,"PUM1":-6.3171339401873245,"FAM193A":-2.7433231214649565,"TDRD3":-2.6783102063154747,"CEP152":-0.7315915816045333,"SQSTM1":1.0106204979758515,"PLK4":0.0,"LARP4B":2.6966072558507896,"DDX21":-3.782395840795795,"CDC16":-0.1630240940413282,"EIF4A1":3.7254442182451397,"ANAPC16":-0.7458950125765402,"ANAPC7":-3.31158949118339,"CDC26":-1.103975984543223,"MAD2L1":-4.792396137004716,"ANAPC10":-0.6424965141203192,"CEP131":-0.5538509272988029,"SSX2IP":0.0868054508411676,"ANAPC1":-4.8872366281420225,"BUB1B":-0.12454914346261463,"ANAPC13":-1.1292283501293279,"SAMD4B":-6.709964306342146,"MASTL":0.1248644946783601,"UNK":-7.350127022766308,"HNRNPL":-11.046114642933851,"CNOT2":-5.105334490732924,"MIB1":0.5925631993378037,"ANAPC2":-1.4273263810724957,"ANAPC5":-2.9163019759314155,"CAPRIN1":-6.783214164250447,"SMG7":-2.080007809469699,"MOV10":-10.707605643912416,"ATXN2":-8.853826632580777,"ANAPC4":0.8038657276956458,"CNOT1":-1.2718927490672431,"FTSJ1":0.36026507898516086,"CNOT3":-5.365430052333335,"YTHDF1":-2.845528335265551,"UBAP2L":-3.850646031888466,"YWHAQ":-3.2745416146455733,"CDC23":-0.528700594252873,"CDC27":-1.777830244655706,"BCR":-11.108514638116905}},"Blast Percent":{"min":-11.0,"max":11.0,"top_text":"High Blast Percent Correlation","bottom_text":"Low Blast Percent Correlation","map":{"HNRNPL":5.340582168427748,"UBAP2L":0.9883804146505466,"CDC16":-1.578515583256979,"BUB1B":-1.2476116525272083,"LARP4B":-0.3509846365977245,"CDC27":-0.7796509847690999,"ANAPC1":0.07671539521856227,"EIF4A1":-0.8265954946891442,"FTSJ1":0.21949891086553724,"SSX2IP":-0.07001353830964999,"CDC23":-0.23661524451345417,"IBTK":0.5783156441909258,"SQSTM1":-1.0709752577907659,"ANAPC4":-1.2002376658056007,"YWHAQ":0.4517947544020236,"ANAPC5":0.07054980957465777,"CNOT3":0.749984417139794,"UNK":4.799371374209819,"CAPRIN1":2.83809889332757,"ATXN2":1.813553740880735,"MASTL":-1.031749709311408,"DDX21":0.9272585157892512,"LUZP1":1.5147425868464015,"MIB1":-0.8537696570892375,"ANAPC16":-1.0375164277950677,"CNOT1":2.4289050966163273,"ANAPC2":0.0036464798435439493,"RPGRIP1L":0.0,"CEP85":-0.2268871961570688,"FUBP3":5.09305148125218,"ANAPC10":-0.9007284317985527,"TDRD3":1.315486918523588,"PLK4":0.0,"SNRNP70":6.612830368714271,"CEP131":-2.1805024393306303,"CDC26":-0.9434810395985458,"FAM193A":0.2610196168762139,"EIF4ENIF1":0.01622728798005389,"BCR":1.4749568097138717,"ANAPC13":-0.44257194900516095,"CNOT2":1.0679167304503736,"CEP152":0.7316495449514406,"MOV10":0.7147066495782385,"SAMD4B":1.2792469208492827,"ANAPC7":0.03669271398867875,"NDC80":-1.1005487704943424,"MAD2L1":0.0022032785957109093,"PUM1":3.3516443462144037,"SMG7":0.21440550841348338,"G3BP1":2.6976147958316554,"YTHDF1":1.4653265492826013}},"Mutation NPM1":{"min":-30.0,"max":30.0,"top_text":"High NPM1 Correlation","bottom_text":"Low NPM1 Correlation","map":{"UBAP2L":-0.6522478022080188,"CDC26":-1.6222502410790731,"RPGRIP1L":0.0,"IBTK":-1.3126327460403522,"CNOT2":-1.6103868343554766,"DDX21":-2.0568335082339075,"SMG7":-2.1151428012349394,"MAD2L1":-1.5560262467800043,"ANAPC2":-0.8256127517338363,"LARP4B":-0.5447773043147812,"ANAPC13":0.6506257546557916,"ANAPC4":-0.6046964578116524,"TDRD3":2.386521923890122,"PLK4":0.0,"CNOT1":-0.43627944564591814,"FUBP3":3.7612622473911217,"FAM193A":0.4351317080209842,"CEP131":-2.006889126557284,"ANAPC16":-5.783883651143284,"CDC27":-4.161336173794597,"MASTL":-1.2711209565820918,"SSX2IP":0.8444428566938812,"SAMD4B":-0.37275238225845336,"CEP85":-1.2700648434426551,"ANAPC1":-2.3872832358940546,"CDC23":-1.206841689489573,"ATXN2":-0.07820105810349831,"BCR":-4.182508081375444,"EIF4ENIF1":-1.797643700644,"CAPRIN1":0.5882315724850875,"SQSTM1":2.0558057047611222,"ANAPC5":-1.1038444559160574,"HNRNPL":-0.19282430039654466,"MIB1":0.27488642874423247,"SNRNP70":0.7777283309175462,"BUB1B":-1.6964179054452235,"ANAPC10":-2.399304483031474,"CDC16":-3.8052327890601436,"LUZP1":-1.5884919055463464,"PUM1":0.14166231336632512,"MOV10":-8.12934365174273,"NDC80":-0.719839385018763,"YTHDF1":-1.0739861940976114,"FTSJ1":0.8983105217407068,"CEP152":-0.13384911101537375,"G3BP1":0.6858359635465129,"CNOT3":-2.0239507466006628,"ANAPC7":0.9817189207402774,"YWHAQ":-0.08347603060934672,"UNK":-0.04479558097662234,"EIF4A1":-0.20175600946328398}},"Overall Survival":{"min":-6.0,"max":6.0,"top_text":"High Survival Correlation","bottom_text":"Low Survival Correlation","map":{"EIF4A1":0.5771420724144517,"ANAPC16":0.18117270583278436,"BCR":-0.11766660491321289,"UNK":0.1509551106028646,"ANAPC2":0.07180630685598287,"CNOT3":-0.22974811848443685,"DDX21":0.5859588008676385,"CDC16":0.7326015297015277,"MIB1":-0.5897454009102555,"CNOT2":0.22650640415036513,"MAD2L1":0.08827643177729277,"PUM1":-0.10943985963739979,"SSX2IP":-0.12601525600183952,"FAM193A":0.04790987997968861,"CEP85":-0.2064481724277032,"CDC23":0.2385758892326403,"ANAPC1":0.26426377625479025,"CDC27":0.5349055281912024,"ATXN2":-0.972671883366346,"ANAPC7":0.48203609911855155,"RPGRIP1L":0.0,"HNRNPL":0.023529446996418936,"SAMD4B":-0.23974149294257183,"CEP152":-0.3970031329194654,"MOV10":0.22411834299170533,"SNRNP70":-1.4833865658861327,"CDC26":-0.20233955480170357,"LARP4B":0.2726947970839287,"FUBP3":-0.401793005240595,"LUZP1":-1.2274238778333009,"YWHAQ":-0.09361815362891124,"UBAP2L":0.23148290664488536,"ANAPC5":0.995572921697618,"EIF4ENIF1":-0.08500097159311452,"NDC80":-0.545689004771714,"CAPRIN1":0.225211619287008,"BUB1B":-1.21400712929416,"CEP131":-0.30267139054080267,"IBTK":0.1840664086267051,"MASTL":-0.6050629488990952,"FTSJ1":1.3250937011858888,"YTHDF1":0.09037647469284968,"ANAPC10":-1.6995845129678002,"ANAPC13":-0.10156971149962478,"SMG7":-0.08024666350743229,"ANAPC4":-0.017872350480522062,"PLK4":0.0,"TDRD3":0.01129078954788414,"G3BP1":0.12914425646045768,"SQSTM1":0.7218164811438149,"CNOT1":-1.91729052280668}},"NPM1 Subtype":{"min":-37.0,"max":37.0,"top_text":"Committed NPM1 Subtype","bottom_text":"Primative NPM1 Subtype","map":{"ANAPC2":-1.3918729409775248,"IBTK":-0.12208509381207756,"ANAPC1":-3.4959193969764906,"ANAPC13":-0.5281447848448284,"ATXN2":-7.976478165847016,"FAM193A":-1.6530813345693067,