{"Mutation FLT3 ITD":{"min":-10.0,"max":10.0,"top_text":"High FLT3 ITD Correlation","bottom_text":"Low FLT3 ITD Correlation","map":{"HNRNPA1":1.9167970952131899,"SURF6":-1.7409075589247753,"PM20D2":-1.8364597250840096,"MRPL17":3.6478083006781725,"MMAB":0.7633184185628965,"MECR":-0.08536572981701969,"MRPL38":3.3919368850838127,"WWOX":1.2590400194093117,"MRPS7":3.925062103123433,"TRUB2":1.3258914482501605,"MRPS35":4.925760563491372,"ANKRD16":0.728656434748385,"PDSS2":0.4792172014481598,"MRPS12":1.7361757914742775,"MRPS24":3.0598423904819754,"MRPL39":5.763241828336358,"GFM1":0.8879254539007689,"MRPL41":4.920552216886408,"ACAD9":0.7551140308823935,"PMPCA":2.93171614685268,"MRPS23":4.250908243946775,"TBRG4":0.3993327888058193,"MRPS25":3.2572095524867244,"MRPL11":5.162212456489632,"WDR46":0.09134116677671154,"C1QBP":1.602391820244794,"MRPL1":2.0363102125166503,"MRPS31":4.412338918750167,"FBXW9":0.1626777389721742,"UQCRFS1":1.6826617982525498,"MRPL54":3.2115165668556074,"MRPL30":2.3987719619451147,"MRPL58":3.5611975689514708,"TOMM40":-0.0679187830463898,"MRPL18":2.0022528858935904,"MTIF2":4.092942711923383,"BCS1L":0.3585184702765426,"MRPL37":3.744493898435307,"RRP9":0.5583909991110706,"MRPS27":3.0522987776274713,"NDUFV3":0.8187485501472811,"RRS1":0.46810444579452937,"FASTKD2":0.00038502675587390644,"MRPL48":1.354157342587999,"MRPL4":1.6282128230016883,"DPH2":0.7222349774063193,"GAMT":-0.6167171464453656,"MIPEP":4.32656390278206,"MRPS26":4.254320139070882,"MDH2":1.0763205551916817,"FARS2":1.0969339160305298}},"MuSiC CD14 Mono":{"min":-50.0,"max":50.0,"top_text":"High CD14 Mono Correlation","bottom_text":"Low CD14 Mono Correlation","map":{"SURF6":-15.631332858690403,"C1QBP":-4.8160760207016615,"MRPL37":-2.65349760792184,"MMAB":-2.1889278712762703,"WDR46":-8.94251754776547,"MRPS23":-2.4170646298132206,"TOMM40":-3.420729905460414,"DPH2":-7.35702253827729,"MIPEP":-4.155207121338527,"MRPS25":-3.4043935058666954,"PM20D2":-6.684521903756734,"PMPCA":-2.752920707877986,"FARS2":-7.365749566494396,"MRPS26":-3.9167600315509636,"NDUFV3":-1.1614801805091093,"MRPS27":-3.0938012126368526,"MRPL58":-6.2897492008187,"MTIF2":-1.926111229889167,"MRPL4":-1.622063601415243,"MRPS35":-2.3011075631499263,"ACAD9":0.694617689042393,"RRP9":-11.098866038808016,"GAMT":-5.233435249502645,"HNRNPA1":-2.61077905937356,"FBXW9":-10.267624625526482,"MRPS31":-2.3746858237307915,"MRPL18":-1.5188106366899747,"MRPL17":-6.263900984818866,"MRPL48":-4.983307984991285,"MRPS24":-1.275785017198762,"FASTKD2":-9.80249698397087,"MRPL38":-3.544778414140901,"MECR":-5.279276168499971,"MRPL54":-4.649402003835496,"ANKRD16":-5.113118874320117,"MRPL1":-11.933423251459299,"WWOX":-5.320353052482961,"MRPL11":-2.9074153510976832,"PDSS2":-1.1199975214325566,"MDH2":-6.36328508667933,"UQCRFS1":-0.37053921472764745,"MRPL41":-4.549002556182647,"MRPL39":-3.952089795938563,"BCS1L":-2.9852196501492774,"MRPL30":-5.566051208520734,"MRPS7":-1.865191816005261,"GFM1":-2.329181240232404,"TBRG4":-4.737983194931628,"TRUB2":-10.113490168132186,"MRPS12":-1.8314418476616678,"RRS1":-12.868403292893431}},"Mutation NPM1":{"min":-30.0,"max":30.0,"top_text":"High NPM1 Correlation","bottom_text":"Low NPM1 Correlation","map":{"C1QBP":-0.41379299397816716,"MECR":-1.4887769741243233,"MRPL18":1.1522709250050305,"ANKRD16":0.9318700374745452,"MRPL1":-0.3526538167226143,"RRP9":-0.05022536253446382,"MRPS23":2.4698704120657156,"MMAB":1.4705973975733766,"MRPS25":1.3461089068561243,"MRPS35":1.7677660367609966,"MRPL58":0.7631247002858834,"ACAD9":-0.6006761520158459,"UQCRFS1":0.7710882611850347,"MRPL17":1.7317643456011012,"FASTKD2":-1.6973310140443003,"MRPL54":-0.6725484756286361,"MRPS26":1.9401182299613426,"TBRG4":-1.9210364164709122,"NDUFV3":0.6527010579409319,"PDSS2":-0.2719905833392196,"MIPEP":2.251998810461632,"RRS1":-6.764646753434744,"MRPS7":1.623682802737367,"MRPL11":1.0621477161324848,"PM20D2":-4.195759819555144,"TRUB2":-0.20105470884199902,"MRPS27":1.7419719006183088,"MRPS31":1.4942503326344354,"BCS1L":-0.7701854171559572,"FARS2":-0.36514289950770223,"FBXW9":-0.21272554659924042,"MRPS12":1.155598890758887,"MRPL48":-0.35031498098255387,"GAMT":-1.4890920625142479,"MRPL37":0.9915017636875699,"MTIF2":3.0250646410442332,"WWOX":0.3789263126153946,"WDR46":-2.428636619801485,"MDH2":-0.21848359477808166,"TOMM40":-0.49667906420514124,"MRPL4":0.08487060796196753,"GFM1":0.36819126807203173,"MRPL38":0.545779157474437,"DPH2":-0.09480997959932481,"MRPL39":1.3422950684863766,"MRPS24":1.3926373596442179,"PMPCA":1.3049014522571363,"SURF6":-10.172520681717767,"HNRNPA1":3.7789321068814306,"MRPL41":1.1105453521985043,"MRPL30":0.977522412921049}},"Blast Percent":{"min":-11.0,"max":11.0,"top_text":"High Blast Percent Correlation","bottom_text":"Low Blast Percent Correlation","map":{"MRPS23":2.523723060811962,"C1QBP":2.584490667622572,"MECR":2.3834113539628543,"MRPS7":0.8987317971865958,"MRPL41":1.6719325462200296,"MRPL1":2.538515684582829,"TOMM40":-0.5499250869395563,"RRP9":2.8096894745822527,"MRPS24":1.0468467853902244,"GAMT":1.1172818549247066,"MMAB":0.979667349315756,"MRPL58":1.8040882455502605,"SURF6":2.2762460430407954,"NDUFV3":1.0433832192312047,"MRPS27":2.273027331586123,"MRPL39":1.2387908826233442,"MRPL17":4.945237911983778,"MTIF2":2.790015987918335,"MIPEP":1.8198787898624769,"FBXW9":0.9831743538075212,"FASTKD2":0.7020041224252822,"MRPS25":0.7393694258164019,"TBRG4":0.6834873137899475,"TRUB2":1.8841219797493594,"RRS1":1.7794198536521433,"MRPL38":1.8007603690367344,"PDSS2":-0.1436679724295352,"MRPS31":0.8927074776025233,"PMPCA":1.6578218241679659,"MRPS26":3.3688153507987013,"MRPL48":0.353292625557605,"DPH2":1.3402582578676747,"MRPL11":1.867556334606802,"MRPL4":0.2417683084869882,"UQCRFS1":1.260132430115625,"GFM1":1.6921911680794717,"FARS2":0.6624669316064015,"MDH2":5.543936109602973,"MRPL18":1.9335958385905707,"MRPS35":0.5389613988584351,"MRPL54":0.6420723817335887,"WWOX":0.13402087414197614,"ACAD9":-0.37656864643158616,"ANKRD16":0.4449378499505078,"HNRNPA1":2.296961443750863,"WDR46":1.8670783326573703,"MRPS12":1.1923623516800161,"MRPL30":1.8934890627968033,"PM20D2":0.802197488283394,"BCS1L":0.8609313749351744,"MRPL37":1.0106335866019105}},"NPM1 Subtype":{"min":-37.0,"max":37.0,"top_text":"Committed NPM1 Subtype","bottom_text":"Primative NPM1 Subtype","map":{"ACAD9":0.4414278311057601,"MRPL4":-1.7460875405596334,"DPH2":-5.381094046596018,"MRPS27":-4.398442717783536,"MTIF2":-3.8566162450021517,"TBRG4":-5.0293486693887015,"GFM1":-2.8753825180029806,"MRPL58":-5.015327601713199,"MRPL41":-4.092118202275021,"MMAB":-1.29409738538247,"UQCRFS1":-0.49368966531224734,"FASTKD2":-8.862801121881436,"HNRNPA1":-2.4873227205118997,"MRPS31":-3.469562394636098,"PMPCA":-4.129359517936568,"MRPL30":-4.59238342750012,"MDH2":-10.275203587609337,"MRPL48":-5.786960572707828,"MRPL37":-2.8874470291119967,"MRPL18":-1.4072321736617983,"NDUFV3":-1.6775747094934232,"PDSS2":-0.5678124182801557,"MIPEP":-4.27075467490434,"WWOX":-5.186629581782101,"MRPS35":-3.091307235363864,"TRUB2":-10.388962559786796,"MRPS26":-3.991807429702246,"C1QBP":-3.890608203582633,"ANKRD16":-4.4009887791743285,"MRPL54":-3.1239257138344025,"MRPS23":-3.2592261169436654,"MRPS24":-0.9491451106811125,"RRS1":-11.478921217968526,"SURF6":-12.366320027592076,"RRP9":-8.183185293734027,"PM20D2":-3.624506916394475,"WDR46":-6.7711579606952705,"MRPL17":-4.171529513000963,"TOMM40":-1.5311493720495468,"MRPL39":-5.528627186592574,"FARS2":-4.261855285813111,"BCS1L":-3.7612983540191363,"MRPL38":-4.025429040099604,"FBXW9":-7.374986263670575,"MRPS7":-2.5634399105609784,"MRPS12":-2.673073664235848,"MRPS25":-4.222737267060249,"MRPL11":-3.1725315619752568,"MECR":-4.983827224015163,"GAMT":-3.105151490364337,"MRPL1":-11.569883507332555}},"Overall Survival":{"min":-6.0,"max":6.0,"top_text":"High Survival Correlation","bottom_text":"Low Survival Correlation","map":{"TRUB2":-0.2584629672704425,"MRPL1":0.6502872389634293,"GFM1":0.32474043946385844,"UQCRFS1":1.0638431467173055,"TOMM40":0.679610154265953,"FARS2":0.9247181361884695,