{"NPM1 Subtype":{"min":-37.0,"max":37.0,"top_text":"Committed NPM1 Subtype","bottom_text":"Primative NPM1 Subtype","map":{"CPN1":0.0,"MYLK":1.0686137138481882,"C3":0.9028686617170781,"GJD3":0.0,"PLSCR4":0.0,"SERPINA7":-0.947805851491658,"LAMA4":0.0,"MXRA5":0.0,"CADPS2":0.0,"NEDD4L":-0.456173763707137,"ADAM33":0.0,"FN1":2.192908963070371,"CDH11":0.0,"TMEM132C":0.0,"GATA1":-1.6503314818022978,"GFRA1":0.0,"F2":1.573327516784288,"FBLN1":2.473801039623822,"PLOD2":0.0,"KCNJ8":0.0,"MBOAT2":-0.43495645497854385,"IGF2":0.0,"CALD1":1.488918148152167,"ITIH3":2.437206121466495,"COMP":0.0,"SERPINF2":2.645337845555066,"CDC42BPA":0.0,"LINGO1":0.0,"NGFR":0.0,"SPP2":0.0,"EGFR":0.0,"THBS4":0.0,"DKK1":0.0,"ITIH2":1.7133653776640585,"NOTCH3":0.0,"GAREM1":0.0,"C7":1.7230025378133942,"AMOTL2":0.0,"SOX9":0.0,"CCN2":2.3797479147504323,"COL3A1":0.0,"SERPINF1":4.41137959746662,"FSTL1":-0.10286795684534265,"GPX8":0.0,"ITIH1":0.8675242415292489,"EFEMP1":0.0,"AZGP1":0.7939895958116269,"ADAMTSL2":0.0,"NTRK3":0.0,"F10":0.0,"COL2A1":0.0}},"Overall Survival":{"min":-6.0,"max":6.0,"top_text":"High Survival Correlation","bottom_text":"Low Survival Correlation","map":{"MXRA5":0.0,"CCN2":0.40827649049016124,"GFRA1":0.0,"NGFR":0.0,"FSTL1":-0.0935963150189377,"SERPINF2":0.27093889696605555,"ITIH2":0.8065517032158295,"CDC42BPA":0.0,"PLSCR4":0.0,"C3":0.1083916317552643,"AZGP1":0.17882028921684884,"FN1":0.3259569039583661,"AMOTL2":0.0,"LINGO1":0.0,"MBOAT2":-0.6325473594215871,"IGF2":0.0,"F2":0.32221651905713716,"SPP2":0.0,"EFEMP1":0.0,"ADAM33":0.0,"GAREM1":0.0,"CADPS2":0.0,"SERPINF1":0.1803983358977238,"GJD3":0.0,"SERPINA7":-0.09671817068506437,"GATA1":0.9225733980245929,"FBLN1":1.219603391450428,"NTRK3":0.0,"NOTCH3":0.0,"CALD1":0.3016741645448322,"COL3A1":0.0,"SOX9":0.0,"THBS4":0.0,"ITIH1":1.9286633381949168,"NEDD4L":-0.4778244840024936,"CDH11":0.0,"KCNJ8":0.0,"GPX8":0.0,"DKK1":0.0,"PLOD2":0.0,"F10":0.0,"COL2A1":0.0,"C7":-0.08286338736187983,"COMP":0.0,"LAMA4":0.0,"MYLK":0.524347211826412,"CPN1":0.0,"EGFR":0.0,"ADAMTSL2":0.0,"TMEM132C":0.0,"ITIH3":0.4764061403947973}},"Mutation FLT3 ITD":{"min":-10.0,"max":10.0,"top_text":"High FLT3 ITD Correlation","bottom_text":"Low FLT3 ITD Correlation","map":{"COL3A1":0.0,"SPP2":0.0,"SERPINA7":-2.4847449898725347,"FSTL1":-0.6735735909578374,"SERPINF1":-1.768635489338951,"PLOD2":0.0,"TMEM132C":0.0,"CADPS2":0.0,"MXRA5":0.0,"F2":-2.4635239256058745,"SERPINF2":-2.6732539611298685,"ADAM33":0.0,"DKK1":0.0,"GAREM1":0.0,"LAMA4":0.0,"AZGP1":-2.4559216629013556,"LINGO1":0.0,"KCNJ8":0.0,"C7":-1.772880870689924,"IGF2":0.0,"F10":0.0,"ITIH1":-0.9396525300110761,"GPX8":0.0,"FN1":-1.5910839392438492,"EGFR":0.0,"CCN2":-0.8875104507779935,"FBLN1":-0.32950392338038464,"NGFR":0.0,"NEDD4L":-2.7078614342017904,"NTRK3":0.0,"ADAMTSL2":0.0,"CDC42BPA":0.0,"CALD1":-0.3212259709670402,"MYLK":0.0656138359669624,"GATA1":-0.13522455423885382,"SOX9":0.0,"COL2A1":0.0,"PLSCR4":0.0,"GJD3":0.0,"EFEMP1":0.0,"CPN1":0.0,"NOTCH3":0.0,"GFRA1":0.0,"MBOAT2":-0.1994932281017135,"ITIH3":-2.3871873519169693,"AMOTL2":0.0,"COMP":0.0,"ITIH2":-0.8490953437727708,"THBS4":0.0,"CDH11":0.0,"C3":-2.3442681519315847}},"Blast Percent":{"min":-11.0,"max":11.0,"top_text":"High Blast Percent Correlation","bottom_text":"Low Blast Percent Correlation","map":{"TMEM132C":0.0,"ITIH1":-2.7179537566715224,"GATA1":-1.7479818907364875,"NTRK3":0.0,"ITIH2":-2.563015969178223,"SPP2":0.0,"ITIH3":-2.181626195447451,"C7":-1.8101327548976007,"NOTCH3":0.0,"FN1":-2.0704883131063676,"PLSCR4":0.0,"EGFR":0.0,"CDH11":0.0,"ADAMTSL2":0.0,"MXRA5":0.0,"CDC42BPA":0.0,"F2":-2.987114804544224,"MBOAT2":-4.353994496570553,"CALD1":-5.845383960738439,"THBS4":0.0,"FSTL1":-2.295404513652364,"MYLK":-4.411698281687771,"GAREM1":0.0,"SERPINF2":-4.759731223492702,"COL3A1":0.0,"PLOD2":0.0,"SOX9":0.0,"GJD3":0.0,"C3":-2.142209393203788,"CPN1":0.0,"COMP":0.0,"LINGO1":0.0,"IGF2":0.0,"EFEMP1":0.0,"GFRA1":0.0,"NGFR":0.0,"GPX8":0.0,"CCN2":-1.5705629092911144,"NEDD4L":-2.7468468991379935,"KCNJ8":0.0,"F10":0.0,"AZGP1":-3.1790544359833475,"CADPS2":0.0,"COL2A1":0.0,"FBLN1":-0.10979138312391992,"SERPINA7":-1.0619998408202596,"ADAM33":0.0,"AMOTL2":0.0,"DKK1":0.0,"SERPINF1":-4.403266469144259,"LAMA4":0.0}},"Mutation NPM1":{"min":-30.0,"max":30.0,"top_text":"High NPM1 Correlation","bottom_text":"Low NPM1 Correlation","map":{"PLSCR4":0.0,"ADAMTSL2":0.0,"CADPS2":0.0,"CDH11":0.0,"SERPINA7":-1.9025278506631889,"MXRA5":0.0,"NGFR":0.0,"NEDD4L":-9.248514500986673,"GATA1":-0.8850657540454211,"ITIH3":-0.09712761270382653,"C3":-0.4381347265818473,"ITIH1":-0.09473262526109102,"NTRK3":0.0,"ADAM33":0.0,"PLOD2":0.0,"KCNJ8":0.0,"TMEM132C":0.0,"MYLK":-0.1671468554982039,"C7":-0.9295102087352523,"DKK1":0.0,"AMOTL2":0.0,"MBOAT2":-1.026602506043932,"FSTL1":-2.4253095331238566,"F2":-0.39884953700454207,"EFEMP1":0.0,"FBLN1":0.14993401554092686,"CPN1":0.0,"NOTCH3":0.0,"GJD3":0.0,"LAMA4":0.0,"CDC42BPA":0.0,"COL3A1":0.0,"CCN2":0.9863311435200853,"IGF2":0.0,"CALD1":0.11931605553081424,"THBS4":0.0,"GAREM1":0.0,"GFRA1":0.0,"GPX8":0.0,"F10":0.0,"SOX9":0.0,"COL2A1":0.0,"COMP":0.0,"LINGO1":0.0,"FN1":-1.0620318857357531,"ITIH2":0.13522354435048495,"SERPINF1":-1.1170121992750295,"EGFR":0.0,"AZGP1":-1.7068076461638244,"SERPINF2":-0.578649926959637,"SPP2":0.0}},"MuSiC CD14 Mono":{"min":-50.0,"max":50.0,"top_text":"High CD14 Mono Correlation","bottom_text":"Low CD14 Mono Correlation","map":{"GPX8":0.0,"COL3A1":0.0,"SOX9":0.0,"ITIH2":1.5361031739645683,"NOTCH3":0.0,"DKK1":0.0,"ITIH3":1.3450956718978153,"MYLK":1.1320799118443912,"EGFR":0.0,"FSTL1":0.03155382128284532,"C7":2.266277806530954,"CDH11":0.0,"FN1":1.3030139108881043,"PLOD2":0.0,"CALD1":1.4079749100974495,"AZGP1":0.5998632287345891,"SERPINA7":0.07334799821538193,"COL2A1":0.0,"COMP":0.0,"MXRA5":0.0,"MBOAT2":-0.0501420264660079,"ITIH1":0.8487818134179058,"CCN2":2.203990527585946,"GAREM1":0.0,"SERPINF2":2.575183666333136,"LAMA4":0.0,"F2":1.2963738346724984,"PLSCR4":0.0,"NGFR":0.0,"IGF2":0.0,"GFRA1":0.0,"NTRK3":0.0,"LINGO1":0.0,"CADPS2":0.0,"C3":0.8319102211576486,"FBLN1":1.109143926606135,"ADAM33":0.0,"CPN1":0.0,"NEDD4L":-0.27091766347901797,"CDC42BPA":0.0,"GATA1":-0.8060705578818932,"GJD3":0.0,"SERPINF1":2.8910169312369827,"THBS4":0.0,"F10":0.0,"KCNJ8":0.0,"SPP2":0.0,"EFEMP1":0.0,"ADAMTSL2":0.0,"AMOTL2":0.0,"TMEM132C":0.0}}}