{"Blast Percent":{"min":-11.0,"max":11.0,"top_text":"High Blast Percent Correlation","bottom_text":"Low Blast Percent Correlation","map":{"STRN":0.5567096603723963,"NEDD1":0.8773730267292721,"AKIP1":0.2744657390955988,"POLR2I":1.454810905181636,"NUP58":5.8110131912437115,"ZNF7":1.1959174790296052,"MTA2":5.021825825407335,"NEIL1":0.0,"POC5":0.1620772980012901,"KPNA6":-1.1523989590189228,"PMF1":1.7180608757028644,"USP7":-0.17952181335902687,"H4C1":0.0,"MED1":6.648180326609903,"MDM1":0.5636309368982976,"ZNF148":0.7080891952756122,"FGFR1OP2":0.20838786713457247,"SF3A2":4.315842382575737,"NUP107":4.600707421981609,"SIRT1":3.972808650859514,"PCNT":2.50587531340658,"CCSAP":1.2480544418398332,"FAM161A":0.0,"TFAM":4.287608431396111,"SIKE1":1.1951590888046533,"NUP62":4.902554660758408,"ZNF189":2.935554349288117,"PPP4R3A":1.3650531350280608,"CEP57":4.634430944856209,"REXO4":1.5708010181628254,"PPP4R2":1.4351055085581041,"SCAF4":7.159465510313858,"FBXO28":2.111603823446951,"CCAR2":3.059488707276296,"ZKSCAN4":0.8954348741477383,"KPNA1":-2.876231403868477,"POC1B":1.0262665651448013,"ACBD3":0.74435872554247,"ZNF646":0.1312086476495909,"XAB2":6.10010885396347,"ZNF551":1.2183255357712788,"ZNF517":1.9165559878777199,"ODF2":3.4445535308659543,"COIL":0.6349423329819548,"TRIM28":3.596496680403605,"NUP50":0.49108829784272284,"GOPC":3.572357995598145,"AGGF1":2.9781710936530157,"CEP135":0.17100291587717978,"CPSF6":6.10010885396347,"POM121C":7.441818669460148}},"NPM1 Subtype":{"min":-37.0,"max":37.0,"top_text":"Committed NPM1 Subtype","bottom_text":"Primative NPM1 Subtype","map":{"ACBD3":0.925896981044425,"SIKE1":0.8291270797962883,"ZNF551":-4.511075376366258,"FAM161A":0.0,"ODF2":-2.908166853930471,"KPNA1":3.1248292254227064,"POC5":-2.2303781504878173,"FBXO28":-0.5878199920613727,"H4C1":0.0,"NUP50":-1.317324136926952,"KPNA6":-0.04660062225774862,"MDM1":-2.7247528025942014,"NUP62":-3.406197113075595,"CEP57":-4.638061595899964,"POM121C":-3.915276784486167,"FGFR1OP2":-1.8151274411129399,"POC1B":-1.3884719306378093,"PPP4R2":-6.332299704818019,"MTA2":-4.717283053864741,"REXO4":-9.574112687553159,"ZNF517":-3.880068765999385,"CCSAP":-0.01672165889905012,"GOPC":-4.59453273424952,"PCNT":-6.806312421353652,"AKIP1":0.3235391432368704,"ZNF148":-1.0630307858761687,"PPP4R3A":-4.892721855660536,"XAB2":-2.2722059507008048,"NEIL1":0.0,"POLR2I":-0.09306818114820757,"AGGF1":-3.399458803464464,"COIL":-3.6217345056053563,"USP7":-0.14774802264103765,"NEDD1":0.13084611905341662,"ZNF7":-2.646529195027427,"TRIM28":-19.651323646373296,"MED1":-5.695575771596628,"CEP135":-0.47976989560168415,"SCAF4":-4.378140170912675,"SIRT1":0.36559103561158723,"ZNF189":-7.963927471585571,"TFAM":-11.00922572682379,"PMF1":-0.28586071853863965,"NUP58":-4.552751528055426,"ZKSCAN4":-9.648111163720975,"SF3A2":-6.231614582517597,"CCAR2":-3.7895498820149967,"STRN":0.8954870161127163,"CPSF6":-10.86557905845476,"NUP107":-4.730387006736666,"ZNF646":-2.8319636787901232}},"Mutation FLT3 ITD":{"min":-10.0,"max":10.0,"top_text":"High FLT3 ITD Correlation","bottom_text":"Low FLT3 ITD Correlation","map":{"AKIP1":-0.674769638598849,"NUP58":-0.6173851624844335,"XAB2":-0.017154214819576546,"ZNF148":1.0369993368352,"POC5":-2.04673555113507,"CEP135":-4.643750951079811,"GOPC":1.888681406482539,"ACBD3":1.014756627932117,"ZNF189":-0.05650857158257491,"H4C1":0.0,"POC1B":-2.407768978662742,"FAM161A":0.0,"NUP107":-0.3368086574129879,"NUP50":-0.4273363996191098,"NUP62":1.1690212659273505,"NEDD1":-0.6972247469209343,"CEP57":-0.7318770197398473,"ZKSCAN4":0.03532540295620807,"KPNA1":-1.493314992255953,"AGGF1":0.5310218100910638,"ZNF646":-2.326293689593134,"PPP4R3A":-0.2533716984474725,"ZNF551":0.03198307159072823,"POLR2I":-0.586782670300249,"STRN":0.08316206000234996,"MTA2":-0.19991743568001355,"CCAR2":1.9189423519026458,"POM121C":0.9029446061906652,"PPP4R2":0.9547432055626165,"CCSAP":-1.8680167122661482,"FGFR1OP2":0.49845014959962886,"CPSF6":1.3403323997702046,"PCNT":0.012859260966044218,"MDM1":-2.5480040737302185,"TFAM":-0.005320517617689102,"TRIM28":0.0631033974275213,"MED1":0.0940158490106755,"FBXO28":0.16217403084345886,"REXO4":-0.2890586795569987,"SIRT1":1.6666013613684671,"KPNA6":0.3202974223987275,"SF3A2":-0.017847984113341247,"SIKE1":1.043286534425983,"USP7":2.357916905155225,"COIL":-0.012601604582235686,"ZNF7":-1.5887028536011298,"PMF1":0.2838805655430906,"ZNF517":0.046950906733062764,"NEIL1":0.0,"ODF2":0.5332334338285863,"SCAF4":-0.08258232421985182}},"MuSiC CD14 Mono":{"min":-50.0,"max":50.0,"top_text":"High CD14 Mono Correlation","bottom_text":"Low CD14 Mono Correlation","map":{"CCAR2":-2.366259999910145,"TFAM":-11.739526246300523,"SCAF4":-5.861454126692997,"NUP107":-2.7381715666536484,"POLR2I":-0.08273368579298505,"USP7":0.7962731218285035,"CPSF6":-12.144768239146062,"PMF1":-0.340274524020548,"POC5":-2.3393075375737604,"MDM1":-2.3926138408566127,"ZNF189":-6.823942614538637,"KPNA1":4.02269528751656,"SIKE1":2.5772164130795066,"TRIM28":-23.59451698900753,"ZNF551":-3.9781095496547403,"POC1B":-1.4778269462844,"MTA2":-7.013595530344208,"REXO4":-11.888405314522938,"PCNT":-8.620158579393536,"FGFR1OP2":-0.9371151071770782,"ZNF148":-0.455294873937541,"NUP50":-1.205463114425022,"COIL":-3.249142742829067,"FBXO28":-0.45060250713641314,"H4C1":0.0,"ZNF7":-4.103504606816275,"POM121C":-3.16274015888964,"ZNF517":-3.462662164071224,"AGGF1":-3.693110951378444,"ZNF646":-2.830273678017226,"ODF2":-1.4597767652612506,"NEDD1":0.015862252672299175,"CCSAP":0.3566809135989258,"STRN":1.0319439742846708,"ACBD3":1.6899773322041722,"NUP58":-7.464460695250144,"GOPC":-3.6933084034911827,"PPP4R3A":-2.4993408415257314,"NUP62":-3.0691641442265407,"SIRT1":-0.3459630288485167,"ZKSCAN4":-7.036511422177705,"AKIP1":-0.1722110034872225,"SF3A2":-8.876085170313907,"XAB2":-2.5987759097398073,"FAM161A":0.0,"KPNA6":0.7199258036085239,"CEP135":-0.38844290663547554,"CEP57":-9.093099455483044,"NEIL1":0.0,"MED1":-6.31209081129881,"PPP4R2":-3.6985760940128545}},"Mutation NPM1":{"min":-30.0,"max":30.0,"top_text":"High NPM1 Correlation","bottom_text":"Low NPM1 Correlation","map":{"SF3A2":1.1103147103771767,"ODF2":3.1151076183767903,"PCNT":0.2744452423890146,"CCAR2":3.937991153392173,"MTA2":0.6996280538240073,"NUP62":2.4493229568334653,"NUP58":-0.2534701495183971,"H4C1":0.0,"POC5":-0.6062169500812823,"REXO4":-1.0636358644422221,"KPNA1":0.19557903140999738,"GOPC":6.3891742281851505,"ZNF551":-0.024113929557323756,"ZNF517":-0.17819336730203614,"STRN":2.3651362035474524,"NEDD1":0.7047669400093004,"ZKSCAN4":-0.1851675957002163,"PMF1":0.05172474355776934,"ZNF646":-1.1160068940390346,"NEIL1":0.0,"COIL":-0.7010569967480663,"PPP4R2":2.780370741250556,"ACBD3":3.8855117707173576,"POLR2I":2.058629347242145,"CEP135":-0.13087240665214897,"PPP4R3A":1.026689132719604,"SIRT1":6.420401841139208,"XAB2":-0.1248450707031051,"KPNA6":0.5096857380376508,"SIKE1":10.4206127218852,"POC1B":-0.2516782092171149,"MED1":0.5204256391718037,"ZNF189":-0.03690239348043525,"NUP50":-1.2412127236072255,"CPSF6":2.072578217767194,"ZNF7":-0.044922580511280556,"POM121C":1.8468533859563852,"USP7":1.5848326548981395,"FAM161A":0.0,"CCSAP":-0.6909173731005116,"TFAM":-0.6301395867220757,"AGGF1":0.6159415311310432,"TRIM28":-0.9403655719892402,"NUP107":0.8496268372500999,"AKIP1":0.14704544691265403,"MDM1":-0.15446566572472123,"FBXO28":0.9497074207787551,"ZNF148":1.2607912762493592,"SCAF4":0.2830348890889172,"CEP57":-0.5933071936757104,"FGFR1OP2":1.2643127577944517}},"Overall Survival":{"min":-6.0,"max":6.0,"top_text":"High Survival Correlation","bottom_text":"Low Survival Correlation","map":{"FBXO28":-0.5741041046278749,"POC1B":0.03280270395635253,"PPP4R2":0.2655760915827564,"PMF1":-0.502299113947065,"SIRT1":0.1254901207995113,"SIKE1":-0.08030660968855287,"CCAR2":-0.7376822352239281,"H4C1":0.0,"FAM161A":0.0,"NEIL1":0.0,"ZNF517":0.19024048200284027,"MDM1":0.2478916101682034,"AKIP1":-0.26986201349650324,"TRIM28":0.01712886786621426,"NUP62":-0.21470279916814092,"ZNF7":-0.14884750143046782,"ODF2":-0.3604354669106269,