{"MuSiC CD14 Mono":{"min":-50.0,"max":50.0,"top_text":"High CD14 Mono Correlation","bottom_text":"Low CD14 Mono Correlation","map":{"ALAD":0.9787819417745666,"GIT2":4.992149548182332,"CANX":0.2264897862573834,"BRI3BP":-0.2243269444202985,"GALNT7":-1.1009696943581684,"GOLIM4":-10.875605971907097,"STAT2":13.50142584956845,"MLEC":-0.9775250763936937,"B3GAT3":-1.6511935236177415,"SSR1":0.422754647409483,"TOLLIP":23.3517955875155,"FBXO45":-0.310154470106394,"RHBDD1":0.12070777540415698,"DOCK2":1.0776051149526842,"GRK2":9.06049768517756,"MBLAC2":-13.04419873690739,"AKAP11":-0.18634639207111284,"ARHGEF6":2.669460900225308,"PECAM1":14.670558968847258,"EEA1":14.844218458881075,"EFTUD2":-2.301358733881061,"TEC":-7.070830462281098,"KRTCAP2":-0.27609924878943487,"PIGN":-1.7726815006503998,"RABL3":-6.913763432584474,"MACF1":-0.8918681763568128,"CERS6":-5.332031976949181,"CCDC90B":-9.492931793204729,"ALDH6A1":-8.151215297837135,"MAPKAPK2":14.87846994635602,"MAGT1":-1.6679076759649016,"APOOL":-4.692309807705984,"CD96":-1.8638032254287054,"DISC1":1.3527341887000384,"ATG5":7.182838509083107,"TMEM126A":-1.583948780089001,"DMXL1":2.2444335497392336,"SPRYD3":2.4288032125729497,"RPN1":-0.8539539384471044,"LMBRD2":7.122617167142445,"SEC62":0.2010644172173444,"MYCBP2":4.622311793707637,"VPS13C":1.3336150941444376,"FITM2":0.0,"VPS26B":5.127470595403479,"DOCK5":3.1156305142329446,"STT3B":-2.3483912120481674,"HK2":1.9985358614880664,"VKORC1L1":-0.9062626661818358,"ARHGEF18":1.1337765697030024,"RASGRP2":6.754042929299936}},"Mutation FLT3 ITD":{"min":-10.0,"max":10.0,"top_text":"High FLT3 ITD Correlation","bottom_text":"Low FLT3 ITD Correlation","map":{"SSR1":0.8486784345731158,"DOCK2":2.4474538983012826,"HK2":0.5390297041270854,"ARHGEF6":-0.3051396490412669,"ATG5":-0.031892782124656745,"RASGRP2":-1.4240958747247359,"MBLAC2":0.43711406636314887,"TOLLIP":-0.16480579176438198,"DMXL1":-0.5388676094776259,"FBXO45":-0.3708540673175968,"EEA1":-0.29781369779534406,"BRI3BP":-1.790467795500149,"ALAD":-2.0009953658361574,"STAT2":-0.16164498287021364,"EFTUD2":0.9191797055219539,"TEC":1.5233348399761872,"CERS6":0.7272720265795497,"RHBDD1":-1.3290514820235872,"GALNT7":1.0323913668403297,"GRK2":-1.1364566904541231,"MAPKAPK2":-0.9736833918739605,"SEC62":-0.5582151813351985,"MYCBP2":-0.6020309020981415,"B3GAT3":0.6536765856666531,"VKORC1L1":0.8907416691158524,"FITM2":0.0,"LMBRD2":-0.12048758100600265,"MAGT1":0.7013572030199463,"AKAP11":4.978931097311209,"VPS13C":0.5068787967521442,"CD96":0.8951648221648401,"GIT2":1.4641574456311843,"GOLIM4":0.14242303411257806,"ALDH6A1":1.0294262609331104,"CANX":-0.5196418388990681,"VPS26B":-0.07236383919325523,"DISC1":-0.15896923075560623,"DOCK5":-1.937878480837258,"SPRYD3":-0.47829399218655577,"STT3B":-0.20561596592188677,"PIGN":2.158819782189889,"RABL3":0.31344683558770525,"CCDC90B":-0.33046546422165113,"MLEC":0.23453989452899532,"APOOL":0.40360434484810187,"RPN1":-0.012225016413125043,"MACF1":0.652064555798693,"TMEM126A":1.0094610152947117,"KRTCAP2":-0.028983417673397217,"ARHGEF18":-1.2957118452826888,"PECAM1":-0.49830028481706506}},"Overall Survival":{"min":-6.0,"max":6.0,"top_text":"High Survival Correlation","bottom_text":"Low Survival Correlation","map":{"MACF1":1.2700445383470713,"DOCK2":1.020315004615474,"SPRYD3":2.7735559245629364,"LMBRD2":-0.7447497500642728,"TMEM126A":0.5093374978106129,"GRK2":0.38840776416383715,"DISC1":0.4461939863916232,"MYCBP2":0.8524623440196796,"SSR1":-0.18301981331069386,"RABL3":-0.6098352362578018,"CD96":0.7657347333255833,"GALNT7":0.23051616837674946,"STAT2":0.5732187541268703,"MLEC":1.0826755372354708,"DOCK5":-0.16878965051612127,"VKORC1L1":0.05513290761785596,"GIT2":2.213891493691862,"TOLLIP":0.3452178995566885,"MBLAC2":0.8697887867922722,"GOLIM4":0.04627715386938627,"AKAP11":1.6824444226768929,"CERS6":-0.023593304648916607,"RASGRP2":0.31091665161290866,"PECAM1":0.6271908570894307,"EEA1":0.1517928673429128,"RHBDD1":1.0536755124363186,"HK2":0.6652620707716961,"TEC":-0.054502655648152126,"BRI3BP":0.5239245047037968,"SEC62":2.646217261517524,"VPS13C":-0.6899226416423087,"STT3B":0.5421410325855953,"CANX":0.9516411478360907,"MAPKAPK2":0.3847869878613134,"ARHGEF6":4.283853309920455,"VPS26B":-0.437364991733044,"ALAD":0.0616693777565686,"APOOL":1.1018537718250476,"EFTUD2":0.15223959551260513,"ARHGEF18":0.2321623816093965,"PIGN":1.4046839067038321,"ALDH6A1":0.6029810262086153,"MAGT1":0.534490667413374,"B3GAT3":0.45092520174483447,"CCDC90B":-0.10511461472186254,"KRTCAP2":-0.17431042568345587,"ATG5":1.0869745538295998,"RPN1":-0.270082755236151,"DMXL1":1.1497043278725356,"FBXO45":-0.8284396295844595,"FITM2":0.0}},"Mutation NPM1":{"min":-30.0,"max":30.0,"top_text":"High NPM1 Correlation","bottom_text":"Low NPM1 Correlation","map":{"RABL3":1.5231105632554696,"ATG5":1.164047705646682,"ARHGEF18":-0.7061829093793188,"HK2":-3.110372654029277,"B3GAT3":1.3663900533150932,"SSR1":0.7141010437203434,"BRI3BP":-1.7138343375738994,"SEC62":-0.030366950705896817,"MAGT1":0.01009373634851255,"FITM2":0.0,"ALAD":-5.635530067594447,"PIGN":1.4807113016192304,"MYCBP2":0.0933053408459921,"ALDH6A1":-0.4321338052632651,"STT3B":-0.805532020397997,"AKAP11":1.732268063599659,"MBLAC2":-0.02871391665465308,"CERS6":0.5470959229731801,"DMXL1":-0.3046135453673622,"PECAM1":0.014290226615576612,"CD96":-0.08330528988630385,"EFTUD2":1.4415749180616486,"GIT2":1.5895296401904082,"VKORC1L1":0.3205657034456074,"DOCK5":-1.2253418753586847,"CCDC90B":-2.7219288463785687,"RASGRP2":-0.07393134865315744,"ARHGEF6":-0.38325748167448953,"VPS26B":0.5238208661042171,"RHBDD1":-2.048143189012069,"STAT2":-0.4519358441979369,"VPS13C":1.9540553216893841,"TMEM126A":0.8841526908562568,"MLEC":0.44746363346022133,"GOLIM4":-1.5953308587489485,"FBXO45":0.18401937160458287,"TOLLIP":0.8135880349777384,"MAPKAPK2":-1.0240900513032403,"DISC1":0.36217380697990803,"SPRYD3":0.047470439430754775,"APOOL":0.40894469315438453,"MACF1":-0.1925621692404164,"KRTCAP2":0.29383997405180723,"TEC":0.6556577848162134,"GALNT7":0.2938585046458007,"CANX":-0.9598249786965297,"LMBRD2":1.8955716247945127,"EEA1":0.6122196509535499,"DOCK2":3.1626888509354347,"GRK2":-1.9873687026079425,"RPN1":0.13593365058046744}},"NPM1 Subtype":{"min":-37.0,"max":37.0,"top_text":"Committed NPM1 Subtype","bottom_text":"Primative NPM1 Subtype","map":{"CANX":-0.31405400225911134,"VKORC1L1":-1.693631871451012,"AKAP11":-0.35372962197681357,"GIT2":3.8979345149609586,"MYCBP2":4.676008627891645,"RPN1":-0.9730784441664453,"LMBRD2":6.822715361085939,"ALDH6A1":-11.141086656667097,"ARHGEF18":3.3033217547012064,"MAPKAPK2":15.562475235395677,"TOLLIP":16.132187348333584,"EFTUD2":-2.6542317971540643,"GALNT7":-0.793689046555977,"FITM2":0.0,"MLEC":-0.4972295165915076,"STT3B":-1.6142168281949107,"ATG5":4.8532080067015535,"FBXO45":0.7957995985612264,"GOLIM4":-6.0161863322146525,"GRK2":11.018057514084733,"CD96":-0.7859987947801543,"B3GAT3":-0.4762377182769782,"EEA1":14.480898350871051,"SPRYD3":2.0696215781284364,"HK2":1.6192548623539693,"TMEM126A":-2.5291826573872545,"PIGN":-1.2290258266512426,"MACF1":-0.8022995933181489,"RHBDD1":0.7553739403934515,"RABL3":-8.05996129255084,"PECAM1":12.706354427110258,"ARHGEF6":2.311266337682093,"DOCK2":1.0026828815994,"DISC1":1.545102721465667,"VPS13C":0.47111161136954294,"SEC62":0.4546177000622151,"TEC":-5.682328414255692,"APOOL":-5.696044057746641,"KRTCAP2":0.04026280752282808,"SSR1":0.4141766763598837,"STAT2":11.942006814130563,"RASGRP2":5.548914435941354,"BRI3BP":1.1203180888809254,"CERS6":-2.328026138567484,"CCDC90B":-7.745792198969377,"MAGT1":-1.6676227513875428,"DOCK5":3.387535201576421,"VPS26B":3.1223136337482438,"MBLAC2":-11.844370768083802,"DMXL1":1.078515624563356,"ALAD":0.39339869244677417}},"Blast Percent":{"min":-11.0,"max":11.0,"top_text":"High Blast Percent Correlation","bottom_text":"Low Blast Percent Correlation","map":{"GRK2":-0.6866091100365243,"MLEC":-0.01659416936988686,"ALDH6A1":2.2308608783703443,"STAT2":-0.8418296053981082,"STT3B":-0.1514534153247713,"AKAP11":0.15087822888056382,