{"NPM1 Subtype":{"min":-37.0,"max":37.0,"top_text":"Committed NPM1 Subtype","bottom_text":"Primative NPM1 Subtype","map":{"DDB1":-1.290449321383976,"H2BC17":0.0,"ADPRH":4.792251422736746,"LAMTOR2":0.8763460772015207,"MICOS13":0.33370755826117654,"MYO1G":3.993861348781887,"COX5A":-0.0912481299382667,"DDB2":0.2978049293020485,"MCL1":3.269928031417748,"EMD":1.2249197918337815,"PNPLA6":6.930781791945768,"PCBP1":1.3990191828221321,"NFKBIB":5.7377777375422525,"HECTD3":9.257139927355402,"FDXR":-0.02003987403093636,"CYCS":-1.2665658612001771,"RNF135":6.513940573529278,"BAX":2.7590333469588844,"H2AC4":0.0,"H4C2":0.0,"UBE2S":0.15950248166401415,"APOBEC3H":0.0,"PCNA":0.2622775927505329,"DCAF11":0.05789794312913434,"CISD3":1.400838204418593,"H4C12":0.0,"CCR1":24.58489212417773,"MCOLN1":2.7307742770256125,"H3C2":0.0,"LACTB":10.766741316260394,"HAVCR2":6.8235041353066626,"H4C4":0.0,"PLXDC2":12.199671522658575,"LAMTOR5":1.0756925815611638,"H4C14":0.0,"H2BC7":0.0,"TBXAS1":2.003568297258835,"CLPP":-0.39062562953059843,"H2AC12":0.0,"SIDT2":6.319904479060725,"GSTK1":1.2477603206302261,"H3C1":0.0,"WDR53":0.0,"STIM1":2.2629935411547932,"EFTUD2":-2.6542317971540643,"H4C15":0.0,"BAK1":1.7792818203497156,"TK2":10.770980784919683,"DDOST":0.09553939614165306,"TEX264":3.6884340182736097,"BCL2L12":4.495549621318576}},"Blast Percent":{"min":-11.0,"max":11.0,"top_text":"High Blast Percent Correlation","bottom_text":"Low Blast Percent Correlation","map":{"ADPRH":0.5177017025811166,"GSTK1":0.7136607009463741,"H4C4":0.0,"MYO1G":0.3930606370497704,"MICOS13":2.7996863271924477,"TEX264":-4.350343406256523,"TK2":-0.1988697159879136,"APOBEC3H":0.0,"H2BC17":0.0,"WDR53":0.0,"UBE2S":-2.1029764079769158,"CCR1":-1.7725283504955869,"PCBP1":0.6491150949401623,"STIM1":-1.5798484002342077,"H4C15":0.0,"H2AC12":0.0,"FDXR":0.8728885407030599,"DDB1":0.09287355584762477,"PLXDC2":-2.841686629678941,"BAK1":0.0508878530578959,"COX5A":0.6845688229481113,"MCL1":-2.8908533266056557,"H4C2":0.0,"H4C12":0.0,"CYCS":2.6398713904237785,"DDOST":0.3304728848361726,"SIDT2":-1.4586847354905275,"CLPP":1.4695157069569262,"RNF135":-0.09683608112809029,"MCOLN1":-3.809786271543594,"HAVCR2":-1.339941150658606,"LAMTOR5":-0.054897970758414225,"DDB2":0.763782989222313,"EFTUD2":5.334390697573482,"H3C2":0.0,"PNPLA6":-2.1003555564879024,"H3C1":0.0,"H2BC7":0.0,"LACTB":0.09341300717082612,"BCL2L12":-0.3061308921762102,"H4C14":0.0,"TBXAS1":0.13211499750280828,"DCAF11":-3.1714064148816172,"NFKBIB":-1.041746313528833,"EMD":-1.6899026599377054,"PCNA":0.3275850274938238,"HECTD3":-2.1202261593220415,"BAX":0.23192251506315464,"H2AC4":0.0,"CISD3":0.542722993870174,"LAMTOR2":0.5820730652089111}},"MuSiC CD14 Mono":{"min":-50.0,"max":50.0,"top_text":"High CD14 Mono Correlation","bottom_text":"Low CD14 Mono Correlation","map":{"H4C14":0.0,"MICOS13":-0.32789167878637165,"BCL2L12":4.66802126924894,"FDXR":0.3254218385981407,"DDB2":0.6297447667519604,"H4C2":0.0,"LAMTOR5":3.6609440521671224,"RNF135":10.202141148553785,"H2AC12":0.0,"H4C12":0.0,"MYO1G":6.839583435298398,"PLXDC2":18.726870998188858,"APOBEC3H":0.0,"CISD3":1.5292384477541943,"BAX":4.46238709184924,"HAVCR2":5.9164363218632126,"BAK1":2.613528543852872,"EFTUD2":-2.301358733881061,"TEX264":1.238109764434691,"WDR53":0.0,"NFKBIB":5.173537295522218,"CLPP":-0.6394174915155585,"H3C1":0.0,"DCAF11":0.818261771663353,"SIDT2":10.036494947175209,"HECTD3":13.103735096230103,"STIM1":0.7378233479865958,"PNPLA6":11.436329916800268,"EMD":2.3376350226024374,"MCOLN1":4.7870105753477095,"UBE2S":-0.38616647767634144,"ADPRH":5.827782131230603,"LAMTOR2":2.8613405140244104,"H4C4":0.0,"TBXAS1":2.1660742363497185,"DDOST":-0.153730529096116,"H4C15":0.0,"COX5A":0.2648524131197143,"H2BC17":0.0,"LACTB":13.88724844515042,"H2AC4":0.0,"MCL1":2.6363224565265293,"CYCS":-1.0672251848073646,"CCR1":31.732739726773776,"PCBP1":1.5757026826923994,"H3C2":0.0,"TK2":12.440366334248411,"PCNA":-0.08346901561886266,"DDB1":-1.1098978658705614,"GSTK1":2.341741469491853,"H2BC7":0.0}},"Mutation NPM1":{"min":-30.0,"max":30.0,"top_text":"High NPM1 Correlation","bottom_text":"Low NPM1 Correlation","map":{"CCR1":2.355662390331561,"CLPP":1.2089139134388258,"TK2":1.8857479759541216,"BAX":3.0626131324783397,"PCBP1":2.769268815023043,"NFKBIB":0.06928897091892453,"H4C4":0.0,"H2AC12":0.0,"CISD3":3.9952954653483785,"LAMTOR5":2.5337731551864193,"DDOST":0.40039714888303624,"APOBEC3H":0.0,"FDXR":2.225717472831001,"TEX264":0.6571227518403001,"H4C15":0.0,"H2BC7":0.0,"DDB2":4.677101774730992,"BAK1":0.503753861581055,"LAMTOR2":4.218484063737962,"MYO1G":2.1101084581139515,"H2BC17":0.0,"COX5A":1.4408743086420104,"TBXAS1":10.004657251900001,"MCOLN1":0.9719128565764991,"H4C12":0.0,"UBE2S":-3.0399386541699522,"DDB1":0.6417149698946824,"ADPRH":4.1140278033961,"STIM1":-2.6607610522092715,"WDR53":0.0,"PCNA":1.1298584862887509,"H3C2":0.0,"H3C1":0.0,"HECTD3":0.755205440679629,"EFTUD2":1.4415749180616486,"GSTK1":5.116382789449968,"EMD":1.206265860365436,"MCL1":0.6895914126799005,"H4C2":0.0,"H2AC4":0.0,"HAVCR2":1.1634819454450602,"PLXDC2":6.5218507802504115,"SIDT2":2.9443271532932895,"LACTB":4.308141566313279,"CYCS":0.6963903442511985,"DCAF11":1.3807184465397382,"H4C14":0.0,"MICOS13":1.9363601345479622,"RNF135":1.3925121209240074,"BCL2L12":0.9404413284514838,"PNPLA6":6.0685098529433885}},"Mutation FLT3 ITD":{"min":-10.0,"max":10.0,"top_text":"High FLT3 ITD Correlation","bottom_text":"Low FLT3 ITD Correlation","map":{"HECTD3":0.253288484794803,"CLPP":1.723796926770455,"GSTK1":1.687286429316474,"CISD3":1.3398259189564028,"DDB2":0.3216284463510361,"H3C2":0.0,"STIM1":-4.7980973086716725,"MCL1":0.5533554942207584,"SIDT2":4.07469803414076,"H4C12":0.0,"FDXR":1.9821973764736365,"PCNA":0.279872200130861,"NFKBIB":-1.4676746307034358,"H2BC7":0.0,"LACTB":0.2227042461190962,"H4C15":0.0,"COX5A":2.2103108331551917,"H4C14":0.0,"MICOS13":1.5939110340890275,"RNF135":1.3682182740102662,"MCOLN1":0.4724828355527232,"H4C2":0.0,"EMD":0.07039379553469331,"H2AC4":0.0,"DCAF11":0.2975445602654513,"TEX264":0.15495953913566188,"LAMTOR2":2.569782417702639,"APOBEC3H":0.0,"BAK1":0.156399133352672,"EFTUD2":0.9191797055219539,"CCR1":0.3984972074706011,"PCBP1":0.04929099806153448,"H4C4":0.0,"H2BC17":0.0,"H3C1":0.0,"HAVCR2":2.0395149219702846,"ADPRH":3.650154171235639,"BAX":0.7712556716813459,"CYCS":1.0618375040378087,"DDOST":0.08808065261835957,"BCL2L12":0.8518749568512999,"PLXDC2":1.918709633539043,"H2AC12":0.0,"MYO1G":0.5754637992244009,"LAMTOR5":2.254481464610648,"DDB1":0.8020223125692515,"WDR53":0.0,"UBE2S":-1.7235315318319022,"TBXAS1":3.02564706341073,"PNPLA6":2.6434432734169016,"TK2":0.1044467597641113}},"Overall Survival":{"min":-6.0,"max":6.0,"top_text":"High Survival Correlation","bottom_text":"Low Survival Correlation","map":{"EMD":1.1180933173884424,"WDR53":0.0,"H2BC17":0.0,"DCAF11":-0.22462512567412488,"CISD3":-0.5697562230321978,"CLPP":0.2137204635743449,"SIDT2":0.947727167716433,"BCL2L12":-0.00731151026393815,"FDXR":1.404454003146274,"RNF135":0.4135598752218722,"TEX264":-0.1826514277795175,"DDB2":-0.17094608402104783,"UBE2S":-0.8790012571723327,"MICOS13":-0.08830455504441821,"PCNA":-0.21000837055259727,"ADPRH":0.19222344896298682,"LACTB":0.3258590816716358,"MCL1":0.4322782951410399,"H4C2":0.0,"DDOST":-0.5456048632522065,"BAX":-0.21705511730639726,"MCOLN1":1.336283457231405,"STIM1":0.9539860855716301,"PLXDC2":0.04142052115104069,"LAMTOR5":0.3335602276608953,"NFKBIB":0.40456704476409655,"H2AC12":0.0,"CYCS":0.8996855675666621,"LAMTOR2":0.9721044778704278,"APOBEC3H":0.0,"H4C4":0.0,"H2BC7":0.0,"TK2":0.041047215835281044,"DDB1":-1.40787067018029,"PNPLA6":0.24358493913524437,"HAVCR2":0.09331182948301828,"EFTUD2":0.15223959551260513,"COX5A":0.3391024028103507,"TBXAS1":0.88496929945378,"H4C15":0.0,"H3C1":0.0,"BAK1":0.3166063618219939,"MYO1G":1.8359199635211714,"GSTK1":0.00025825542789021636,"H3C2":0.0,"PCBP1":0.2216954769504696,"H2AC4":0.0,"HECTD3":1.636503202675339,"H4C12":0.0,"CCR1":-0.062432581439242456,"H4C14":0.0}}}