{"NPM1 Subtype":{"min":-37.0,"max":37.0,"top_text":"Committed NPM1 Subtype","bottom_text":"Primative NPM1 Subtype","map":{"NUFIP2":4.628433883975153,"ATG16L1":4.4948894410910665,"CBL":18.932964507898838,"AKAP13":24.802107010722384,"PFN1":15.449185277035332,"CORO1A":15.81054476434914,"GAS7":18.642259564527578,"FLII":14.358335238958341,"PLEKHM1":3.3633168255461707,"GMIP":16.23488026194122,"APOBR":21.493531338675766,"ARHGAP45":18.635075425973273,"LSP1":7.803144444845527,"RALY":-3.732588499730099,"MRTFA":12.924929383249019,"LYN":14.423189763765572,"ARHGAP27":14.206132911276503,"PLEKHO2":22.21003860567708,"PLEC":19.44646647538618,"CORO7":5.3772140762892935,"SH3BP1":8.775555863320365,"ACTB":12.779563501183883,"ARHGAP4":2.715614006486543,"CREBBP":1.29703655263025,"PREX1":15.381702110690172,"RNF166":5.266946354498668,"ARHGAP30":17.653414341628068,"MARK2":15.901422453226438,"FMNL1":13.117845497338253,"RARA":4.637189518942541,"MYH9":13.176780338482924,"SIPA1":3.7904967026773626,"RASSF5":5.22598634489875,"ARHGAP17":8.181273812234195,"RAC1":5.536671426265789,"CORO1C":7.523320800765563,"PPP1R18":8.70129667680743,"CAP1":20.712177577665727,"AHNAK":8.715866106867677,"UPK3BL2":0.0,"SPI1":7.645228834333771,"SLC6A6":7.361462808183473,"ARHGEF1":17.115980919373545,"IKBKG":17.959846590639536,"AKNA":9.977932506290847,"MAP3K3":25.555227395937322,"SH2D3C":17.88816588087046,"MOB3A":15.922783031661556,"PTK2B":16.136805228253067,"PPP1R12A":7.52640803160813,"ARAP1":28.664373154855607}},"Mutation FLT3 ITD":{"min":-10.0,"max":10.0,"top_text":"High FLT3 ITD Correlation","bottom_text":"Low FLT3 ITD Correlation","map":{"SH3BP1":-0.18986278516761168,"FLII":0.0962964516273407,"PTK2B":-2.4335723272507286,"FMNL1":-0.4779161781845655,"ARHGAP27":0.1891539962684581,"AKNA":-0.7399003957770081,"SLC6A6":0.06731309253771905,"ARHGAP17":0.9295949251148994,"RASSF5":-2.0757411643498154,"CBL":-2.0880097101636164,"CORO7":0.7545708421780305,"MYH9":-0.5011356149612094,"PLEC":0.39039400195161567,"SH2D3C":-0.7761396065450897,"PPP1R18":0.0042502603960734,"SPI1":-0.4681433142985162,"CORO1A":-0.7263845751550453,"RNF166":-0.38398279093489185,"PFN1":-0.09500223794373736,"APOBR":-0.17419976821802877,"ACTB":-0.9269944551531453,"MARK2":-1.5201521394654367,"CREBBP":-0.03150655904984637,"MAP3K3":-0.4827893066550632,"SIPA1":-0.33912518849589657,"PLEKHM1":-0.5663325263536512,"PPP1R12A":-3.0388652432068,"UPK3BL2":0.0,"CORO1C":-0.9518964169213626,"ARHGAP4":0.23793450625243256,"IKBKG":-0.33592360354730083,"MRTFA":-0.23278973514841317,"GAS7":-0.2028564117248742,"GMIP":0.47103087401243593,"AHNAK":1.936195072061582,"ARHGAP45":-0.31428598942368563,"AKAP13":-0.25161108670234594,"RALY":-0.1517485146234366,"ARHGEF1":-0.7090850600520918,"LSP1":-0.7865295856314709,"RAC1":0.39423917232674444,"NUFIP2":1.0703803286125142,"ARAP1":-0.260850600050221,"PLEKHO2":-0.378794147991563,"LYN":-0.2494900342467458,"PREX1":-0.4198006206472135,"MOB3A":-0.5618755601524482,"ARHGAP30":-0.046081310524825385,"CAP1":-0.1892469128455936,"RARA":1.3262386380307942,"ATG16L1":-2.668791731722709}},"Overall Survival":{"min":-6.0,"max":6.0,"top_text":"High Survival Correlation","bottom_text":"Low Survival Correlation","map":{"FLII":0.027063125153957302,"ACTB":1.250040045445864,"PFN1":0.7728410512381187,"APOBR":0.27192535517379,"MARK2":0.10701498004638038,"RAC1":0.41615462991751606,"ARHGAP17":1.0037162521589489,"ARHGEF1":0.42728744764525145,"UPK3BL2":0.0,"AKAP13":0.07614994774970318,"CORO1C":0.24588876712966587,"PPP1R12A":-0.32910457202160265,"PPP1R18":0.5851889802050544,"MAP3K3":-0.0368830273452983,"CBL":-0.055113403728386495,"IKBKG":1.1962934655393556,"PREX1":0.6801279886938615,"CORO1A":0.6130166698752483,"CORO7":0.24072542455317503,"SH2D3C":0.6633699928777778,"SH3BP1":0.7749091994819717,"ARHGAP27":0.5072628762619831,"ARHGAP4":0.7256912695415095,"LYN":0.2698452587485424,"RARA":0.061806438203176946,"AHNAK":0.12630329616322175,"ARHGAP45":0.6669417541536772,"GMIP":-0.05036303189684937,"RASSF5":0.13578692370092038,"PTK2B":-0.690835640877315,"ARAP1":-0.31392358196143233,"MOB3A":0.048378108780639244,"CAP1":0.4896694927558918,"MRTFA":-0.20958889301811978,"PLEKHM1":-0.7550162714126064,"SLC6A6":0.27001389267963316,"NUFIP2":0.26459316985840114,"RALY":-0.5620990470787685,"MYH9":1.0737103680222333,"GAS7":0.00891059189483341,"FMNL1":0.4515410718503309,"SIPA1":0.9491718197982356,"SPI1":-0.212526285789462,"RNF166":1.361444302277086,"AKNA":-0.26264601193079407,"PLEC":-0.049794416499835396,"ATG16L1":0.09817980700095462,"PLEKHO2":0.2163672609356098,"ARHGAP30":0.4556488122426129,"CREBBP":-0.13014199665467036,"LSP1":0.8971219076091207}},"Mutation NPM1":{"min":-30.0,"max":30.0,"top_text":"High NPM1 Correlation","bottom_text":"Low NPM1 Correlation","map":{"AKAP13":0.0014025310704271195,"ACTB":-0.5396991830312623,"MOB3A":1.3634208273921122,"ARHGAP17":0.8997989979731555,"SLC6A6":0.6126230569775487,"SH2D3C":-0.44360020095038094,"SH3BP1":2.126417543906806,"ARHGAP4":-0.6203407684436311,"MAP3K3":-0.12838321836833572,"GMIP":1.7590989183687868,"CBL":-0.9976313037172426,"LYN":0.2760667751158326,"SPI1":-0.0008043585523063026,"PLEC":3.393512129725884,"FMNL1":0.15333205102289163,"RARA":1.3834066690232103,"RASSF5":-0.162793608309904,"PFN1":-0.05540330155768563,"IKBKG":-0.016851167492180213,"UPK3BL2":0.0,"PLEKHM1":0.3191516627670665,"AHNAK":6.420454649014881,"MRTFA":0.0034449395098757243,"PLEKHO2":-0.1942941461421503,"AKNA":-0.3758907851355242,"RAC1":0.261928622075728,"MARK2":-0.2962079351175503,"CORO7":1.1815703688672576,"PPP1R12A":-1.8323008715403553,"RNF166":0.17030174425969716,"NUFIP2":2.8916793997394175,"FLII":0.1892171926534383,"PTK2B":-2.9874212761273538,"ARHGAP30":0.8700430709677675,"CREBBP":-0.0055025576709553815,"PREX1":-0.20094114492974988,"LSP1":-2.851484223903533,"CORO1A":-0.4574941384151709,"SIPA1":-0.20209628049621878,"APOBR":0.9081217848544987,"RALY":-0.059854687706769605,"ARHGAP45":0.8361432517201013,"CORO1C":-0.28121358810427644,"ARAP1":1.1360116611991358,"CAP1":0.02715473680011235,"GAS7":1.1730538818955714,"ATG16L1":-0.42959426325418376,"PPP1R18":0.3210024066102048,"MYH9":-0.006899456921615533,"ARHGEF1":0.5026792348531952,"ARHGAP27":0.03979593038792623}},"Blast Percent":{"min":-11.0,"max":11.0,"top_text":"High Blast Percent Correlation","bottom_text":"Low Blast Percent Correlation","map":{"SIPA1":-1.7933570392065759,"PLEKHO2":-4.096293320220888,"AHNAK":0.4641908640782172,"FLII":-0.8797670990908592,"PLEKHM1":-1.8061670410097583,"IKBKG":-3.5512211459081473,"CORO1C":-0.5932115438898944,"PREX1":-0.5224768065072679,"ARHGAP4":0.10000243799958387,"LYN":-3.6433702663498777,"MAP3K3":-2.1768147110858527,"UPK3BL2":0.0,"CORO7":-0.5416310181184557,"GAS7":-0.43229253706649146,"RASSF5":-0.8338625876187723,"RNF166":-0.32095696738267604,"RALY":5.4046009004840245,"PFN1":-3.8154901834730937,"GMIP":-2.7025237205787116,"RARA":-0.415660568145655,"MOB3A":-0.727069351247255,"MYH9":-5.129980406574905,"ARHGAP17":0.31528027671486764,"FMNL1":-0.8256287817621268,"ACTB":-4.37642113778035,"CBL":-1.8041329373669555,"ARHGAP27":-2.870828028853152,"MRTFA":-0.881354474288859,"SPI1":-0.5555680399653576,"CORO1A":-2.9484109590954666,"PLEC":-1.7408485955401931,"CREBBP":1.5726914377732641,"RAC1":-0.024146589553351736,"ARAP1":-6.103434695947891,"SH2D3C":-2.079838992100728,"NUFIP2":0.1018579873256032,"ARHGAP45":-1.0543336451430547,"PTK2B":-4.1647932414773505,"PPP1R12A":-2.390647790736949,"CAP1":-4.2602874651814595,"SLC6A6":-0.4639132624918246,"AKAP13":-1.9127594050232717,"AKNA":-0.2300363528274642,"PPP1R18":-0.6874565496026409,"APOBR":-2.434217586647966,"ARHGAP30":-1.3207982968138874,"ARHGEF1":-3.2498749077791698,"SH3BP1":-1.0603487195936083,"MARK2":-2.9703616304734295,"LSP1":-5.2535247951272845,"ATG16L1":-1.0673021255939477}},"MuSiC CD14 Mono":{"min":-50.0,"max":50.0,"top_text":"High CD14 Mono Correlation","bottom_text":"Low CD14 Mono Correlation","map":{"PPP1R18":12.127312676539665,"RALY":-3.2845489560677223,"SH2D3C":19.14148732372308,"AKNA":10.081071904411022,"RAC1":6.526918275776695,"MRTFA":14.668187248927056,