{"NPM1 Subtype":{"min":-37.0,"max":37.0,"top_text":"Committed NPM1 Subtype","bottom_text":"Primative NPM1 Subtype","map":{"PTK2":1.9202566974727677,"ZAP70":-0.13580314774084376,"GIMAP1-GIMAP5":10.704638909453042,"SYNE2":0.42841679914846265,"CD8A":0.9989353165712622,"PANX1":6.3192911574408335,"ITK":-0.07045927429165907,"TUB":0.042855202803472464,"ERBIN":8.311454956497693,"CCDC120":0.0,"PPARD":0.0,"LAMP3":0.0,"ERBB2":0.0,"BAG3":6.334480122059072,"SEC16A":5.554171736582513,"CFLAR":14.385067633729387,"MAP3K14":0.0,"SLFN5":4.767947542301165,"CAMK2D":6.717131599180914,"GPRIN3":7.362853349729345,"RAB35":8.093972135126743,"TNK1":0.0,"MARCKS":11.138076006323027,"SERPINB9":0.6394839934833376,"CREBBP":1.29703655263025,"FOXO1":0.3899517475740849,"FLOT1":4.3971359316164005,"OTUD5":-1.402625381575376,"PDLIM7":3.2016829873564565,"TRAF1":1.3176292130390739,"CAV1":-0.3465734988006755,"USP1":0.37946700956452645,"NCAM1":1.8311080560751054,"CDC34":-0.06702304714157256,"SMURF1":0.0,"TRIM25":11.765828088857688,"GIMAP4":11.103465429827589,"DYRK1A":-3.4935634064856744,"GRK5":1.7694175663515597,"TNIP1":9.37859281097984,"FYN":9.304634828617822,"CD27":0.0,"NEDD4L":-0.456173763707137,"PLCG1":0.8105114739505123,"GIMAP7":10.500992731261078,"DLG3":0.03201630528474764,"LCK":-0.8701832001471227,"ISG20":-0.03892393396105553,"MYO1C":5.043431155244654,"RNF216":-1.5186263208753288,"TRAF3":-0.18462955152930602}},"Mutation FLT3 ITD":{"min":-10.0,"max":10.0,"top_text":"High FLT3 ITD Correlation","bottom_text":"Low FLT3 ITD Correlation","map":{"DLG3":0.20492703770058762,"PLCG1":-2.415364898448426,"TRAF1":-2.1454801358664453,"RNF216":0.26524273455147934,"DYRK1A":-3.4162324988720525,"GIMAP4":-1.71934501474181,"SYNE2":-3.1454264308904634,"LAMP3":0.0,"CD8A":-0.5847212901151305,"MARCKS":-0.6117563295803227,"PTK2":-1.5438134946218465,"SEC16A":0.8933604868915856,"PANX1":-0.0380530715999283,"ITK":-0.6158971157572283,"TUB":-1.05352802071767,"ERBB2":0.0,"GPRIN3":-0.214675377734531,"ERBIN":-1.0350166992012126,"CCDC120":0.0,"FLOT1":-0.8029639663494319,"BAG3":-0.23974682343454778,"FOXO1":-2.339425764243188,"LCK":-1.270434590282464,"RAB35":-1.6330288134284061,"MYO1C":-0.07803282398467383,"USP1":-0.5353121813606124,"ZAP70":-1.3450515321185652,"FYN":-0.2779477243807064,"OTUD5":-3.801961624696898,"PDLIM7":0.45564750711316715,"CAMK2D":-0.5530279128014146,"TRIM25":-0.0940043073093102,"GRK5":-0.15847847611803026,"SERPINB9":-0.9327945504167156,"CDC34":-4.601691509226942,"CAV1":0.43890709235006165,"MAP3K14":0.0,"SLFN5":-0.712325832812621,"TNK1":0.0,"ISG20":-1.7551744164402219,"CD27":0.0,"PPARD":0.0,"TNIP1":-0.4515159616672599,"NEDD4L":-2.7078614342017904,"NCAM1":-1.6098835587305003,"CREBBP":-0.03150655904984637,"TRAF3":0.8356063033936308,"GIMAP7":-0.6522871849181766,"SMURF1":0.0,"GIMAP1-GIMAP5":-0.3908113005550377,"CFLAR":-0.08205960182156116}},"MuSiC CD14 Mono":{"min":-50.0,"max":50.0,"top_text":"High CD14 Mono Correlation","bottom_text":"Low CD14 Mono Correlation","map":{"SYNE2":-0.04814012467194764,"CD8A":0.5710216162225045,"ERBB2":0.0,"FYN":11.980012779053814,"CFLAR":21.467321864082518,"SMURF1":0.0,"CCDC120":0.0,"PPARD":0.0,"ISG20":-0.11012040657556679,"LAMP3":0.0,"FOXO1":0.625944429979632,"PANX1":6.676385837561442,"CAV1":-0.5302430407351745,"LCK":0.5646197631388029,"OTUD5":-3.7098506626773613,"TNK1":0.0,"TUB":-0.03194603677280597,"SERPINB9":1.1752275247475834,"PTK2":1.2785058289035964,"PDLIM7":5.904465191950698,"MARCKS":13.206035493190852,"GRK5":1.541654580588304,"NEDD4L":-0.27091766347901797,"MYO1C":5.464657995107233,"ZAP70":-0.3798616035494199,"TRIM25":14.73726704406685,"MAP3K14":0.0,"USP1":-0.2710904865897433,"SLFN5":3.940109787135515,"DLG3":0.0013832105677503168,"ITK":-0.6732876008408771,"NCAM1":2.1993015076743014,"FLOT1":8.260708283887137,"GIMAP7":13.181953235912532,"SEC16A":6.368631383263321,"RAB35":9.646633740505852,"ERBIN":6.636668905435618,"PLCG1":-0.45435028135299066,"TRAF3":0.13139584212434527,"TRAF1":0.26825729158871253,"RNF216":-0.7838888082536637,"TNIP1":9.664285188595336,"GIMAP4":10.520778806403959,"CDC34":-0.004143511815927104,"CD27":0.0,"GIMAP1-GIMAP5":15.741942654891822,"DYRK1A":-2.980917986353556,"BAG3":7.214828320117401,"CREBBP":1.39852344509804,"CAMK2D":7.863276581163394,"GPRIN3":8.475590222367705}},"Blast Percent":{"min":-11.0,"max":11.0,"top_text":"High Blast Percent Correlation","bottom_text":"Low Blast Percent Correlation","map":{"TRAF1":-2.1040589218641905,"GRK5":-0.5232719482237906,"NCAM1":-0.27080737066467925,"TNIP1":-1.0428430705020804,"SEC16A":-1.1919656611468088,"OTUD5":-0.5586653665640946,"CDC34":-3.1688689923828908,"MYO1C":-1.3226598539145198,"CFLAR":-0.9344163809492096,"PDLIM7":-3.912275993491941,"TRAF3":-2.42094848192469,"USP1":-1.0314307277196562,"ISG20":-1.021064895183512,"TNK1":0.0,"RAB35":-2.641799515126824,"SERPINB9":-0.9150330291687112,"MARCKS":-4.362816407069534,"NEDD4L":-2.7468468991379935,"FYN":-3.0233410102981675,"CREBBP":1.5726914377732641,"DYRK1A":-0.2746656524904478,"MAP3K14":0.0,"ZAP70":-0.23182949674898928,"SMURF1":0.0,"GIMAP1-GIMAP5":-2.846943729831732,"CD8A":-1.0234885122528339,"TRIM25":-1.2217001839191042,"ITK":-2.2393379341224326,"SLFN5":-1.855263045401556,"CD27":0.0,"GIMAP7":-3.104545482846001,"SYNE2":-1.4614835954004486,"PANX1":-2.4240097779474326,"TUB":-1.3620498432941555,"ERBB2":0.0,"ERBIN":-1.9875978040626294,"CCDC120":0.0,"FLOT1":-2.1160343770759966,"PLCG1":-0.031700002750456736,"GPRIN3":-4.034179716447818,"LAMP3":0.0,"CAV1":-0.1785760131450302,"GIMAP4":-4.686110019556205,"BAG3":-2.101423095357921,"RNF216":1.3750371244114776,"FOXO1":-2.884062168569018,"DLG3":-0.22569670083722412,"PPARD":0.0,"LCK":-1.3865356357661618,"PTK2":-5.261812821683099,"CAMK2D":-2.9448055244753175}},"Overall Survival":{"min":-6.0,"max":6.0,"top_text":"High Survival Correlation","bottom_text":"Low Survival Correlation","map":{"LAMP3":0.0,"ITK":1.14020386999878,"PPARD":0.0,"TRIM25":0.2458395830255259,"CD8A":1.219874216999563,"FLOT1":-0.41900163861344325,"TNK1":0.0,"CAMK2D":0.1411152682837813,"FOXO1":0.17649337025289646,"PLCG1":-0.31967430879277325,"SLFN5":0.7015270250520759,"BAG3":0.4373527468347968,"SMURF1":0.0,"SEC16A":0.1657490665031022,"GIMAP7":0.025521516647360007,"CFLAR":-0.379705822551164,"PDLIM7":0.39358009048523723,"NEDD4L":-0.4778244840024936,"GIMAP1-GIMAP5":0.35749001628632693,"CREBBP":-0.13014199665467036,"USP1":-0.3806178297581305,"PTK2":0.05733610165642171,"ISG20":-0.03000430003787487,"CCDC120":0.0,"TNIP1":0.28242677848685543,"RAB35":0.719694805196785,"DLG3":-0.3756664992269337,"MAP3K14":0.0,"CD27":0.0,"TRAF1":0.5588902253958205,"GIMAP4":1.8454585315003986,"SYNE2":-0.4774845671902501,"DYRK1A":-0.33711459088641854,"MARCKS":-0.4569111707143705,"ZAP70":0.669129908878462,"PANX1":0.321817152536373,"GPRIN3":0.7134987126575488,"CDC34":-0.381032394830566,"ERBB2":0.0,"ERBIN":1.2350683201868708,"LCK":1.0729095060745721,"FYN":1.6366995096623498,"MYO1C":1.3468020768687552,"NCAM1":-0.4759500010775923,"CAV1":-0.14447947551038773,"TRAF3":-0.752550069218948,"TUB":0.03349683811075085,"GRK5":0.8546270727695213,"OTUD5":-0.4896279499790693,"SERPINB9":0.9781453686837204,"RNF216":-0.21439964030475178}},"Mutation NPM1":{"min":-30.0,"max":30.0,"top_text":"High NPM1 Correlation","bottom_text":"Low NPM1 Correlation","map":{"LAMP3":0.0,"TRIM25":-0.009583914399497226,"CDC34":-6.399253839580926,"CCDC120":0.0,"PTK2":-4.452671700472327,"TRAF1":-2.134372640118153,"RAB35":0.5470041419794166,"FYN":-0.017499207158208355,"GPRIN3":0.3932579044462887,"GIMAP7":-0.38672665555767893,"LCK":-1.2471229313132164,"ISG20":-4.698855700390634,"NEDD4L":-9.248514500986673,"CFLAR":1.4983475878777268,"PLCG1":-5.032216712728354,"OTUD5":-6.046640914807478,"GIMAP4":0.5646259364290553,"TNK1":0.0,"TRAF3":-3.2059579024645535,"FOXO1":-7.277903879083035,"BAG3":-0.0033574526494247687,"SLFN5":0.32542847524293017,"RNF216":-0.4473340546085935,"MAP3K14":0.0,"SMURF1":0.0,"ZAP70":-2.793871658510098,"CAV1":-0.6693585076647097,"MARCKS":0.08562052564508797,"ITK":-2.227680290686501,"PDLIM7":0.8809161841776008,