{"Overall Survival":{"min":-6.0,"max":6.0,"top_text":"High Survival Correlation","bottom_text":"Low Survival Correlation","map":{"PRDX2":-0.29923871980689154,"COL6A1":0.11900443223928922,"TRPC1":0.0,"NOTCH3":0.0,"WNT5A":0.0,"DCN":0.0,"LRIG3":0.0,"ADH1B":0.1028997045145678,"CADPS2":0.0,"CNN3":0.015342356904655834,"KCNJ8":0.0,"LAMA4":0.0,"TMEM47":0.0,"PLS3":-0.015417755630324133,"SNAI2":0.0,"PROS1":1.3406097886081456,"CDH11":0.0,"C1QTNF1":0.0,"VGLL3":0.0,"FSTL1":-0.0935963150189377,"PRELP":0.0,"TENM2":0.0,"ENPEP":-0.14910496782970956,"IGFBP5":0.0,"PDGFRA":0.0,"DDAH1":-0.626068721064791,"EGFR":0.0,"BCAR1":0.0,"SELENBP1":-0.25084987871681225,"COL1A2":1.296955019233559,"FBN1":0.24356436491552003,"GNG12":0.13499480718515627,"TRPC6":0.0,"UCHL1":0.05869138050309752,"FABP4":-0.2748736579230503,"NENF":0.13778112852333438,"PRXL2A":-2.7967672385779965,"CHST3":0.0,"COL3A1":0.0,"IGFBP4":0.0,"FMO2":0.0,"CALML5":0.05539881481476859,"COL12A1":0.0,"TMEM132C":0.0,"SULF1":0.0,"HSPA4L":-0.39611192692737385,"TNC":0.30603392817498637,"COL14A1":0.10781030741045874,"LRRC4C":0.0,"ADAM33":0.0,"MMRN2":0.0}},"Mutation FLT3 ITD":{"min":-10.0,"max":10.0,"top_text":"High FLT3 ITD Correlation","bottom_text":"Low FLT3 ITD Correlation","map":{"MMRN2":0.0,"TNC":-0.728785817090159,"DCN":0.0,"SULF1":0.0,"COL3A1":0.0,"FMO2":0.0,"NENF":-0.5519621632643473,"TRPC1":0.0,"GNG12":-1.2792884628260779,"EGFR":0.0,"LRRC4C":0.0,"FBN1":-0.2963259108162168,"ENPEP":-1.8347128548353293,"FABP4":-0.8821417171943157,"TRPC6":0.0,"NOTCH3":0.0,"WNT5A":0.0,"PRXL2A":-1.6794873517661624,"HSPA4L":0.22519734786333956,"COL6A1":0.4354447260078867,"PDGFRA":0.0,"PRELP":0.0,"PLS3":0.015115645786355193,"LAMA4":0.0,"COL14A1":-0.25352258561542057,"ADH1B":-0.4960972675269791,"PRDX2":-1.6581385206224704,"TMEM47":0.0,"UCHL1":-0.89518724934319,"LRIG3":0.0,"FSTL1":-0.6735735909578374,"SELENBP1":-2.0774441250773683,"IGFBP5":0.0,"CNN3":-2.5235105821300308,"CADPS2":0.0,"ADAM33":0.0,"DDAH1":0.22268379211104766,"TMEM132C":0.0,"C1QTNF1":0.0,"CHST3":0.0,"CALML5":-0.6268218447981001,"SNAI2":0.0,"TENM2":0.0,"CDH11":0.0,"IGFBP4":0.0,"COL1A2":-0.7590674959536498,"COL12A1":0.0,"PROS1":-1.2920917668090575,"KCNJ8":0.0,"BCAR1":0.0,"VGLL3":0.0}},"NPM1 Subtype":{"min":-37.0,"max":37.0,"top_text":"Committed NPM1 Subtype","bottom_text":"Primative NPM1 Subtype","map":{"ADH1B":1.2394504427825748,"SNAI2":0.0,"PLS3":-1.0401276465382887,"KCNJ8":0.0,"HSPA4L":-1.828422312723028,"CALML5":-0.08797666646653667,"WNT5A":0.0,"PDGFRA":0.0,"LAMA4":0.0,"C1QTNF1":0.0,"EGFR":0.0,"PRDX2":0.16868858074096924,"MMRN2":0.0,"SULF1":0.0,"ADAM33":0.0,"COL12A1":0.0,"PRXL2A":0.7070322619073239,"NENF":-0.237363707817718,"VGLL3":0.0,"IGFBP4":0.0,"FABP4":0.9312806383530625,"FBN1":0.18857629081003793,"TNC":1.1637325303887707,"CADPS2":0.0,"UCHL1":-0.4845904341777744,"PRELP":0.0,"COL1A2":0.3721132665539138,"CNN3":-0.8795547039323403,"LRRC4C":0.0,"DCN":0.0,"PROS1":0.9369832996137601,"NOTCH3":0.0,"COL14A1":-1.1110204546622424,"IGFBP5":0.0,"FMO2":0.0,"CHST3":0.0,"LRIG3":0.0,"TRPC1":0.0,"COL6A1":-1.0892384215419362,"BCAR1":0.0,"FSTL1":-0.10286795684534265,"TENM2":0.0,"CDH11":0.0,"TMEM47":0.0,"COL3A1":0.0,"GNG12":-0.1999501867303338,"ENPEP":0.2488044333054889,"TRPC6":0.0,"SELENBP1":-0.2998811343057042,"DDAH1":-2.0431736088160672,"TMEM132C":0.0}},"Mutation NPM1":{"min":-30.0,"max":30.0,"top_text":"High NPM1 Correlation","bottom_text":"Low NPM1 Correlation","map":{"CHST3":0.0,"GNG12":-1.7649016386696357,"SULF1":0.0,"PRELP":0.0,"COL14A1":0.6336229272579961,"SNAI2":0.0,"IGFBP5":0.0,"LRRC4C":0.0,"SELENBP1":-5.220985852152947,"CALML5":-0.5805418488165762,"C1QTNF1":0.0,"HSPA4L":-2.199324092198294,"PLS3":-1.746918612774971,"NENF":-0.2589911707423973,"TNC":-0.5117846127507618,"TRPC6":0.0,"ADAM33":0.0,"KCNJ8":0.0,"COL1A2":-1.8212602710517567,"BCAR1":0.0,"TMEM47":0.0,"VGLL3":0.0,"LAMA4":0.0,"COL12A1":0.0,"PDGFRA":0.0,"CDH11":0.0,"IGFBP4":0.0,"ENPEP":-1.0503390121638427,"FSTL1":-2.4253095331238566,"COL6A1":-0.867418515260306,"WNT5A":0.0,"ADH1B":-0.1569192459308473,"TRPC1":0.0,"COL3A1":0.0,"TMEM132C":0.0,"DCN":0.0,"TENM2":0.0,"FBN1":-1.0185120046250324,"PRXL2A":-4.7422569816511935,"PROS1":-0.7769140611259496,"NOTCH3":0.0,"FMO2":0.0,"LRIG3":0.0,"FABP4":-0.2651724847205098,"UCHL1":-7.610519233000733,"CADPS2":0.0,"CNN3":-4.228246470928368,"EGFR":0.0,"DDAH1":-0.4710574608117551,"PRDX2":-5.17690090540178,"MMRN2":0.0}},"MuSiC CD14 Mono":{"min":-50.0,"max":50.0,"top_text":"High CD14 Mono Correlation","bottom_text":"Low CD14 Mono Correlation","map":{"PLS3":-0.3567861485889593,"EGFR":0.0,"COL6A1":-0.4369789205719287,"BCAR1":0.0,"CHST3":0.0,"COL14A1":-0.7813613288175876,"TNC":0.7036456767310176,"TMEM132C":0.0,"CADPS2":0.0,"ADAM33":0.0,"FSTL1":0.03155382128284532,"SELENBP1":-0.06520081528817624,"PROS1":0.9748206227585573,"IGFBP5":0.0,"WNT5A":0.0,"KCNJ8":0.0,"COL1A2":0.05504844875566271,"HSPA4L":-1.2423846000666725,"ENPEP":-0.061981655333758344,"COL3A1":0.0,"C1QTNF1":0.0,"SULF1":0.0,"ADH1B":0.5804522734518397,"IGFBP4":0.0,"CALML5":-0.170943856845313,"UCHL1":-0.3405229673820808,"CNN3":-0.988697858603278,"LRIG3":0.0,"LAMA4":0.0,"TENM2":0.0,"LRRC4C":0.0,"FBN1":0.5411165606591427,"PDGFRA":0.0,"MMRN2":0.0,"COL12A1":0.0,"DCN":0.0,"FABP4":0.7087326277317223,"DDAH1":-0.5513589497364507,"NENF":-0.05794729043534465,"NOTCH3":0.0,"TMEM47":0.0,"GNG12":-0.2710666339294709,"PRELP":0.0,"TRPC6":0.0,"TRPC1":0.0,"CDH11":0.0,"SNAI2":0.0,"PRDX2":-0.1041895856643761,"FMO2":0.0,"VGLL3":0.0,"PRXL2A":-0.1310135357131195}},"Blast Percent":{"min":-11.0,"max":11.0,"top_text":"High Blast Percent Correlation","bottom_text":"Low Blast Percent Correlation","map":{"SNAI2":0.0,"FABP4":-0.9101581063532107,"PDGFRA":0.0,"PROS1":-5.494457702019531,"LRRC4C":0.0,"COL12A1":0.0,"CDH11":0.0,"PRELP":0.0,"KCNJ8":0.0,"LAMA4":0.0,"TMEM47":0.0,"PLS3":-1.7696740000303368,"TRPC6":0.0,"COL14A1":-0.5052139516707083,"SELENBP1":-3.673552089920359,"C1QTNF1":0.0,"CALML5":-0.9718996870039635,"DCN":0.0,"TRPC1":0.0,"CHST3":0.0,"UCHL1":-0.7261149939253873,"FSTL1":-2.295404513652364,"COL3A1":0.0,"EGFR":0.0,"DDAH1":-2.694883603301262,"CNN3":-1.3805734488942967,"CADPS2":0.0,"NOTCH3":0.0,"COL6A1":-0.6410074068597889,"VGLL3":0.0,"ENPEP":-0.48486506746923186,"SULF1":0.0,"ADH1B":-1.1481125489373825,"ADAM33":0.0,"WNT5A":0.0,"MMRN2":0.0,"LRIG3":0.0,"FBN1":-2.9241013319594593,"IGFBP5":0.0,"NENF":-2.968094667755925,"GNG12":-0.9046075223213653,"TNC":-1.0385885187614756,"TENM2":0.0,"HSPA4L":-2.4247542887015605,"IGFBP4":0.0,"PRDX2":-2.9409683650582927,"TMEM132C":0.0,"FMO2":0.0,"COL1A2":-1.7952954933526935,"PRXL2A":-0.544255802659727,"BCAR1":0.0}}}