{"Blast Percent":{"min":-11.0,"max":11.0,"top_text":"High Blast Percent Correlation","bottom_text":"Low Blast Percent Correlation","map":{"CSE1L":0.26730586303547904,"EIF3F":0.17676598937101257,"SYNCRIP":5.106631080625599,"CNOT1":2.4289050966163273,"EIF4B":-1.9485170234957006,"FXR1":5.603267652794936,"RIOK1":0.35327132941688766,"CCT3":-0.3142774196153831,"TDRD3":1.315486918523588,"SERBP1":-0.8653715114081116,"USP10":1.1485195935963546,"ATXN2":1.813553740880735,"G3BP1":2.6976147958316554,"EIF3D":-0.6266987548373357,"PABPC1":-1.8914257017393472,"CAPRIN1":2.83809889332757,"CAND1":-0.22250843543020635,"CIAPIN1":0.2972419147710209,"ATXN2L":1.2396366021781298,"YWHAE":0.12413977051627836,"NUDCD2":-0.05163386068558452,"EIF3G":-0.6486951097395944,"EIF3E":-0.8470790559095668,"EIF3I":0.19758710958570597,"EIF3C":-0.18635262258523247,"YTHDF2":1.256241831791291,"APEX1":5.490836922945718,"CCT6A":-0.39571982277426276,"EIF3B":0.39072823684199715,"YWHAQ":0.4517947544020236,"HSP90AA1":-0.26605461016165755,"HNRNPA1":2.296961443750863,"NPM1":2.0044213784871614,"G3BP2":0.18700152513148013,"EIF4E":-0.025387188918019256,"DDX6":0.4255803692632906,"YBX1":-1.3931622530946504,"UPF1":0.42439533629512294,"DDX3X":-0.11777438695171445,"HSPA4":-0.08476691278570621,"BTF3":0.44319419370746266,"HSP90AB1":1.433877292544966,"TARDBP":3.187912959800039,"EIF3M":-2.1102172759756908,"UBAP2L":0.9883804146505466,"FUBP3":5.09305148125218,"CSDE1":-0.14759494625145114,"ELAVL1":5.4261742330537475,"ANKRD17":2.759960873750725,"LSM12":2.0583523504678594,"EIF2A":-0.32246444189256823}},"MuSiC CD14 Mono":{"min":-50.0,"max":50.0,"top_text":"High CD14 Mono Correlation","bottom_text":"Low CD14 Mono Correlation","map":{"HSPA4":-0.4123427992593957,"FXR1":-5.1350233429049394,"EIF3B":0.4445124138568268,"FUBP3":-1.6259762477894222,"NUDCD2":-2.514460672252489,"EIF3D":1.54237616767531,"YWHAQ":-3.2745416146455733,"SERBP1":-6.54426641769853,"EIF4B":-1.7763458919694184,"CCT3":-0.2716475955009964,"ATXN2L":-2.382667347663439,"HSP90AA1":-1.4447769369335224,"EIF3E":0.7722224622531306,"APEX1":-8.554182832038181,"EIF3G":0.47114302235243594,"USP10":0.04415980663379792,"EIF3I":0.4259400132522071,"UBAP2L":-3.850646031888466,"UPF1":1.3139946640447007,"HSP90AB1":-1.4802449665652917,"PABPC1":0.25614577207126155,"ELAVL1":-5.795188363841036,"YBX1":-1.5426597790216727,"EIF3F":0.413652807692151,"HNRNPA1":-2.61077905937356,"TDRD3":-2.6783102063154747,"DDX3X":2.0294490893096935,"BTF3":-2.3047761601834353,"YTHDF2":-4.329724133701688,"NPM1":-17.855123193602328,"EIF2A":2.511400984951041,"CNOT1":-1.2718927490672431,"RIOK1":-6.7407323796619565,"LSM12":-2.1837999534363743,"CSE1L":-1.0595730578227733,"CCT6A":-0.5961862828579956,"G3BP2":-0.1295819155366038,"CSDE1":3.0943354791123423,"ANKRD17":-3.1803833904601353,"YWHAE":-0.16466344982753647,"CIAPIN1":-0.8247904411855342,"CAND1":-1.5314979986477768,"ATXN2":-8.853826632580777,"DDX6":-2.298697094935558,"G3BP1":-5.008832862582803,"SYNCRIP":-9.696583835704184,"EIF3C":0.762616428061147,"CAPRIN1":-6.783214164250447,"TARDBP":-4.245821268526845,"EIF3M":1.2526672214702554,"EIF4E":-2.626759549166998}},"Mutation FLT3 ITD":{"min":-10.0,"max":10.0,"top_text":"High FLT3 ITD Correlation","bottom_text":"Low FLT3 ITD Correlation","map":{"EIF3D":0.9279413468875,"USP10":-0.26837792494978463,"SERBP1":-0.8944420247274277,"CAND1":-0.6500378395584071,"DDX6":-0.7528036117982098,"APEX1":0.16260193036553675,"ELAVL1":0.5913233331491544,"EIF3I":0.42331318141574914,"YTHDF2":-0.16883875318817818,"ANKRD17":0.019817623128020122,"HSP90AA1":-0.06635588925647547,"NUDCD2":-0.3632598640729356,"CSE1L":0.15117845538383207,"FUBP3":0.4817224415593858,"YWHAE":0.6321194024960436,"G3BP2":-1.4007390876392527,"YBX1":-1.814446829608121,"TDRD3":2.0379884573956675,"SYNCRIP":-0.044745782367156955,"RIOK1":0.8785316973493585,"HSPA4":3.170040110903423,"ATXN2":0.4709976272174274,"ATXN2L":-2.412126974573314,"EIF3F":0.6839175568761072,"CAPRIN1":1.1970206798246439,"BTF3":0.20302576889871052,"FXR1":-0.05419574126121839,"HNRNPA1":1.9167970952131899,"HSP90AB1":1.357610483532576,"UPF1":0.03664328784526744,"EIF4B":-3.777924852669882,"G3BP1":1.01560861094159,"UBAP2L":0.9066254174299238,"NPM1":-1.0520844031272854,"LSM12":0.5093804840310546,"EIF4E":-0.331783096807961,"PABPC1":-0.4678486933443859,"EIF2A":0.11364018578926582,"EIF3G":0.0772991715568445,"EIF3E":-0.09740380310479793,"CCT6A":0.04087730280328649,"EIF3B":0.40535379813491945,"EIF3C":0.15362951037477293,"CIAPIN1":0.07061714235902337,"CSDE1":0.36287577603456356,"DDX3X":-0.4718270934642163,"TARDBP":-0.10293793747628331,"CNOT1":-0.7539049743073024,"EIF3M":-0.30107055132210464,"YWHAQ":-0.45917329209655067,"CCT3":0.10963602773179969}},"Mutation NPM1":{"min":-30.0,"max":30.0,"top_text":"High NPM1 Correlation","bottom_text":"Low NPM1 Correlation","map":{"CSE1L":-0.9690267318179804,"EIF4B":-8.866800182193957,"HSPA4":2.236903395749233,"CCT3":-1.8919052100657971,"BTF3":-0.15713446686623345,"ANKRD17":-0.23948282264805984,"DDX6":-0.8468038569562953,"TDRD3":2.386521923890122,"EIF3D":0.13013447232519892,"PABPC1":-0.46758976898485516,"CCT6A":1.35268144472197,"CIAPIN1":0.1552322733739861,"SERBP1":-6.525408604785954,"SYNCRIP":-0.19921949120059798,"CAND1":-2.084174301256255,"NPM1":-10.934537178762957,"FXR1":-0.14148894229712425,"NUDCD2":-2.154475877445534,"G3BP2":0.007413685822197673,"LSM12":0.8267289673515046,"CSDE1":0.5409665627521387,"USP10":-0.37489167973877235,"EIF3F":-0.2677655681666524,"YWHAE":0.024387365718097163,"G3BP1":0.6858359635465129,"EIF3I":-0.23936900341932654,"CNOT1":-0.43627944564591814,"EIF3M":-1.3428729221956353,"HSP90AB1":0.03286583414187847,"UBAP2L":-0.6522478022080188,"YBX1":-14.416265420622745,"APEX1":-0.12706186365657723,"ATXN2L":-0.2575938074181575,"ELAVL1":0.2530478366993009,"EIF2A":0.07610709132666442,"YTHDF2":-0.001283285518315066,"HNRNPA1":3.7789321068814306,"FUBP3":3.7612622473911217,"ATXN2":-0.07820105810349831,"EIF3G":-1.2390918322820816,"EIF3C":-0.45268200466784025,"DDX3X":0.5089671629250507,"EIF3E":-1.7097645638703989,"HSP90AA1":-0.017310282792451177,"TARDBP":0.8606505945935354,"RIOK1":0.10140719603321295,"CAPRIN1":0.5882315724850875,"UPF1":0.08499629813666772,"EIF4E":-1.6113639937297743,"EIF3B":-0.043651694460155994,"YWHAQ":-0.08347603060934672}},"Overall Survival":{"min":-6.0,"max":6.0,"top_text":"High Survival Correlation","bottom_text":"Low Survival Correlation","map":{"FXR1":-0.7857631971807552,"HSP90AA1":-0.4395977594417577,"G3BP1":0.12914425646045768,"CSDE1":0.7824593042268845,"EIF3B":0.09012639880868441,"BTF3":1.2567141881068853,"EIF3E":0.7527780812184838,"UPF1":-1.3064074851223233,"APEX1":-0.7588543947205122,"SERBP1":1.1054910430520377,"RIOK1":0.23075838892184,"CIAPIN1":-0.017478867892524258,"TARDBP":-0.1632180998388905,"TDRD3":0.01129078954788414,"UBAP2L":0.23148290664488536,"YTHDF2":-0.1947362951964125,"LSM12":-0.49964645008996694,"ELAVL1":-1.1786608147175661,"YWHAQ":-0.09361815362891124,"USP10":0.05874466994901353,"DDX6":-0.49150578421242597,"PABPC1":0.5440924085831156,"ATXN2":-0.972671883366346,"ANKRD17":-0.0930329666579842,"HNRNPA1":0.11952428214768816,"CAPRIN1":0.225211619287008,"EIF3F":0.48394214682597253,"CAND1":-1.0703811446593767,"SYNCRIP":-0.07728604024445074,"CCT3":-0.05479278900607222,"EIF4E":-0.9631093073997322,"HSPA4":-0.07023709911317856,"YWHAE":-0.5509604084690057,"YBX1":2.598694558271407,"HSP90AB1":0.5144695241166105,"DDX3X":1.6002890017361384,"ATXN2L":0.09027384284819047,"CSE1L":0.19995125303461,"EIF3M":0.2999279882475047,"NPM1":0.521776265381839,"EIF2A":-0.06669746769368816,"G3BP2":-0.6645317930333312,"EIF3I":0.13725946954371396,"EIF3G":0.44588482929322454,"EIF3C":0.8094747670896865,"CNOT1":-1.91729052280668,"EIF3D":0.627555222163967,"CCT6A":0.038005803352054585,"NUDCD2":0.01678533676360758,"EIF4B":-1.0077942350078506,"FUBP3":-0.401793005240595}},"NPM1 Subtype":{"min":-37.0,"max":37.0,"top_text":"Committed NPM1 Subtype","bottom_text":"Primative NPM1 Subtype","map":{"UPF1":0.29795341701585665,"EIF3F":0.5326189648201313,"G3BP2":0.05444591761800741,