{"Mutation FLT3 ITD":{"min":-10.0,"max":10.0,"top_text":"High FLT3 ITD Correlation","bottom_text":"Low FLT3 ITD Correlation","map":{"SPAG9":1.3030852367263035,"GAPVD1":-3.3050803211002555,"UBAP1":-0.39226339018492506,"YWHAH":-3.381042395854847,"MPP1":-1.3596622810645858,"VCP":0.6465270878514207,"KPNA6":0.3202974223987275,"TRIP12":2.36396015981713,"CUL3":-0.9784886029101236,"KCMF1":-1.7566489694038172,"CBL":-2.0880097101636164,"WNK1":-1.6487619194596332,"USP7":2.357916905155225,"YOD1":-1.853788604897015,"HERC1":-1.0242870864855558,"USP47":-0.5105369141269676,"PSMD3":-0.5810032902766465,"RILP":-1.0585830219109844,"GBF1":0.000706485482838861,"KPNA1":-1.493314992255953,"AP2S1":-1.0880763785895589,"DMTN":-1.6425040913243936,"AP2A1":-1.3349839509654033,"RNF123":-1.9947135023050977,"GRB2":-0.11806133918238056,"DDI2":-1.4800024627468422,"FBXO7":-2.060037191118317,"EP300":-0.034602454011254884,"USP32":-0.07556234363559446,"AGO2":-2.0804460697985765,"SLC2A1":-0.9754541686952591,"TRIOBP":-0.20767937453617635,"PRKAG1":-2.9152374590787056,"UBAC1":-2.013566642919455,"DCLRE1A":0.0,"CSNK1A1":-0.6634637140122477,"PSMD13":-1.1571030697763978,"ALAD":-2.0009953658361574,"ZRANB1":0.0,"GCLM":-1.2609675391342856,"VCPIP1":-2.5159697039080213,"BLVRB":-1.3041748476940855,"GCLC":-1.2756455682034065,"BMP2K":-1.4755140982538948,"ATG2A":0.6916490506515075,"EPS15L1":-1.2002113958720084,"AP2M1":-0.7700670324266429,"USP9X":-0.9588847108477531,"USP15":0.10823428946239996,"UBR4":-2.759374749257947,"DCAF11":0.2975445602654513}},"MuSiC CD14 Mono":{"min":-50.0,"max":50.0,"top_text":"High CD14 Mono Correlation","bottom_text":"Low CD14 Mono Correlation","map":{"EPS15L1":0.9625352790119749,"GBF1":3.6988395949874597,"AP2M1":12.04712308989827,"UBR4":1.9551282706507656,"YWHAH":8.990882774908188,"KPNA1":4.02269528751656,"AGO2":-0.34542183136136395,"FBXO7":-0.4503500246385786,"HERC1":2.226241294597681,"ATG2A":0.09833207680384068,"CUL3":-0.05964923269274174,"DCAF11":0.818261771663353,"SPAG9":1.5051379983663336,"WNK1":2.5640729953170096,"CBL":19.518588068698016,"PSMD13":2.005657590495357,"UBAP1":6.50184033690187,"VCPIP1":6.413359421161197,"MPP1":-0.6323548530937492,"GAPVD1":2.2057250990341037,"VCP":1.5189312094049967,"AP2A1":10.601542055349661,"DMTN":-0.17843029294865387,"SLC2A1":0.0227579759535933,"USP47":0.3660899668065954,"PRKAG1":3.122727669920737,"DCLRE1A":0.0,"USP9X":5.374110229014715,"GCLC":1.3770810814175896,"ZRANB1":0.0,"KPNA6":0.7199258036085239,"BMP2K":2.491721281394122,"UBAC1":0.2407387382722135,"USP32":7.248419699919609,"KCMF1":1.3656816471418327,"RILP":0.9001820187874188,"AP2S1":5.969404506560203,"TRIOBP":19.652049880573497,"EP300":3.2515858328739564,"GCLM":0.32819830134398514,"RNF123":0.10999721481948381,"YOD1":-0.10038926939348335,"ALAD":0.9787819417745666,"DDI2":0.47619934977893114,"TRIP12":9.527608673328828,"USP7":0.7962731218285035,"BLVRB":1.7088636847477807,"USP15":4.959830447578367,"GRB2":17.20549236045125,"PSMD3":1.6228124477320665,"CSNK1A1":-0.38244806321764246}},"Mutation NPM1":{"min":-30.0,"max":30.0,"top_text":"High NPM1 Correlation","bottom_text":"Low NPM1 Correlation","map":{"GAPVD1":-5.35836316162537,"KPNA6":0.5096857380376508,"TRIP12":4.044600623273153,"BLVRB":-3.9750424294338855,"AP2M1":-1.8477279115869574,"TRIOBP":2.2020501687628142,"USP7":1.5848326548981395,"UBR4":-5.507084267223371,"VCP":0.11302685320097508,"YOD1":-6.478504824804754,"DCAF11":1.3807184465397382,"ALAD":-5.635530067594447,"EPS15L1":-2.514880451793566,"YWHAH":-3.5548912138670423,"USP9X":-2.2693757633917895,"AGO2":-5.12058561312332,"UBAP1":-1.434204156424303,"CSNK1A1":-1.3742408945891014,"MPP1":-4.132551248606973,"DMTN":-4.990928927370866,"ZRANB1":0.0,"GRB2":0.03976063579371648,"BMP2K":-2.6185263951044075,"WNK1":-2.980054597552976,"RILP":-2.6993707634712947,"AP2S1":-1.8365784864643273,"PSMD3":-1.9540168438234147,"HERC1":-0.8660451404212468,"SLC2A1":-5.033925565690486,"ATG2A":-0.5898728121307039,"PRKAG1":-3.97328002681998,"USP47":-0.30156055835214646,"CUL3":-2.2515911466766627,"USP15":-1.144319171002313,"GBF1":0.12249252281180531,"GCLM":-4.876173140033059,"RNF123":-5.914021392568401,"DDI2":-4.859818250559698,"PSMD13":-3.176753337836246,"KPNA1":0.19557903140999738,"GCLC":-4.6193707310813785,"VCPIP1":-2.843220894979653,"FBXO7":-5.868148557716225,"CBL":-0.9976313037172426,"USP32":1.2549883213112052,"KCMF1":-3.478188038217873,"DCLRE1A":0.0,"UBAC1":-5.9965377960013155,"EP300":1.1861962538320805,"AP2A1":-2.471577505156577,"SPAG9":2.9630787044150386}},"Blast Percent":{"min":-11.0,"max":11.0,"top_text":"High Blast Percent Correlation","bottom_text":"Low Blast Percent Correlation","map":{"USP15":-6.407596288920305,"USP9X":-4.79815768706717,"YWHAH":-5.101302261631965,"VCP":-0.7002938526615667,"GCLM":-3.892244594374263,"WNK1":-5.140515438985222,"RNF123":-3.638398421891589,"PSMD13":-4.117267271889447,"TRIP12":-0.25205795560966815,"KCMF1":-2.8255478129195573,"UBR4":-4.506426620477273,"YOD1":-3.922522558275025,"PRKAG1":-5.6495040854452165,"BMP2K":-6.110226693987597,"UBAP1":-4.712972157120274,"VCPIP1":-3.5259281566081984,"DMTN":-4.307811207812558,"GCLC":-4.346988992744341,"KPNA6":-1.1523989590189228,"MPP1":-1.800961288545048,"HERC1":-5.804701679865617,"USP32":-2.38775695997029,"USP47":-1.844437566109661,"GRB2":-1.799443526639074,"AGO2":-1.0389142262952271,"RILP":-3.6354834703644547,"DDI2":-4.032559320132123,"SPAG9":-0.359251963932037,"GAPVD1":-4.558139019160084,"GBF1":-3.271627037256626,"EPS15L1":-3.2958081021376495,"AP2A1":-4.546805584169272,"ALAD":-4.252609968745195,"ZRANB1":0.0,"UBAC1":-3.964470779059464,"AP2S1":-3.2113641809236686,"CSNK1A1":-0.9819445758991996,"SLC2A1":-3.2215377531880747,"CBL":-1.8041329373669555,"DCAF11":-3.1714064148816172,"USP7":-0.17952181335902687,"BLVRB":-4.219304750765901,"ATG2A":-3.8183533519002983,"FBXO7":-2.2574509679608794,"KPNA1":-2.876231403868477,"CUL3":-0.6497114066515164,"TRIOBP":-2.075136681988616,"AP2M1":-4.707746942998365,"EP300":0.862749302531665,"DCLRE1A":0.0,"PSMD3":-3.151596888622102}},"NPM1 Subtype":{"min":-37.0,"max":37.0,"top_text":"Committed NPM1 Subtype","bottom_text":"Primative NPM1 Subtype","map":{"DCAF11":0.05789794312913434,"USP9X":1.08421215741836,"GAPVD1":0.5223441765798165,"UBR4":0.4758891701490661,"UBAP1":6.14931445167458,"SPAG9":0.6842262062707798,"AP2A1":4.337239058977369,"PSMD13":0.7324496857065,"RILP":0.15213846976939413,"BMP2K":0.49080653173064054,"TRIOBP":14.266135500963017,"VCP":0.2996924545798663,"BLVRB":0.3572962966250322,"DMTN":-0.22361960897319863,"ZRANB1":0.0,"GCLM":-0.19343134450147853,"DCLRE1A":0.0,"YOD1":-0.06380084003293655,"CSNK1A1":-0.3357312820686787,"GBF1":2.8859602946221474,"AGO2":-0.4210406641266647,"USP32":5.599344422462163,"FBXO7":-0.3067639959262162,"CBL":18.932964507898838,"AP2M1":4.953669835504327,"VCPIP1":4.777003038753321,"USP7":-0.14774802264103765,"MPP1":-0.6461503296678665,"USP47":-0.025751979206462102,"ALAD":0.39339869244677417,"EPS15L1":0.7721127714435965,"AP2S1":2.8470374620199066,"RNF123":-0.042521644802099044,"WNK1":0.9200384716629242,"TRIP12":6.018331045015103,"DDI2":0.1211183634528908,"SLC2A1":-0.0035470548121659044,"ATG2A":0.016966250157591203,"KPNA6":-0.04660062225774862,"PRKAG1":2.3874767831580233,"CUL3":0.24580918014352354,"EP300":1.921502290883876,"GRB2":16.273473727153373,"KCMF1":1.174433300247098,"PSMD3":0.29571275312401035,"HERC1":1.6762017584120439,"KPNA1":3.1248292254227064,"UBAC1":0.030351105618226397,"GCLC":0.25678395213916233,"USP15":2.095333986342339,"YWHAH":8.375739069063975}},"Overall Survival":{"min":-6.0,"max":6.0,"top_text":"High Survival Correlation","bottom_text":"Low Survival Correlation","map":{"ZRANB1":0.0,"USP7":-0.21921626275164896,"GAPVD1":0.1216608562567337,"EP300":-0.33887591101364556,"DMTN":-0.8890314825445215,"GRB2":-0.028500014139479373,"USP15":-0.45281930380904195,"MPP1":-0.2194055630823405,"TRIOBP":-0.34368544441655074,"FBXO7":-1.0505412838441193,"CBL":-0.055113403728386495,"PSMD3":-0.04159084324827069,"CSNK1A1":-0.26405792462256966,"VCPIP1":0.6337616785742531,