{"Mutation FLT3 ITD":{"min":-10.0,"max":10.0,"top_text":"High FLT3 ITD Correlation","bottom_text":"Low FLT3 ITD Correlation","map":{"RAB11B":-0.3230009901657059,"HS1BP3":1.3980005214333107,"KRAS":0.07625659147457894,"GDI1":-1.3042167742153066,"QARS1":0.13566442614825133,"NADK":-0.3493768824178838,"UBE2L3":-0.05188095505830841,"PITPNA":-0.32104229125704287,"RAB7A":-0.3307547964297888,"GDI2":0.9983000321419869,"TAGLN2":1.701260081454372,"RAB1A":0.07794940552015603,"RAB35":-1.6330288134284061,"ANKFY1":-0.10800257835010547,"RAB6A":-1.5506156692189565,"CUL5":-1.4729242173773154,"ACAP2":0.2045360907722772,"ASL":-0.4341343226864696,"RAB2A":-0.3568025264801468,"ZZEF1":-0.1239320502649994,"TNPO3":0.7686833373646499,"RAB43":-2.3119460143743567,"FADD":-0.8690936177937835,"RAB11A":0.0,"RAB5C":-1.3583057221959507,"AP2M1":-0.7700670324266429,"RAB33B":-1.8167101437018813,"ARF1":-0.6628587708738172,"PCMT1":-1.3224159062004288,"RAB4B":-0.563412207418824,"GOT1":0.19554836845027207,"SIRT7":-2.4924216170661224,"RAB24":-0.1976592075376946,"ARHGDIA":-0.7941865786107286,"USP25":0.04935306190483708,"SH3GLB2":-1.8412002494290889,"ARF6":1.0057614505913428,"RABGGTA":-1.066924470601587,"STX7":-0.3143328177525132,"WDR44":-1.8891264377396046,"RAB1B":-0.2520970629157665,"RAB8B":-0.30177246749523606,"RAB5A":-0.24833186344575767,"MSN":-0.3919554720983482,"DNASE1L1":0.39578377533746134,"RAB14":-0.03813539831396095,"PITPNB":-0.34273623643542106,"RAB10":0.16238001865145227,"PGP":-0.6618095311700714,"FBP1":0.2672695653236245,"NSF":-0.007673822521779174}},"MuSiC CD14 Mono":{"min":-50.0,"max":50.0,"top_text":"High CD14 Mono Correlation","bottom_text":"Low CD14 Mono Correlation","map":{"HS1BP3":18.354316876721104,"RABGGTA":9.226595052603901,"GOT1":0.1497533418590504,"RAB4B":13.72496219946487,"PGP":10.547823335050817,"RAB1A":17.70543135647485,"UBE2L3":3.221609742375012,"QARS1":5.764094542093071,"RAB35":9.646633740505852,"RAB14":16.073601280344658,"RAB10":13.073168714334573,"GDI2":7.843767394128772,"STX7":7.278791771582772,"ANKFY1":21.715884593912985,"DNASE1L1":21.344333070541694,"PITPNB":-0.06537167602884959,"RAB1B":9.83438415272472,"MSN":19.110461017404358,"CUL5":-0.23601020089418956,"ARF1":7.165284621871179,"RAB5A":4.168069823818585,"ACAP2":20.596630209999333,"RAB33B":13.111462890463224,"ZZEF1":12.927300799682465,"RAB5C":11.18743479736458,"USP25":17.280449834190414,"RAB8B":11.050311541916596,"KRAS":10.118181926267097,"NSF":13.171088898889515,"RAB2A":14.259990990474959,"FADD":6.235483993348533,"RAB11B":6.048969529014958,"TNPO3":5.251676341078132,"AP2M1":12.04712308989827,"PCMT1":8.34089548043111,"ARHGDIA":13.09137818636643,"SH3GLB2":3.7670610188839033,"ASL":9.022022266876062,"FBP1":26.20141360807004,"GDI1":3.502460703482077,"NADK":41.68362711495564,"SIRT7":2.324632339911338,"WDR44":2.5979696387190883,"RAB7A":10.109813958326479,"TAGLN2":0.10746195116567328,"RAB11A":0.0,"RAB43":3.884806044314491,"RAB6A":5.150310722377017,"PITPNA":5.5916264819783885,"RAB24":24.27071963516524,"ARF6":10.03536031165224}},"NPM1 Subtype":{"min":-37.0,"max":37.0,"top_text":"Committed NPM1 Subtype","bottom_text":"Primative NPM1 Subtype","map":{"RAB11B":5.585442620390565,"ACAP2":13.42714786538807,"AP2M1":4.953669835504327,"STX7":7.051363808817316,"HS1BP3":12.282655089489475,"RAB24":19.31270490036638,"ZZEF1":10.44635420913009,"ARF6":7.691799486544673,"RAB5C":9.827355473628991,"RAB14":10.853933427438507,"PITPNB":-0.7302531473931188,"ANKFY1":15.213977348518682,"ARF1":5.178942094409255,"PGP":7.176606805033509,"GDI1":1.892579392601805,"ASL":4.800092172304446,"RAB1A":12.073309440660637,"USP25":10.007485450844378,"PITPNA":4.042907923177045,"CUL5":-0.3108873112202089,"DNASE1L1":15.053263442243777,"GDI2":5.802714751946064,"RAB2A":12.031544670795375,"RAB43":6.104028055053745,"QARS1":3.9578678266749336,"RAB33B":10.346036192206165,"ARHGDIA":12.965197759518935,"RAB6A":2.8399438982731198,"RAB4B":12.604544137223675,"FADD":3.964125526496729,"TAGLN2":-0.03837200248344523,"SIRT7":3.945118752895223,"GOT1":-0.5995692294066391,"FBP1":22.193084942461343,"RAB11A":0.0,"UBE2L3":2.0192557305142076,"TNPO3":2.396410604930942,"MSN":13.094742962383398,"RAB5A":3.975612951453259,"RAB1B":7.8643461660497795,"RAB8B":9.293172268168128,"SH3GLB2":1.447121563661022,"NADK":25.200246434483322,"RAB35":8.093972135126743,"RAB7A":7.757035592683755,"KRAS":6.744270177015504,"PCMT1":5.964281292156098,"WDR44":2.4762188424318516,"RABGGTA":10.867667796709377,"NSF":8.314398177040967,"RAB10":9.377040575130113}},"Blast Percent":{"min":-11.0,"max":11.0,"top_text":"High Blast Percent Correlation","bottom_text":"Low Blast Percent Correlation","map":{"PGP":-2.8164837726728633,"ARF1":-4.452044534273855,"RAB7A":-2.2192681942343015,"RAB43":-3.4768213868440854,"ARF6":-2.332634397680407,"TNPO3":-1.0874173307739843,"PCMT1":-2.8541345038161134,"RAB2A":-2.328267741329931,"QARS1":-1.1125902950946103,"GDI2":-2.8278378855267867,"RAB5C":-6.235907376326455,"NADK":-3.040354291699128,"FBP1":-3.1977976719777077,"ASL":-0.9513117114932987,"FADD":-0.8576236688294605,"MSN":-1.286731130637734,"CUL5":-0.9267004123206183,"RAB10":-4.569603688108176,"RAB1B":-5.817284908128709,"AP2M1":-4.707746942998365,"WDR44":-2.5737271679641687,"RAB6A":-3.713799997547251,"GDI1":-0.7615989612292272,"GOT1":-1.7462026025762065,"RABGGTA":-3.3056034822649583,"SH3GLB2":-5.083307606536544,"USP25":-6.060335356463803,"ARHGDIA":-1.7154710652155942,"RAB1A":-6.743346474758448,"RAB24":-2.597844084884819,"KRAS":-2.1693013764878573,"TAGLN2":0.6446638816717527,"ANKFY1":-3.644796267196812,"DNASE1L1":-3.76630110938902,"PITPNA":-1.5089002726724645,"RAB11B":-2.830272244131169,"HS1BP3":-1.4154404428415956,"STX7":-1.9700777977188588,"RAB33B":-2.852810625854316,"SIRT7":0.5788573177500507,"RAB4B":-0.9042709259234648,"RAB35":-2.641799515126824,"PITPNB":-0.42907438820474414,"RAB11A":0.0,"RAB8B":-2.3901528259412492,"RAB14":-2.823516257307135,"UBE2L3":-1.2923588142669549,"RAB5A":-1.4401429011325702,"ACAP2":-5.86810338087674,"NSF":-2.538219357363262,"ZZEF1":-4.003108166027533}},"Mutation NPM1":{"min":-30.0,"max":30.0,"top_text":"High NPM1 Correlation","bottom_text":"Low NPM1 Correlation","map":{"RAB5C":-0.5770151584312811,"UBE2L3":-1.3987482431576974,"TNPO3":1.43867573019767,"MSN":1.6700148988138463,"RABGGTA":-0.3122083408590271,"FBP1":1.5441944220902761,"RAB6A":-1.6247066576019467,"PITPNB":-1.3758088014463472,"SIRT7":-0.5221827268086935,"ANKFY1":0.20088806160959632,"RAB11A":0.0,"DNASE1L1":2.2023188332606747,"CUL5":-1.9762356597123538,"STX7":-1.4667243273059174,"PITPNA":-0.37650473471873386,"GOT1":0.5969841552931514,"QARS1":-0.022587418948821096,"PGP":0.2779757783333093,"NADK":0.5981767188040747,"RAB4B":1.6595008348527196,"RAB35":0.5470041419794166,"HS1BP3":5.078081339592265,"USP25":0.30164322431867857,"RAB1B":-0.12825881048925086,"FADD":-0.3010033832164798,"WDR44":-1.5686219626837115,"RAB2A":0.12446822842459274,"ZZEF1":-0.02808665546412742,"ARF6":0.02183481721384159,"ARF1":-1.0332735578133172,"RAB43":-5.446004643151747,"NSF":0.11051031170705056,"RAB24":1.4477022529831378,"PCMT1":-2.594029629274053,"RAB14":1.1106314235675219,"RAB1A":0.41548367348545046,"GDI1":-0.704102892810878,"RAB5A":0.01577026018868355,"AP2M1":-1.8477279115869574,"ACAP2":-0.0659120169545002,"RAB10":-0.12471911885180761,"RAB11B":-0.25440979511367456,"RAB7A":-1.2837774868374832,"KRAS":0.3120119779791907,"GDI2":0.0070276663780892415,"RAB8B":-0.11416082312093094,"SH3GLB2":-1.2631621343184778,"ASL":3.20102008448727,"RAB33B":-1.6876230691662144,"ARHGDIA":-0.5313651619137226,"TAGLN2":5.841704861256641}},"Overall Survival":{"min":-6.0,"max":6.0,"top_text":"High Survival Correlation","bottom_text":"Low Survival Correlation","map":{"WDR44":3.723943751890381,"ARHGDIA":0.3203229696456129,"PITPNB":-0.3438687054052215,"RABGGTA":0.37291447721567356,"ASL":-0.4345842590506625,"RAB1B":0.1722657468566215,"ACAP2":-0.14728524994708675,"CUL5":-2.3942760617300394,"RAB33B":-0.0042236947841033596,"KRAS":0.32504972471163424,"NSF":-1.4187542544888518,"RAB11A":0.0,"SH3GLB2":-0.16726890944437844,