{"Blast Percent":{"min":-11.0,"max":11.0,"top_text":"High Blast Percent Correlation","bottom_text":"Low Blast Percent Correlation","map":{"SAMD9L":-0.331503390393726,"BTN3A1":-1.5532415474524275,"IL16":-2.185433004430284,"IFIT1":-0.6523841880636494,"ABI3":-4.778256798048667,"PSMB9":-0.8896086696921223,"IFI16":0.14600482715568094,"OAS3":-0.9186973362534885,"IFIT2":-0.7211954929811877,"SP100":-1.0047577311118758,"GIMAP2":-0.4349104573339439,"TRAP1":-0.4922462118368054,"GIMAP8":-4.0511821285588345,"PCK2":0.5914009795517682,"HMOX2":-0.27522383130839195,"HLA-F":-3.845856825202788,"MX1":-1.719018977672697,"DTX3L":-0.9410061746748083,"DDX60":-0.5879297297036823,"PARP9":-1.9310918171501659,"PARP14":-1.7215244465912862,"B2M":-0.26342227537376417,"GIMAP6":-2.9859970334796286,"CD48":-4.386456291942712,"TAP1":-0.7004619934777425,"DDX58":0.7735584549773806,"IRF9":-0.2608172926302378,"PLEKHO1":-0.6943783742641442,"HLA-C":-0.30845555055507784,"LONP1":1.1444523728359615,"TAP2":-0.04860030106408232,"IFIT3":-1.028109460996025,"CAMK2D":-2.9448055244753175,"OAS1":-0.7301356499812924,"CLPP":1.4695157069569262,"BTN3A2":-0.7113874253075402,"GIMAP1-GIMAP5":-2.846943729831732,"GIMAP4":-4.686110019556205,"ARHGAP27":-2.870828028853152,"LYN":-3.6433702663498777,"GIMAP7":-3.104545482846001,"RNF213":-0.7904802647894886,"PRKCB":-1.380410744370308,"BTN3A3":-1.7072366543971522,"GPRIN3":-4.034179716447818,"ACAD9":-0.37656864643158616,"GIMAP1":-2.9192007281524894,"SP110":0.48888404862261153,"UBE2L6":0.1197883739833323,"APOL3":-2.8169408668702562,"OAS2":-0.5807548609903815}},"NPM1 Subtype":{"min":-37.0,"max":37.0,"top_text":"Committed NPM1 Subtype","bottom_text":"Primative NPM1 Subtype","map":{"GIMAP2":2.3651282844832946,"GIMAP1":13.963588910960105,"IFI16":-0.9473514198005877,"TRAP1":-0.02683412751083303,"GIMAP6":8.370265371334673,"DDX60":0.36416364777825,"BTN3A2":0.565631678078385,"OAS2":5.645147892262444,"ABI3":12.674857097066736,"IRF9":1.6899582953077281,"PSMB9":6.184973641624733,"DTX3L":7.553959388059997,"PRKCB":14.22727446115253,"TAP2":3.0822086063297487,"LONP1":-3.9789972617560645,"UBE2L6":-0.4772225952454595,"MX1":2.9143326746992058,"B2M":1.113506566619618,"CAMK2D":6.717131599180914,"BTN3A1":1.9193954140533789,"IL16":5.015933568907444,"BTN3A3":0.9014913790129369,"PCK2":0.6648365959931279,"RNF213":7.535732397610735,"DDX58":0.2758105784612248,"GIMAP8":20.695196674584746,"ARHGAP27":14.206132911276503,"LYN":14.423189763765572,"SP110":2.802500123607889,"HLA-F":5.490360743881509,"GIMAP7":10.500992731261078,"PLEKHO1":5.032043145460743,"PARP9":6.8476780553882,"HLA-C":2.0377308622755765,"IFIT1":1.5332112986792883,"TAP1":3.901761512096564,"OAS1":12.965674194439796,"SAMD9L":1.1918470730865711,"CLPP":-0.39062562953059843,"OAS3":0.6401937430314375,"ACAD9":0.4414278311057601,"PARP14":11.084810707932805,"IFIT2":3.1894067494152516,"SP100":4.826532747295425,"IFIT3":2.0325146518435964,"CD48":8.271752681520361,"GIMAP1-GIMAP5":10.704638909453042,"GPRIN3":7.362853349729345,"HMOX2":0.403775531701808,"GIMAP4":11.103465429827589,"APOL3":6.66447647000988}},"MuSiC CD14 Mono":{"min":-50.0,"max":50.0,"top_text":"High CD14 Mono Correlation","bottom_text":"Low CD14 Mono Correlation","map":{"HLA-C":1.7213303896043606,"PARP9":8.644381976815946,"RNF213":7.299860760951492,"GIMAP4":10.520778806403959,"BTN3A1":1.0107634664194887,"SP100":6.974664413092716,"CLPP":-0.6394174915155585,"APOL3":6.559764537134593,"OAS1":11.55141862986193,"HLA-F":5.1367920088929475,"B2M":0.5122657752305886,"OAS2":3.6470130537336023,"IFIT3":1.3354574057957826,"TAP2":2.1259033755018906,"CD48":6.560516571632372,"SP110":2.003840943458686,"BTN3A2":0.11643634960094855,"GIMAP6":15.774829694047794,"IFIT1":0.43550535759690434,"LYN":21.003818451302905,"PRKCB":15.39198120913194,"CAMK2D":7.863276581163394,"MX1":2.0750211203212534,"IFIT2":2.479714096058193,"BTN3A3":0.09390936605894303,"PLEKHO1":2.8334902225984564,"GIMAP1-GIMAP5":15.741942654891822,"PSMB9":4.2657354639433125,"DDX58":0.6823469071381174,"PCK2":0.6432141060597328,"IFI16":-1.8253691354223585,"PARP14":12.175799939820775,"LONP1":-3.254335581842336,"GIMAP8":25.02205778928867,"TAP1":2.611156343247606,"ABI3":10.347205562260301,"GIMAP1":21.04972428035402,"IRF9":2.2659933973574993,"GIMAP7":13.181953235912532,"ACAD9":0.694617689042393,"OAS3":0.4480572490332639,"GIMAP2":3.733851680512709,"SAMD9L":1.010424068366591,"DTX3L":6.303569292019138,"UBE2L6":-1.4312987510583746,"ARHGAP27":13.771860732365552,"GPRIN3":8.475590222367705,"DDX60":-0.2221337989959196,"IL16":4.703645572739251,"HMOX2":-0.16622274962330186,"TRAP1":0.03851812485221763}},"Mutation FLT3 ITD":{"min":-10.0,"max":10.0,"top_text":"High FLT3 ITD Correlation","bottom_text":"Low FLT3 ITD Correlation","map":{"MX1":-1.0017089613244152,"APOL3":-0.39085346596198267,"IFIT2":-0.04276332867281745,"GIMAP1":-0.03584782293404344,"OAS2":-0.5668265823048529,"TRAP1":1.1614952333535238,"CLPP":1.723796926770455,"RNF213":0.03702342757302703,"GIMAP4":-1.71934501474181,"HLA-F":-0.6217051273078833,"OAS1":0.004880611926244722,"TAP2":0.15492901517990793,"IL16":-1.7678008249667214,"PSMB9":-0.07547074166042923,"SAMD9L":-0.7853618459985237,"BTN3A1":-0.1270531040508988,"BTN3A3":0.5438972221682925,"BTN3A2":0.25634449112578406,"CAMK2D":-0.5530279128014146,"SP110":-0.7225539157223283,"PCK2":-0.31164801659359564,"GIMAP8":-0.6414619487886295,"TAP1":-1.2786261069341882,"IFIT3":-0.3210441756176598,"ACAD9":0.7551140308823935,"CD48":-2.2038704446120505,"ARHGAP27":0.1891539962684581,"B2M":-0.5673212816057012,"DDX60":-2.750193651142525,"LONP1":-0.06477295393262344,"PARP14":-0.28973139674317294,"DDX58":0.12857274942755634,"HLA-C":-0.5316250588643286,"UBE2L6":-2.1155188991937592,"GIMAP1-GIMAP5":-0.3908113005550377,"HMOX2":0.3132701841860655,"GIMAP6":-0.4365101100908466,"DTX3L":-0.7210313281529741,"PLEKHO1":0.353456095374363,"IRF9":-1.1927897152990192,"IFIT1":-0.6571405696277274,"PRKCB":-0.7775867379881145,"LYN":-0.2494900342467458,"IFI16":-0.5360255600024397,"GIMAP2":-0.1235303144718141,"SP100":-1.1545812437054275,"PARP9":-0.2384326326618635,"OAS3":-0.6069401978068321,"ABI3":-0.9198498208715195,"GPRIN3":-0.214675377734531,"GIMAP7":-0.6522871849181766}},"Mutation NPM1":{"min":-30.0,"max":30.0,"top_text":"High NPM1 Correlation","bottom_text":"Low NPM1 Correlation","map":{"GIMAP1":1.0100197077758621,"APOL3":-0.6578729147091396,"OAS1":0.9819387360912266,"MX1":-5.574449916450599,"IRF9":-2.398357036202802,"SP110":-1.2649873600860948,"CLPP":1.2089139134388258,"UBE2L6":-5.665288561998652,"GIMAP6":0.1886207342970027,"TAP1":-1.415415665194582,"ABI3":-0.7586807757816746,"BTN3A3":-1.7117755417504064,"BTN3A1":-0.4883930448278063,"B2M":-2.1366087725473677,"OAS3":-2.532677648144512,"PLEKHO1":-0.28103935862075896,"GIMAP4":0.5646259364290553,"GIMAP1-GIMAP5":0.2865747331997621,"TAP2":-0.16858729424192276,"PRKCB":-0.25247149296265425,"SP100":-3.1635445515123326,"IFIT1":-1.9169800293070431,"DTX3L":-1.0935823450914752,"CD48":-3.8721834642904405,"TRAP1":-0.6450573746450289,"GIMAP8":0.025056487083098312,"GIMAP2":-0.03712102620474467,"DDX60":-7.421061797116181,"IL16":-3.5916690898782537,"PARP9":-0.5671753297905948,"PSMB9":-0.08341708981692955,"GIMAP7":-0.38672665555767893,"DDX58":0.7306029205318584,"PCK2":0.06678756085411681,"GPRIN3":0.3932579044462887,"ARHGAP27":0.03979593038792623,"HLA-C":-1.5193701110983502,"IFIT3":-1.0574725729478078,"HLA-F":-0.9346626924727102,"LONP1":-1.8704888332500555,"LYN":0.2760667751158326,"IFI16":-9.84528351855544,"OAS2":-3.1856363558865732,"BTN3A2":-1.96305936085063,"HMOX2":0.10649095805829278,"ACAD9":-0.6006761520158459,"IFIT2":-0.1760112709713115,"CAMK2D":-0.07034421987651394,"SAMD9L":-3.0630136178333043,"RNF213":0.16080459553716855,"PARP14":-0.6692803499184341}},"Overall Survival":{"min":-6.0,"max":6.0,"top_text":"High Survival Correlation","bottom_text":"Low Survival Correlation","map":{"PLEKHO1":1.5302455599457498,"CAMK2D":0.1411152682837813,"GIMAP1":0.9743910083691143,"SAMD9L":0.36139487380713053,"PARP9":1.383453761776606,"GIMAP4":1.8454585315003986,