{"Blast Percent":{"min":-11.0,"max":11.0,"top_text":"High Blast Percent Correlation","bottom_text":"Low Blast Percent Correlation","map":{"DNM1":1.027037035014453,"THEM4":0.02022625233059862,"LMAN2L":1.5256442484036534,"GOLGA8R":0.6480585842298974,"GOLGA8Q":0.0,"GOLGA8M":0.0,"WT1":0.09477562821347077,"CHST12":0.6872342255435765,"ITFG2":2.8022777894266575,"KRT18":-0.6694003736744836,"ST3GAL4":-0.865819202058375,"ZNF461":0.0,"ABCA2":-0.2781576704684711,"GMDS":0.3644065607379672,"ZNF26":1.1019122735833513,"P2RY8":-0.10341180180296057,"SARDH":0.2437763628455553,"GOLGA8K":0.0,"GPT2":-1.064760188411109,"SDHAF2":0.25083852452451755,"ABHD14A":0.0,"GOLGA8S":0.0,"GPSM1":1.217159181526681,"GRAPL":0.0,"CLSTN3":0.0,"NOTCH1":0.050388773416137254,"GOLGA6L7":0.0,"ANKRD27":2.516398517358407,"HMG20B":1.3313012332719942,"CCDC102A":1.2532446639312447,"ZNF875":0.0,"SARAF":-0.0454254404146045,"GOLGA8J":0.0,"ADGRG5":-0.22589486808631498,"USP20":0.0440904960967574,"ATP2A3":0.3240339017690355,"PDZD8":-0.4696502469609185,"TMEM106A":3.131769473065707,"CLIP2":1.1422449325010486,"CHRNA7":0.0,"CHRFAM7A":0.0,"GSE1":1.6535731837687728,"GOLGA8T":-0.35317550239202905,"OSBPL5":1.8162438111709998,"GOLGA8H":0.0,"NPDC1":0.0,"CTSW":0.27747975834113825,"GOLGA8N":0.0,"GOLGA8O":0.0,"HSH2D":0.9655695974591384,"MAGEA8":0.0}},"NPM1 Subtype":{"min":-37.0,"max":37.0,"top_text":"Committed NPM1 Subtype","bottom_text":"Primative NPM1 Subtype","map":{"LMAN2L":-9.567300390826945,"ZNF461":0.0,"SARDH":-2.895602650269983,"ATP2A3":-1.8047743305459245,"SDHAF2":-3.4940535834556377,"DNM1":-5.112669224907466,"ADGRG5":-1.589526055701669,"HSH2D":-3.436504035192222,"OSBPL5":-0.05439989896349292,"SARAF":0.10064925470654526,"ST3GAL4":-2.7389784592394797,"ANKRD27":-7.733568729692828,"KRT18":-0.9685880104194401,"HMG20B":-9.835233827377774,"GOLGA8M":0.0,"CHRFAM7A":0.0,"CHRNA7":0.0,"GPSM1":-13.472524192043776,"GOLGA8T":-0.7130204225650435,"CLSTN3":0.0,"USP20":-0.6121552906787633,"NPDC1":0.0,"GOLGA8Q":0.0,"ZNF26":-4.082640681963334,"ZNF875":0.0,"GOLGA8N":0.0,"GMDS":-1.2847150446369056,"P2RY8":-0.49117787745085967,"GOLGA8J":0.0,"NOTCH1":-0.3835270007495497,"GRAPL":0.0,"CCDC102A":-13.93306824288045,"ABCA2":-5.408718333606263,"PDZD8":-1.6931619076926159,"ABHD14A":0.0,"CTSW":-3.6250506535823686,"GOLGA6L7":0.0,"THEM4":-1.9495214649015702,"GOLGA8K":0.0,"CHST12":-6.646926468285991,"TMEM106A":-0.1460467084894214,"GSE1":-13.0626866919286,"GPT2":-2.599491071732104,"GOLGA8H":0.0,"WT1":-4.683706207545683,"GOLGA8S":0.0,"CLIP2":-4.15862924086915,"GOLGA8R":-1.8900150766076733,"ITFG2":-2.300191431034864,"MAGEA8":0.0,"GOLGA8O":0.0}},"Mutation FLT3 ITD":{"min":-10.0,"max":10.0,"top_text":"High FLT3 ITD Correlation","bottom_text":"Low FLT3 ITD Correlation","map":{"CCDC102A":1.102156495078448,"ST3GAL4":1.573838742928928,"GPT2":-0.14146801419693347,"ATP2A3":0.5641343356787891,"GOLGA8K":0.0,"MAGEA8":0.0,"GPSM1":0.7066199269718754,"CHRFAM7A":0.0,"HSH2D":0.5547210887998721,"GOLGA8S":0.0,"ZNF26":0.12375203010036583,"NOTCH1":0.17963880181418676,"KRT18":1.0765879954676152,"NPDC1":0.0,"OSBPL5":-0.18934302333836486,"ABCA2":2.0882253988303083,"GOLGA8N":0.0,"TMEM106A":1.4278869517257924,"GOLGA8Q":0.0,"P2RY8":-0.1813156719348763,"CHRNA7":0.0,"GOLGA8J":0.0,"SARAF":-0.4397712232849529,"LMAN2L":0.676542858016346,"GMDS":2.3977258863738107,"GOLGA8T":0.26880972929081226,"THEM4":0.2507894331699494,"SARDH":3.8470003577629717,"GOLGA8O":0.0,"CTSW":0.3140823354515962,"WT1":0.869802800833502,"GOLGA8H":0.0,"ABHD14A":0.0,"ANKRD27":-0.16829609186155225,"ZNF875":0.0,"ZNF461":0.0,"GRAPL":0.0,"GOLGA8M":0.0,"GOLGA6L7":0.0,"GSE1":0.40964338687498164,"CLSTN3":0.0,"HMG20B":0.19172724965422536,"ITFG2":3.272738998438229,"PDZD8":-2.4507444923433224,"SDHAF2":0.020248695021111,"CLIP2":2.48229910537944,"ADGRG5":1.6263771849058555,"GOLGA8R":1.201915931412144,"DNM1":-0.1567871047797997,"CHST12":0.19398858189848683,"USP20":0.745635844896245}},"Mutation NPM1":{"min":-30.0,"max":30.0,"top_text":"High NPM1 Correlation","bottom_text":"Low NPM1 Correlation","map":{"ADGRG5":0.5933135604592998,"ZNF461":0.0,"HSH2D":2.368248897146473,"SARAF":-0.18785925992284724,"GRAPL":0.0,"TMEM106A":2.1503972131672895,"P2RY8":-2.8265792936696954,"CHST12":-0.556001291950154,"GPT2":-3.6466758649063133,"ZNF26":-1.0185352136467272,"ATP2A3":1.333841063481059,"ITFG2":0.698443387675707,"GOLGA8N":0.0,"GOLGA8O":0.0,"GOLGA8H":0.0,"GOLGA8R":0.36914361233427273,"GPSM1":-0.46397959189913907,"SDHAF2":-0.5928379707124299,"ABCA2":0.19482179081275355,"THEM4":0.058933889681505675,"GOLGA8S":0.0,"GOLGA8J":0.0,"CCDC102A":0.2645049814388677,"ST3GAL4":0.9630493391461505,"GSE1":0.06565100251488805,"SARDH":4.605305179481216,"OSBPL5":3.329175501303952,"CHRNA7":0.0,"DNM1":-1.037706963829632,"CLIP2":1.4704273588839156,"ANKRD27":0.03867690360762668,"GMDS":2.1866171718518315,"PDZD8":-1.7962698098772838,"CTSW":-0.7646666678119929,"GOLGA8K":0.0,"CHRFAM7A":0.0,"ZNF875":0.0,"GOLGA8Q":0.0,"GOLGA6L7":0.0,"USP20":1.350129507360278,"ABHD14A":0.0,"LMAN2L":0.3426240887004025,"KRT18":0.2616594446071383,"MAGEA8":0.0,"NOTCH1":0.19849427672829326,"NPDC1":0.0,"GOLGA8M":0.0,"WT1":1.0995837181360901,"CLSTN3":0.0,"GOLGA8T":0.2097682135188804,"HMG20B":0.857556511560399}},"MuSiC CD14 Mono":{"min":-50.0,"max":50.0,"top_text":"High CD14 Mono Correlation","bottom_text":"Low CD14 Mono Correlation","map":{"ITFG2":-1.855215283448723,"ZNF461":0.0,"GOLGA8S":0.0,"CHRNA7":0.0,"MAGEA8":0.0,"SARDH":-0.7079836605362639,"P2RY8":-0.7264024092729892,"SARAF":-0.03715076694963467,"OSBPL5":-0.3797754983160179,"CTSW":-5.329069600531073,"ABHD14A":0.0,"ZNF26":-3.632233158626465,"GOLGA8R":-1.352020928826912,"GOLGA8J":0.0,"GSE1":-13.287553811728555,"GRAPL":0.0,"ABCA2":-2.7288241630649117,"DNM1":-6.735087809982139,"PDZD8":-1.7132708043900482,"LMAN2L":-9.155366693713482,"GOLGA8N":0.0,"ANKRD27":-8.165255141572606,"ADGRG5":-1.201122953960374,"GOLGA6L7":0.0,"CLSTN3":0.0,"NPDC1":0.0,"NOTCH1":-0.15551304911410255,"ZNF875":0.0,"ATP2A3":-3.3233326510591397,"TMEM106A":-0.08933229475974266,"WT1":-3.9827921886139106,"CHRFAM7A":0.0,"ST3GAL4":-2.8397034635086333,"CHST12":-8.229790750364922,"CCDC102A":-11.702425419383408,"GOLGA8M":0.0,"KRT18":-1.041756373069786,"GOLGA8Q":0.0,"GMDS":-0.655010962302751,"GOLGA8T":-0.33926070072189846,"HMG20B":-7.884838758453842,"GOLGA8H":0.0,"GPSM1":-10.036116724918061,"SDHAF2":-4.318947027143561,"GOLGA8O":0.0,"GOLGA8K":0.0,"CLIP2":-3.297714357227516,"USP20":-0.3500314608438638,"THEM4":-2.001839008219285,"HSH2D":-2.742270207764973,"GPT2":-1.9577025543528057}},"Overall Survival":{"min":-6.0,"max":6.0,"top_text":"High Survival Correlation","bottom_text":"Low Survival Correlation","map":{"GOLGA8H":0.0,"GMDS":-1.265959638304525,"SDHAF2":0.08790475533577904,"GOLGA8Q":0.0,"GOLGA8J":0.0,"ANKRD27":-0.2655068560378179,"GSE1":-0.6833999990032288,"ATP2A3":0.06010158585887277,"P2RY8":-0.042061834418823246,"NOTCH1":-0.5981470309727424,"ADGRG5":0.9335544667407251,"MAGEA8":0.0,"GPSM1":-1.6246597624175922,"ABHD14A":0.0,"CHRFAM7A":0.0,"USP20":0.029385211156842665,"ST3GAL4":-0.5193147897210185,"PDZD8":-0.6369800269664037,"OSBPL5":0.40944963991467415,"GOLGA8S":0.0,"GOLGA8M":0.0,"CLSTN3":0.0,"GOLGA8N":0.0,"GOLGA8K":0.0,"CHRNA7":0.0,"ZNF875":0.0,"TMEM106A":0.0760233980958004,"GRAPL":0.0,"CHST12":-0.4470028773011113,"CLIP2":-0.044493762434799286,"GOLGA6L7":0.0,"GOLGA8O":0.0,"ABCA2":-0.60608175703485,"WT1":0.17258276835154188,"GOLGA8T":-0.19553657515908043,"HSH2D":-0.303201427148697,"DNM1":0.15779461256375965,"THEM4":-0.38986565675661283,"LMAN2L":-1.2630121628835507,"ITFG2":-1.0448901754917563,"ZNF461":0.0,"SARDH":-0.40415389779537253,"ZNF26":-0.20818574337474122,"HMG20B":-0.7122807996493044,"KRT18":-0.455017173802954,"CCDC102A":-0.6093547134226954,"NPDC1":0.0,"SARAF":0.1957577806422117,"GPT2":0.13745674857269538,"GOLGA8R":-0.2970373758137412,"CTSW":0.6791778231043991}}}