{"MuSiC CD14 Mono":{"min":-50.0,"max":50.0,"top_text":"High CD14 Mono Correlation","bottom_text":"Low CD14 Mono Correlation","map":{"TMEM59":0.13122059006525488,"PBXIP1":-6.652784541542795,"UNC93B1":23.693073612474716,"HVCN1":24.82486688903864,"RAB2A":14.259990990474959,"LMBRD2":7.122617167142445,"MILR1":16.436087663247108,"PREB":0.966248262024127,"PLP2":8.173425508019694,"ARHGAP26":24.775551186112704,"MAN2A1":5.149827529261827,"CD302":0.0,"RNF185":0.31875875052167024,"LILRB4":24.870118289059832,"TMEM106A":-0.08933229475974266,"CHPF2":-1.9132343537357537,"TGOLN2":4.133986656258827,"CD53":16.249439180302517,"ATP6V0C":0.0,"TMEM219":0.5085434060493518,"CLPTM1":0.7474288569098949,"PIGN":-1.7726815006503998,"GLIPR1":7.485787139471243,"BCAP31":-0.7530936817154861,"RAP1A":12.158601064808995,"M6PR":4.094260432065847,"B3GAT3":-1.6511935236177415,"TMEM87B":4.748161283980601,"ELOVL5":1.7223607172146003,"ETNK1":1.7613214324232631,"VAMP3":10.640187261118777,"SLC26A6":9.86933527203321,"GLG1":5.99455045455688,"ASGR2":0.0,"TMEM214":0.019732558204455367,"NUMB":21.85047439427654,"CFP":18.709672453843538,"VTI1B":13.173881901405945,"HM13":2.9206075147899817,"GPR108":5.2226233993019795,"SEC62":0.2010644172173444,"P2RY8":-0.7264024092729892,"CCR1":31.732739726773776,"RPN1":-0.8539539384471044,"GNAI2":20.020967711682758,"RCBTB2":7.125290257564762,"TASOR":0.5877470284856363,"RRBP1":4.213135590075682,"SSR1":0.422754647409483,"KIAA2013":0.5342178034809401,"FAM20B":-3.1105072692049403}},"Overall Survival":{"min":-6.0,"max":6.0,"top_text":"High Survival Correlation","bottom_text":"Low Survival Correlation","map":{"SEC62":2.646217261517524,"FAM20B":0.1313470102326257,"RAP1A":0.1826595659466211,"CCR1":-0.062432581439242456,"ELOVL5":0.45474687335546704,"GLIPR1":0.7147899334406567,"SSR1":-0.18301981331069386,"TASOR":0.27655144982467733,"RRBP1":-0.10535053170276817,"PIGN":1.4046839067038321,"ATP6V0C":0.0,"NUMB":-0.09874167853882561,"GLG1":0.838347829336338,"LILRB4":-0.03467591798744458,"ASGR2":0.0,"TMEM214":0.8693113822247156,"RPN1":-0.270082755236151,"GNAI2":1.242298261190537,"M6PR":0.6152004249682593,"VTI1B":0.3683670217741775,"PREB":0.5581427106055005,"HVCN1":0.47962607284895553,"TMEM59":0.3065370281476111,"PBXIP1":-0.07105627593007403,"ARHGAP26":-0.168820070558171,"CLPTM1":0.8728851213221588,"MILR1":0.5574571585626847,"TGOLN2":0.1309210922145649,"UNC93B1":0.11351402892152572,"KIAA2013":0.8809672263293894,"VAMP3":1.5548677261113388,"P2RY8":-0.042061834418823246,"PLP2":1.1081179483557244,"RCBTB2":-0.18348771112445736,"HM13":0.8122417622452699,"TMEM106A":0.0760233980958004,"BCAP31":0.2413845383773433,"TMEM219":1.589321707967981,"ETNK1":0.10297297045329808,"CD302":0.0,"GPR108":0.5228569056272384,"MAN2A1":2.1912126358238138,"B3GAT3":0.45092520174483447,"TMEM87B":0.8374175599847555,"CHPF2":-0.5740009469554623,"CFP":0.6872094417640453,"CD53":0.4135657644654054,"RAB2A":0.14613086682569523,"LMBRD2":-0.7447497500642728,"SLC26A6":-0.4515281230812256,"RNF185":3.4288005932428507}},"NPM1 Subtype":{"min":-37.0,"max":37.0,"top_text":"Committed NPM1 Subtype","bottom_text":"Primative NPM1 Subtype","map":{"TMEM59":0.2267842988989673,"CLPTM1":0.7866167402718865,"HVCN1":20.187699930227666,"SSR1":0.4141766763598837,"RAB2A":12.031544670795375,"GLIPR1":6.161450647559917,"ETNK1":2.169726057557666,"CCR1":24.58489212417773,"B3GAT3":-0.4762377182769782,"PIGN":-1.2290258266512426,"SEC62":0.4546177000622151,"ATP6V0C":0.0,"SLC26A6":7.993162600687203,"LILRB4":18.010115126063425,"CD302":0.0,"CFP":15.615157208161763,"HM13":2.490196010691524,"VTI1B":11.727449793036728,"MAN2A1":3.3450567246661977,"PBXIP1":-7.6775909265222815,"GPR108":6.2532330784232535,"PLP2":10.307647935790964,"M6PR":5.126214032759692,"TASOR":0.19658528304616982,"PREB":0.4472843361658557,"RRBP1":4.092017828574052,"RPN1":-0.9730784441664453,"TMEM219":0.7440239901768377,"TGOLN2":6.921213678539099,"ARHGAP26":21.91895789738289,"VAMP3":8.046027965629293,"BCAP31":-0.6889417854605071,"FAM20B":-3.4837515901741503,"MILR1":15.89475267809637,"RCBTB2":4.808159138746583,"GLG1":3.7744648618951966,"P2RY8":-0.49117787745085967,"CHPF2":-2.0979843481058458,"UNC93B1":23.74920501540926,"TMEM87B":5.02532031243115,"CD53":15.71620524035328,"NUMB":17.77536852286445,"ASGR2":0.0,"RNF185":0.33220480048956613,"GNAI2":13.86449573447355,"KIAA2013":1.2041833867593241,"RAP1A":6.821703723687818,"TMEM106A":-0.1460467084894214,"ELOVL5":1.4580047306053034,"LMBRD2":6.822715361085939,"TMEM214":0.041457497105844635}},"Blast Percent":{"min":-11.0,"max":11.0,"top_text":"High Blast Percent Correlation","bottom_text":"Low Blast Percent Correlation","map":{"TMEM59":0.40272055141320323,"SSR1":0.3897900888763043,"RPN1":0.14679113053446632,"SEC62":-0.25580354966569024,"TMEM214":-0.33654681233930517,"B3GAT3":0.5475914312837129,"PBXIP1":1.9776532271373484,"HVCN1":-1.5213113727832006,"PLP2":-2.21864318510243,"M6PR":-0.5615278765343011,"RAP1A":-2.8352592365753817,"GPR108":-2.6324967574686164,"TMEM106A":3.131769473065707,"ARHGAP26":-0.7378913718118553,"LMBRD2":-2.3887463949033942,"GLIPR1":-0.14550869296959995,"PREB":-0.5602676190073761,"NUMB":-1.116845425071068,"ATP6V0C":0.0,"TGOLN2":-0.3913799095964538,"TASOR":1.6286464751435354,"CLPTM1":-1.6205085347614165,"RRBP1":0.09740216754764149,"PIGN":0.21101027077201165,"CD302":0.0,"RCBTB2":-0.8171844777976084,"SLC26A6":-1.7304946110329926,"RAB2A":-2.328267741329931,"GNAI2":-3.1673409912300166,"ETNK1":-0.20980646969153105,"ASGR2":0.0,"TMEM87B":-1.9944076318012207,"UNC93B1":-4.481493754994245,"VTI1B":-3.7442237463935566,"FAM20B":0.46711832013706606,"CD53":-0.2924550954918842,"ELOVL5":-2.160052906245732,"RNF185":-0.07008288259599325,"CCR1":-1.7725283504955869,"LILRB4":-2.1155229003200793,"MILR1":-1.1083431895685485,"BCAP31":-0.45050058651424496,"CFP":-1.6566042888879762,"P2RY8":-0.10341180180296057,"MAN2A1":-4.547752534969244,"CHPF2":0.2780299078619783,"TMEM219":0.3290422168392371,"VAMP3":-2.260404920081743,"KIAA2013":-2.409106216402829,"GLG1":-0.8720982825543931,"HM13":-5.5418367694125426}},"Mutation FLT3 ITD":{"min":-10.0,"max":10.0,"top_text":"High FLT3 ITD Correlation","bottom_text":"Low FLT3 ITD Correlation","map":{"RRBP1":3.9448368231187194,"SSR1":0.8486784345731158,"LILRB4":0.056820949480642,"VAMP3":0.12642889642618788,"NUMB":-0.10362939111090118,"ASGR2":0.0,"TMEM87B":0.4080165044693958,"PREB":0.18103831107097737,"HVCN1":-0.20849494533050444,"ELOVL5":-1.1939302091259798,"RNF185":-0.11518111579966638,"TMEM214":-0.05918856568793289,"SEC62":-0.5582151813351985,"SLC26A6":-0.44259279947109065,"TMEM219":0.7963727574020371,"CCR1":0.3984972074706011,"TMEM106A":1.4278869517257924,"CLPTM1":-0.8593378662583019,"CD302":0.0,"KIAA2013":-0.10908175367740228,"TGOLN2":-0.04662640468791671,"RCBTB2":0.3791417631311178,"TASOR":1.9274488218550265,"FAM20B":0.026009167850270822,"GPR108":0.2331623769542989,"B3GAT3":0.6536765856666531,"GNAI2":-0.07035701088645917,"UNC93B1":1.3128008441031083,"M6PR":0.4292668981190362,"LMBRD2":-0.12048758100600265,"PIGN":2.158819782189889,"TMEM59":-0.09757505673309867,"ARHGAP26":-0.009739635175267247,"CFP":-0.36502489154980533,"HM13":1.1017535435548582,"CHPF2":0.4795251838314787,"RAP1A":-0.5164724983494555,"ATP6V0C":0.0,"RPN1":-0.012225016413125043,"MAN2A1":0.6208834793855289,"PLP2":0.17137661000313437,"MILR1":1.5712368791071267,"GLG1":0.7233806757096857,"PBXIP1":1.3302677816660884,"GLIPR1":1.7030337559036428,"BCAP31":-0.7502788272345486,"CD53":0.910359835073922,"ETNK1":-0.5570682460982636,"VTI1B":0.015395672125716147,"P2RY8":-0.1813156719348763,"RAB2A":-0.3568025264801468}},"Mutation NPM1":{"min":-30.0,"max":30.0,"top_text":"High NPM1 Correlation","bottom_text":"Low NPM1 Correlation","map":{"RRBP1":5.851671763881183,"CLPTM1":-0.7072306989599229,"GNAI2":-0.16740879578280266,"RAB2A":0.12446822842459274,"ELOVL5":-2.6726653192483587,"VTI1B":1.3781170623533867,"TMEM59":0.2998148464166764,"B3GAT3":1.3663900533150932,"UNC93B1":2.0001712552418414,"LILRB4":0.9895577783896703,"NUMB":1.2281728041784434,"MILR1":3.6987478989796183,