{"MuSiC CD14 Mono":{"min":-50.0,"max":50.0,"top_text":"High CD14 Mono Correlation","bottom_text":"Low CD14 Mono Correlation","map":{"GRB2":17.20549236045125,"VAV1":16.401403705717435,"RHOG":14.054693127239004,"ACTR3":20.677588883348687,"AP2A1":10.601542055349661,"AP2B1":11.692245552183527,"ARPC5":25.934223979372216,"ATG3":23.3517955875155,"VCP":1.5189312094049967,"NCF1":33.26619383709963,"KRAS":10.118181926267097,"SYK":30.9076845635036,"KIAA0930":23.58216158222538,"RHOA":14.64093540558552,"TRIM25":14.73726704406685,"CBL":19.518588068698016,"CSK":13.96531535718625,"FLNA":18.381938050046013,"VASP":22.978437292921942,"CLTC":14.896650047471034,"IQGAP1":19.269726263059013,"PTK2B":14.689544229442577,"AP1M1":21.036598347992545,"ACTB":16.511643228357524,"ARAP1":37.57829757576353,"OSTF1":30.945023571579117,"ARHGAP1":15.187288226665398,"WAS":6.6885198637149,"CAP1":24.76973990649351,"ARPC4":9.974228987506336,"GMFG":15.449931988460383,"PTPN6":15.451347734833888,"YWHAB":8.302937919116895,"CAPZA1":6.9954359038422735,"DBNL":18.74975508494572,"SH3KBP1":13.778617110124268,"CDC42":14.431448766645614,"LCP1":26.130671475887354,"PTPRJ":29.193824204302903,"YWHAZ":4.3884502253372775,"HCLS1":16.656866679957332,"CYLD":11.398854956898514,"CFL1":9.743388925581412,"ARPC2":15.16602284701675,"ACTR2":19.95160462561039,"MYH9":18.85590437042841,"CYRIB":20.668834229465617,"ANKRD13A":13.925669204567436,"SIRPA":41.34277557359193,"YWHAH":8.990882774908188,"CORO1A":15.36307509664756}},"NPM1 Subtype":{"min":-37.0,"max":37.0,"top_text":"Committed NPM1 Subtype","bottom_text":"Primative NPM1 Subtype","map":{"HCLS1":12.893095079771465,"LCP1":18.998618392785502,"GRB2":16.273473727153373,"KRAS":6.744270177015504,"OSTF1":20.22376321740656,"ACTR2":17.22137564545635,"CAPZA1":5.230695281339192,"ACTR3":16.615931643374278,"ARPC5":22.087711933072505,"CYLD":10.260379841657418,"PTK2B":16.136805228253067,"VASP":19.858661018047084,"CORO1A":15.81054476434914,"ANKRD13A":10.071494369059138,"TRIM25":11.765828088857688,"SH3KBP1":14.200916716020032,"ARAP1":28.664373154855607,"VCP":0.2996924545798663,"VAV1":13.413071470518876,"ATG3":17.736820492595108,"AP2B1":4.998858163610115,"RHOA":12.593986436210397,"WAS":8.333173596211646,"SYK":18.765567443284237,"ARPC4":9.01129911414241,"AP1M1":14.869698530675981,"NCF1":25.19352991635475,"SIRPA":24.725359845164036,"YWHAH":8.375739069063975,"DBNL":17.48916379498043,"ARPC2":12.802895617336002,"CDC42":13.65834530722409,"PTPN6":12.260799471268717,"CYRIB":19.271239553395194,"ACTB":12.779563501183883,"CSK":12.73926275076637,"CBL":18.932964507898838,"CFL1":6.696357556106699,"CLTC":9.219061812629135,"KIAA0930":19.226289565160933,"CAP1":20.712177577665727,"AP2A1":4.337239058977369,"PTPRJ":23.81887014323897,"RHOG":11.16667848241049,"FLNA":12.720445656491957,"ARHGAP1":13.857926860665513,"GMFG":9.505015598930767,"YWHAB":6.516630904060005,"MYH9":13.176780338482924,"YWHAZ":3.4909889711548163,"IQGAP1":18.03004726914796}},"Mutation FLT3 ITD":{"min":-10.0,"max":10.0,"top_text":"High FLT3 ITD Correlation","bottom_text":"Low FLT3 ITD Correlation","map":{"CFL1":-0.46561843764788385,"CBL":-2.0880097101636164,"CSK":0.25613328241541566,"LCP1":-0.2837683509299953,"CLTC":-0.03908201161744767,"ARAP1":-0.260850600050221,"CAP1":-0.1892469128455936,"PTPN6":0.5457354682283536,"AP2A1":-1.3349839509654033,"VAV1":-0.028394414884949492,"GMFG":-0.4424521587810757,"DBNL":-0.2297184650428068,"CAPZA1":0.15573944860462316,"ARPC2":-0.3155244582835396,"ARPC5":-0.8848167342202485,"AP1M1":-0.06117188640815473,"ANKRD13A":-0.6025151827605831,"ACTR3":-0.7884901191811549,"VCP":0.6465270878514207,"VASP":-2.222279022239382,"GRB2":-0.11806133918238056,"SYK":-0.06745054201500636,"SH3KBP1":-0.6099844261485831,"WAS":-1.621039045005384,"FLNA":-0.31844071377372973,"YWHAZ":0.5432027970071116,"HCLS1":-0.1546291183568013,"ARHGAP1":0.2189349208715782,"RHOG":-0.0017711707464690403,"KIAA0930":-0.23538063404688847,"YWHAH":-3.381042395854847,"ACTB":-0.9269944551531453,"CYLD":0.5209011836531567,"TRIM25":-0.0940043073093102,"ACTR2":-1.2628603739252766,"AP2B1":0.25663868280522273,"YWHAB":0.32555727071243884,"SIRPA":-0.104814054568485,"NCF1":-0.11780122712114262,"PTPRJ":-0.4165288811156053,"CDC42":0.10199900252348132,"RHOA":-0.011046250728907378,"KRAS":0.07625659147457894,"ATG3":-0.2545729404362811,"MYH9":-0.5011356149612094,"PTK2B":-2.4335723272507286,"CORO1A":-0.7263845751550453,"IQGAP1":0.11174600228507243,"OSTF1":-0.45604428711300016,"CYRIB":-0.1628090123017198,"ARPC4":-1.0566810736301386}},"Mutation NPM1":{"min":-30.0,"max":30.0,"top_text":"High NPM1 Correlation","bottom_text":"Low NPM1 Correlation","map":{"YWHAB":1.575539933887276,"CAP1":0.02715473680011235,"IQGAP1":0.5286689578453456,"CFL1":-0.3460517899669817,"FLNA":0.687223407231698,"ATG3":1.204330306588103,"CDC42":0.035887781944392017,"TRIM25":-0.009583914399497226,"HCLS1":0.7455127006592046,"ARPC2":0.08247317903808114,"ARPC5":-0.5160157625068507,"SIRPA":1.3032660667187508,"DBNL":1.2168620343942702,"RHOG":-0.10332481259319432,"PTPN6":6.340870271253247,"YWHAH":-3.5548912138670423,"CORO1A":-0.4574941384151709,"ANKRD13A":-0.5263331828049226,"CYRIB":-0.12949223727573836,"ACTR3":-0.3600422328488173,"SYK":-0.42070828319837483,"ACTB":-0.5396991830312623,"PTK2B":-2.9874212761273538,"WAS":-2.146061617094694,"RHOA":-0.33373037894749846,"GMFG":0.4186313258431699,"CAPZA1":0.8131363612802983,"AP2B1":0.28138423425116593,"PTPRJ":0.2442680160189355,"SH3KBP1":-0.37910257304798384,"VCP":0.11302685320097508,"VASP":-0.6990283981722195,"KIAA0930":-0.5185646525241743,"YWHAZ":1.4933724059056337,"CBL":-0.9976313037172426,"OSTF1":0.7619387060871745,"ARPC4":-0.43469733450067766,"ACTR2":-0.6903989556768801,"MYH9":-0.006899456921615533,"LCP1":1.0299308811913255,"CLTC":0.625315346948538,"CYLD":3.2468066728292015,"AP2A1":-2.471577505156577,"NCF1":1.3308727683039403,"GRB2":0.03976063579371648,"CSK":0.9528336097970239,"ARHGAP1":1.3719872544799754,"VAV1":-0.20662010535342815,"ARAP1":1.1360116611991358,"AP1M1":0.7886847934056125,"KRAS":0.3120119779791907}},"Blast Percent":{"min":-11.0,"max":11.0,"top_text":"High Blast Percent Correlation","bottom_text":"Low Blast Percent Correlation","map":{"ARAP1":-6.103434695947891,"ARPC4":-2.1229581302904696,"ARPC5":-3.9383391180205187,"AP1M1":-2.79800687613278,"TRIM25":-1.2217001839191042,"RHOG":-1.0304572914666292,"GMFG":-0.5344367941785733,"ARHGAP1":-1.623592085779962,"ACTR3":-3.685358872591291,"AP2A1":-4.546805584169272,"SH3KBP1":-2.289756491523073,"CAP1":-4.2602874651814595,"CSK":-1.382275903739603,"CYRIB":-4.488592715348071,"ANKRD13A":-2.252053523611238,"YWHAB":-0.9165708734046399,"LCP1":-1.691478532225186,"CBL":-1.8041329373669555,"KRAS":-2.1693013764878573,"MYH9":-5.129980406574905,"YWHAH":-5.101302261631965,"NCF1":-3.8197172140356055,"PTK2B":-4.1647932414773505,"CYLD":-0.25838354960763066,"ARPC2":-1.4574661008593426,"FLNA":-2.922467275431351,"VCP":-0.7002938526615667,"WAS":-1.1282024712377288,"HCLS1":-1.9933700266897372,"AP2B1":-3.2684521978530183,"CORO1A":-2.9484109590954666,"RHOA":-0.44199059585233197,"CLTC":-2.661096756869362,"PTPN6":-0.1847066515412317,"CAPZA1":-0.6104436424104389,"IQGAP1":-0.13342011762029216,"CDC42":-1.0024550832503853,"VASP":-7.5015039057164,"SIRPA":-4.8762954328109105,"ACTR2":-5.092279667014953,"GRB2":-1.799443526639074,"VAV1":-2.84685750325997,"CFL1":-0.8393323178695001,"ATG3":-3.6860933664554016,"PTPRJ":-7.885781062415678,"ACTB":-4.37642113778035,"SYK":-2.8580218180136763,"YWHAZ":-0.34203753191741926,"OSTF1":-2.491216247203424,"DBNL":-3.2165411247673164,"KIAA0930":-2.3295515815832295}},"Overall Survival":{"min":-6.0,"max":6.0,"top_text":"High Survival Correlation","bottom_text":"Low Survival Correlation","map":{"SYK":-1.2171965336417503,"LCP1":0.08217770746264805,"KRAS":0.32504972471163424,"KIAA0930":-0.18284219719917919,"CAPZA1":1.1519223448780782,"ARPC4":-0.012687921429951357,"YWHAB":0.5920735437054088,"CYLD":0.8582190529105759,"PTK2B":-0.690835640877315,"FLNA":1.5982960662472545,"CFL1":0.5240264976730443,"ATG3":-0.09864911004394755,