{"Mutation NPM1":{"min":-30.0,"max":30.0,"top_text":"High NPM1 Correlation","bottom_text":"Low NPM1 Correlation","map":{"CRTAP":0.9660664519916564,"GLIPR1":4.442426215270369,"SAMM50":1.2166254386491373,"COX5A":1.4408743086420104,"MICOS13":1.9363601345479622,"DCAF11":1.3807184465397382,"TRAF3IP3":3.438893152034926,"ARL6IP5":2.667571931940446,"ARRDC1":4.532599070338671,"ESYT2":-0.9970141933862502,"FDXR":2.225717472831001,"UQCRC1":0.7652394761201871,"BAX":3.0626131324783397,"ATL3":-0.43089384792362334,"DDB2":4.677101774730992,"LAMTOR3":3.5656906214650705,"ABHD12":2.749348464364917,"GAA":2.717488627409295,"PDP1":1.0032755479341813,"XRCC4":3.4969595715545707,"TMEM43":1.6747517679531332,"NDUFA4":3.4305249912687334,"GSTK1":5.116382789449968,"STAC3":0.0,"CHCHD4":1.0602290905760374,"PPIF":0.045980032025315073,"ESYT1":1.0528863802612993,"PCBP1":2.769268815023043,"TK2":1.8857479759541216,"APOBEC3H":0.0,"DDOST":0.40039714888303624,"SLC66A3":1.2204868829207374,"MTCH2":2.446159409206866,"DPEP2":6.000946282403544,"CCR1":2.355662390331561,"LAMTOR2":4.218484063737962,"LACTB":4.308141566313279,"OGDH":-2.1723238307284856,"CISD3":3.9952954653483785,"RNF135":1.3925121209240074,"LAMTOR5":2.5337731551864193,"MYO1G":2.1101084581139515,"CYCS":0.6963903442511985,"CLPP":1.2089139134388258,"ADPGK":4.151045665718276,"ARHGEF6":-0.38325748167448953,"CHCHD3":2.8075466653141796,"PNPLA6":6.0685098529433885,"TBXAS1":10.004657251900001,"EFTUD2":1.4415749180616486,"RAB4B":1.6595008348527196}},"Overall Survival":{"min":-6.0,"max":6.0,"top_text":"High Survival Correlation","bottom_text":"Low Survival Correlation","map":{"CHCHD4":0.7520362961012924,"APOBEC3H":0.0,"NDUFA4":0.3978521676703525,"OGDH":0.860859115330068,"ADPGK":0.14189134680212073,"EFTUD2":0.15223959551260513,"RAB4B":1.4887489759829053,"LAMTOR3":-0.3517041244991927,"ESYT2":0.17118944437289535,"ARRDC1":-0.30182488539385527,"GSTK1":0.00025825542789021636,"LAMTOR2":0.9721044778704278,"COX5A":0.3391024028103507,"CRTAP":0.14777959136125093,"CYCS":0.8996855675666621,"TK2":0.041047215835281044,"FDXR":1.404454003146274,"ESYT1":2.325196402768218,"TRAF3IP3":2.3102468552168998,"DPEP2":-0.0064749188063582,"ATL3":0.28169260788983536,"SLC66A3":0.8064768982453254,"DCAF11":-0.22462512567412488,"XRCC4":-1.2258662110918175,"TMEM43":0.47481496737731277,"PDP1":-0.12260425991984732,"UQCRC1":0.9493795692298727,"ARL6IP5":1.057465323226095,"BAX":-0.21705511730639726,"LAMTOR5":0.3335602276608953,"TBXAS1":0.88496929945378,"DDOST":-0.5456048632522065,"MICOS13":-0.08830455504441821,"CLPP":0.2137204635743449,"ABHD12":1.2618976671516058,"PPIF":-0.11554657006384489,"DDB2":-0.17094608402104783,"LACTB":0.3258590816716358,"RNF135":0.4135598752218722,"MTCH2":-0.03163266316160394,"STAC3":0.0,"ARHGEF6":4.283853309920455,"CHCHD3":0.0816619271888554,"SAMM50":0.05254136828112006,"PNPLA6":0.24358493913524437,"PCBP1":0.2216954769504696,"MYO1G":1.8359199635211714,"GLIPR1":0.7147899334406567,"CCR1":-0.062432581439242456,"CISD3":-0.5697562230321978,"GAA":-1.430696783589625}},"NPM1 Subtype":{"min":-37.0,"max":37.0,"top_text":"Committed NPM1 Subtype","bottom_text":"Primative NPM1 Subtype","map":{"ARL6IP5":1.0086807045703419,"ATL3":10.6688816160996,"MTCH2":-0.23698763226802888,"TK2":10.770980784919683,"ESYT2":-0.8359441759735852,"BAX":2.7590333469588844,"DCAF11":0.05789794312913434,"COX5A":-0.0912481299382667,"DDB2":0.2978049293020485,"DPEP2":6.125315992347685,"CLPP":-0.39062562953059843,"ARHGEF6":2.311266337682093,"ESYT1":0.10700476883214449,"ARRDC1":8.35727978385124,"GSTK1":1.2477603206302261,"ABHD12":0.0645675815662755,"LAMTOR2":0.8763460772015207,"SLC66A3":1.7252245871467928,"RAB4B":12.604544137223675,"CRTAP":-0.8627238263123219,"CHCHD3":-2.6954493774917614,"MICOS13":0.33370755826117654,"UQCRC1":-1.7275987899360667,"PDP1":-0.4044431996211771,"APOBEC3H":0.0,"LACTB":10.766741316260394,"XRCC4":7.297617920283141,"EFTUD2":-2.6542317971540643,"TRAF3IP3":-0.1412061302116387,"LAMTOR3":1.4545211865617818,"GLIPR1":6.161450647559917,"CISD3":1.400838204418593,"TBXAS1":2.003568297258835,"GAA":8.666074563404095,"STAC3":0.0,"CYCS":-1.2665658612001771,"MYO1G":3.993861348781887,"CCR1":24.58489212417773,"PCBP1":1.3990191828221321,"LAMTOR5":1.0756925815611638,"ADPGK":7.262912561626822,"PPIF":1.8313438447356636,"FDXR":-0.02003987403093636,"DDOST":0.09553939614165306,"TMEM43":-3.0571879160069684,"RNF135":6.513940573529278,"CHCHD4":-1.2234814502753368,"SAMM50":-3.5904986849476535,"NDUFA4":0.14579321933728276,"OGDH":0.2502438604850513,"PNPLA6":6.930781791945768}},"Mutation FLT3 ITD":{"min":-10.0,"max":10.0,"top_text":"High FLT3 ITD Correlation","bottom_text":"Low FLT3 ITD Correlation","map":{"BAX":0.7712556716813459,"DDB2":0.3216284463510361,"EFTUD2":0.9191797055219539,"PDP1":1.3578203946616272,"RAB4B":-0.563412207418824,"ARRDC1":2.4968152175909233,"ADPGK":0.5355559964968171,"COX5A":2.2103108331551917,"ARL6IP5":1.4363123764872312,"SAMM50":1.3367541663028366,"LAMTOR2":2.569782417702639,"CRTAP":0.8947894134860215,"DCAF11":0.2975445602654513,"PNPLA6":2.6434432734169016,"ESYT1":-0.1576328437373613,"LAMTOR5":2.254481464610648,"GSTK1":1.687286429316474,"MYO1G":0.5754637992244009,"TK2":0.1044467597641113,"DDOST":0.08808065261835957,"GAA":0.804202010295352,"DPEP2":1.1433738278186443,"CHCHD3":1.529095665990707,"OGDH":-0.24290497175778733,"UQCRC1":2.3562767945951473,"PPIF":-0.6723620929196958,"CCR1":0.3984972074706011,"TMEM43":0.34006698529493673,"GLIPR1":1.7030337559036428,"MTCH2":0.932891925443346,"TRAF3IP3":0.6519822426969666,"CHCHD4":1.010567807793394,"CYCS":1.0618375040378087,"LACTB":0.2227042461190962,"MICOS13":1.5939110340890275,"STAC3":0.0,"CLPP":1.723796926770455,"APOBEC3H":0.0,"NDUFA4":4.188644210292796,"PCBP1":0.04929099806153448,"CISD3":1.3398259189564028,"RNF135":1.3682182740102662,"TBXAS1":3.02564706341073,"ABHD12":0.24755398155604055,"ATL3":-1.1234914108216543,"ESYT2":-0.13811760761790098,"LAMTOR3":1.7154849900198372,"FDXR":1.9821973764736365,"ARHGEF6":-0.3051396490412669,"SLC66A3":0.18343011354435884,"XRCC4":1.3940181386167796}},"Blast Percent":{"min":-11.0,"max":11.0,"top_text":"High Blast Percent Correlation","bottom_text":"Low Blast Percent Correlation","map":{"ADPGK":-0.3121932778284424,"LAMTOR2":0.5820730652089111,"GSTK1":0.7136607009463741,"BAX":0.23192251506315464,"CISD3":0.542722993870174,"CCR1":-1.7725283504955869,"LAMTOR3":-0.07038925827070752,"DPEP2":-0.38380556684627376,"DDB2":0.763782989222313,"OGDH":0.7289654926431979,"RNF135":-0.09683608112809029,"RAB4B":-0.9042709259234648,"PNPLA6":-2.1003555564879024,"COX5A":0.6845688229481113,"PDP1":1.4719237654641064,"MTCH2":1.217377830213272,"XRCC4":-0.2058373967685122,"FDXR":0.8728885407030599,"LACTB":0.09341300717082612,"TK2":-0.1988697159879136,"CLPP":1.4695157069569262,"EFTUD2":5.334390697573482,"DDOST":0.3304728848361726,"GAA":-0.0649513995956303,"PPIF":-0.7572104203411051,"DCAF11":-3.1714064148816172,"CRTAP":1.6548535750158524,"LAMTOR5":-0.054897970758414225,"ATL3":-1.1315556720043263,"GLIPR1":-0.14550869296959995,"CHCHD4":1.9753765994122705,"TMEM43":1.7766039159290077,"CYCS":2.6398713904237785,"TBXAS1":0.13211499750280828,"ESYT2":4.093769397975092,"ARRDC1":0.5398381373539533,"CHCHD3":3.0317961027756875,"ARHGEF6":0.43143270181220383,"ARL6IP5":-0.312499478050144,"APOBEC3H":0.0,"SLC66A3":-0.34473404145908093,"NDUFA4":2.3887724357413282,"ESYT1":4.242507371781817,"PCBP1":0.6491150949401623,"MICOS13":2.7996863271924477,"ABHD12":0.5447210245693704,"STAC3":0.0,"UQCRC1":1.117369151011468,"SAMM50":1.672533490782469,"TRAF3IP3":5.288389633933284,"MYO1G":0.3930606370497704}},"MuSiC CD14 Mono":{"min":-50.0,"max":50.0,"top_text":"High CD14 Mono Correlation","bottom_text":"Low CD14 Mono Correlation","map":{"TRAF3IP3":-0.5853451975928918,"UQCRC1":-0.7886263116838331,"MYO1G":6.839583435298398,"LAMTOR3":3.437679890457631,"CHCHD4":-1.0126841265328452,"LAMTOR5":3.6609440521671224,"TBXAS1":2.1660742363497185,"EFTUD2":-2.301358733881061,"GLIPR1":7.485787139471243,"NDUFA4":0.16419466707980762,"MICOS13":-0.32789167878637165,"ATL3":11.587450463983156,