{"Blast Percent":{"min":-11.0,"max":11.0,"top_text":"High Blast Percent Correlation","bottom_text":"Low Blast Percent Correlation","map":{"TNIK":-1.278985374175729,"FOXA1":0.0,"UCHL1":-0.7261149939253873,"GSTM1":-1.5619878936480145,"NEO1":0.0,"PRUNE1":-2.2854598519942,"PARD3":0.0,"SLC25A4":-2.20740957658751,"TMEM210":0.0,"CPQ":-5.238420264080376,"H3C6":0.0,"S100A16":-1.2573400853385215,"PLEKHA4":-0.10480330229978509,"SFXN1":-1.7784661595922624,"ZFP91":2.45868018974295,"NEDD4L":-2.7468468991379935,"POMGNT2":-0.15703794269143395,"PRXL2A":-0.544255802659727,"TCL1A":-0.5784961782632387,"FSTL1":-2.295404513652364,"GSTM3":-3.770800266335606,"S100A13":-0.8186959755505676,"EPPK1":-2.479638967378435,"RAB23":-1.9202381778223472,"GRHL2":0.0,"APP":-1.2295620863803502,"HSPA2":-1.9247468772000502,"GRIN1":0.0,"CD79A":0.0,"RBFOX2":0.0,"DAAM1":-4.052029842600021,"GSTM2":-0.7736610393135787,"RNF123":-3.638398421891589,"PRDX2":-2.9409683650582927,"C1orf198":-1.4540128400831263,"GSTM5":-0.8946967989675075,"PPP1R13B":-1.0814078560982652,"GSTM4":-0.2853222556550622,"NINL":0.0,"CDH1":0.0,"LAMC1":-0.9647386700719492,"PXDN":-0.45800574379449716,"CAV1":-0.1785760131450302,"UBR3":-1.909095019624305,"TGFB1I1":-2.38942350796832,"DSG2":0.0,"TJP2":-3.1225775420527166,"LRRC26":0.0,"LCK":-1.3865356357661618,"PIR":-1.5197800534095476,"BCAM":-2.741048577318472}},"NPM1 Subtype":{"min":-37.0,"max":37.0,"top_text":"Committed NPM1 Subtype","bottom_text":"Primative NPM1 Subtype","map":{"FSTL1":-0.10286795684534265,"DAAM1":0.8271954882825051,"RNF123":-0.042521644802099044,"FOXA1":0.0,"PIR":-2.8394502044826995,"GSTM1":0.13878651277245868,"GRHL2":0.0,"ZFP91":-1.2586051192120393,"LCK":-0.8701832001471227,"CDH1":0.0,"CPQ":1.7526518406556197,"UBR3":2.9607725963984097,"TJP2":0.6382127239453118,"PRXL2A":0.7070322619073239,"POMGNT2":-3.0052481014355767,"EPPK1":1.5394702773189095,"RAB23":-0.6199527448693778,"S100A16":0.011830340699801385,"APP":-0.15347275784147357,"LAMC1":-0.13245207173188114,"PXDN":-1.326465084947384,"SLC25A4":-0.7223172506844779,"BCAM":-0.8871778055927574,"GSTM3":-0.40480462036317116,"CD79A":0.0,"PARD3":0.0,"TNIK":-0.5488719423031565,"UCHL1":-0.4845904341777744,"LRRC26":0.0,"H3C6":0.0,"NINL":0.0,"GSTM2":-0.7101787029029314,"PPP1R13B":0.22667935609629208,"RBFOX2":0.0,"PRUNE1":-0.7966333088648534,"TGFB1I1":0.6495774682045236,"C1orf198":-0.7201674939538973,"TCL1A":0.9402907038584047,"GSTM5":-0.5178762253470762,"DSG2":0.0,"GSTM4":-0.0026861408457245764,"S100A13":0.05048728654910385,"NEO1":0.0,"PLEKHA4":1.8341456381337844,"CAV1":-0.3465734988006755,"PRDX2":0.16868858074096924,"SFXN1":-0.32466529459965754,"HSPA2":-0.8414553448568982,"NEDD4L":-0.456173763707137,"GRIN1":0.0,"TMEM210":0.0}},"Mutation FLT3 ITD":{"min":-10.0,"max":10.0,"top_text":"High FLT3 ITD Correlation","bottom_text":"Low FLT3 ITD Correlation","map":{"GRIN1":0.0,"FSTL1":-0.6735735909578374,"GSTM2":0.12387688653326427,"LCK":-1.270434590282464,"BCAM":-0.9653484736764157,"RAB23":0.07259905585663502,"RBFOX2":0.0,"UBR3":-0.27590369954946287,"PRDX2":-1.6581385206224704,"FOXA1":0.0,"NEO1":0.0,"C1orf198":0.28705093837501716,"S100A16":-0.023614382186650365,"GSTM3":0.005149483364987342,"PIR":-1.539701564273209,"RNF123":-1.9947135023050977,"LAMC1":-2.0261006312331724,"CPQ":-1.9897331868807224,"CAV1":0.43890709235006165,"PRXL2A":-1.6794873517661624,"APP":-3.327108979178409,"HSPA2":-1.5181750117449537,"DSG2":0.0,"SFXN1":-0.09587637203688117,"GSTM5":0.8487124601993733,"UCHL1":-0.89518724934319,"ZFP91":-0.21948974743622598,"GSTM4":-0.009437397503034092,"NINL":0.0,"EPPK1":-0.42390737636882153,"TGFB1I1":-0.7679974781271371,"POMGNT2":-0.6812325821438284,"TMEM210":0.0,"CD79A":0.0,"SLC25A4":-0.8985945158890917,"S100A13":0.06275486338964802,"DAAM1":-1.404593054631743,"GRHL2":0.0,"PPP1R13B":1.6213198751254863,"PRUNE1":-1.7144962467116525,"CDH1":0.0,"NEDD4L":-2.7078614342017904,"PARD3":0.0,"H3C6":0.0,"LRRC26":0.0,"GSTM1":0.018693502610968943,"TNIK":-2.112775935893137,"TCL1A":0.39807759526636444,"TJP2":-2.060160024592961,"PLEKHA4":0.3769345099474097,"PXDN":0.22918360690661194}},"Mutation NPM1":{"min":-30.0,"max":30.0,"top_text":"High NPM1 Correlation","bottom_text":"Low NPM1 Correlation","map":{"DSG2":0.0,"APP":-11.981728007130616,"LRRC26":0.0,"RBFOX2":0.0,"GRIN1":0.0,"TMEM210":0.0,"SFXN1":0.25522862157277254,"NINL":0.0,"C1orf198":-0.9104171060391656,"SLC25A4":-2.123894438065166,"NEDD4L":-9.248514500986673,"PPP1R13B":-0.3540430385994124,"GSTM5":-0.7560170840530949,"PRXL2A":-4.7422569816511935,"UCHL1":-7.610519233000733,"TJP2":-0.7769385579523201,"FOXA1":0.0,"CD79A":0.0,"HSPA2":-6.252953676945994,"BCAM":-6.036563642030394,"RAB23":0.38739852129053354,"PIR":-5.2200683971513735,"LCK":-1.2471229313132164,"CPQ":-3.4579504424747984,"UBR3":-0.2245365442992949,"RNF123":-5.914021392568401,"PLEKHA4":0.09677125775906316,"GSTM4":-1.1811103220300438,"GSTM1":-0.18141029547360307,"CDH1":0.0,"PXDN":-4.0310993375699224,"ZFP91":0.18861116779959977,"GRHL2":0.0,"TNIK":-0.4965484042052992,"EPPK1":-1.1574686931376894,"DAAM1":-3.6126999516475653,"H3C6":0.0,"S100A16":-0.8844529159075026,"S100A13":-1.4593499238532963,"NEO1":0.0,"GSTM2":-2.88804073444617,"GSTM3":-2.0305510884587012,"TCL1A":-0.02669138645573431,"FSTL1":-2.4253095331238566,"CAV1":-0.6693585076647097,"PRUNE1":-1.6364533587859518,"TGFB1I1":-1.24092476031421,"LAMC1":-3.669599510503572,"POMGNT2":-0.8408512638860757,"PARD3":0.0,"PRDX2":-5.17690090540178}},"MuSiC CD14 Mono":{"min":-50.0,"max":50.0,"top_text":"High CD14 Mono Correlation","bottom_text":"Low CD14 Mono Correlation","map":{"SLC25A4":-0.6522268124716192,"RBFOX2":0.0,"HSPA2":-0.07473708110916673,"NEDD4L":-0.27091766347901797,"RAB23":-0.47044244165651433,"TMEM210":0.0,"NEO1":0.0,"C1orf198":-0.7681029869365014,"LCK":0.5646197631388029,"CDH1":0.0,"PRUNE1":-1.5145134681603774,"CD79A":0.0,"GSTM2":-1.6103139587126927,"LAMC1":-0.6775280402103476,"PXDN":-1.0501124995014641,"UCHL1":-0.3405229673820808,"DSG2":0.0,"S100A16":0.042618071672091716,"CPQ":4.148220420108761,"GRIN1":0.0,"PPP1R13B":0.31949314898809017,"GSTM4":-0.5998445620504977,"PIR":-2.4617900821946295,"ZFP91":-0.85039198441133,"TCL1A":1.0999457464091245,"TNIK":-1.0509131988839961,"TGFB1I1":0.28516480657525234,"EPPK1":1.9051968548790312,"GRHL2":0.0,"NINL":0.0,"GSTM3":0.05054334792266708,"PRXL2A":-0.1310135357131195,"GSTM5":-0.769341777051946,"LRRC26":0.0,"CAV1":-0.5302430407351745,"BCAM":-0.5360621054814227,"PRDX2":-0.1041895856643761,"H3C6":0.0,"SFXN1":0.16032262893215574,"S100A13":0.13838080769319994,"FOXA1":0.0,"UBR3":4.190459752507795,"PARD3":0.0,"RNF123":0.10999721481948381,"GSTM1":0.07969959692813992,"FSTL1":0.03155382128284532,"POMGNT2":-2.5210726034672954,"PLEKHA4":1.5361436021453936,"DAAM1":0.47974677666176446,"APP":-0.7401982384299821,"TJP2":1.0995362987091866}},"Overall Survival":{"min":-6.0,"max":6.0,"top_text":"High Survival Correlation","bottom_text":"Low Survival Correlation","map":{"LAMC1":-0.09508643469178242,"CAV1":-0.14447947551038773,"LRRC26":0.0,"PIR":-1.0700641119404126,"SLC25A4":-0.012439070698372863,"GSTM3":-0.16833057551490346,"EPPK1":0.5395480340381624,"S100A13":-0.7664827203177896,"PXDN":-0.372569927208475,"DSG2":0.0,"PLEKHA4":-0.12931191660174968,"GSTM5":0.06680957559661681,"RBFOX2":0.0,"UBR3":2.0127797203142768,"GSTM2":0.38466426036751367,"TGFB1I1":-0.006379110176032574,"CPQ":-0.005415870194101155,"RAB23":-0.25188672388062167,"APP":0.1022519156374208,"H3C6":0.0,"S100A16":0.06789384783040779,"C1orf198":-0.3621171560164865,"PRXL2A":-2.7967672385779965,"PARD3":0.0,"TNIK":0.028226218800089034,"DAAM1":0.21620604678555605,"TMEM210":0.0,"PRUNE1":-0.2459897205175026,"ZFP91":0.4161319418794859,"POMGNT2":0.09223023708162989,"GRIN1":0.0,"GSTM1":-0.4921490000835817,"RNF123":-0.5280031513759131,"TJP2":-0.3337647232437684,"CD79A":0.0,"FOXA1":0.0,"PPP1R13B":1.2891669867483655,"GRHL2":0.0,"UCHL1":0.05869138050309752,"CDH1":0.0,"BCAM":-0.14511679079711298,"PRDX2":-0.29923871980689154,"GSTM4":1.6072450808438403,"TCL1A":0.38943536812301693,"HSPA2":-0.6983826675971863,"NINL":0.0,"NEO1":0.0,