{"Mutation FLT3 ITD":{"min":-10.0,"max":10.0,"top_text":"High FLT3 ITD Correlation","bottom_text":"Low FLT3 ITD Correlation","map":{"FBXO7":-2.060037191118317,"DHX9":-0.45086184655687284,"TAF3":-1.355947987545681,"ARID1A":-1.0388814059493547,"GTF3C3":1.2473955418173996,"UBE2I":-0.05420347978693792,"DBR1":-0.05914256447306909,"BRMS1":-0.724736400791994,"GTF2A1":-2.045252613350316,"REST":-0.6648754404567111,"GTF2E1":1.2583678495741943,"RNF26":0.0,"H4C13":0.0,"GTF3C2":0.2613682371683991,"H4C1":0.0,"H4C4":0.0,"RNF4":0.13921951997635876,"ATP6V1C1":-0.7681732102378552,"CUEDC2":-0.7339067823943857,"GTF2B":-0.7750382989087743,"HDAC1":0.25427844551869644,"ISY1":-1.410513816857678,"GTF2A2":-0.443633395634959,"RPL29":0.08512022202949474,"H3C7":0.0,"TBPL1":-0.01641219456907304,"H2BC17":0.0,"SIN3A":-1.1779359287275906,"H4C12":0.0,"CXXC1":-0.13519020884237815,"TAF6":-0.2605548888482134,"FOXJ2":-1.1052145813573684,"H4C2":0.0,"GTF2H4":0.30267980770208786,"PPP1CA":0.18242560095604346,"NPRL2":0.36155697445169055,"MED1":0.0940158490106755,"TAF5":-0.6896620241304081,"TAF1":-0.04690526908343578,"ATF1":-0.5001218069327228,"TAF12":-0.5532788233151862,"TAF11":-1.1487764607046251,"TAF4":-0.16118379608127467,"TAF8":0.03148024822922413,"POLR2A":-0.26084814200353945,"H3C2":0.0,"GTF3C4":0.8118134586459324,"HSPA4":3.170040110903423,"TBP":-0.43620161677117925,"GPATCH8":0.751379332935666,"WDR5":-0.23921487223671387}},"MuSiC CD14 Mono":{"min":-50.0,"max":50.0,"top_text":"High CD14 Mono Correlation","bottom_text":"Low CD14 Mono Correlation","map":{"GTF3C2":-4.150689657698528,"PPP1CA":5.381309065035854,"BRMS1":-3.1297743786831553,"CUEDC2":0.12300619977155995,"GTF2B":-1.4454819372780112,"TBPL1":-0.12308482985219105,"H4C13":0.0,"TAF12":-2.839533908806808,"TBP":-3.845925136141115,"MED1":-6.31209081129881,"GTF2E1":-0.3769809422102629,"TAF11":-4.977877329381452,"H3C7":0.0,"GTF2A1":-1.6273926816444673,"TAF3":-3.5810576069460693,"TAF4":-3.849364305471634,"HDAC1":-4.679624575278813,"TAF5":-4.433544607575586,"RPL29":-0.893225567406284,"ATF1":-1.6460750199247587,"TAF8":-2.0845251978524346,"SIN3A":-9.94226282256284,"RNF4":-2.5053415465141753,"GTF3C3":-5.550505321995984,"RNF26":0.0,"DHX9":-2.300504815208915,"FOXJ2":-2.3620788008685345,"H4C2":0.0,"H4C1":0.0,"NPRL2":-0.09182997621662492,"GPATCH8":-12.507688949017627,"POLR2A":-3.656362333739177,"H2BC17":0.0,"TAF1":-3.1882296146540776,"H4C12":0.0,"ATP6V1C1":22.626277834482647,"H3C2":0.0,"TAF6":-6.151545735478707,"HSPA4":-0.4123427992593957,"H4C4":0.0,"GTF2H4":-1.328846159170154,"ISY1":-4.402036873484432,"DBR1":-3.977765617085925,"WDR5":-4.611999300436258,"FBXO7":-0.4503500246385786,"GTF3C4":-7.54062397289887,"ARID1A":-4.506309514494056,"CXXC1":-2.989175663296628,"GTF2A2":-1.5821827935591075,"UBE2I":-2.5058671953925273,"REST":-5.344386349690534}},"Mutation NPM1":{"min":-30.0,"max":30.0,"top_text":"High NPM1 Correlation","bottom_text":"Low NPM1 Correlation","map":{"SIN3A":0.09757534152773194,"H2BC17":0.0,"TBPL1":-1.3578791121904734,"GTF3C4":1.6783368047750222,"H3C7":0.0,"TBP":-0.36109525911591006,"ARID1A":-0.4487279905526509,"TAF4":1.3074491138733983,"MED1":0.5204256391718037,"GTF3C3":3.4432865247271813,"H4C12":0.0,"UBE2I":-0.658385173888684,"FOXJ2":-0.7959190238376616,"GTF3C2":1.837855715081367,"REST":-1.4160368566846557,"WDR5":-0.03650034802598876,"GTF2A2":-0.2735096654873455,"CXXC1":-0.10428311906230786,"H4C1":0.0,"GTF2H4":-0.996331836962392,"TAF6":0.3513066073653608,"H4C13":0.0,"ISY1":-1.1854399755621778,"CUEDC2":-0.559626038471668,"DHX9":1.971873286290523,"RNF26":0.0,"H3C2":0.0,"GTF2B":0.41637134986322244,"BRMS1":0.6144309041812756,"POLR2A":2.138541531711855,"NPRL2":1.8603726809193037,"HSPA4":2.236903395749233,"TAF3":0.35989493628175057,"TAF12":1.0882345111461973,"RPL29":-0.21866873147552152,"TAF8":0.43958433447610284,"ATF1":0.5782340029627466,"FBXO7":-5.868148557716225,"TAF11":-0.11001338222147844,"GTF2E1":2.036717945121273,"TAF1":0.60818181138489,"DBR1":0.7649565033979147,"GPATCH8":0.8062495047003247,"ATP6V1C1":-0.021239291772117048,"PPP1CA":1.1699425260695409,"GTF2A1":-6.587129244035585,"H4C2":0.0,"H4C4":0.0,"RNF4":-0.09196696873314271,"HDAC1":0.42857678154086615,"TAF5":0.41731857856199567}},"Blast Percent":{"min":-11.0,"max":11.0,"top_text":"High Blast Percent Correlation","bottom_text":"Low Blast Percent Correlation","map":{"H2BC17":0.0,"SIN3A":9.566712249665228,"TBPL1":0.2088483991524446,"CUEDC2":-0.7902878694348906,"TAF4":9.457497680974226,"RNF26":0.0,"RPL29":-0.1763336476018009,"GTF3C4":7.207955854162734,"GPATCH8":5.354403752657938,"H4C4":0.0,"PPP1CA":-0.06949978671584128,"GTF2E1":1.730560177709094,"TAF8":2.62244419557207,"RNF4":3.7950366722293833,"H4C2":0.0,"POLR2A":10.002555467432089,"MED1":6.648180326609903,"TBP":3.7351316621454456,"H3C2":0.0,"H4C12":0.0,"UBE2I":2.6558436032342922,"GTF3C3":6.330630155105128,"TAF6":7.25059057705687,"TAF5":6.274891264803313,"DHX9":4.64148528187053,"ARID1A":5.264134938181909,"ISY1":2.7811020158431172,"H4C13":0.0,"GTF2H4":2.7123287461407943,"GTF3C2":6.699525169033605,"H3C7":0.0,"WDR5":4.479767002461924,"DBR1":1.3226218496040694,"BRMS1":5.699383280944352,"TAF11":4.500554039130935,"ATP6V1C1":-4.827731456994691,"TAF12":5.603051959613489,"HDAC1":4.408129367480514,"GTF2B":1.9147429777301097,"FOXJ2":1.4103496437256797,"GTF2A1":-0.0037738617061444215,"HSPA4":-0.08476691278570621,"ATF1":0.6056095053018136,"REST":2.474373911382815,"GTF2A2":2.6788069253844022,"NPRL2":0.3092690346188749,"FBXO7":-2.2574509679608794,"TAF3":1.7015782047154304,"CXXC1":3.5776373352881077,"TAF1":7.2040929477027005,"H4C1":0.0}},"NPM1 Subtype":{"min":-37.0,"max":37.0,"top_text":"Committed NPM1 Subtype","bottom_text":"Primative NPM1 Subtype","map":{"RNF4":-1.7685536470837888,"TBP":-3.530779250687171,"H4C4":0.0,"RNF26":0.0,"H4C12":0.0,"ATP6V1C1":18.133651126575007,"WDR5":-3.554046379510762,"BRMS1":-2.4879498206947606,"DBR1":-4.998678715585143,"H4C13":0.0,"TBPL1":-1.0034638799435882,"H4C2":0.0,"PPP1CA":3.269633951130448,"FBXO7":-0.3067639959262162,"H3C2":0.0,"TAF1":-3.218991790180499,"GTF3C4":-7.827429748877573,"MED1":-5.695575771596628,"H2BC17":0.0,"ATF1":-0.9315623937300109,"GTF3C3":-5.773194917460165,"TAF11":-3.502066745868133,"CXXC1":-3.722222750735667,"UBE2I":-3.8284361881716316,"TAF5":-3.314648942220357,"REST":-4.379022854856123,"SIN3A":-7.937026904327974,"RPL29":-0.001982487144483165,"NPRL2":-0.12648803194870387,"HDAC1":-5.655537515814193,"GTF2H4":-0.8456498367672507,"FOXJ2":-1.3913742115688783,"TAF4":-3.5878120693258597,"TAF12":-1.4301530847405601,"TAF8":-2.3617846215143086,"HSPA4":-0.9811021528566507,"GTF2A2":-1.2126338333097881,"GTF2E1":-0.13986413821488763,"H4C1":0.0,"ISY1":-2.928535894185997,"DHX9":-3.023054690832715,"GPATCH8":-10.23422660124692,"GTF3C2":-4.3199043385969045,"TAF3":-3.5146923012758,"TAF6":-4.301742397347677,"GTF2A1":-1.1066687213300712,"ARID1A":-2.8636318742908,"CUEDC2":-0.3581789764993661,"H3C7":0.0,"GTF2B":-0.84860226744786,"POLR2A":-3.2439500843328837}},"Overall Survival":{"min":-6.0,"max":6.0,"top_text":"High Survival Correlation","bottom_text":"Low Survival Correlation","map":{"BRMS1":-0.3881388308530004,"GPATCH8":-1.0513914270393512,"FBXO7":-1.0505412838441193,"H4C13":0.0,"GTF3C2":-1.4525383913576868,"RNF26":0.0,"TAF6":-0.2736225989942279,"H4C1":0.0,"NPRL2":0.05409103222099344,"TAF11":-0.0799735225919256,"ATP6V1C1":0.0008810677612074492,"ATF1":-0.3141308089828017,"H4C4":0.0,"H4C12":0.0,"TAF5":-1.0414720913824622,"GTF3C3":-0.2126072744236417,"HSPA4":-0.07023709911317856,"GTF2A2":0.7757255247524844,"H3C7":0.0,"H4C2":0.0,"MED1":-1.3982850493252605,"RPL29":0.1119453765245992,"TAF12":-0.8231106819116624,"RNF4":0.04351776808182652,"UBE2I":0.42681407910395563,"REST":0.06675730817751685,"PPP1CA":0.4418906905259564,"WDR5":-0.5549702440508997,"GTF3C4":-1.3321403765393376,"DBR1":-0.12857491042018337,"GTF2B":-0.23379458352244875,"TBPL1":-0.007194153410515841,"GTF2A1":-0.42094697088471356,"CUEDC2":0.21925982669939717,"TAF1":0.3376978460925033,"FOXJ2":0.1712286090918112,"H2BC17":0.0,"ISY1":0.03500731253144527,