{"Mutation NPM1":{"min":-30.0,"max":30.0,"top_text":"High NPM1 Correlation","bottom_text":"Low NPM1 Correlation","map":{"MX1":-5.574449916450599,"IFIT2":-0.1760112709713115,"IFI16":-9.84528351855544,"MTF1":0.23446197095177965,"LACTB":4.308141566313279,"DENND4A":0.1656609042114294,"SNCA":-6.509779891714024,"OASL":-0.8916582641912174,"CCNA2":-1.5198664967718478,"IFIT1":-1.9169800293070431,"DDX60":-7.421061797116181,"IRF4":-1.317124686387942,"NUTM2F":0.0,"GBP4":-5.2472286740388645,"DDX58":0.7306029205318584,"LILRB3":1.1529114730962569,"ZBTB7B":0.587810211897379,"THEMIS2":0.42740930089672236,"CCR1":2.355662390331561,"ZBTB7A":2.665705492325828,"CREBBP":-0.0055025576709553815,"C5AR1":0.13640271729085762,"BCL6":-0.5388059192725675,"C19orf38":-1.1934327672774885,"UPP1":1.989654410132494,"IFIT3":-1.0574725729478078,"PARP9":-0.5671753297905948,"JUNB":0.3395129490783598,"IL17RA":0.0492420061233107,"FCN1":-0.40823958330144866,"CRISPLD2":0.03791227142000397,"IL1RN":0.08059816128011264,"H2AC7":0.0,"EP300":1.1861962538320805,"MCEMP1":-0.36351144945271346,"ARRDC3":0.0,"SIRPB1":-0.32755466027085284,"HDAC4":0.16054439084734898,"LITAF":-1.2069110658057602,"DTX3L":-1.0935823450914752,"STX11":0.09903307226405608,"SPI1":-0.0008043585523063026,"PELI1":0.0,"HERC5":-7.579838116892882,"HBEGF":0.0,"ZNFX1":1.794994276455679,"HELZ2":-0.4557868938483683,"OAS2":-3.1856363558865732,"FCAR":-2.0751507886110385,"IRF9":-2.398357036202802,"UPK3BL2":0.0}},"Blast Percent":{"min":-11.0,"max":11.0,"top_text":"High Blast Percent Correlation","bottom_text":"Low Blast Percent Correlation","map":{"ZBTB7B":-2.115936947721485,"IL17RA":-0.8399715377597017,"PELI1":0.0,"ARRDC3":0.0,"MX1":-1.719018977672697,"LILRB3":-5.184022919758817,"IFIT2":-0.7211954929811877,"CREBBP":1.5726914377732641,"UPK3BL2":0.0,"HELZ2":-1.201196755794544,"OASL":-2.0712345593310117,"C5AR1":-5.416288521531332,"SNCA":-4.023724463660197,"IFIT3":-1.028109460996025,"ZNFX1":-1.4463231495376465,"BCL6":-3.7394740244325684,"FCAR":-4.8133620079862345,"HERC5":-0.4415858228902407,"NUTM2F":0.0,"MTF1":-5.1335314089865465,"EP300":0.862749302531665,"ZBTB7A":-0.6393238908604587,"JUNB":-1.0588688868541631,"MCEMP1":-8.206782193515835,"CCR1":-1.7725283504955869,"FCN1":-8.131275263035983,"IL1RN":-4.9293391577906505,"THEMIS2":-6.362598393559543,"CRISPLD2":-3.276370403225311,"IRF4":-1.4185309707405402,"IFI16":0.14600482715568094,"UPP1":-3.220612112609773,"LITAF":-5.9776034737744785,"IRF9":-0.2608172926302378,"HDAC4":-0.8884674635379312,"DENND4A":-2.382995239365081,"SIRPB1":-4.261889514888887,"OAS2":-0.5807548609903815,"H2AC7":0.0,"HBEGF":0.0,"STX11":-5.4029566296156215,"C19orf38":-6.372762297992655,"DDX58":0.7735584549773806,"IFIT1":-0.6523841880636494,"CCNA2":-1.4572863469304775,"GBP4":-0.30132760106527423,"DDX60":-0.5879297297036823,"PARP9":-1.9310918171501659,"DTX3L":-0.9410061746748083,"SPI1":-0.5555680399653576,"LACTB":0.09341300717082612}},"NPM1 Subtype":{"min":-37.0,"max":37.0,"top_text":"Committed NPM1 Subtype","bottom_text":"Primative NPM1 Subtype","map":{"THEMIS2":23.286398030646854,"C19orf38":19.962227929240754,"LITAF":2.495786411617275,"LACTB":10.766741316260394,"DTX3L":7.553959388059997,"DENND4A":8.439509788036684,"JUNB":16.424303518453996,"HELZ2":8.354138730037723,"FCN1":19.620727136033025,"MTF1":22.249910581390672,"CCR1":24.58489212417773,"MX1":2.9143326746992058,"IFIT3":2.0325146518435964,"ZBTB7B":20.27312434041019,"LILRB3":28.17595630791758,"DDX58":0.2758105784612248,"UPK3BL2":0.0,"HBEGF":0.0,"CCNA2":1.3496336759764287,"C5AR1":20.443010774912853,"OAS2":5.645147892262444,"IFI16":-0.9473514198005877,"SNCA":-0.3422179136146277,"SIRPB1":18.975280389765338,"BCL6":16.27910459204684,"CRISPLD2":14.326855783112915,"HERC5":0.9472966981133911,"STX11":18.991728877875943,"HDAC4":17.273339859982656,"UPP1":17.68119257212705,"CREBBP":1.29703655263025,"FCAR":12.26943762499202,"IL1RN":20.907110839037664,"IL17RA":15.036429700586773,"PELI1":0.0,"IRF4":1.3627695590038627,"IFIT1":1.5332112986792883,"SPI1":7.645228834333771,"IFIT2":3.1894067494152516,"ZNFX1":14.537422931117728,"GBP4":-0.5635629034272949,"NUTM2F":0.0,"PARP9":6.8476780553882,"OASL":7.703935678598901,"EP300":1.921502290883876,"ZBTB7A":9.888826275011354,"DDX60":0.36416364777825,"MCEMP1":20.619876989277646,"ARRDC3":0.0,"H2AC7":0.0,"IRF9":1.6899582953077281}},"Overall Survival":{"min":-6.0,"max":6.0,"top_text":"High Survival Correlation","bottom_text":"Low Survival Correlation","map":{"IL17RA":0.3375888550375257,"GBP4":0.3640726664658904,"CRISPLD2":-0.964014373914607,"OASL":0.6469660737112296,"IFIT2":0.09560069358274154,"MX1":1.1555433369732002,"UPK3BL2":0.0,"CREBBP":-0.13014199665467036,"IRF9":0.055079738452046716,"ZBTB7A":0.35284544782520216,"JUNB":-0.7389225510032047,"IFI16":0.4379577541009068,"SPI1":-0.212526285789462,"EP300":-0.33887591101364556,"UPP1":0.0456677592960243,"PELI1":0.0,"DENND4A":0.0762990096633163,"IFIT1":0.7401385811798941,"THEMIS2":-0.5780102924322493,"BCL6":0.3911084555231217,"DDX58":0.8423548400468702,"STX11":0.3222312364143047,"HDAC4":0.1798870229004178,"LILRB3":-0.07583403163275591,"HERC5":0.3365595265771024,"CCNA2":-0.7448015830923687,"H2AC7":0.0,"HBEGF":0.0,"FCN1":-0.09732649692741746,"ARRDC3":0.0,"ZNFX1":0.16936703602837583,"FCAR":0.07659138578772037,"CCR1":-0.062432581439242456,"C19orf38":-0.021002304930134306,"LITAF":-0.4976009833981495,"IFIT3":0.2459165647377883,"DDX60":0.9561320914870347,"DTX3L":0.469335293381808,"MCEMP1":-0.5571530804382967,"MTF1":0.07455553030430989,"LACTB":0.3258590816716358,"SNCA":-0.22254629926187602,"HELZ2":0.11051320347585998,"NUTM2F":0.0,"PARP9":1.383453761776606,"SIRPB1":-0.34383542221321467,"IL1RN":-0.22981964446160255,"IRF4":0.6512563604851161,"OAS2":1.0461986665549268,"C5AR1":-0.07654769095433445,"ZBTB7B":-0.08099079037879058}},"MuSiC CD14 Mono":{"min":-50.0,"max":50.0,"top_text":"High CD14 Mono Correlation","bottom_text":"Low CD14 Mono Correlation","map":{"CCR1":31.732739726773776,"ZBTB7B":27.34153416160199,"NUTM2F":0.0,"CRISPLD2":12.990086156006354,"MX1":2.0750211203212534,"OASL":5.27780406836852,"HERC5":0.0007532804871063978,"UPK3BL2":0.0,"EP300":3.2515858328739564,"IL17RA":15.698120922361307,"DENND4A":10.48571083002081,"CREBBP":1.39852344509804,"IFI16":-1.8253691354223585,"LACTB":13.88724844515042,"HELZ2":10.818588924155932,"ZBTB7A":11.104165190978097,"C5AR1":27.309197415501416,"HDAC4":20.259114835304086,"BCL6":17.34160356251884,"STX11":23.959232806806362,"SIRPB1":30.999885866834994,"IRF9":2.2659933973574993,"LILRB3":41.32085737072299,"MCEMP1":27.240662325463923,"C19orf38":26.762342568753116,"JUNB":16.962575556685977,"SNCA":-0.4286839929632677,"H2AC7":0.0,"IFIT2":2.479714096058193,"CCNA2":0.36273922643833345,"OAS2":3.6470130537336023,"IFIT1":0.43550535759690434,"PARP9":8.644381976815946,"DDX60":-0.2221337989959196,"ZNFX1":15.455064593831787,"THEMIS2":37.626263539631175,"IRF4":0.8814734339762645,"HBEGF":0.0,"LITAF":1.6113915584290137,"ARRDC3":0.0,"DTX3L":6.303569292019138,"SPI1":9.877432892558968,"IFIT3":1.3354574057957826,"GBP4":-0.5665321035317602,"IL1RN":29.974714900199984,"FCAR":14.23022954315972,"FCN1":26.25085160507404,"MTF1":31.419474292939448,"UPP1":22.45662927378271,"DDX58":0.6823469071381174,"PELI1":0.0}},"Mutation FLT3 ITD":{"min":-10.0,"max":10.0,"top_text":"High FLT3 ITD Correlation","bottom_text":"Low FLT3 ITD Correlation","map":{"GBP4":-1.3813723177955335,"OAS2":-0.5668265823048529,"FCAR":-1.2104563684904852,"LITAF":-0.772014097770521,"UPP1":0.5149917765214144,"BCL6":-2.4738435914263075,"JUNB":-0.9485639590693187,"C5AR1":-0.7406060277987441,"C19orf38":-0.7881124024586543,"ARRDC3":0.0,"THEMIS2":-0.1939155365020615,"IL17RA":-0.7096851775947619,"HBEGF":0.0,"SIRPB1":-0.20347953977888264,"DENND4A":-0.29931657078737905,"IRF4":-0.5248312662146727,"H2AC7":0.0,"IFIT1":-0.6571405696277274,"PARP9":-0.2384326326618635,"IRF9":-1.1927897152990192,"EP300":-0.034602454011254884,"PELI1":0.0,"HDAC4":-1.2514985850453726,"UPK3BL2":0.0,"IL1RN":-0.17379238772316602,"CCNA2":-2.1053400010406236,"IFIT2":-0.04276332867281745,