{"MuSiC CD14 Mono":{"min":-50.0,"max":50.0,"top_text":"High CD14 Mono Correlation","bottom_text":"Low CD14 Mono Correlation","map":{"USP20":-0.3500314608438638,"MUS81":-1.7961331012866317,"HERC2":-10.283401947112125,"ZNF451":-5.702054743553077,"TXLNG":-2.9103376285948914,"H4C2":0.0,"H4C1":0.0,"ZNRD2":-0.11993164810012581,"PELP1":-13.210389588230504,"CBX2":-14.176458360017358,"CDAN1":-7.816996284262643,"TOP3A":-1.9464077299192006,"CEP290":-8.037340177977983,"NEURL4":-2.71982823723078,"BICD1":-6.353705941070084,"MRPL12":-0.46123729361953825,"LUZP1":-7.414178687332047,"EME1":-0.05387668870577637,"TP53":-0.8268676921741074,"PRR14L":-2.3238241617670905,"MDN1":-10.880824807741687,"BRCA1":-0.5466122588945166,"PABPC4":-0.8491861214311488,"PMS1":-7.319656402846261,"SENP3":-18.298572177244218,"ZNF692":-0.34431005922783997,"TRIM28":-23.59451698900753,"CHD4":-16.48823355690458,"MYC":-3.3149980205941003,"ANAPC1":-4.8872366281420225,"NAT10":-10.501213472547832,"GTF3C2":-4.150689657698528,"ASXL2":-2.5267202688734454,"CCDC136":0.0,"BLM":-3.7598730543161833,"WDR59":-8.407833028373892,"CAD":-2.3037204793897654,"KNOP1":-17.920115536897843,"H4C13":0.0,"ZNF669":-10.999623068949678,"SCO2":-2.132160479166728,"CPT1A":-0.8592190139207015,"SIN3A":-9.94226282256284,"CLSPN":0.20481323728598522,"MRPS30":-3.671560443439892,"SMARCAD1":-19.480675468099545,"CEP250":-0.6362390612525965,"SSX2IP":0.0868054508411676,"CDK8":-0.04604297179134459,"ZBTB5":-2.7372304770316322,"MDC1":-8.248967719141568}},"Overall Survival":{"min":-6.0,"max":6.0,"top_text":"High Survival Correlation","bottom_text":"Low Survival Correlation","map":{"CPT1A":-0.13337744333322954,"TOP3A":-0.7441224860869089,"SMARCAD1":-0.1825603726090783,"NAT10":0.31006638313310203,"MUS81":0.5247229995066363,"MDN1":-0.19632078979843715,"BLM":-0.2526883594166053,"PMS1":-0.11172511316901433,"SENP3":0.3332337920907203,"USP20":0.029385211156842665,"TP53":-0.18747418326780263,"TRIM28":0.01712886786621426,"ZNF692":-0.8257049065540298,"PABPC4":-0.13722022000289563,"ZBTB5":0.7543901861795118,"BICD1":-0.3011309611629979,"CBX2":-0.7480663997392727,"ZNRD2":-0.25764149207923887,"LUZP1":-1.2274238778333009,"H4C2":0.0,"ASXL2":-1.6921718949242224,"CHD4":-0.8250007975486481,"CLSPN":-0.21497701534882804,"BRCA1":-0.25107120662382854,"H4C1":0.0,"ZNF451":0.5436196457897362,"SSX2IP":-0.12601525600183952,"SCO2":-2.8613001170249444,"HERC2":0.1755552289808674,"MYC":-0.09746207262172309,"ANAPC1":0.26426377625479025,"CAD":-0.5691434632559227,"H4C13":0.0,"MRPS30":0.30730373471145767,"PELP1":-1.3678597770755407,"CDAN1":0.20441638618956137,"CDK8":1.0689336965395566,"CEP250":-0.05615488358523695,"PRR14L":0.37658260165252544,"NEURL4":0.14817210219008456,"KNOP1":0.021787170606387466,"SIN3A":-1.1333410651466098,"MDC1":-0.31806716692383624,"CCDC136":0.0,"EME1":-0.12455772473779407,"MRPL12":0.03490683455577787,"TXLNG":-0.5891232279589178,"WDR59":-0.06856311471684166,"ZNF669":-1.396533213060339,"GTF3C2":-1.4525383913576868,"CEP290":0.19755037918881438}},"NPM1 Subtype":{"min":-37.0,"max":37.0,"top_text":"Committed NPM1 Subtype","bottom_text":"Primative NPM1 Subtype","map":{"TRIM28":-19.651323646373296,"CBX2":-13.44459899594699,"MRPL12":-0.1784949609433073,"WDR59":-8.561142735019638,"CDK8":0.12846434547259553,"MDN1":-7.814682229152527,"SENP3":-12.747338778208059,"CAD":-2.4076065711295307,"GTF3C2":-4.3199043385969045,"SIN3A":-7.937026904327974,"CCDC136":0.0,"MDC1":-6.161477820690508,"H4C2":0.0,"USP20":-0.6121552906787633,"CDAN1":-6.34078113047179,"CEP250":-0.35517275309020685,"PMS1":-6.555792637400147,"NAT10":-9.248911145482326,"BLM":-1.6665983476517532,"LUZP1":-4.153030879435762,"SSX2IP":0.3148773513218567,"H4C13":0.0,"BICD1":-4.206996495731999,"ASXL2":-1.808477609607165,"ZNRD2":-0.29559906034914346,"TP53":-0.8118343715985066,"SCO2":-3.2976212374826406,"BRCA1":-0.049069322183682255,"PABPC4":-0.9371403731527881,"H4C1":0.0,"TOP3A":-1.805203666722269,"CHD4":-14.411108575673477,"PELP1":-13.75404467723171,"ANAPC1":-3.4959193969764906,"PRR14L":-1.4622029685549172,"ZNF669":-12.53865571662032,"MYC":-2.814978620299115,"MUS81":-0.9370048715736207,"CPT1A":-1.9005115369059724,"EME1":0.050148940248422466,"NEURL4":-1.3483903285004202,"ZNF451":-6.44109908657853,"MRPS30":-4.751788650925735,"KNOP1":-11.296140672830802,"TXLNG":-2.5974790189508528,"ZBTB5":-1.7620022612187316,"CEP290":-6.564238077638097,"HERC2":-8.388645557310195,"SMARCAD1":-15.092112518437062,"CLSPN":1.6288494170435353,"ZNF692":-0.06551344179438708}},"Mutation FLT3 ITD":{"min":-10.0,"max":10.0,"top_text":"High FLT3 ITD Correlation","bottom_text":"Low FLT3 ITD Correlation","map":{"H4C1":0.0,"MUS81":-3.0365234829046277,"ZBTB5":-1.7278122602468287,"ANAPC1":0.110757530998708,"ZNF669":-0.051748548920239584,"CAD":-0.34306255573334105,"PRR14L":-0.8311086394131424,"SSX2IP":-0.4013457923823841,"GTF3C2":0.2613682371683991,"ZNRD2":-0.36317835443154867,"BRCA1":-1.367661228869997,"CLSPN":-1.2706442714132113,"ASXL2":-2.71407673655277,"MRPL12":0.587593458917804,"WDR59":0.2042081997049082,"PELP1":0.030859996997558425,"SCO2":1.0900918009996932,"PMS1":1.4408589477647642,"CDK8":-0.43741192578965793,"CEP290":-0.3600824560271459,"SIN3A":-1.1779359287275906,"H4C13":0.0,"BICD1":-0.609880845430396,"MDN1":0.34487205680553573,"CDAN1":-1.6935685560995217,"MYC":0.29382053195509006,"NEURL4":-0.05491178184842254,"SMARCAD1":0.15431553452892363,"SENP3":-0.1233530529343833,"CCDC136":0.0,"CPT1A":0.8290648199743196,"CEP250":-0.10241189131096629,"TRIM28":0.0631033974275213,"TOP3A":-0.7652883659220467,"USP20":0.745635844896245,"TXLNG":-0.5670398669351678,"KNOP1":-0.3979475964287539,"PABPC4":-0.3481566551388903,"CBX2":-1.0187908754632367,"EME1":-1.501727185464835,"TP53":-2.4086252511328947,"MDC1":-1.7276252283964555,"NAT10":1.050264329951811,"CHD4":0.3289789536256447,"LUZP1":-0.4282595016758654,"BLM":0.4187989780791477,"MRPS30":2.7799265509467994,"HERC2":-0.4613962069906061,"ZNF692":-0.983360953785544,"H4C2":0.0,"ZNF451":0.8596844475170599}},"Blast Percent":{"min":-11.0,"max":11.0,"top_text":"High Blast Percent Correlation","bottom_text":"Low Blast Percent Correlation","map":{"USP20":0.0440904960967574,"MYC":0.7481112329162724,"MDC1":3.5036569781819322,"SIN3A":9.566712249665228,"TRIM28":3.596496680403605,"HERC2":1.8992040045151046,"CDAN1":0.02885936409660746,"H4C2":0.0,"TP53":-1.1668667584627048,"ZNRD2":-1.5834332671782816,"CPT1A":0.6039536238997296,"EME1":1.206415125269891,"BICD1":-0.09275965136600803,"SSX2IP":-0.07001353830964999,"ZNF669":4.797296475609069,"WDR59":6.126976807072482,"MRPL12":0.43344205512346917,"CEP290":0.8860310386361279,"CAD":-0.8624718753634616,"SMARCAD1":3.5642020836077353,"ASXL2":3.140821904030429,"ZBTB5":-0.4660196765132269,"CDK8":0.07710722558627395,"ANAPC1":0.07671539521856227,"TXLNG":-0.0839064628819275,"BLM":0.7358128800048006,"PELP1":6.189444960618543,"MRPS30":1.3183878571180176,"ZNF451":1.6915864971388384,"CEP250":1.4735503602672402,"CCDC136":0.0,"CHD4":6.40312949392056,"NAT10":2.781669301988959,"H4C1":0.0,"CBX2":2.1821370246020777,"CLSPN":-0.9382946669586997,"ZNF692":-0.0011856775493138553,"PRR14L":1.3809351898431406,"NEURL4":1.075519957881944,"MUS81":0.1986736200588547,"KNOP1":3.1855518472959314,"GTF3C2":6.699525169033605,"LUZP1":1.5147425868464015,"TOP3A":1.087503468260286,"SCO2":0.35792461385658303,"BRCA1":-0.5954160471001715,"PMS1":3.3748674101448346,"MDN1":1.9519655877866415,"PABPC4":-0.35944478887624093,"SENP3":6.408866170157958,"H4C13":0.0}},"Mutation NPM1":{"min":-30.0,"max":30.0,"top_text":"High NPM1 Correlation","bottom_text":"Low NPM1 Correlation","map":{"ZNF669":-0.11632885516926275,"KNOP1":-2.1991076625969246,"TXLNG":-3.2177172914723746,"SENP3":-0.8070268162384926,"ZBTB5":-2.2015357877156987,"CEP290":0.2607136731799158,"SMARCAD1":0.15246333223368871,"TOP3A":-0.5539908147795477,"MYC":-0.10168434394597319,"CHD4":0.14249840983117837,"CLSPN":0.7447947167398818,"ZNF451":1.8141923663605348,"CCDC136":0.0,"NEURL4":-0.44297798785413867,"PELP1":-0.4956895954754199,"CPT1A":1.5330092236636208,"HERC2":-1.3151060003915214,