{"MuSiC CD14 Mono":{"min":-50.0,"max":50.0,"top_text":"High CD14 Mono Correlation","bottom_text":"Low CD14 Mono Correlation","map":{"COMP":0.0,"SRD5A3":-2.163694129960479,"RUNX1":-14.501782572514683,"ELMOD2":-4.070995473504119,"ERMP1":-1.8916354695229871,"LAMP2":0.3403573314743197,"CUL3":-0.05964923269274174,"SLC41A3":-2.7835036172906618,"WT1":-3.9827921886139106,"PITRM1":-6.908704334366507,"TMEM43":-3.1907669375995265,"COL2A1":0.0,"ITGAV":-0.16774092476032307,"FAM161B":0.0,"RPN1":-0.8539539384471044,"TCTN3":0.0,"VAT1":0.8846656959203532,"CD72":-0.5705930367070648,"TIMP2":13.153410874276991,"PPP2CA":0.0,"ITGA2B":1.1736764824910495,"FSCN1":-5.505964062315051,"TRAF3IP3":-0.5853451975928918,"GALNT17":0.0,"RCN1":-4.168282046876676,"BACE1":0.0,"ERLIN1":3.6094971800954636,"COL3A1":0.0,"P3H4":0.0,"ARSD":-0.11558113747953684,"DERL3":-0.45322381279809393,"KLHL15":-1.9292553573326185,"RARRES2":3.990640794633343,"MAPK6":0.0,"PDIA2":0.0,"ALG12":-0.808366536965161,"HGSNAT":-0.4430063067784753,"LYRM1":-1.4092118048583846,"MGST1":-1.807964667450817,"COL1A1":0.030899591692363722,"ZDHHC4":-0.6994248230058754,"THBS2":0.0,"ITGB1":1.0445824884492307,"FKBP9":1.7991640078947957,"PLPPR3":-1.2676120069375836,"DCUN1D3":-1.3155245113718184,"RBKS":5.951472061128388,"FN1":1.3030139108881043,"SNX14":1.0647386441099065,"MMP2":-0.6910353927970544,"COL1A2":0.05504844875566271}},"Blast Percent":{"min":-11.0,"max":11.0,"top_text":"High Blast Percent Correlation","bottom_text":"Low Blast Percent Correlation","map":{"DERL3":-0.3609068179429147,"RUNX1":5.7941187891306996,"COMP":0.0,"FKBP9":-0.1175844263209289,"ITGA2B":-4.833352938848906,"FSCN1":0.9969820944682954,"TIMP2":-2.2957130475877747,"PLPPR3":-0.007886954507294259,"MGST1":1.0969990913442125,"RBKS":0.0531856321625739,"ZDHHC4":0.5226599364614823,"DCUN1D3":-0.14575671376826949,"TMEM43":1.7766039159290077,"SRD5A3":1.032371021810372,"CD72":-0.7281917671470723,"FN1":-2.0704883131063676,"MAPK6":0.0,"PITRM1":0.4903410587300627,"RARRES2":-1.9405606451795914,"FAM161B":0.0,"RPN1":0.14679113053446632,"ITGAV":-0.7177769739189781,"COL1A2":-1.7952954933526935,"TRAF3IP3":5.288389633933284,"ELMOD2":0.6338825131186294,"ALG12":0.35200502463387856,"ERMP1":-0.06044127540550319,"SLC41A3":1.9880922105681538,"CUL3":-0.6497114066515164,"WT1":0.09477562821347077,"BACE1":0.0,"ARSD":0.13812740129181963,"GALNT17":0.0,"HGSNAT":0.2999972429829906,"KLHL15":0.7418941498937229,"LYRM1":-0.17198165770221177,"RCN1":3.196968149385951,"ERLIN1":-0.9533307820389493,"TCTN3":0.0,"MMP2":-0.24220687946668318,"VAT1":0.31275472159574275,"PPP2CA":0.0,"COL3A1":0.0,"COL2A1":0.0,"COL1A1":-1.2519507095289681,"PDIA2":0.0,"ITGB1":-0.7872272412064167,"LAMP2":0.6506198858577893,"SNX14":-0.3352390615279662,"P3H4":0.0,"THBS2":0.0}},"Mutation FLT3 ITD":{"min":-10.0,"max":10.0,"top_text":"High FLT3 ITD Correlation","bottom_text":"Low FLT3 ITD Correlation","map":{"BACE1":0.0,"PPP2CA":0.0,"ERMP1":2.401588351938471,"RUNX1":0.3263092432852821,"FN1":-1.5910839392438492,"ITGB1":0.20619672493566388,"TRAF3IP3":0.6519822426969666,"COMP":0.0,"VAT1":0.2081792227396499,"LYRM1":4.753412415083273,"COL2A1":0.0,"TMEM43":0.34006698529493673,"P3H4":0.0,"PLPPR3":0.4747045095364928,"SRD5A3":0.7120114726807396,"ITGAV":0.09395570647282302,"RCN1":2.3966581403545204,"DERL3":-0.4854594851150619,"MAPK6":0.0,"GALNT17":0.0,"TIMP2":0.011040702258952985,"RARRES2":-0.8040704275251742,"ARSD":2.92834373988248,"THBS2":0.0,"RPN1":-0.012225016413125043,"ELMOD2":1.1109561539131994,"TCTN3":0.0,"KLHL15":1.7908919155611251,"ITGA2B":-0.15137808039061432,"DCUN1D3":4.2798657033106435,"CUL3":-0.9784886029101236,"CD72":-3.198659842486153,"PITRM1":3.4873011978086597,"RBKS":1.396313476946857,"FAM161B":0.0,"LAMP2":0.6557950557727829,"ERLIN1":0.8650145333244282,"COL1A1":-0.5288167954568476,"FSCN1":1.9097304126721957,"HGSNAT":1.0745690776307606,"SLC41A3":0.8858874144351842,"ALG12":0.3930592083140158,"MMP2":2.5220953733303486,"FKBP9":0.22702974956773392,"SNX14":0.05697222696366584,"WT1":0.869802800833502,"MGST1":1.3043517266337994,"COL3A1":0.0,"COL1A2":-0.7590674959536498,"PDIA2":0.0,"ZDHHC4":0.38816597578264717}},"Mutation NPM1":{"min":-30.0,"max":30.0,"top_text":"High NPM1 Correlation","bottom_text":"Low NPM1 Correlation","map":{"TIMP2":0.35195448895879117,"CUL3":-2.2515911466766627,"PDIA2":0.0,"KLHL15":4.584416191059584,"ELMOD2":0.8865864266640612,"RARRES2":-0.5574932301113159,"LYRM1":1.623518848128122,"BACE1":0.0,"DCUN1D3":0.9665612971887008,"HGSNAT":0.5870035989480226,"RPN1":0.13593365058046744,"COL1A1":-1.3923944926973608,"TRAF3IP3":3.438893152034926,"COL1A2":-1.8212602710517567,"SNX14":0.6534907919926993,"LAMP2":4.867900200301865,"ARSD":4.053996231616659,"PLPPR3":1.4039498363600293,"RBKS":7.7114299047663675,"RCN1":6.061907021116724,"P3H4":0.0,"ERMP1":3.2357171478398463,"ALG12":0.5538813745135157,"ZDHHC4":1.2286450961740123,"MAPK6":0.0,"ERLIN1":1.6564302959076125,"MGST1":2.0541329769096115,"MMP2":0.788761908907352,"TCTN3":0.0,"ITGA2B":-0.002672615395296664,"FKBP9":0.3111534664651272,"FN1":-1.0620318857357531,"ITGB1":-0.10753535177012526,"RUNX1":1.286856132553923,"VAT1":1.9621134497717472,"TMEM43":1.6747517679531332,"THBS2":0.0,"SLC41A3":3.3360751417716648,"GALNT17":0.0,"ITGAV":0.5412799114024077,"PITRM1":1.248041111223512,"PPP2CA":0.0,"COMP":0.0,"FSCN1":-0.23055747170755242,"COL3A1":0.0,"FAM161B":0.0,"SRD5A3":-0.40565999765926547,"DERL3":-1.7203766874308495,"CD72":-1.2983987010463276,"WT1":1.0995837181360901,"COL2A1":0.0}},"Overall Survival":{"min":-6.0,"max":6.0,"top_text":"High Survival Correlation","bottom_text":"Low Survival Correlation","map":{"ARSD":-0.04516601253095039,"ERMP1":0.14254490724411736,"RPN1":-0.270082755236151,"CUL3":-1.647714267501817,"DERL3":0.7548514496179596,"TCTN3":0.0,"ERLIN1":-0.10167627098150701,"LYRM1":-1.6490638413509822,"LAMP2":-0.06860901626581786,"FAM161B":0.0,"MGST1":-0.03806521134503463,"RCN1":-0.830770179087669,"PLPPR3":0.9308306702820609,"COL3A1":0.0,"FKBP9":-0.0903680490533602,"HGSNAT":0.6958746360415756,"COL1A1":1.419965954075839,"TIMP2":0.008664799326044692,"CD72":0.06635921825788893,"THBS2":0.0,"PITRM1":-0.15498337635453782,"RUNX1":-0.6716167082671688,"P3H4":0.0,"FSCN1":-0.05046192100944185,"SLC41A3":0.12212055307984881,"VAT1":-0.22222460302138183,"PPP2CA":0.0,"COL1A2":1.296955019233559,"RARRES2":0.9083406653372186,"GALNT17":0.0,"ITGAV":-0.07384263252780114,"DCUN1D3":-0.17914870534245927,"RBKS":0.30539227703615296,"TMEM43":0.47481496737731277,"SNX14":0.2820055341769545,"PDIA2":0.0,"MMP2":-0.41269403312075925,"ELMOD2":0.5736646534345393,"MAPK6":0.0,"ZDHHC4":1.3318520897720834,"KLHL15":-0.7030573650489,"SRD5A3":0.6934320138391828,"FN1":0.3259569039583661,"TRAF3IP3":2.3102468552168998,"BACE1":0.0,"WT1":0.17258276835154188,"ALG12":-0.24697054877171468,"ITGB1":1.0638479590049357,"ITGA2B":0.760340811599148,"COL2A1":0.0,"COMP":0.0}},"NPM1 Subtype":{"min":-37.0,"max":37.0,"top_text":"Committed NPM1 Subtype","bottom_text":"Primative NPM1 Subtype","map":{"BACE1":0.0,"THBS2":0.0,"RBKS":5.374009598775121,"MMP2":-3.1115457958197754,"COL2A1":0.0,"RCN1":-3.1797236047158948,"RUNX1":-10.82268566672236,"DCUN1D3":-1.977967221543856,"COL1A1":-0.36655827790759565,"P3H4":0.0,"GALNT17":0.0,"DERL3":-0.12097331968464944,"ELMOD2":-4.0399827597727445,"MGST1":-1.7771114749547976,"VAT1":-0.34373323984594883,"TMEM43":-3.0571879160069684,"TCTN3":0.0,"FSCN1":-6.09143299270942,"TRAF3IP3":-0.1412061302116387,"LYRM1":-4.325001862036501,"PLPPR3":-1.6552020373051983,"ITGB1":1.4731039404768769,"LAMP2":0.31965275692512285,"COMP":0.0,"HGSNAT":-1.2786271220756475,"RARRES2":3.9561367178348092,"PITRM1":-6.861526843884807,"FN1":2.192908963070371,"ARSD":-0.25755453727327493,"SLC41A3":-3.5718202508050436,"ERLIN1":2.272556132323046,"CUL3":0.24580918014352354,"RPN1":-0.9730784441664453,"FAM161B":0.0,"COL1A2":0.3721132665539138,"PPP2CA":0.0,"FKBP9":0.7154273792078312,"ALG12":-1.0427988034992834,"KLHL15":-2.5920895803949717,"WT1":-4.683706207545683,"TIMP2":10.28360668118426,"SNX14":0.10911575664795442,"ITGAV":-0.14068062194734615,