{"Mutation NPM1":{"min":-30.0,"max":30.0,"top_text":"High NPM1 Correlation","bottom_text":"Low NPM1 Correlation","map":{"HLA-DMB":-0.15376638171491644,"HLA-DQA2":0.0,"HLA-DQB2":0.0,"HLA-DRA":1.1449221807894456,"CIITA":0.0,"HLA-DMA":-0.7290916335553187,"HLA-DQB1":-0.7917338503403025,"PSME2":-1.9725035152631951,"HLA-C":-1.5193701110983502,"HLA-DPA1":-2.297422816539894,"CD74":-1.1470017051646133,"APOL3":-0.6578729147091396,"PPP1R13B":-0.3540430385994124,"CFAP100":0.0,"REC114":0.0,"HLA-B":-0.327680989525194,"TIFAB":0.0,"PSMB9":-0.08341708981692955,"HLA-E":-0.2670929180764699,"CD79B":0.26603927989787063,"HDAC9":-4.323355251781136,"TSBP1":0.0,"HLA-F":-0.9346626924727102,"PACC1":0.4804572378628869,"ST3GAL5":0.0,"CD79A":0.0,"HLA-DRB5":-1.5411087034531015,"BLK":0.0,"KLHL14":0.0,"CD19":-0.4398051372054944,"BANK1":-1.7867437514008722,"PLEKHO1":-0.28103935862075896,"CD22":0.0,"EFNB1":-4.013892209723401,"SP110":-1.2649873600860948,"TCL1A":-0.02669138645573431,"CD1A":0.0,"MEF2C":-5.417574262896716,"OAS2":-3.1856363558865732,"MS4A1":0.06433216435663332,"TMEM268":-0.6357858463289492,"SLC25A30":-6.82718460467506,"HLA-DPB1":-4.598208911346143,"HLA-DQA1":-2.051351559725916,"HLA-DOA":-1.3174652584925055,"HLA-DRB1":-0.7609384695525133,"PLXNC1":-4.883321354684013,"PLD4":-4.102847247599022,"TCP11L1":-1.0162822602393131,"LARGE2":0.0,"HLA-DOB":0.0}},"Mutation FLT3 ITD":{"min":-10.0,"max":10.0,"top_text":"High FLT3 ITD Correlation","bottom_text":"Low FLT3 ITD Correlation","map":{"TCL1A":0.39807759526636444,"REC114":0.0,"PLEKHO1":0.353456095374363,"HLA-DQB1":-0.3975209698374499,"HLA-DQA1":-0.5800460730387675,"HLA-DMB":0.05467232072879139,"HLA-DOA":-0.014998418011898485,"HLA-DRB5":0.09567940611016953,"TIFAB":0.0,"HLA-DOB":0.0,"HLA-F":-0.6217051273078833,"HLA-DQA2":0.0,"PACC1":0.2480506857279725,"SLC25A30":-0.6748176593636279,"CD74":0.5393350028889778,"PPP1R13B":1.6213198751254863,"TMEM268":-1.0631601566021402,"CD1A":0.0,"MEF2C":-0.6917485494098922,"HLA-DQB2":0.0,"OAS2":-0.5668265823048529,"BANK1":-1.7237459483455535,"CD22":0.0,"MS4A1":-0.9090926704480665,"CD79A":0.0,"KLHL14":0.0,"TSBP1":0.0,"ST3GAL5":0.0,"CD19":-0.19875328112892693,"PSME2":-1.0529957886005274,"CIITA":0.0,"HDAC9":-1.7262778615946954,"HLA-DRA":0.057949920223670945,"LARGE2":0.0,"TCP11L1":-1.4685484071141413,"BLK":0.0,"HLA-B":0.1850259842455622,"HLA-DMA":0.1420385493543753,"HLA-DRB1":0.21069145795873345,"PSMB9":-0.07547074166042923,"HLA-E":0.10109399459657087,"SP110":-0.7225539157223283,"HLA-DPA1":-0.555463186826403,"CD79B":0.2558607836585919,"CFAP100":0.0,"PLXNC1":-0.9923040537633603,"EFNB1":0.1160646589459726,"PLD4":-0.1327746779364054,"APOL3":-0.39085346596198267,"HLA-C":-0.5316250588643286,"HLA-DPB1":-0.5005229713626352}},"MuSiC CD14 Mono":{"min":-50.0,"max":50.0,"top_text":"High CD14 Mono Correlation","bottom_text":"Low CD14 Mono Correlation","map":{"SLC25A30":-0.6078381701108247,"HLA-DQB2":0.0,"CD19":0.14908515058618835,"KLHL14":0.0,"PSME2":2.5288373656999084,"TCP11L1":0.45582510206262905,"EFNB1":-0.9943148044743795,"HLA-DPB1":1.2200783208510435,"CD79B":0.07858541967318164,"MEF2C":-0.5683967234965344,"HLA-DQA2":0.0,"PACC1":1.5274239973578925,"PPP1R13B":0.31949314898809017,"TIFAB":0.0,"HDAC9":2.8300480335899145,"BANK1":0.2934972670078582,"HLA-DPA1":1.4300129494341445,"HLA-DOA":-0.08282696677299052,"CIITA":0.0,"HLA-DMB":6.245584283483963,"TCL1A":1.0999457464091245,"TMEM268":-0.21037705834827528,"CD22":0.0,"HLA-DOB":0.0,"HLA-DRA":2.2140272312898297,"HLA-DRB1":3.0766735406376253,"HLA-B":2.7903818052373377,"SP110":2.003840943458686,"PLXNC1":4.412060561934929,"CD79A":0.0,"HLA-F":5.1367920088929475,"HLA-DQA1":0.11746416901373428,"TSBP1":0.0,"ST3GAL5":0.0,"APOL3":6.559764537134593,"BLK":0.0,"PLEKHO1":2.8334902225984564,"HLA-E":1.4254590003648007,"MS4A1":1.3860362623370903,"HLA-DRB5":3.5976906785260723,"LARGE2":0.0,"HLA-DMA":0.9557160396502212,"REC114":0.0,"HLA-C":1.7213303896043606,"HLA-DQB1":0.387076460646546,"CFAP100":0.0,"PSMB9":4.2657354639433125,"CD1A":0.0,"PLD4":0.047410350517305036,"OAS2":3.6470130537336023,"CD74":0.8187950324237819}},"Blast Percent":{"min":-11.0,"max":11.0,"top_text":"High Blast Percent Correlation","bottom_text":"Low Blast Percent Correlation","map":{"HLA-F":-3.845856825202788,"TSBP1":0.0,"KLHL14":0.0,"PPP1R13B":-1.0814078560982652,"PLXNC1":-6.3827022284994674,"TIFAB":0.0,"OAS2":-0.5807548609903815,"HLA-DRB1":-1.6911978405239545,"MS4A1":-0.6444072285350031,"HDAC9":-0.5568619502546278,"TCP11L1":-0.3775931924701937,"PACC1":0.07760184272251987,"HLA-DMB":-0.9332642399054939,"HLA-B":-0.3879713450744207,"CFAP100":0.0,"CD79A":0.0,"CIITA":0.0,"HLA-DQB2":0.0,"HLA-DPB1":-1.0471680825841012,"CD74":-0.41173543909121485,"HLA-DRB5":-1.127360557156959,"HLA-DRA":-0.7942436914613351,"CD79B":-0.5377151486247874,"HLA-DPA1":-0.7966482793617355,"TMEM268":-0.3352849699707964,"CD22":0.0,"BANK1":-1.663360081968827,"MEF2C":-0.08217457236149071,"PSMB9":-0.8896086696921223,"HLA-DQA2":0.0,"HLA-DQB1":-1.1755970061437921,"APOL3":-2.8169408668702562,"PSME2":-1.3752494471093901,"PLD4":-0.47795800961753976,"TCL1A":-0.5784961782632387,"HLA-DMA":-0.1666207322331428,"BLK":0.0,"SP110":0.48888404862261153,"REC114":0.0,"HLA-E":-2.403380101100061,"SLC25A30":0.06403477987482412,"LARGE2":0.0,"PLEKHO1":-0.6943783742641442,"HLA-C":-0.30845555055507784,"ST3GAL5":0.0,"CD1A":0.0,"HLA-DOA":-0.3903305423109472,"EFNB1":-3.725347070821332,"CD19":-0.4318055168921536,"HLA-DQA1":-2.4364023161794783,"HLA-DOB":0.0}},"Overall Survival":{"min":-6.0,"max":6.0,"top_text":"High Survival Correlation","bottom_text":"Low Survival Correlation","map":{"PLD4":2.488699977393019,"CD19":-0.010487715809225754,"CD74":1.7121416894091388,"CD79B":2.0530489375899412,"TSBP1":0.0,"TMEM268":-0.0350426716834422,"ST3GAL5":0.0,"APOL3":0.6552145185580327,"CD22":0.0,"HLA-DPB1":0.4368283904145249,"SP110":0.3318988419952237,"HLA-F":0.9633541541393337,"CD1A":0.0,"PLXNC1":1.3434559166135047,"HLA-DMB":1.570829132282283,"HLA-DRB5":0.21005537309787806,"BLK":0.0,"REC114":0.0,"HDAC9":0.2103595000392841,"PACC1":0.09754102357243857,"TCL1A":0.38943536812301693,"HLA-DRA":1.8026987719179544,"PLEKHO1":1.5302455599457498,"HLA-DQB1":0.8336908028779483,"MEF2C":0.16709712789102596,"BANK1":0.4524872301930307,"HLA-DOA":2.1263197249646715,"HLA-DQB2":0.0,"HLA-DRB1":2.2475583631430376,"HLA-DPA1":0.5549247721209554,"HLA-DOB":0.0,"OAS2":1.0461986665549268,"CFAP100":0.0,"PSMB9":0.39793682384179196,"LARGE2":0.0,"SLC25A30":1.3390685896303693,"HLA-B":0.5328231337808458,"HLA-E":0.4271426940962579,"MS4A1":1.0588006575892577,"EFNB1":0.2391317080247246,"PSME2":1.0219681269444174,"HLA-C":-0.5143284289078031,"HLA-DMA":0.6892965633049952,"TIFAB":0.0,"PPP1R13B":1.2891669867483655,"CD79A":0.0,"HLA-DQA1":2.1324222373722117,"HLA-DQA2":0.0,"TCP11L1":-0.1123603568791851,"CIITA":0.0,"KLHL14":0.0}},"NPM1 Subtype":{"min":-37.0,"max":37.0,"top_text":"Committed NPM1 Subtype","bottom_text":"Primative NPM1 Subtype","map":{"PSMB9":6.184973641624733,"TSBP1":0.0,"HDAC9":5.564276628056798,"PLD4":0.3023802096994106,"HLA-DOA":0.7222713799866518,"CIITA":0.0,"TCL1A":0.9402907038584047,"CFAP100":0.0,"PLEKHO1":5.032043145460743,"ST3GAL5":0.0,"KLHL14":0.0,"BANK1":1.5314916891246586,"CD22":0.0,"EFNB1":-0.6698700319384884,"HLA-B":3.14242868992846,"MEF2C":-0.8323208363951684,"TIFAB":0.0,"HLA-DOB":0.0,"HLA-DMA":2.2955538928784502,"HLA-E":1.2496370633737686,"SLC25A30":-0.1916024322822018,"HLA-C":2.0377308622755765,"TCP11L1":0.5164158460972351,"SP110":2.802500123607889,"TMEM268":0.739869220127159,"PLXNC1":6.09709603405737,"PACC1":0.8418333311996443,"CD1A":0.0,"CD74":2.121673515954787,"MS4A1":2.1711270696724245,"PPP1R13B":0.22667935609629208,"HLA-F":5.490360743881509,"HLA-DQA1":0.38491627479875024,"OAS2":5.645147892262444,"LARGE2":0.0,"HLA-DQB1":1.0204685033265062,"HLA-DRB5":2.867939934893009,"HLA-DMB":7.528723011198188,"HLA-DRB1":2.3288077011793225,"BLK":0.0,"HLA-DQA2":0.0,"CD79B":0.4967342444379895,"HLA-DPB1":1.7290656164060283,"CD79A":0.0,"REC114":0.0,"HLA-DQB2":0.0,"HLA-DRA":2.5138462916103,"APOL3":6.66447647000988,