{"MuSiC CD14 Mono":{"min":-50.0,"max":50.0,"top_text":"High CD14 Mono Correlation","bottom_text":"Low CD14 Mono Correlation","map":{"CPNE8":12.36314165967142,"MAPK7":6.99474939732274,"HNRNPLL":7.311370172383299,"CHMP3":21.265330528353644,"MPP7":9.03382152082667,"MS4A6A":0.0,"UNC93B1":23.693073612474716,"NUDT7":3.034817283976238,"NCF1":33.26619383709963,"PRKAR2B":10.330325933017766,"VPS52":4.50504882982199,"SHTN1":14.883784844628083,"LILRB4":24.870118289059832,"SFXN3":3.0614882875331086,"EPB41L3":15.28031390284737,"VAV2":12.698258998690159,"ADGRE1":11.634406201704406,"SRGAP2":20.86738302211996,"HNMT":11.450789707848397,"ADCY9":7.12490216588066,"CARD9":11.784820522369865,"TLR4":26.288587253048078,"CPM":29.567589413724114,"SH2B2":9.427669144403163,"TPD52L2":12.786971141195934,"IL31RA":0.0,"PLA2G4A":9.097797202362678,"CD1D":0.0,"NAGA":23.30293779959942,"METTL7B":15.578326821326018,"TKT":12.30804298224972,"SLC8A1":27.518243081834534,"CES1":17.333582039581284,"ARHGEF10L":34.83681204730483,"SPOCK1":0.0,"CD86":21.68474692023959,"VIM":5.178707624203485,"CTSL":17.058372173629426,"SLC2A9":12.509132099065864,"SYK":30.9076845635036,"PBX3":0.5229389245688787,"RBKS":5.951472061128388,"TRAPPC5":13.255397268232919,"PPFIBP2":18.880837039557598,"PTGFR":0.0,"ACSL1":22.409178531998236,"DMXL2":13.292242017450496,"CRYBG3":10.610077063201716,"SRPK2":0.0013892911665012834,"NCF2":48.93765806880984,"VSIR":25.119313060240852}},"Overall Survival":{"min":-6.0,"max":6.0,"top_text":"High Survival Correlation","bottom_text":"Low Survival Correlation","map":{"PBX3":0.1860041261475503,"NCF1":0.60121460535505,"PLA2G4A":-0.08589490585009438,"PRKAR2B":0.3017894295238109,"CHMP3":-0.8289567591431083,"METTL7B":-0.23620585389704868,"HNMT":0.04448002544477887,"TPD52L2":-0.25647397960797846,"NUDT7":-0.15034387943322802,"SRPK2":-0.42037517185776524,"ARHGEF10L":-0.2643259129537337,"CPNE8":-0.8332723267085065,"IL31RA":0.0,"MAPK7":-0.6999255806485627,"RBKS":0.30539227703615296,"VPS52":-0.2662454508433148,"SRGAP2":0.02734649704659683,"SYK":-1.2171965336417503,"VAV2":-0.26164012447242907,"CARD9":0.03963465160010186,"PPFIBP2":0.01789674864052207,"SLC2A9":-0.33054787961265014,"ADGRE1":-0.12929514438094514,"SH2B2":-0.08312943024110571,"TKT":-0.264642292897553,"ADCY9":0.8398571721897041,"SHTN1":0.07134830696050762,"TLR4":-0.3850861444003824,"NAGA":0.1957983102285562,"CTSL":-0.5273913759912419,"SPOCK1":0.0,"PTGFR":0.0,"CES1":0.06202156773232657,"LILRB4":-0.03467591798744458,"CPM":-0.04292463801026648,"VSIR":-0.12105321164662788,"CD1D":0.0,"MS4A6A":0.0,"CD86":0.35870248123465204,"UNC93B1":0.11351402892152572,"ACSL1":-0.914801745335914,"VIM":0.6875673700647285,"EPB41L3":0.34504026541408106,"MPP7":0.0002360272771784891,"SFXN3":0.037261687363494,"DMXL2":-0.35072941375426964,"CRYBG3":0.9068545002035951,"HNRNPLL":-0.57830502138215,"SLC8A1":0.2087469037863011,"NCF2":-0.019509324057518825,"TRAPPC5":-0.18081061087273534}},"Mutation FLT3 ITD":{"min":-10.0,"max":10.0,"top_text":"High FLT3 ITD Correlation","bottom_text":"Low FLT3 ITD Correlation","map":{"CRYBG3":3.5392235793982305,"NAGA":0.8165898306937719,"TRAPPC5":-0.022314938634430917,"TKT":-0.8458239321181242,"CPM":-0.019774000045951964,"IL31RA":0.0,"UNC93B1":1.3128008441031083,"ADCY9":0.705028406106056,"MS4A6A":0.0,"SLC2A9":1.1425695993725689,"PLA2G4A":2.3768439464364515,"DMXL2":4.141320154870101,"VIM":4.518902047611949,"NCF1":-0.11780122712114262,"PRKAR2B":0.4702055820534669,"PBX3":4.936066706562132,"VPS52":0.3469412571917369,"NCF2":-0.08306613204837221,"RBKS":1.396313476946857,"CD86":0.9116834852469006,"CARD9":4.506191028072352,"SH2B2":-0.8027729114436274,"SRPK2":2.78770775373427,"SYK":-0.06745054201500636,"SHTN1":1.0986065341155946,"VSIR":1.9270088264653056,"CES1":0.49341223552670777,"ADGRE1":1.733629282221535,"CD1D":0.0,"SRGAP2":-0.3577452442144117,"TLR4":-0.3839042500743411,"CTSL":0.00848823697231847,"SLC8A1":0.5692490287362092,"MAPK7":-1.1265759074651553,"SFXN3":2.7412345635376307,"VAV2":1.1446014754697524,"MPP7":0.08923171355212699,"HNMT":3.495005675200654,"METTL7B":1.2757515099285632,"PTGFR":0.0,"ARHGEF10L":0.17000396041410573,"NUDT7":0.4349794529456608,"TPD52L2":-1.301652458086175,"PPFIBP2":-0.2941438452345709,"LILRB4":0.056820949480642,"SPOCK1":0.0,"CPNE8":1.826835120554315,"EPB41L3":0.3412511960323215,"ACSL1":0.7954113284920106,"HNRNPLL":-0.2664843158656922,"CHMP3":0.684992167744414}},"Mutation NPM1":{"min":-30.0,"max":30.0,"top_text":"High NPM1 Correlation","bottom_text":"Low NPM1 Correlation","map":{"NCF2":0.45457160637262867,"MS4A6A":0.0,"PTGFR":0.0,"SH2B2":5.10216481343948,"VSIR":7.405632673225956,"NCF1":1.3308727683039403,"CD1D":0.0,"CD86":3.2568416458406273,"SRGAP2":-0.21884590199474163,"SHTN1":6.134838289133799,"PBX3":27.04280747046653,"UNC93B1":2.0001712552418414,"ADCY9":0.6565918806977866,"SYK":-0.42070828319837483,"TPD52L2":-0.4303538230738778,"RBKS":7.7114299047663675,"DMXL2":11.165133347350414,"CES1":1.3783425633496629,"PLA2G4A":8.385563623479374,"ACSL1":7.247488434534501,"SRPK2":4.661930503266777,"PPFIBP2":0.09018016684033685,"SFXN3":6.956676195947394,"MPP7":2.3421478780911253,"NUDT7":6.052038452966373,"NAGA":0.7656950747295085,"LILRB4":0.9895577783896703,"VAV2":4.311085191244879,"SPOCK1":0.0,"VPS52":0.31860498444236013,"ARHGEF10L":1.1916229883655756,"TRAPPC5":0.5869657593203516,"MAPK7":0.13710031521404958,"CPM":1.2656937836134659,"SLC8A1":3.5299665575965586,"CARD9":12.569842198306707,"CTSL":2.314042421906968,"PRKAR2B":6.3976661905494225,"CHMP3":2.0162085359426904,"SLC2A9":2.350668844832428,"CRYBG3":9.751534021110247,"HNMT":9.751713386001056,"EPB41L3":2.7853882749506007,"HNRNPLL":4.076166213903286,"VIM":13.248987868003187,"TLR4":3.4323227330777315,"CPNE8":12.10487541870732,"METTL7B":4.002384722081613,"ADGRE1":8.909583375750609,"IL31RA":0.0,"TKT":-0.5368407597909638}},"Blast Percent":{"min":-11.0,"max":11.0,"top_text":"High Blast Percent Correlation","bottom_text":"Low Blast Percent Correlation","map":{"HNRNPLL":-2.060320299992941,"NAGA":-2.2005351396081343,"SRPK2":2.027551559264466,"VIM":0.2967500512487655,"PPFIBP2":-4.180972235658715,"VPS52":-2.7094214600936435,"CHMP3":-2.643452824862587,"NCF2":-4.944081293254442,"CD86":-1.7936601924223867,"CTSL":-1.7138181531825498,"CRYBG3":0.019856480908525424,"SH2B2":-1.4853608065555424,"CD1D":0.0,"DMXL2":-1.3854457490195784,"SLC2A9":-0.901189579004448,"CES1":-2.3037194766901647,"SFXN3":-0.18774759780056202,"TPD52L2":-4.946474483123147,"TRAPPC5":-2.4784921210473745,"ADCY9":-0.17459169908111807,"PTGFR":0.0,"ARHGEF10L":-2.6276051015053987,"ADGRE1":-1.9402817933012748,"METTL7B":-2.7338806533667244,"PLA2G4A":-1.486758103529034,"VAV2":-1.0845078572312872,"CPNE8":-0.5124537935075797,"MPP7":-3.2263844531047967,"HNMT":-1.101536758823171,"LILRB4":-2.1155229003200793,"VSIR":-3.086152150622715,"TLR4":-1.95653767844091,"PRKAR2B":-0.8669620774223749,"TKT":-2.705007995269866,"IL31RA":0.0,"CARD9":-1.0541470041886243,"MS4A6A":0.0,"MAPK7":-0.9049171564175613,"PBX3":0.91834805479965,"SPOCK1":0.0,"NUDT7":0.15250246080009344,"SHTN1":-1.5141109693177988,"UNC93B1":-4.481493754994245,"RBKS":0.0531856321625739,"NCF1":-3.8197172140356055,"SYK":-2.8580218180136763,"EPB41L3":-3.7194701817005456,"CPM":-3.112011194645162,"SRGAP2":-2.271507554984798,"SLC8A1":-1.8567018565395799,"ACSL1":-0.7170554627249981}},"NPM1 Subtype":{"min":-37.0,"max":37.0,"top_text":"Committed NPM1 Subtype","bottom_text":"Primative NPM1 Subtype","map":{"LILRB4":18.010115126063425,"MS4A6A":0.0,"ADCY9":6.16494838414619,"HNRNPLL":5.259646530640706,"SFXN3":1.2072949490354714,"SH2B2":9.213459732483027,"CTSL":11.179435885427079,"SHTN1":10.697745154387366,"NAGA":16.00624909303676,"TRAPPC5":14.483323668737654,"EPB41L3":11.629988300448083,"CPM":21.34372224697006,"SLC8A1":20.768877685867647,"VSIR":14.057205777008537,"CD86":17.24555436705078,"ADGRE1":6.129258406987132,"SPOCK1":0.0,"PTGFR":0.0,"DMXL2":8.594686433669906,"NUDT7":3.0559490095320307,"SRPK2":-0.3787481786953831,"HNMT":8.70706230988673,"PLA2G4A":4.926560756663761,"TKT":9.179078569415283,