{"Blast Percent":{"min":-11.0,"max":11.0,"top_text":"High Blast Percent Correlation","bottom_text":"Low Blast Percent Correlation","map":{"USF1":2.022533731366734,"CIC":0.5457778152389781,"YTHDF2":1.256241831791291,"HCFC1":6.958344485696299,"FOXP1":2.429299366201628,"CHD8":2.502025658723246,"SATB1":2.1103388830354017,"LSM2":3.388483887775444,"TAF4":9.457497680974226,"SMAD7":0.0,"IKZF3":-1.3409087860445073,"CSTF3":3.596430867043075,"WDR5":4.479767002461924,"TRRAP":10.935466683300897,"IRF2":0.4195543599637038,"GATAD2B":7.306468452924173,"NIP7":2.6266438617577474,"THAP11":2.5369265199966398,"EHMT1":5.666041549256237,"C15orf39":0.12484392383637388,"RUNX3":-0.04658788910508378,"NOTCH1":0.050388773416137254,"HNRNPH2":1.8783630113181242,"RBM14":6.166848609282558,"RBBP7":1.863097538370027,"ZBTB1":2.065893705908622,"HDAC3":3.7934457508969133,"CBFB":3.9842684770295884,"SMAD3":0.12518828474768273,"CHD1L":1.681819678502846,"CTBP1":5.069969276212054,"HDAC1":4.408129367480514,"RBL2":2.5126737491816242,"BRD4":1.288643145429348,"CHD3":3.6072667051304252,"ZNF830":1.4856685708291866,"MRE11":2.8477198358937903,"TAOK2":0.21567118150426295,"SMURF2":2.140395184870103,"CTBP2":4.187994878557477,"RPA3":1.2552423742383725,"ELAVL1":5.4261742330537475,"FOXK1":3.839902029917195,"PML":0.1753229906316446,"EVL":-0.6931505363340161,"VIRMA":8.143531663575498,"RPA2":2.958889812719193,"IKZF1":1.6436040723533651,"RUNX2":1.1456010782086226,"USF2":2.9166356195252714,"DCPS":1.6761415555539259}},"Overall Survival":{"min":-6.0,"max":6.0,"top_text":"High Survival Correlation","bottom_text":"Low Survival Correlation","map":{"IKZF1":0.4037002730316505,"HDAC1":-0.04023659155705505,"YTHDF2":-0.1947362951964125,"TAOK2":0.26931149423250245,"RBL2":0.2849588672646986,"TAF4":-0.4303514739422789,"HDAC3":-0.37166400794572874,"RPA2":0.05646866542986803,"CHD8":-0.0586180916552504,"SATB1":0.2843122815557938,"RBM14":-1.1065226102011807,"USF1":-0.17201344581086897,"RBBP7":-0.2977123886347583,"CBFB":-1.0610128352735824,"USF2":-2.8088245633466875,"SMAD3":-0.32221910097793605,"DCPS":-0.5379883156894382,"C15orf39":-0.6046257799861172,"ZBTB1":0.051314097408020745,"MRE11":-0.013476933466901462,"ELAVL1":-1.1786608147175661,"RPA3":0.24793232012464067,"THAP11":0.02874579925597906,"NIP7":-0.4055420920344389,"NOTCH1":-0.5981470309727424,"LSM2":-0.47984789529660526,"RUNX3":0.28463611376182085,"TRRAP":-0.6727932958423095,"ZNF830":0.10006455735208775,"SMAD7":0.0,"CTBP1":-1.494709500182299,"VIRMA":-1.015630855050422,"FOXK1":-1.1480109705454795,"CHD3":-0.3783808582211109,"BRD4":-0.7188798649332288,"IRF2":0.07983507951125916,"RUNX2":1.0503859659767985,"CSTF3":-1.3779812198842611,"EVL":1.594665188622394,"WDR5":-0.5549702440508997,"CIC":-0.2769441108597269,"IKZF3":0.061689825876673716,"HNRNPH2":0.5497582690336249,"GATAD2B":-0.6436371821236078,"EHMT1":-0.13970569192839502,"FOXP1":-0.051402268159111406,"CTBP2":-1.9369374940696535,"HCFC1":-0.7577733447230063,"PML":-0.023962574509249285,"CHD1L":-1.3883832629614192,"SMURF2":-0.9870993014583763}},"Mutation NPM1":{"min":-30.0,"max":30.0,"top_text":"High NPM1 Correlation","bottom_text":"Low NPM1 Correlation","map":{"TAOK2":-0.12976272012844497,"HNRNPH2":4.976122968233716,"CBFB":-0.21023959815089846,"IKZF1":0.46327822543135583,"CHD3":-0.7278313362511709,"TAF4":1.3074491138733983,"ZBTB1":-0.032302316315134846,"HDAC1":0.42857678154086615,"EHMT1":0.0036514491582949624,"RPA2":3.851280051811565,"USF1":-0.7622468030588251,"SATB1":0.13488147629876215,"HDAC3":1.630633326359291,"FOXK1":2.802141892282042,"TRRAP":1.0455767183720814,"BRD4":-1.0693798516051412,"CIC":-1.5795653168798245,"THAP11":4.050518338662841,"CHD1L":1.3342258212458673,"USF2":-0.3449618398136667,"C15orf39":0.37012072824121467,"VIRMA":3.0942444395048465,"WDR5":-0.03650034802598876,"FOXP1":2.3262726853931746,"CHD8":1.2368463639620484,"RUNX2":-3.3294428929028994,"PML":-1.2695260905112806,"RPA3":2.858169386779324,"RUNX3":-6.109523406190902,"RBM14":2.394126333189599,"ZNF830":-1.9719730539554392,"HCFC1":0.4883909760255834,"YTHDF2":-0.001283285518315066,"MRE11":3.600517938862341,"LSM2":1.138751200197101,"DCPS":4.295787601379314,"SMURF2":-1.8050248318918685,"CTBP1":1.2511838915843874,"RBBP7":-0.0869196596913951,"GATAD2B":1.1569624577482922,"NOTCH1":0.19849427672829326,"CTBP2":1.804364751192488,"NIP7":0.361269866902205,"SMAD3":0.177586158304149,"IRF2":0.16939662408166867,"EVL":-3.9572473036120823,"CSTF3":1.0230490451924863,"SMAD7":0.0,"IKZF3":0.06709067906254779,"RBL2":6.352507987606535,"ELAVL1":0.2530478366993009}},"NPM1 Subtype":{"min":-37.0,"max":37.0,"top_text":"Committed NPM1 Subtype","bottom_text":"Primative NPM1 Subtype","map":{"CBFB":-2.172014811006021,"CTBP2":-0.4900458164033043,"HDAC3":-0.6630349801431968,"SMAD3":2.6017548099436345,"RBM14":-3.4829111654394636,"CTBP1":-1.235559992731764,"TRRAP":-3.624451483780866,"CHD8":-4.724517468951209,"VIRMA":-7.150077191871867,"LSM2":-2.9912528140670975,"HCFC1":-3.4113075164055173,"PML":-1.6847799436898738,"SMAD7":0.0,"HNRNPH2":0.07012446199387563,"USF2":-0.5991175358578772,"THAP11":0.321012959633248,"IRF2":1.2213458912167479,"CIC":0.6941804164640062,"TAOK2":0.6984094611337585,"SMURF2":-1.8037653818121118,"CHD3":-1.828342449022535,"RUNX2":-0.21928567042237546,"WDR5":-3.554046379510762,"RPA2":-5.094620327580898,"ZBTB1":-2.3761876356416396,"NOTCH1":-0.3835270007495497,"FOXK1":-2.3403347899918234,"C15orf39":0.9978000758004639,"DCPS":0.07187579184729845,"RPA3":-0.3237766795033184,"IKZF3":0.08052423469382253,"RBL2":-0.4318478417081295,"SATB1":-3.3156990991115878,"FOXP1":-4.046448891708463,"ZNF830":-4.101376236488062,"MRE11":-10.611864298782807,"IKZF1":0.9705990058809324,"GATAD2B":-10.781873787287472,"NIP7":-4.6952176295219745,"CHD1L":-8.97846651723988,"EVL":-0.14310283798849655,"HDAC1":-5.655537515814193,"RBBP7":-5.222432890128542,"USF1":1.128890072371831,"CSTF3":-8.691834041431127,"BRD4":-4.638999711906336,"EHMT1":-14.753059930783104,"RUNX3":-0.12145519873394908,"TAF4":-3.5878120693258597,"ELAVL1":-6.429291030859147,"YTHDF2":-2.2071401232124086}},"MuSiC CD14 Mono":{"min":-50.0,"max":50.0,"top_text":"High CD14 Mono Correlation","bottom_text":"Low CD14 Mono Correlation","map":{"SMURF2":-2.6035088651299976,"HDAC3":-0.47053582865582305,"HDAC1":-4.679624575278813,"IKZF3":-0.024212413839740196,"GATAD2B":-13.030963578465911,"ZBTB1":-4.003886117776857,"CSTF3":-6.194373629024949,"NOTCH1":-0.15551304911410255,"THAP11":0.02663327777983168,"CIC":0.008789311224389562,"CBFB":-2.9643260161055367,"CHD1L":-8.338132889183543,"PML":-1.3792979666033518,"LSM2":-2.8228891395397513,"EHMT1":-18.601781386814086,"DCPS":0.5589240287051276,"MRE11":-7.164188457172167,"TAOK2":0.3680886751077093,"SATB1":-8.068189511935485,"FOXK1":-1.0223743207498397,"CHD3":-3.247005912240305,"RPA2":-3.8648293861909546,"YTHDF2":-4.329724133701688,"C15orf39":1.0469792968950475,"NIP7":-5.570195790143745,"EVL":-1.6282261811963052,"BRD4":-3.6745782819782855,"IKZF1":0.7151270702756919,"RBBP7":-6.182789343621541,"RUNX2":-2.1775577020721353,"SMAD3":3.0154308748586907,"TAF4":-3.849364305471634,"ELAVL1":-5.795188363841036,"CHD8":-2.74171613456137,"RPA3":-0.2837218884171743,"FOXP1":-4.4275256142616115,"USF1":1.3154125406146566,"WDR5":-4.611999300436258,"CTBP2":-0.37865677632653333,"RUNX3":-0.8239879006335973,"VIRMA":-5.414485281507812,"IRF2":2.6681512967464323,"TRRAP":-2.708147420223346,"USF2":-1.2311699546432564,"HCFC1":-3.4124931662663314,"RBM14":-2.5348235282640763,"CTBP1":-0.6211567589757032,"HNRNPH2":0.5292390168076557,"RBL2":0.11127654421131251,"SMAD7":0.0,"ZNF830":-5.52151506215744}},"Mutation FLT3 ITD":{"min":-10.0,"max":10.0,"top_text":"High FLT3 ITD Correlation","bottom_text":"Low FLT3 ITD Correlation","map":{"IKZF1":-0.023280559947501157,"NIP7":0.5002374952350588,"EHMT1":0.09554721201501709,"LSM2":-0.2377878364417942,"EVL":-2.159561535865717,"C15orf39":0.6199649393025904,"BRD4":0.18355071889476207,"TAOK2":-0.8858330363641334,"CTBP1":0.576229900866164,"RUNX2":-0.5638667417986999,"RPA3":1.5122753500199988,"ELAVL1":0.5913233331491544,