{"Mutation FLT3 ITD":{"min":-10.0,"max":10.0,"top_text":"High FLT3 ITD Correlation","bottom_text":"Low FLT3 ITD Correlation","map":{"DDX56":0.4171083853421353,"WDR89":0.231851492237246,"RSL24D1":-0.38136613857886853,"MAK16":0.33864178922054033,"RBM4B":0.1869123379489022,"PSMG4":0.7082274586301965,"NPM3":0.11002956825976054,"DIMT1":-0.09233007778969185,"WDR36":0.5182192593758049,"PSMG3":0.3979464632220124,"EXOSC1":-0.029373782569372037,"RPSA":-0.06143894348698306,"TPRKB":0.8079639698805814,"BOP1":0.7048276756066963,"IMP3":0.3385495616065484,"MPHOSPH10":0.03331009195835066,"PWP2":0.2608887453348757,"AATF":-0.5808333343739894,"NGDN":0.04473322949178905,"UTP18":0.026341737021304906,"RPL13":0.4885007517912062,"UTP3":0.3450512147040121,"RPP30":-0.10413961897937857,"NOL10":0.1994044404324684,"KRR1":-1.1356429124529246,"RPLP0":0.9977700667254856,"SRSF1":0.2507565751007996,"NIFK":-0.0632311811086734,"NPM1":-1.0520844031272854,"EED":0.8535228915343795,"DDX47":0.19702473132276238,"UTP25":-1.316119014576063,"RRP9":0.5583909991110706,"RNF2":0.6845526946430179,"SSRP1":0.47136668790871,"GTF3C4":0.8118134586459324,"RBBP4":0.8544051355093413,"ESF1":0.45968707121763097,"SNRPF":0.48433386390978056,"LSM3":0.707355098415282,"TIMM8B":1.9647147598976296,"CHCHD1":1.0435848976027742,"C12orf43":1.3333041228671114,"TOX4":2.295480438559188,"ATRX":0.6000442821869854,"ILF2":1.3567496037530251,"RPS8":1.0234877555478759,"POLR2H":0.3337070836622612,"IMP4":0.09774504065267071,"POLR2L":0.2735948723939484,"WDR3":0.1981677915287698}},"Mutation NPM1":{"min":-30.0,"max":30.0,"top_text":"High NPM1 Correlation","bottom_text":"Low NPM1 Correlation","map":{"SRSF1":1.55029349269049,"RPL13":-0.4140033473074155,"EXOSC1":0.7899230576520235,"BOP1":-0.33289116334484303,"MAK16":-0.5516947709127192,"TPRKB":0.1047263271533792,"RPSA":-1.1332392542346594,"IMP3":-0.31329877445487486,"NIFK":-2.261789793941134,"NPM3":-1.164904940100829,"RPS8":0.2416929718370745,"NOL10":-3.3633906309396395,"RBBP4":0.7526326429752994,"KRR1":-8.223669577980502,"PSMG3":-0.03960996506267109,"SNRPF":0.6719849961109338,"RRP9":-0.05022536253446382,"NGDN":-1.600012205543412,"UTP3":-2.0075506762703395,"DDX56":-1.173798404637634,"RNF2":1.1242591791620595,"C12orf43":1.6432185590896207,"POLR2H":1.6767834796297627,"PSMG4":0.6095619039682676,"CHCHD1":0.999471521402136,"RPP30":-0.12565772855011917,"SSRP1":0.3471734566059988,"GTF3C4":1.6783368047750222,"WDR36":-0.3807066547895533,"TOX4":2.0708788009260646,"TIMM8B":0.2889056006381148,"POLR2L":-0.098877938387597,"RBM4B":-0.1724209587149964,"ATRX":0.04178189935765021,"ESF1":-0.1534541190587979,"RSL24D1":-2.9988456085771293,"DIMT1":-0.19975064909265305,"ILF2":1.7244790768695348,"WDR89":0.023759820477981128,"NPM1":-10.934537178762957,"MPHOSPH10":-2.1006867825116036,"WDR3":-0.31912268638341745,"UTP18":-0.924320064035234,"LSM3":0.8934873325934074,"AATF":-3.5049891950062224,"IMP4":-1.1774302130299228,"PWP2":0.34146310982727945,"DDX47":-1.0424042433978522,"EED":1.7808666148666763,"UTP25":-5.214670587548855,"RPLP0":-0.5275330805234366}},"Blast Percent":{"min":-11.0,"max":11.0,"top_text":"High Blast Percent Correlation","bottom_text":"Low Blast Percent Correlation","map":{"WDR89":2.1095849809861393,"TIMM8B":1.8021223913413684,"MPHOSPH10":5.543250555362237,"TPRKB":0.6181435502882812,"TOX4":4.534430564238444,"DDX56":2.2771842509050817,"AATF":1.833691127246692,"ILF2":4.088759872291156,"CHCHD1":0.6698948714357553,"EXOSC1":3.147393936511263,"PSMG3":-0.07759444981368467,"RPSA":-0.07441724817221113,"WDR36":4.5904521477505424,"UTP3":4.752138823883113,"RNF2":3.6644621413956906,"RPP30":2.717308770450488,"NGDN":3.4479874738613376,"RBM4B":1.6100348967154907,"SNRPF":6.584783163931188,"BOP1":2.0544434913050322,"PSMG4":0.03748643426241511,"DDX47":2.730370846258935,"POLR2L":2.741414285664969,"NPM1":2.0044213784871614,"IMP3":3.8369266902217047,"KRR1":0.46381365454384327,"RPL13":0.9841915305531751,"NOL10":2.3775115036902275,"UTP18":5.179629006992267,"EED":0.48418770709593695,"POLR2H":3.4408009497739998,"RRP9":2.8096894745822527,"RPS8":-0.4706099995325852,"WDR3":3.3084231747841555,"NPM3":0.2582010602560986,"SSRP1":2.8300717225120606,"DIMT1":5.556714379901063,"RSL24D1":0.4692949790887385,"ESF1":2.569575297880555,"LSM3":2.6443072632897198,"UTP25":1.9033410622806317,"IMP4":6.169739056697472,"RPLP0":-0.04584224920597317,"SRSF1":7.110236807587848,"ATRX":4.718937125673712,"RBBP4":2.4750378800402686,"MAK16":1.8614610504280855,"NIFK":1.4201465125713717,"C12orf43":1.4562080642965418,"PWP2":5.137533226929763,"GTF3C4":7.207955854162734}},"MuSiC CD14 Mono":{"min":-50.0,"max":50.0,"top_text":"High CD14 Mono Correlation","bottom_text":"Low CD14 Mono Correlation","map":{"EED":-0.02600055578421358,"RPSA":-0.04972719659551732,"PSMG4":0.3252995329773987,"WDR36":-14.745942327634438,"BOP1":-8.659347263268932,"WDR89":-11.84323299828089,"MAK16":-5.593746971914235,"RNF2":-7.987141708151938,"RPS8":-0.08142716620199128,"ILF2":-3.3924842248306857,"C12orf43":-3.3299565468543344,"TPRKB":-1.7155837380224128,"POLR2L":-5.251757863673496,"PSMG3":0.3414344654524058,"POLR2H":-5.2595061264406,"DDX47":-10.234844387514988,"NPM1":-17.855123193602328,"RPP30":-5.644194663211463,"GTF3C4":-7.54062397289887,"RSL24D1":-7.671545912932774,"EXOSC1":-1.193742109569858,"TOX4":-2.466381743824954,"ESF1":-13.472171214108414,"RBBP4":-3.1902835480126748,"CHCHD1":-0.4870859924991819,"IMP3":-5.795014843370681,"IMP4":-16.781528161934656,"RPL13":-1.023164646669976,"NGDN":-14.325812839880514,"RPLP0":-0.9407175967597816,"AATF":-14.853802216226006,"ATRX":-17.898964552130373,"UTP3":-14.735056378451963,"RBM4B":-7.520118528992818,"KRR1":-8.646648278757858,"UTP18":-11.604444591637687,"DIMT1":-8.420174940826035,"WDR3":-10.123255890697893,"SNRPF":-4.832315466661114,"NOL10":-16.084405319161316,"RRP9":-11.098866038808016,"UTP25":-19.9593993219626,"PWP2":-14.439974202429735,"MPHOSPH10":-20.1639827316359,"SSRP1":-4.875785788000624,"LSM3":-0.200395470421802,"DDX56":-12.14302180514026,"TIMM8B":-2.9274464144183296,"NPM3":-4.738977453367207,"NIFK":-8.18716442599924,"SRSF1":-1.893531960356126}},"NPM1 Subtype":{"min":-37.0,"max":37.0,"top_text":"Committed NPM1 Subtype","bottom_text":"Primative NPM1 Subtype","map":{"IMP3":-3.2505862354427797,"EED":0.12006966694572323,"PWP2":-10.693570352345208,"POLR2H":-3.684857747344453,"RSL24D1":-4.993394098947895,"TPRKB":-2.0859329130630466,"UTP25":-14.499777705601934,"RPSA":0.11103304467981522,"WDR36":-13.305100381077693,"BOP1":-7.199055129905211,"NPM3":-3.3972579921021238,"TIMM8B":-3.2693483106030983,"C12orf43":-1.7940189340874917,"POLR2L":-5.096426799361109,"NIFK":-6.440812693758712,"IMP4":-13.127369736738833,"RRP9":-8.183185293734027,"EXOSC1":-1.6999834293762226,"NGDN":-9.097468362420758,"SSRP1":-3.112333427533841,"WDR89":-10.806041973723726,"RBM4B":-5.835275444971075,"SNRPF":-3.4042251608561425,"AATF":-9.419491080778347,"NOL10":-12.418154746901372,"WDR3":-7.873138177666089,"DDX47":-7.7752880552899,"GTF3C4":-7.827429748877573,"DIMT1":-5.591255037147142,"KRR1":-5.596537760572822,"RPS8":0.14476340699783075,"ILF2":-3.036308898185466,"LSM3":-0.10189630037642743,"CHCHD1":-1.1414792619558145,"MAK16":-6.859329474715265,"RNF2":-9.646383838273994,"ESF1":-10.427335831971384,"ATRX":-16.587365939023268,"UTP3":-12.873947775087853,"SRSF1":-2.178035848595266,"RBBP4":-3.057313418845855,"TOX4":-3.06549635931432,"PSMG4":-0.143360737590383,"RPP30":-5.222553279661827,"RPL13":-1.2165466715245763,"UTP18":-8.622980015717193,"RPLP0":-0.7350553087960351,"PSMG3":0.0797484595296957,"DDX56":-10.10566714890869,"NPM1":-13.438152303775192,"MPHOSPH10":-15.876810182224625}},"Overall Survival":{"min":-6.0,"max":6.0,"top_text":"High Survival Correlation","bottom_text":"Low Survival Correlation","map":{"PSMG3":-0.8147341787439637,"LSM3":-1.0694792642942188,"RPSA":-0.09448957635223909,"ATRX":-0.10196338910046417,"RBBP4":-0.05769905869416637,"TIMM8B":0.7700986188727984,"NGDN":-0.30195264720586357,"NPM3":0.9739803346123868,"RPP30":-0.7839965417261809,"RBM4B":0.10534491336696619,