{"Blast Percent":{"min":-11.0,"max":11.0,"top_text":"High Blast Percent Correlation","bottom_text":"Low Blast Percent Correlation","map":{"TMEM127":0.0,"SMCR8":-1.5560924460791017,"KIAA0930":-2.3295515815832295,"IMPDH1":-0.23346819303266442,"ALDH3B1":-1.4072290821917954,"GMIP":-2.7025237205787116,"CD4":-2.627824841254864,"ARHGAP26":-0.7378913718118553,"DBNL":-3.2165411247673164,"ARHGAP30":-1.3207982968138874,"MEFV":-5.7851330366159885,"MYO1G":0.3930606370497704,"HCLS1":-1.9933700266897372,"ARPC2":-1.4574661008593426,"FGD2":-2.8674791132072865,"ADAP1":-0.6626993583635679,"ABCD1":-1.4021730976577746,"ZBTB7A":-0.6393238908604587,"STAT6":-0.1787407877546367,"HCK":-6.750838701866421,"PYCARD":-0.6344458660705108,"GRB2":-1.799443526639074,"DOCK8":0.5443815220769008,"TFEB":-1.973359333221496,"COLGALT1":-2.262804995683155,"OGFR":-0.6736500458781011,"UNC93B1":-4.481493754994245,"LY86":-0.4450624977936947,"RNH1":-0.9700786573146293,"LACTB":0.09341300717082612,"COTL1":-2.9812391499443787,"SLC12A9":0.03892659896080712,"TCIRG1":-2.019469286341579,"IKBKG":-3.5512211459081473,"FES":-1.283397925020344,"CCR1":-1.7725283504955869,"ACTR2":-5.092279667014953,"TYROBP":-2.922263055066873,"SAMHD1":-2.258713079973951,"ANXA2":0.0792899926896112,"CAPN2":-1.28746202512261,"TLR8":-4.162279905677805,"EVI2B":-1.488070128053679,"CYBA":-5.588483321556865,"PARVG":-0.18679100707603466,"TYMP":-1.2167765937811985,"PTPN6":-0.1847066515412317,"ARHGAP45":-1.0543336451430547,"ARPC1B":-0.9894330902288404,"SRGAP2":-2.271507554984798,"ARPC5":-3.9383391180205187}},"MuSiC CD14 Mono":{"min":-50.0,"max":50.0,"top_text":"High CD14 Mono Correlation","bottom_text":"Low CD14 Mono Correlation","map":{"ARHGAP45":24.9899149918335,"GMIP":28.262818052651006,"TMEM127":0.0,"DBNL":18.74975508494572,"CCR1":31.732739726773776,"TCIRG1":29.208774866757505,"CYBA":29.663173276832143,"TLR8":48.240138500737594,"ABCD1":14.444489355672511,"ZBTB7A":11.104165190978097,"PYCARD":14.503964094163074,"LACTB":13.88724844515042,"ANXA2":17.381760905335256,"PTPN6":15.451347734833888,"CAPN2":19.93090707061585,"SMCR8":23.30138024030592,"HCK":39.994003632624164,"EVI2B":33.380040649790956,"STAT6":8.176913247899394,"IKBKG":17.09949150958655,"COLGALT1":13.024196239587049,"COTL1":22.612930305412448,"ADAP1":23.080259553533388,"ALDH3B1":23.82072042553812,"PARVG":13.424839893457774,"GRB2":17.20549236045125,"KIAA0930":23.58216158222538,"TFEB":31.721368285852595,"IMPDH1":11.69959699673806,"UNC93B1":23.693073612474716,"SRGAP2":20.86738302211996,"HCLS1":16.656866679957332,"LY86":9.466783408450729,"FES":16.64874848592692,"ARPC5":25.934223979372216,"TYROBP":20.353996097269803,"RNH1":13.171709525193751,"DOCK8":5.494633529504347,"ARPC1B":12.03989299412839,"ARHGAP26":24.775551186112704,"TYMP":21.97781847953703,"SAMHD1":23.57585501945066,"FGD2":33.19703413439391,"CD4":8.051352528215716,"MEFV":36.143579758867915,"MYO1G":6.839583435298398,"ARPC2":15.16602284701675,"ARHGAP30":21.301830479336605,"OGFR":19.063262810470796,"ACTR2":19.95160462561039,"SLC12A9":18.54306015021927}},"Mutation NPM1":{"min":-30.0,"max":30.0,"top_text":"High NPM1 Correlation","bottom_text":"Low NPM1 Correlation","map":{"OGFR":2.745097344154299,"CD4":0.9466984522304895,"LY86":0.527195623078376,"ALDH3B1":2.127082121365708,"SLC12A9":2.1340405864878687,"ARHGAP26":0.7124032120787582,"ZBTB7A":2.665705492325828,"SMCR8":-0.21691014323548546,"TYMP":2.6051925471525013,"TYROBP":0.2978597503792223,"MEFV":0.3553036205631615,"TMEM127":0.0,"FGD2":1.481865388326418,"HCLS1":0.7455127006592046,"ADAP1":2.2205854746473173,"SRGAP2":-0.21884590199474163,"GMIP":1.7590989183687868,"KIAA0930":-0.5185646525241743,"IMPDH1":0.08050941478704025,"DBNL":1.2168620343942702,"CYBA":0.05964757712619567,"ARPC5":-0.5160157625068507,"SAMHD1":1.1328577463144518,"PYCARD":2.9089437562364453,"ABCD1":-0.19425547173002572,"GRB2":0.03976063579371648,"STAT6":2.6928395795475524,"MYO1G":2.1101084581139515,"TFEB":1.8330954470146008,"ARPC2":0.08247317903808114,"FES":0.10222937995202647,"TLR8":1.0227912593891755,"TCIRG1":1.0886680902921486,"UNC93B1":2.0001712552418414,"CCR1":2.355662390331561,"DOCK8":1.4284645051817928,"ARHGAP30":0.8700430709677675,"ACTR2":-0.6903989556768801,"RNH1":1.6857534686195563,"HCK":0.4451194347705823,"LACTB":4.308141566313279,"ANXA2":2.1508435393284264,"COLGALT1":-0.17664787896852518,"ARPC1B":1.2319912169254306,"PTPN6":6.340870271253247,"PARVG":0.32369228992433347,"ARHGAP45":0.8361432517201013,"EVI2B":1.583584885784813,"COTL1":-0.11576972222694863,"IKBKG":-0.016851167492180213,"CAPN2":1.3601005969504758}},"NPM1 Subtype":{"min":-37.0,"max":37.0,"top_text":"Committed NPM1 Subtype","bottom_text":"Primative NPM1 Subtype","map":{"ABCD1":11.738689515680882,"LACTB":10.766741316260394,"LY86":11.403846635184195,"KIAA0930":19.226289565160933,"TYMP":19.972053053534477,"ANXA2":16.648477435463874,"RNH1":12.33600025815304,"UNC93B1":23.74920501540926,"COTL1":19.2037401161988,"ARPC1B":8.173882645351203,"SMCR8":25.388893247718084,"CYBA":26.37545747973719,"ARHGAP30":17.653414341628068,"TCIRG1":22.456583987637988,"IKBKG":17.959846590639536,"TFEB":21.902413606021344,"MEFV":28.669384912028473,"TLR8":33.143119765919366,"PYCARD":9.701832726522893,"PARVG":9.206708423029454,"GRB2":16.273473727153373,"MYO1G":3.993861348781887,"ADAP1":15.247703461213998,"GMIP":16.23488026194122,"PTPN6":12.260799471268717,"HCLS1":12.893095079771465,"TMEM127":0.0,"CD4":9.279956386105471,"HCK":26.430476455167806,"CAPN2":18.330086346619684,"IMPDH1":12.16603730919278,"SRGAP2":20.285019437264644,"EVI2B":23.408074778498293,"STAT6":5.8566276396247785,"FES":11.028856907849654,"COLGALT1":9.983059117036138,"ARHGAP45":18.635075425973273,"ARHGAP26":21.91895789738289,"SAMHD1":25.44740858663137,"ZBTB7A":9.888826275011354,"OGFR":14.244491678733288,"SLC12A9":19.06453796967069,"ARPC5":22.087711933072505,"ARPC2":12.802895617336002,"DBNL":17.48916379498043,"DOCK8":4.921237725756636,"CCR1":24.58489212417773,"FGD2":30.137190100495527,"ALDH3B1":14.435748407921473,"TYROBP":18.161755480923023,"ACTR2":17.22137564545635}},"Overall Survival":{"min":-6.0,"max":6.0,"top_text":"High Survival Correlation","bottom_text":"Low Survival Correlation","map":{"STAT6":0.57716643019058,"RNH1":0.25524531776014076,"SMCR8":0.1208402024554222,"PARVG":0.249113955242468,"FES":0.3675634369767619,"CAPN2":0.6090870469572697,"ABCD1":0.48801799008682595,"DBNL":0.9997675086595831,"COTL1":0.6925282267696662,"ARHGAP30":0.4556488122426129,"FGD2":-0.08394717041369525,"HCLS1":0.364212631594191,"TLR8":-0.1729226712594077,"ZBTB7A":0.35284544782520216,"MYO1G":1.8359199635211714,"ARPC2":0.9567782388821142,"ARPC1B":0.9555875740493172,"GMIP":-0.05036303189684937,"KIAA0930":-0.18284219719917919,"ADAP1":-0.09329101998748016,"LACTB":0.3258590816716358,"ARHGAP45":0.6669417541536772,"TYROBP":0.5908598534503151,"TFEB":-0.18233584655530422,"IMPDH1":0.13027469594534527,"IKBKG":1.1962934655393556,"CCR1":-0.062432581439242456,"TYMP":-0.4500927947042232,"UNC93B1":0.11351402892152572,"SLC12A9":-0.3670520467317137,"DOCK8":0.32935744129619227,"SAMHD1":0.5042724986773917,"ANXA2":-0.025741131387706975,"SRGAP2":0.02734649704659683,"TCIRG1":0.06848196241095127,"LY86":2.761590391925081,"ARHGAP26":-0.168820070558171,"ACTR2":1.0890581337930718,"PYCARD":0.0011301774724219223,"EVI2B":-0.2800704790595527,"CD4":0.8461731447264644,"ALDH3B1":0.3896866190959121,"GRB2":-0.028500014139479373,"CYBA":0.6613508785664775,"OGFR":0.11569444591378676,"PTPN6":0.1678796443390082,"MEFV":0.3205624168416945,"ARPC5":0.306181372364433,"COLGALT1":0.2345052069511976,"TMEM127":0.0,"HCK":0.0812532820905132}},"Mutation FLT3 ITD":{"min":-10.0,"max":10.0,"top_text":"High FLT3 ITD Correlation","bottom_text":"Low FLT3 ITD Correlation","map":{"RNH1":0.7254957376627331,"SLC12A9":0.07882262036298228,"ARHGAP26":-0.009739635175267247,"DBNL":-0.2297184650428068,"IKBKG":-0.33592360354730083,"HCK":-0.028955044486687377,"UNC93B1":1.3128008441031083,"CAPN2":0.18384206786218665,"ARPC5":-0.8848167342202485,"TLR8":-0.012883721601115625,"KIAA0930":-0.23538063404688847,