{"NPM1 Subtype":{"min":-37.0,"max":37.0,"top_text":"Committed NPM1 Subtype","bottom_text":"Primative NPM1 Subtype","map":{"KMT2B":-3.204146862490907,"MRGBP":-11.56359765839041,"PHF11":-0.27019924828907277,"VPS72":-4.54396178539053,"DMAP1":-10.337285575853763,"BRD1":-3.8260528432328433,"BRPF1":-3.6991908980191086,"PMF1":-0.28586071853863965,"SRCAP":-7.158102160875452,"BRD8":-15.32766152937291,"KAT7":-11.131321956693686,"ING3":-5.383761560892326,"ING4":-13.108073383836816,"THOC1":-8.586575205359399,"BRPF3":-2.857899467007681,"ING5":-3.4523438495214616,"JADE2":-2.5250303480651315,"YEATS4":-3.925872265910349,"KAT6B":-4.907590094602709,"AKAP17A":-2.752238030969772,"EPC1":-4.6329585026287035,"H4C2":0.0,"CREBBP":1.29703655263025,"ZBTB2":-0.6507053668998454,"KAT6A":-1.8953292164232802,"AKAP8L":-10.383931794562253,"JADE1":-4.317361523317603,"CBX8":-8.065239622471069,"MEAF6":-3.452801174128744,"MLLT6":-2.222256518355471,"REXO1":-3.4193429757689917,"DGCR8":0.029295442912797585,"DDX23":-4.039778913376542,"EP400":-8.505600654747015,"CEP57":-4.638061595899964,"WDR43":-9.589344010885068,"H2AZ1":0.0,"TRRAP":-3.624451483780866,"SAP30L":-0.4584110786571281,"CTR9":-0.667463669351464,"H4C1":0.0,"LMNB2":-3.404199762453222,"MCRS1":-3.5025358288694215,"KAT5":-1.4075009978446835,"CAAP1":-4.254840034380656,"CHERP":-6.520094541052445,"BRD4":-4.638999711906336,"EPC2":-3.459482751147265,"MBTD1":-7.8817213456141495,"PCNT":-6.806312421353652,"MORF4L1":-4.751504668691821}},"Mutation NPM1":{"min":-30.0,"max":30.0,"top_text":"High NPM1 Correlation","bottom_text":"Low NPM1 Correlation","map":{"JADE2":1.1657171250953422,"ZBTB2":-1.050831853940045,"ING5":-1.427469604177496,"MRGBP":-0.16103775256410227,"MORF4L1":0.2357421292429156,"DMAP1":-0.5523586608056368,"SRCAP":-0.42543630411758265,"AKAP8L":-0.16083567829518003,"CEP57":-0.5933071936757104,"EPC2":0.20093327644961126,"SAP30L":0.14281013631186928,"YEATS4":-0.30646568322908385,"H4C1":0.0,"KAT6B":-8.48553805756178,"MBTD1":-0.6287645129023187,"MEAF6":-2.501144057690153,"ING4":0.16538365367139857,"REXO1":-7.3067975256757185,"ING3":-0.23578354371280516,"EP400":0.16607095559970256,"LMNB2":3.769309714846348,"KAT7":-0.40453121760325716,"H2AZ1":0.0,"MCRS1":-1.1910065113618422,"MLLT6":0.9896026037163934,"CAAP1":0.5840489229545291,"THOC1":2.5614619472928215,"DDX23":0.18147845660899323,"CTR9":1.9720170509477777,"JADE1":-4.559171245053601,"VPS72":-0.7678507677847795,"PHF11":0.26545289258490884,"PCNT":0.2744452423890146,"KAT5":0.28016469568040137,"BRPF3":-2.293096362313915,"EPC1":-0.09196383080729097,"CHERP":2.3754877492390176,"BRD8":0.35781781576860966,"BRD1":0.7422845214018746,"AKAP17A":1.877123237603444,"CBX8":-0.014722469167302403,"DGCR8":1.5599913338073144,"PMF1":0.05172474355776934,"KAT6A":-8.927700470402373,"TRRAP":1.0455767183720814,"BRPF1":-10.759940331070714,"WDR43":-0.18453574162575423,"H4C2":0.0,"CREBBP":-0.0055025576709553815,"KMT2B":-0.24495083072997828,"BRD4":-1.0693798516051412}},"Overall Survival":{"min":-6.0,"max":6.0,"top_text":"High Survival Correlation","bottom_text":"Low Survival Correlation","map":{"PCNT":-0.002428334607684628,"JADE2":1.183112152742126,"ING3":0.08344851704147019,"MRGBP":-0.03644476254283624,"CHERP":-0.5296255882925027,"SRCAP":-0.22856096342299034,"MORF4L1":-0.007183950152865855,"REXO1":0.020028565365556462,"YEATS4":-0.8433020747336613,"EPC1":-0.01664218127945038,"AKAP8L":-0.35452458991396946,"JADE1":-0.49616201400923543,"MEAF6":-0.47767945589161886,"BRD8":-0.389219802074547,"ZBTB2":1.0050697323104079,"KAT6A":-0.23749180101400336,"DGCR8":0.10831494286881216,"AKAP17A":-0.09811878547981318,"CREBBP":-0.13014199665467036,"MBTD1":-0.4916510470668347,"KAT6B":0.23610503407489,"KMT2B":-0.6027248199944916,"H4C2":0.0,"BRPF3":1.224480018579783,"VPS72":-0.024522803430264,"LMNB2":-0.8816527966956462,"THOC1":-1.1262052410349153,"SAP30L":0.4509539142933903,"PHF11":0.42428663227039176,"BRPF1":0.014603497024022527,"ING4":0.2781672078032656,"KAT7":0.1400682825551237,"DMAP1":0.976528470851915,"TRRAP":-0.6727932958423095,"CEP57":0.6168328753482417,"MCRS1":-0.09430335821361353,"CAAP1":-0.5130876170544244,"BRD4":-0.7188798649332288,"EP400":-1.7523589498741903,"CTR9":0.03399938272533233,"EPC2":-0.04000834542867158,"H2AZ1":0.0,"MLLT6":1.0773758970465905,"ING5":-0.06447928916868315,"BRD1":0.4714219630999236,"WDR43":0.5112912306509844,"CBX8":-0.49066026889139736,"KAT5":-0.5690597576223939,"H4C1":0.0,"DDX23":-0.5873969871501877,"PMF1":-0.502299113947065}},"Blast Percent":{"min":-11.0,"max":11.0,"top_text":"High Blast Percent Correlation","bottom_text":"Low Blast Percent Correlation","map":{"MLLT6":2.1890294781586532,"LMNB2":3.8741999355149046,"DDX23":3.7047517425322534,"BRD1":2.763831314155607,"AKAP8L":4.326601468319486,"KAT6A":0.3040851641377844,"EP400":9.017872110062978,"BRPF3":0.01503619804831964,"MORF4L1":5.879172893283216,"MCRS1":2.341613094119791,"H4C1":0.0,"KAT7":2.870250470641648,"BRD8":8.499102393018452,"JADE1":0.5841951798265973,"KMT2B":1.5384759967454373,"SAP30L":1.6538783800314536,"MEAF6":0.9377165307744791,"VPS72":4.132048137439277,"PCNT":2.50587531340658,"CHERP":6.777348758588681,"YEATS4":4.99677724373085,"ING5":0.6373734230865526,"REXO1":0.4711672472391237,"ZBTB2":0.5496978475890867,"WDR43":4.87823317309859,"H4C2":0.0,"DGCR8":-0.05756968416066435,"H2AZ1":0.0,"CBX8":4.164972800439358,"DMAP1":6.030129252236768,"ING4":7.678630667589969,"MRGBP":4.743931866529426,"KAT6B":0.5887584187272239,"EPC1":5.6467725065177365,"CREBBP":1.5726914377732641,"PHF11":0.7342664815047169,"CTR9":1.7584794826168637,"CAAP1":1.3799446564122149,"KAT5":3.9638432461970554,"PMF1":1.7180608757028644,"THOC1":7.188299981736844,"MBTD1":6.473516901845669,"TRRAP":10.935466683300897,"BRPF1":1.007411428745768,"JADE2":4.193293569628887,"ING3":2.8915192785357817,"EPC2":3.5353680064589468,"SRCAP":5.7254554201821435,"BRD4":1.288643145429348,"AKAP17A":2.590672034270611,"CEP57":4.634430944856209}},"Mutation FLT3 ITD":{"min":-10.0,"max":10.0,"top_text":"High FLT3 ITD Correlation","bottom_text":"Low FLT3 ITD Correlation","map":{"MCRS1":-2.102540242603023,"DDX23":0.35256382091366095,"KMT2B":-2.352221175389733,"BRD8":-0.1319298704896412,"CHERP":1.1276041106895172,"TRRAP":-0.27695356833171714,"WDR43":0.481462760531888,"PHF11":1.6687519759663703,"ING3":-0.48673901849153506,"YEATS4":-0.8097329343713076,"H4C1":0.0,"THOC1":1.430826698781496,"CREBBP":-0.03150655904984637,"EP400":0.5282666468868972,"JADE2":-0.2467475327616503,"BRPF3":-0.3962878480235951,"VPS72":-0.6032232990536326,"EPC1":-0.3115604778685094,"AKAP8L":-0.009893674269030955,"AKAP17A":1.4480345132725863,"MORF4L1":-0.4809047389190618,"CEP57":-0.7318770197398473,"JADE1":-2.3764005541925126,"BRD1":0.0307072383968983,"DMAP1":-0.6556135523786704,"BRD4":0.18355071889476207,"KAT5":-0.3905669885138357,"SAP30L":-0.538294396038693,"CBX8":-0.33660354539502874,"LMNB2":0.8188642005986062,"SRCAP":-1.9679732634435017,"MRGBP":0.18371175031667358,"CAAP1":0.7627845088643137,"MLLT6":0.5352150616849813,"H4C2":0.0,"ZBTB2":-2.9522333805031358,"H2AZ1":0.0,"REXO1":-2.3299354361895506,"EPC2":0.08975108848160532,"PCNT":0.012859260966044218,"BRPF1":-3.6596664128935505,"KAT6B":-1.509382983932571,"CTR9":0.9355039357397716,"ING5":-1.3856787994401503,"DGCR8":0.35010060252719916,"KAT7":-0.4628513032001331,"MEAF6":-0.8497711015011346,"KAT6A":-3.213018981951749,"MBTD1":-0.2114663330171441,"ING4":0.22734929860599162,"PMF1":0.2838805655430906}},"MuSiC CD14 Mono":{"min":-50.0,"max":50.0,"top_text":"High CD14 Mono Correlation","bottom_text":"Low CD14 Mono Correlation","map":{"BRD1":-3.5755017964039544,"REXO1":-7.427850677940617,"SAP30L":-0.6167999463542749,"THOC1":-8.216111806586817,"BRD4":-3.6745782819782855,"JADE2":-4.557510928832991,"JADE1":-6.941437242725998,"TRRAP":-2.708147420223346,"CHERP":-6.678908378064853,"VPS72":-5.220511439772033,"CBX8":-7.019000377219044,"CAAP1":-3.740148060187289,"WDR43":-11.487279006889125,"ING4":-13.572481988539675,"MORF4L1":-5.352962600381131,"CREBBP":1.39852344509804,"EP400":-10.499258423306609,