{"Blast Percent":{"min":-11.0,"max":11.0,"top_text":"High Blast Percent Correlation","bottom_text":"Low Blast Percent Correlation","map":{"HCFC2":-2.1313123079714935,"IL17RD":0.0,"HCFC1":6.958344485696299,"DEK":1.8449802947550513,"RNF213":-0.7904802647894886,"RBBP5":3.9196131242065735,"IRF2BPL":0.23139245495076324,"STAT1":-1.217505384388506,"NCOA4":-1.8558301668405612,"TAF4":9.457497680974226,"IRF9":-0.2608172926302378,"BRD4":1.288643145429348,"FBXO38":3.2851244774368906,"MAP2K4":-0.12666395086115304,"PSMB9":-0.8896086696921223,"WDR5":4.479767002461924,"AHCYL1":-0.08523884362150562,"CSTF1":2.374473783394838,"GABARAP":-2.4204762692050816,"KMT2B":1.5384759967454373,"KIAA0232":-0.20607899453126696,"SQSTM1":-1.0709752577907659,"CHD8":2.502025658723246,"PPP3CB":-0.32390990293084815,"USF2":2.9166356195252714,"EP300":0.862749302531665,"TAOK2":0.21567118150426295,"BACH1":-0.7933984279450421,"LIN54":-0.1551244522120692,"NBR1":-2.2480815091444843,"ZNF597":1.0394235977212996,"IKZF1":1.6436040723533651,"IRF1":1.299693435569795,"GOLGA1":-5.212083807265288,"SNRPD2":3.1795156847378925,"YY1":3.2149074007067724,"PPP1CA":-0.06949978671584128,"ARIH1":1.0820661737580148,"ATF7":0.8858281456892002,"IDH3B":1.2352089951994492,"DTX3L":-0.9410061746748083,"PML":0.1753229906316446,"KCTD17":0.0,"ATF2":3.526578704960488,"IRF2":0.4195543599637038,"CIB1":-1.9542975646239167,"TRRAP":10.935466683300897,"CTSS":-3.7735080607128575,"USF1":2.022533731366734,"PHF20L1":2.543097752487708,"CPSF3":3.910650475961717}},"MuSiC CD14 Mono":{"min":-50.0,"max":50.0,"top_text":"High CD14 Mono Correlation","bottom_text":"Low CD14 Mono Correlation","map":{"GABARAP":24.291310454558158,"TAOK2":0.3680886751077093,"RNF213":7.299860760951492,"CPSF3":-1.5230336476690476,"PSMB9":4.2657354639433125,"IRF2BPL":1.7091630071615167,"CHD8":-2.74171613456137,"NBR1":5.7185396389441285,"GOLGA1":7.668415906684973,"ATF2":-7.3149062069486295,"TAF4":-3.849364305471634,"CTSS":25.80203265360317,"NCOA4":5.37344857151477,"IKZF1":0.7151270702756919,"CSTF1":-4.7486973451128955,"SNRPD2":-2.0511757221793205,"DEK":0.18543188891543153,"HCFC2":3.4284741964491783,"CIB1":4.506457844478925,"STAT1":2.619626337696805,"IRF2":2.6681512967464323,"IRF9":2.2659933973574993,"KMT2B":-3.1105668139077998,"LIN54":-0.35504067222571645,"MAP2K4":1.6854322747347306,"EP300":3.2515858328739564,"IDH3B":-0.844791502581695,"HCFC1":-3.4124931662663314,"TRRAP":-2.708147420223346,"USF2":-1.2311699546432564,"BRD4":-3.6745782819782855,"PPP1CA":5.381309065035854,"USF1":1.3154125406146566,"FBXO38":-0.15330210275594897,"BACH1":22.241913241283026,"DTX3L":6.303569292019138,"ATF7":-0.11568991684459971,"KCTD17":0.0,"PHF20L1":-2.5896464008091424,"KIAA0232":0.47802886978383924,"YY1":-3.3668681402280103,"IL17RD":0.0,"RBBP5":-8.974701741346285,"WDR5":-4.611999300436258,"IRF1":0.6365565948147729,"SQSTM1":1.0106204979758515,"PPP3CB":4.601776023931225,"PML":-1.3792979666033518,"ARIH1":0.6699294008824451,"ZNF597":-2.2598157991018093,"AHCYL1":3.9720589316759214}},"Mutation NPM1":{"min":-30.0,"max":30.0,"top_text":"High NPM1 Correlation","bottom_text":"Low NPM1 Correlation","map":{"ZNF597":-0.2957149532790901,"CSTF1":1.4593096321797965,"LIN54":-1.1024834334037878,"BACH1":2.2628058476580004,"GABARAP":1.2503373950481118,"YY1":-0.042156714907525754,"SNRPD2":0.7161213467105605,"FBXO38":0.8888876029448223,"WDR5":-0.03650034802598876,"CHD8":1.2368463639620484,"BRD4":-1.0693798516051412,"ATF7":-0.3116691944752823,"KMT2B":-0.24495083072997828,"IRF1":0.46765557694750265,"USF1":-0.7622468030588251,"PHF20L1":-1.6204556239239407,"IRF2":0.16939662408166867,"PPP3CB":1.1170975131116816,"IRF2BPL":1.83727658418173,"KIAA0232":0.39075791321383535,"IKZF1":0.46327822543135583,"PPP1CA":1.1699425260695409,"HCFC2":-0.10771377420831085,"RBBP5":-0.5205866273922524,"IDH3B":-0.03622773122053849,"STAT1":-1.1151700475189796,"DTX3L":-1.0935823450914752,"USF2":-0.3449618398136667,"DEK":1.5278394368854582,"TAF4":1.3074491138733983,"AHCYL1":2.4644321156470035,"GOLGA1":0.2412481984539116,"TAOK2":-0.12976272012844497,"TRRAP":1.0455767183720814,"HCFC1":0.4883909760255834,"NBR1":-0.1847774761877363,"PSMB9":-0.08341708981692955,"KCTD17":0.0,"CIB1":-4.468261349949205,"NCOA4":0.9083981485694139,"ARIH1":1.206237483585193,"IRF9":-2.398357036202802,"SQSTM1":2.0558057047611222,"IL17RD":0.0,"EP300":1.1861962538320805,"RNF213":0.16080459553716855,"CTSS":-0.16802996573971335,"MAP2K4":0.4040247969631125,"CPSF3":2.6495769442922423,"PML":-1.2695260905112806,"ATF2":-0.030514165064743852}},"Mutation FLT3 ITD":{"min":-10.0,"max":10.0,"top_text":"High FLT3 ITD Correlation","bottom_text":"Low FLT3 ITD Correlation","map":{"PSMB9":-0.07547074166042923,"GABARAP":-0.05882673603083892,"TRRAP":-0.27695356833171714,"SQSTM1":0.040266021153731235,"IL17RD":0.0,"DEK":0.01969196891017706,"LIN54":-3.398225842809562,"USF2":-0.5474838031299055,"IKZF1":-0.023280559947501157,"CPSF3":2.4976134031252495,"ATF7":-0.6958653641811164,"KMT2B":-2.352221175389733,"WDR5":-0.23921487223671387,"KCTD17":0.0,"RNF213":0.03702342757302703,"IRF2":-1.048246662502056,"STAT1":-0.8869389490930745,"KIAA0232":-0.4174491830567099,"YY1":-0.10950975674698453,"FBXO38":0.4699381146325717,"HCFC1":0.020878535008102744,"RBBP5":-0.978634760439297,"CIB1":-3.1391823461583397,"CSTF1":2.193301392172199,"ARIH1":0.1519615108414447,"SNRPD2":0.11645364278808552,"PML":-0.4040103363077623,"DTX3L":-0.7210313281529741,"HCFC2":-0.77818725954844,"PPP3CB":-0.008470669901930223,"CTSS":-0.36701514117077877,"ZNF597":0.06349169576709662,"PPP1CA":0.18242560095604346,"IRF2BPL":0.4705974430576292,"IDH3B":-0.2300042175614231,"NBR1":-0.963459932956195,"IRF9":-1.1927897152990192,"TAOK2":-0.8858330363641334,"BRD4":0.18355071889476207,"USF1":-0.4107482303582869,"ATF2":-0.366178571420141,"EP300":-0.034602454011254884,"IRF1":0.19969248613839394,"PHF20L1":-1.5607603859195003,"CHD8":0.3674158945927149,"AHCYL1":0.7712910018850648,"GOLGA1":-0.659045886878058,"MAP2K4":-0.47616797649020703,"NCOA4":-0.7480538273879872,"TAF4":-0.16118379608127467,"BACH1":-0.05916552000995247}},"NPM1 Subtype":{"min":-37.0,"max":37.0,"top_text":"Committed NPM1 Subtype","bottom_text":"Primative NPM1 Subtype","map":{"RBBP5":-8.290993416405174,"DTX3L":7.553959388059997,"STAT1":3.6887405710705967,"MAP2K4":1.4008266699799523,"SQSTM1":0.5535871151997752,"SNRPD2":-2.353344434166591,"ATF7":-0.023899239057987166,"TRRAP":-3.624451483780866,"CHD8":-4.724517468951209,"NBR1":5.219536278047204,"FBXO38":0.054139605301332834,"IDH3B":-0.4918060502204392,"WDR5":-3.554046379510762,"ATF2":-7.672828326434868,"PPP3CB":5.029452802814568,"RNF213":7.535732397610735,"NCOA4":4.828838545639661,"GABARAP":20.814872295192735,"IRF2":1.2213458912167479,"HCFC1":-3.4113075164055173,"PPP1CA":3.269633951130448,"PHF20L1":-1.511442256680634,"TAF4":-3.5878120693258597,"BACH1":17.907072509210863,"ARIH1":0.1732208287516915,"HCFC2":1.1595956464967876,"EP300":1.921502290883876,"USF1":1.128890072371831,"BRD4":-4.638999711906336,"PSMB9":6.184973641624733,"KCTD17":0.0,"PML":-1.6847799436898738,"KMT2B":-3.204146862490907,"LIN54":0.753071233128551,"KIAA0232":0.4534663562704898,"IL17RD":0.0,"IRF2BPL":0.7534079571489198,"YY1":-2.61413909744744,"CTSS":23.125276095835,"IRF1":0.8499422979650512,"CIB1":5.5285598409768,"ZNF597":-3.11424233653457,"USF2":-0.5991175358578772,"GOLGA1":5.518413357426009,"TAOK2":0.6984094611337585,"IRF9":1.6899582953077281,"CSTF1":-6.547317252944536,"DEK":0.02294625408238062,"IKZF1":0.9705990058809324,"CPSF3":-2.8224971620823283,"AHCYL1":2.502188396668042}},"Overall Survival":{"min":-6.0,"max":6.0,"top_text":"High Survival Correlation","bottom_text":"Low Survival Correlation","map":{"BRD4":-0.7188798649332288,"AHCYL1":0.42355144750138457,"KMT2B":-0.6027248199944916,"KIAA0232":0.036232056700148334,"CTSS":0.7909866537939843,"KCTD17":0.0,"IL17RD":0.0,"IRF1":0.7839136069001817,"IRF2BPL":0.02109537664897126,"IRF2":0.07983507951125916,"DEK":-0.609680478611018,"PSMB9":0.39793682384179196,"LIN54":-2.294815606755824,"NCOA4":0.08436662189134064,