{"NPM1 Subtype":{"min":-37.0,"max":37.0,"top_text":"Committed NPM1 Subtype","bottom_text":"Primative NPM1 Subtype","map":{"RRAS2":0.0,"BIN1":-1.190743427718478,"EPN2":0.2650240593870704,"LSR":0.0,"BOK":0.0,"CAV1":-0.3465734988006755,"FGA":1.223582183809986,"H4C6":0.0,"ABLIM1":-0.8698095707874564,"DKK3":0.0,"NCKAP1":0.7415302868384542,"MYO5B":0.0,"EPHA4":0.0,"EPHA2":0.0,"CCL22":0.0,"PPP1R14A":0.0,"CAMK2D":6.717131599180914,"PTPRK":0.0,"SYNE2":0.42841679914846265,"PLEKHH1":0.0,"IRS1":-1.5249126585727493,"IL24":0.0,"BCL11B":-0.6782685336367833,"ARID5B":-0.9781328097863538,"APP":-0.15347275784147357,"KIAA1671":-0.3366153854893116,"ITGAV":-0.14068062194734615,"TNS4":0.0,"PPP1R9A":-0.8094101024394534,"ARHGAP39":-0.5665939473592281,"ESR1":0.0,"SPSB1":0.0,"OTULINL":6.3595097557501195,"SDC1":0.0,"ATM":5.345436594573082,"NEDD4":-4.426108420022652,"MET":0.0,"TGFBR2":-0.955543897385893,"SPARC":0.5506218981783737,"RGL1":0.0,"PTK2":1.9202566974727677,"MOV10":-8.425331552004,"ZAP70":-0.13580314774084376,"PATJ":0.0,"SOCS3":0.0,"PFN2":0.16377872632402507,"HS3ST1":0.0,"WNT7A":0.0,"ITPR3":1.2917825841435173,"ESR2":0.0,"BCAR3":0.0}},"MuSiC CD14 Mono":{"min":-50.0,"max":50.0,"top_text":"High CD14 Mono Correlation","bottom_text":"Low CD14 Mono Correlation","map":{"SPSB1":0.0,"ZAP70":-0.3798616035494199,"ESR2":0.0,"CAMK2D":7.863276581163394,"CAV1":-0.5302430407351745,"SPARC":0.4154760923970374,"SOCS3":0.0,"TNS4":0.0,"RRAS2":0.0,"BCL11B":-2.083478590450865,"MET":0.0,"LSR":0.0,"IL24":0.0,"NCKAP1":0.6943439709556737,"PLEKHH1":0.0,"ESR1":0.0,"APP":-0.7401982384299821,"BCAR3":0.0,"ARHGAP39":-0.7413268837922575,"EPHA2":0.0,"PPP1R9A":0.05846694859031341,"SYNE2":-0.04814012467194764,"ITPR3":0.6906128789429509,"PFN2":-0.08478701035979468,"MYO5B":0.0,"KIAA1671":-0.3559235154751618,"PTPRK":0.0,"TGFBR2":0.0026026150002606777,"NEDD4":-5.562077629568549,"MOV10":-10.707605643912416,"PPP1R14A":0.0,"H4C6":0.0,"BOK":0.0,"EPN2":0.1726198452559279,"BIN1":-1.3166444856586619,"FGA":1.3935216694166261,"HS3ST1":0.0,"ABLIM1":-0.27824466028749284,"IRS1":-1.5113523276250382,"ATM":7.735797660104207,"ARID5B":-1.09496758225415,"SDC1":0.0,"ITGAV":-0.16774092476032307,"DKK3":0.0,"CCL22":0.0,"PATJ":0.0,"PTK2":1.2785058289035964,"RGL1":0.0,"EPHA4":0.0,"WNT7A":0.0,"OTULINL":3.483607090262179}},"Mutation FLT3 ITD":{"min":-10.0,"max":10.0,"top_text":"High FLT3 ITD Correlation","bottom_text":"Low FLT3 ITD Correlation","map":{"BCL11B":0.2192036093447777,"TNS4":0.0,"CCL22":0.0,"SDC1":0.0,"EPHA2":0.0,"SPARC":-0.5311323271946203,"PPP1R9A":-0.003356719542608941,"ARID5B":-2.9230411670101764,"MET":0.0,"ESR1":0.0,"PATJ":0.0,"ESR2":0.0,"EPN2":-2.6065803719334864,"EPHA4":0.0,"RRAS2":0.0,"SPSB1":0.0,"PTK2":-1.5438134946218465,"RGL1":0.0,"ABLIM1":-2.6870163111406544,"WNT7A":0.0,"ITGAV":0.09395570647282302,"MYO5B":0.0,"CAV1":0.43890709235006165,"NEDD4":-2.517773885421116,"APP":-3.327108979178409,"PPP1R14A":0.0,"FGA":-2.5817653341314184,"SOCS3":0.0,"ZAP70":-1.3450515321185652,"IRS1":-0.6812016988020724,"PTPRK":0.0,"LSR":0.0,"ATM":1.9666985826497818,"OTULINL":-2.354207848688825,"BOK":0.0,"DKK3":0.0,"MOV10":-2.1739015932841963,"ARHGAP39":-0.06055895423753326,"ITPR3":-1.2172981877126021,"H4C6":0.0,"HS3ST1":0.0,"BCAR3":0.0,"PLEKHH1":0.0,"SYNE2":-3.1454264308904634,"TGFBR2":0.21160227420069894,"IL24":0.0,"BIN1":0.2856284581339851,"NCKAP1":-0.799733076998689,"PFN2":0.18665364679664703,"KIAA1671":0.018357300768187087,"CAMK2D":-0.5530279128014146}},"Blast Percent":{"min":-11.0,"max":11.0,"top_text":"High Blast Percent Correlation","bottom_text":"Low Blast Percent Correlation","map":{"CCL22":0.0,"CAV1":-0.1785760131450302,"FGA":-4.937145104571725,"SYNE2":-1.4614835954004486,"PPP1R9A":-0.7373849450907694,"KIAA1671":0.09997148670019129,"BIN1":-1.743700052045911,"H4C6":0.0,"HS3ST1":0.0,"BOK":0.0,"PTK2":-5.261812821683099,"MYO5B":0.0,"DKK3":0.0,"ATM":-0.37248055374528494,"TGFBR2":-1.3391244648885987,"ESR2":0.0,"NEDD4":-0.44437587244183724,"ESR1":0.0,"ZAP70":-0.23182949674898928,"SDC1":0.0,"CAMK2D":-2.9448055244753175,"PTPRK":0.0,"LSR":0.0,"RGL1":0.0,"PPP1R14A":0.0,"NCKAP1":-5.073260119063157,"ABLIM1":-4.520000208033542,"ITPR3":-2.152621966002798,"IRS1":-0.226335253976037,"PLEKHH1":0.0,"RRAS2":0.0,"EPHA2":0.0,"SOCS3":0.0,"MOV10":0.7147066495782385,"OTULINL":-4.339327655537938,"APP":-1.2295620863803502,"PATJ":0.0,"EPHA4":0.0,"ARID5B":1.411358035054577,"BCAR3":0.0,"SPARC":-1.7576199329436157,"IL24":0.0,"ARHGAP39":-1.0731963484823253,"WNT7A":0.0,"BCL11B":-0.09199327656491667,"TNS4":0.0,"EPN2":-1.5056394437372878,"SPSB1":0.0,"MET":0.0,"ITGAV":-0.7177769739189781,"PFN2":-1.4222263868023204}},"Overall Survival":{"min":-6.0,"max":6.0,"top_text":"High Survival Correlation","bottom_text":"Low Survival Correlation","map":{"WNT7A":0.0,"PFN2":0.096888928896987,"ABLIM1":-0.4051571439351852,"CCL22":0.0,"EPHA2":0.0,"BOK":0.0,"RGL1":0.0,"ARHGAP39":-0.5941557226611024,"APP":0.1022519156374208,"BCAR3":0.0,"RRAS2":0.0,"SOCS3":0.0,"PTK2":0.05733610165642171,"SYNE2":-0.4774845671902501,"BIN1":0.4809399880975553,"SDC1":0.0,"ESR2":0.0,"NEDD4":-1.2844047008982902,"MET":0.0,"MOV10":0.22411834299170533,"ARID5B":-1.5317297985525888,"PPP1R14A":0.0,"IL24":0.0,"HS3ST1":0.0,"LSR":0.0,"BCL11B":0.37475285210373305,"ESR1":0.0,"EPHA4":0.0,"CAMK2D":0.1411152682837813,"OTULINL":0.0854180314963106,"DKK3":0.0,"KIAA1671":0.6765868044845622,"EPN2":-0.21819236197324784,"ITPR3":0.10949200971908214,"ITGAV":-0.07384263252780114,"TGFBR2":0.10779950979173936,"CAV1":-0.14447947551038773,"ZAP70":0.669129908878462,"H4C6":0.0,"NCKAP1":0.1351786012140216,"SPARC":0.6383977073932194,"PLEKHH1":0.0,"MYO5B":0.0,"TNS4":0.0,"IRS1":0.49014261808138976,"ATM":-0.13933018070812814,"PATJ":0.0,"FGA":0.3156687049179151,"SPSB1":0.0,"PTPRK":0.0,"PPP1R9A":-0.8286745808292458}},"Mutation NPM1":{"min":-30.0,"max":30.0,"top_text":"High NPM1 Correlation","bottom_text":"Low NPM1 Correlation","map":{"SPSB1":0.0,"PTK2":-4.452671700472327,"OTULINL":-10.738180230113308,"ESR2":0.0,"IRS1":-1.5882106583051046,"PTPRK":0.0,"IL24":0.0,"TGFBR2":0.1277246442835394,"BIN1":-4.697039036174506,"ZAP70":-2.793871658510098,"H4C6":0.0,"MOV10":-8.12934365174273,"CCL22":0.0,"BOK":0.0,"NCKAP1":-0.3305527303759439,"ESR1":0.0,"MYO5B":0.0,"ARHGAP39":-0.020746717594882585,"SDC1":0.0,"SPARC":-1.8839029280894943,"HS3ST1":0.0,"RGL1":0.0,"SYNE2":-4.31923822561551,"NEDD4":-7.941012870948416,"BCL11B":-0.35464925736723985,"ATM":6.97743391180496,"TNS4":0.0,"FGA":-1.9145522992873771,"PPP1R14A":0.0,"PFN2":-0.4461505463375966,"PLEKHH1":0.0,"ARID5B":0.7350237168054913,"PATJ":0.0,"SOCS3":0.0,"RRAS2":0.0,"EPHA2":0.0,"CAV1":-0.6693585076647097,"EPHA4":0.0,"ITPR3":-1.8093657397834895,"ABLIM1":-4.750885967202861,"EPN2":-4.0203454881889185,"BCAR3":0.0,"CAMK2D":-0.07034421987651394,"MET":0.0,"PPP1R9A":-0.07537587739365635,"WNT7A":0.0,"ITGAV":0.5412799114024077,"LSR":0.0,"KIAA1671":-0.8500825455494624,"APP":-11.981728007130616,"DKK3":0.0}}}