{"MuSiC CD14 Mono":{"min":-50.0,"max":50.0,"top_text":"High CD14 Mono Correlation","bottom_text":"Low CD14 Mono Correlation","map":{"P2RY8":-0.7264024092729892,"SEC61B":0.2626436144148487,"CANX":0.2264897862573834,"PDIA4":1.697169170708281,"EGFL7":-5.615214043935999,"ITGAE":-0.24482429833442412,"MGST1":-1.807964667450817,"TMEM179B":0.005136751173481201,"AZU1":1.1911136706221515,"TMEM87A":-6.882378352700805,"AGA":-2.834167654600731,"SCCPDH":-4.83479301110754,"PRTN3":0.6868002770904013,"ERGIC2":-0.8561912577118986,"KIT":-7.049220166274433,"MANBA":0.04359959391740021,"OMA1":-0.20305716637743196,"ABHD17B":-2.430610368408649,"ALDH18A1":-10.73619893760556,"ENTPD7":0.0,"TXNDC5":-1.2497197734610452,"MPO":-0.9831709435434346,"CALR":-3.2759526194625948,"TMEM161A":-2.597956531675718,"CHID1":-0.9851426144860849,"MPL":0.0,"CST7":0.7677577539571356,"RAB7B":-3.9527064976403437,"MFSD8":0.0,"SYNGR1":-1.1348159613408602,"TM7SF3":-3.3390691802745067,"PRSS57":-4.321260202082799,"P3H1":-0.6719332865456679,"CYTL1":-0.962683256887964,"IGLL1":-8.749749369172017,"NCSTN":-0.05969149952755385,"IDUA":-0.85039198441133,"HSPA5":4.97179697442953,"HYAL3":-0.2146043000276071,"GXYLT1":0.4781714642283416,"ANKRD27":-8.165255141572606,"LAMP2":0.3403573314743197,"CTSG":0.8736997911073654,"MAN2B1":2.4561613828398206,"G6PC3":-1.5755011534292112,"EMID1":-4.31586332763635,"MPV17":-1.3033853729751592,"SIL1":-2.092669964727894,"ERGIC3":-0.5556980015393624,"CRTAP":-0.752095950046117,"STT3B":-2.3483912120481674}},"Mutation FLT3 ITD":{"min":-10.0,"max":10.0,"top_text":"High FLT3 ITD Correlation","bottom_text":"Low FLT3 ITD Correlation","map":{"SIL1":2.2372901904848246,"GXYLT1":-0.4108406433745001,"NCSTN":-0.08566563698514858,"TMEM87A":-0.7780265396689524,"TMEM179B":0.17233850645542909,"EGFL7":0.44148943673408275,"EMID1":-0.057860786444506436,"LAMP2":0.6557950557727829,"P2RY8":-0.1813156719348763,"TMEM161A":0.7889446193833947,"AGA":-0.36990051499842236,"OMA1":0.67028883211568,"MFSD8":0.0,"MPO":-1.353320875173933,"MPV17":0.48460637529389533,"MGST1":1.3043517266337994,"ERGIC3":0.22875211708035703,"SCCPDH":-0.17132974185775227,"ITGAE":1.1521178445910747,"SYNGR1":-1.8110802576350546,"PRTN3":-1.3866444705043506,"P3H1":0.3436076089824151,"MPL":0.0,"HSPA5":-0.5569495972062595,"AZU1":-0.8733235568333297,"HYAL3":-1.0952814049444428,"MANBA":0.7163674790962306,"RAB7B":-0.5534021104818916,"CANX":-0.5196418388990681,"CALR":-0.13866119552482317,"IDUA":0.6646672956971251,"PRSS57":0.5731812019896875,"CTSG":-0.6479019092618672,"ANKRD27":-0.16829609186155225,"CYTL1":0.08019661467388148,"IGLL1":0.22625184494866304,"CST7":-0.9723039888888944,"CRTAP":0.8947894134860215,"CHID1":0.09148147274851094,"ALDH18A1":0.9234031563090013,"SEC61B":0.13365342418189674,"ERGIC2":-0.7598306180366106,"MAN2B1":3.0633857347534077,"STT3B":-0.20561596592188677,"TM7SF3":0.5931487068165188,"ABHD17B":-0.09494006994611204,"PDIA4":0.36071255750306724,"ENTPD7":0.0,"TXNDC5":0.7767010939774603,"G6PC3":0.9262354025076562,"KIT":-1.8875747622894508}},"NPM1 Subtype":{"min":-37.0,"max":37.0,"top_text":"Committed NPM1 Subtype","bottom_text":"Primative NPM1 Subtype","map":{"EMID1":-4.708213681443309,"HYAL3":-0.32570672035023496,"TMEM179B":0.4111739885010477,"SCCPDH":-4.812685895238675,"ALDH18A1":-11.197492663697574,"P2RY8":-0.49117787745085967,"SEC61B":0.25786083423916417,"ITGAE":-0.18507730813347412,"IDUA":-1.1557739419404975,"G6PC3":-1.3626174382308576,"PRSS57":-3.319513659029522,"MFSD8":0.0,"GXYLT1":0.8548461990317123,"MAN2B1":2.0624823155258416,"OMA1":-0.48285457772663426,"MANBA":-0.6906585411536125,"NCSTN":0.10617428463744862,"TM7SF3":-2.600314415437566,"MPV17":-0.5742242272480366,"CST7":1.2856344372195645,"AZU1":0.9579595129432067,"KIT":-6.606645542800183,"RAB7B":-3.1503899943260407,"TMEM87A":-4.529530566990363,"CHID1":-0.6056958321179625,"ABHD17B":-1.540172851270515,"ERGIC2":-0.09541175681093558,"MPO":-0.09738306698069939,"ENTPD7":0.0,"AGA":-2.157449919863832,"CALR":-2.3833855285866905,"STT3B":-1.6142168281949107,"LAMP2":0.31965275692512285,"PDIA4":1.0518458739375836,"CRTAP":-0.8627238263123219,"PRTN3":1.1134707796294145,"CANX":-0.31405400225911134,"ANKRD27":-7.733568729692828,"SIL1":-0.8853071548613013,"IGLL1":-6.246691677415451,"MGST1":-1.7771114749547976,"HSPA5":5.471162936873546,"SYNGR1":-0.07103938650866982,"TMEM161A":-2.7577716688248124,"ERGIC3":-0.017519134266122168,"CTSG":0.901137661408873,"TXNDC5":-1.8281083770607396,"EGFL7":-5.427311479546799,"MPL":0.0,"P3H1":-0.6188936267092014,"CYTL1":-1.8125214503836244}},"Overall Survival":{"min":-6.0,"max":6.0,"top_text":"High Survival Correlation","bottom_text":"Low Survival Correlation","map":{"G6PC3":0.05456260884386735,"ANKRD27":-0.2655068560378179,"NCSTN":0.19563747463733985,"TMEM179B":-0.099690148318766,"TM7SF3":0.4218200415998656,"AGA":0.15914649127438477,"CST7":-0.7874801174679862,"MPO":0.050410654753271354,"TMEM161A":0.4552978301637546,"SEC61B":0.7188928083702123,"ITGAE":0.3696809489056493,"MPV17":0.4840025073000686,"EMID1":1.0727633226436253,"LAMP2":-0.06860901626581786,"HSPA5":-0.34616600396811514,"CTSG":-0.6555381294808762,"CALR":-0.076777277974893,"CRTAP":0.14777959136125093,"MPL":0.0,"CHID1":-0.9593431777823035,"ALDH18A1":-0.030507172371504195,"SIL1":0.4795155695130844,"STT3B":0.5421410325855953,"RAB7B":0.8292259632207951,"GXYLT1":0.18684635291636062,"ENTPD7":0.0,"PRTN3":-1.1273886722684097,"CYTL1":0.3128225843826045,"TMEM87A":-0.9850156020707648,"SYNGR1":-0.557024576501838,"IGLL1":0.18735690602736335,"TXNDC5":-0.7841722638262592,"MANBA":-0.5788421563975382,"EGFL7":1.0849649394911254,"IDUA":0.3399789043697058,"AZU1":-0.08927280284911585,"SCCPDH":-0.7007357531464966,"MAN2B1":-0.2751127472179321,"OMA1":-0.1416417234040913,"ERGIC2":0.3914075323122725,"ERGIC3":0.38948126787224874,"P3H1":0.25442801498310963,"PDIA4":-0.25954857757061595,"HYAL3":0.1913804971422768,"CANX":0.9516411478360907,"MFSD8":0.0,"PRSS57":1.0173505051489051,"ABHD17B":0.5245604120136302,"MGST1":-0.03806521134503463,"KIT":0.09060530517058388,"P2RY8":-0.042061834418823246}},"Mutation NPM1":{"min":-30.0,"max":30.0,"top_text":"High NPM1 Correlation","bottom_text":"Low NPM1 Correlation","map":{"ERGIC3":0.5029777075957261,"EGFL7":-1.6267333782382714,"MPO":-2.766932428412947,"G6PC3":0.43517364491481497,"CTSG":0.13089724177739673,"ANKRD27":0.03867690360762668,"SIL1":0.005464328387599339,"PDIA4":1.3753143382494448,"MAN2B1":3.8803845803772243,"PRSS57":0.4720463472531681,"CRTAP":0.9660664519916564,"ALDH18A1":-1.6840021149425317,"AZU1":-0.44861003465387195,"TMEM179B":1.1097535639140013,"KIT":-4.747530931416894,"P3H1":0.3852109248243108,"SYNGR1":-4.121940944317125,"MANBA":2.383443264561071,"AGA":0.1970593653978848,"CANX":-0.9598249786965297,"IGLL1":-3.082770850141571,"TM7SF3":-0.07038259682446958,"MPV17":-0.17458898032790107,"IDUA":4.412401711653277,"ABHD17B":0.07779640501504854,"SCCPDH":-0.3737432475564721,"ITGAE":0.2125653854065074,"RAB7B":-1.9785556479726858,"MFSD8":0.0,"TXNDC5":2.3506964353106956,"TMEM87A":-0.7084323358304551,"OMA1":-0.2896367084810175,"TMEM161A":-0.1423459399895929,"SEC61B":0.37175122495508905,"GXYLT1":0.11290773731780768,"MPL":0.0,"CST7":-1.2465178675209203,"STT3B":-0.805532020397997,"ERGIC2":-1.5736882981490021,"PRTN3":-3.43279236684915,"LAMP2":4.867900200301865,"CALR":-0.5263035584844477,"EMID1":0.26087208103584086,"HSPA5":-1.4044340475369372,"P2RY8":-2.8265792936696954,"HYAL3":-3.3593657459027577,"MGST1":2.0541329769096115,"CYTL1":-1.1110818487041318,"NCSTN":0.2564774811963823,"ENTPD7":0.0,"CHID1":1.0795174438924946}},"Blast Percent":{"min":-11.0,"max":11.0,"top_text":"High Blast Percent Correlation","bottom_text":"Low Blast Percent Correlation","map":{"SYNGR1":-0.3825338423872981,"CST7":-2.0208467865844364,"KIT":0.018288227089936895,"SEC61B":0.31896317272431707,"P3H1":0.4044638753077439,"IDUA":4.755797817668024,"MGST1":1.0969990913442125,"PDIA4":0.2500867955337129,"GXYLT1":0.07181397597679064,"CANX":-1.6554512699106405,"MPL":0.0,"EMID1":2.148970157246306,"AZU1":-0.8597922355294522,