{"MuSiC CD14 Mono":{"min":-50.0,"max":50.0,"top_text":"High CD14 Mono Correlation","bottom_text":"Low CD14 Mono Correlation","map":{"ANTXR2":6.430788179057471,"TRIB1":0.0,"MLLT6":-2.3385979048498706,"TPPP":-0.9220817120765403,"JUND":-1.0327048032528288,"FOSL1":0.0,"EGR1":0.0,"TICAM1":2.3159395563693357,"NFKBIA":0.9806261649670744,"ATF4":0.0,"IRF2BP2":0.044433307605977516,"SRA1":7.741150940967576,"H3C15":0.0,"H2BU1":0.0,"EEF1D":1.7946406144780924,"MAP1LC3B":0.21690227910470888,"IER2":0.0,"CREB3":0.0,"FOSB":-2.381342520105203,"H4C4":0.0,"HSPA5":4.97179697442953,"JUN":0.0,"FZR1":-0.8928244185747809,"JUNB":16.962575556685977,"H4C12":0.0,"ATF3":0.0,"SIRT1":-0.3459630288485167,"NFIL3":0.7320907351443703,"DDIT3":0.0,"CREB5":8.285899442445665,"FOSL2":7.672067665009998,"CEBPB":31.967884749353214,"RELA":2.6129893009849794,"UBC":0.0,"PPP1R15A":0.1598955087202337,"H3C2":0.0,"EP300":3.2515858328739564,"H3Y2":0.0,"H2AC16":0.0,"ZZEF1":12.927300799682465,"FBXO11":0.8252364536514092,"PTX3":4.901202604089619,"MAFG":2.1990565363099104,"ANKHD1":0.09317638295694523,"CEBPA":0.45654013810405725,"SP3":-0.39768529924599516,"MAFF":0.0,"LAIR1":12.579036691235036,"FOS":5.617020975648419,"CRIP2":-1.1091096626484085,"ZNF512B":-4.890433362548782}},"Mutation FLT3 ITD":{"min":-10.0,"max":10.0,"top_text":"High FLT3 ITD Correlation","bottom_text":"Low FLT3 ITD Correlation","map":{"CEBPA":-0.5120682016815907,"HSPA5":-0.5569495972062595,"JUND":2.3499184335965473,"SP3":0.4041493097575454,"FOSB":-0.3230775628540078,"ATF3":0.0,"H4C12":0.0,"FOS":-0.039355768016582485,"JUNB":-0.9485639590693187,"H3C15":0.0,"H2AC16":0.0,"FBXO11":-0.07193693378351901,"FOSL2":-0.6037461173165017,"DDIT3":0.0,"MAFF":0.0,"H2BU1":0.0,"UBC":0.0,"H3Y2":0.0,"SIRT1":1.6666013613684671,"MLLT6":0.5352150616849813,"SRA1":-0.021216221831730095,"H3C2":0.0,"EP300":-0.034602454011254884,"FZR1":-0.7852511264289633,"PTX3":-1.1474728889578,"CREB3":0.0,"NFIL3":1.4172119599023032,"JUN":0.0,"IRF2BP2":-0.2538414752640962,"FOSL1":0.0,"MAP1LC3B":0.9536572220083621,"ZZEF1":-0.1239320502649994,"ATF4":0.0,"H4C4":0.0,"EGR1":0.0,"TPPP":0.5893624350951989,"CREB5":-0.3387887344330593,"TICAM1":0.13487899869586373,"ZNF512B":-1.2056331375475686,"PPP1R15A":-1.0840009031014846,"CEBPB":-0.26688410935715207,"EEF1D":-2.082631513592646,"CRIP2":0.8134478636308964,"TRIB1":0.0,"NFKBIA":0.2694893143233065,"RELA":-0.7702198255456733,"IER2":0.0,"MAFG":-2.255367905536224,"ANTXR2":0.7805601767401108,"LAIR1":2.540334480267361,"ANKHD1":0.006903064450140544}},"NPM1 Subtype":{"min":-37.0,"max":37.0,"top_text":"Committed NPM1 Subtype","bottom_text":"Primative NPM1 Subtype","map":{"FOSB":-2.0723515583979,"TRIB1":0.0,"EGR1":0.0,"H3Y2":0.0,"CRIP2":-1.434625048822301,"RELA":2.8403198358674584,"MAP1LC3B":-0.2899666501600424,"LAIR1":8.105410770372577,"CREB3":0.0,"EP300":1.921502290883876,"FZR1":-0.929417124241057,"NFKBIA":1.5135447587686137,"TPPP":-0.9165731180421315,"H4C4":0.0,"ANKHD1":0.4488370599770641,"SRA1":8.001636140769197,"EEF1D":1.3975905718453034,"PTX3":4.919374743168491,"JUN":0.0,"TICAM1":1.3012768348239958,"JUND":-1.04896606853887,"DDIT3":0.0,"H2AC16":0.0,"FOS":6.278220069295884,"FOSL2":8.33000913887905,"FOSL1":0.0,"CREB5":8.388170200959626,"H4C12":0.0,"PPP1R15A":-0.351101945916333,"H3C15":0.0,"JUNB":16.424303518453996,"MAFF":0.0,"UBC":0.0,"ZNF512B":-3.7437355728143777,"H3C2":0.0,"MAFG":3.5504320577024253,"NFIL3":0.2904864370244806,"H2BU1":0.0,"ZZEF1":10.44635420913009,"ATF3":0.0,"SIRT1":0.36559103561158723,"CEBPB":27.172047697699416,"IER2":0.0,"ATF4":0.0,"FBXO11":1.277274751363599,"CEBPA":0.7847410864241726,"HSPA5":5.471162936873546,"MLLT6":-2.222256518355471,"SP3":-0.1581751770566304,"IRF2BP2":0.04881119018748734,"ANTXR2":5.011483571681954}},"Overall Survival":{"min":-6.0,"max":6.0,"top_text":"High Survival Correlation","bottom_text":"Low Survival Correlation","map":{"LAIR1":-0.13643214011141205,"CRIP2":-1.5039371116372229,"ZNF512B":-0.5127643436875274,"TRIB1":0.0,"ZZEF1":1.360098377274531,"H4C12":0.0,"MAFG":0.11392925334726448,"PTX3":-0.45126239537523666,"NFIL3":-0.4388324188232829,"H3Y2":0.0,"MAP1LC3B":0.2086413753923673,"H2AC16":0.0,"SIRT1":0.1254901207995113,"PPP1R15A":0.7312345585763768,"EGR1":0.0,"FZR1":-0.4894040441681836,"ANTXR2":-0.08707280031827024,"HSPA5":-0.34616600396811514,"EEF1D":0.2577871364716709,"FOS":-0.20512734618021225,"FOSB":-1.9043153395004304,"UBC":0.0,"CEBPB":-0.663826993771242,"MAFF":0.0,"H3C2":0.0,"SRA1":-0.13457607197284874,"TICAM1":-1.109978165800529,"CREB5":-0.037886197747872934,"H2BU1":0.0,"IER2":0.0,"JUNB":-0.7389225510032047,"ATF4":0.0,"EP300":-0.33887591101364556,"ANKHD1":0.6872888991348701,"MLLT6":1.0773758970465905,"CREB3":0.0,"DDIT3":0.0,"RELA":-0.12222903048648386,"JUN":0.0,"FOSL2":-0.24955009402374684,"H3C15":0.0,"NFKBIA":0.10531355477951128,"TPPP":-1.0011252725158573,"JUND":-0.6497459240705029,"IRF2BP2":-0.6799934976792753,"FBXO11":0.00582920491733123,"ATF3":0.0,"FOSL1":0.0,"CEBPA":0.06405379819036439,"H4C4":0.0,"SP3":0.7684713563119825}},"Mutation NPM1":{"min":-30.0,"max":30.0,"top_text":"High NPM1 Correlation","bottom_text":"Low NPM1 Correlation","map":{"H2AC16":0.0,"FBXO11":0.9158756611746108,"ATF3":0.0,"JUN":0.0,"TRIB1":0.0,"H4C12":0.0,"NFKBIA":0.27068754926303545,"TPPP":1.9800703994919593,"NFIL3":1.505645174135163,"LAIR1":4.144272642429501,"TICAM1":0.05429850133238968,"FOSL2":1.1998346735322607,"MAFF":0.0,"CREB5":0.39947783790733127,"EP300":1.1861962538320805,"SIRT1":6.420401841139208,"JUNB":0.3395129490783598,"PTX3":-1.9445185764063673,"ANKHD1":0.4073138315253837,"FOSL1":0.0,"IRF2BP2":1.2051374536176853,"ZZEF1":-0.02808665546412742,"MLLT6":0.9896026037163934,"H3C15":0.0,"MAFG":-2.766284412141194,"EEF1D":-4.8842818615726875,"RELA":-0.32743348958358015,"IER2":0.0,"PPP1R15A":-1.8616198925752183,"H3C2":0.0,"H2BU1":0.0,"ATF4":0.0,"ANTXR2":2.354002194773884,"FOSB":0.07959414641820768,"UBC":0.0,"SP3":0.7292602459726224,"HSPA5":-1.4044340475369372,"EGR1":0.0,"DDIT3":0.0,"SRA1":1.4481982887348426,"CRIP2":2.9445039632436902,"H3Y2":0.0,"H4C4":0.0,"JUND":2.571830864093221,"FZR1":0.02603703921379268,"MAP1LC3B":-0.6931220322908582,"CREB3":0.0,"FOS":0.9503372258736844,"CEBPB":2.415515284157467,"CEBPA":2.264807548311406,"ZNF512B":-1.7248861522903567}},"Blast Percent":{"min":-11.0,"max":11.0,"top_text":"High Blast Percent Correlation","bottom_text":"Low Blast Percent Correlation","map":{"MAP1LC3B":-0.978423324371655,"PPP1R15A":-2.1067713223116606,"TPPP":1.1641295532685718,"CEBPA":1.1917312841456595,"IER2":0.0,"TICAM1":-0.8239019496174644,"H4C4":0.0,"H3C2":0.0,"UBC":0.0,"H2BU1":0.0,"ATF3":0.0,"SIRT1":3.972808650859514,"H4C12":0.0,"TRIB1":0.0,"EGR1":0.0,"FZR1":-0.6565589440014413,"NFIL3":1.0795897830388705,"ANTXR2":0.3139501882931056,"CREB5":-2.6767199018754666,"FBXO11":-0.23987788679275157,"HSPA5":-2.6282094107148257,"SP3":2.593697662128807,"H2AC16":0.0,"FOS":-1.8814698486415111,"IRF2BP2":0.3368085735974543,"NFKBIA":1.5343632255791564,"JUND":0.9724919697010416,"JUN":0.0,"MLLT6":2.1890294781586532,"H3Y2":0.0,"MAFG":-0.34924388705191445,"ATF4":0.0,"EEF1D":-3.7195708821061015,"EP300":0.862749302531665,"ZNF512B":0.7232837339561402,"H3C15":0.0,"CRIP2":2.155129244656345,"SRA1":-1.3904316807303485,"FOSB":3.1700834119607513,"LAIR1":-0.3188603900267763,"RELA":-0.730335517409501,"FOSL2":0.39013214087891473,"CEBPB":-1.9725152274746078,"ZZEF1":-4.003108166027533,"CREB3":0.0,"DDIT3":0.0,"MAFF":0.0,"JUNB":-1.0588688868541631,"PTX3":-4.77981887196566,"ANKHD1":0.7613417371864915,"FOSL1":0.0}}}