{"MuSiC CD14 Mono":{"min":-50.0,"max":50.0,"top_text":"High CD14 Mono Correlation","bottom_text":"Low CD14 Mono Correlation","map":{"COPS3":-2.2973920075229235,"AGO1":-0.04834685450037864,"CAND1":-1.5314979986477768,"CUL4A":-0.689018074007474,"LSM14A":-1.1925696098501841,"HNRNPK":-7.103179998141122,"ZC3HAV1":0.5778345795123073,"CUL5":-0.23601020089418956,"YWHAZ":4.3884502253372775,"TOP3B":-2.4894117095194046,"KBTBD2":1.79705526228112,"DDX6":-2.298697094935558,"NR3C1":0.672366905700955,"SECISBP2":-0.8390343860733832,"YTHDF2":-4.329724133701688,"TDRD3":-2.6783102063154747,"ANKHD1":0.09317638295694523,"UPF1":1.3139946640447007,"EP300":3.2515858328739564,"PPP2R1A":3.099205687022397,"CUL1":-0.9158259342573641,"COPS6":-0.29491656136561284,"PUM1":-6.3171339401873245,"TBK1":16.289028014495408,"SMG1":1.3722332503912704,"ADAR":-3.671691623379448,"CLTC":14.896650047471034,"USP9X":5.374110229014715,"CELF1":-1.1796041427810324,"YTHDF1":-2.845528335265551,"UBE2M":-5.74647315359,"ALDOC":1.0077086908506216,"ZBP1":2.8382840770188595,"PPP2CA":0.0,"CUL2":3.6143691229224224,"FMR1":0.7481110235878686,"KRAS":10.118181926267097,"HSPA8":0.21490910916296246,"AGO2":-0.34542183136136395,"CPEB4":10.616514521618901,"ATG16L1":3.536560473907584,"VCP":1.5189312094049967,"COPS4":-0.34124795374069794,"ARIH1":0.6699294008824451,"YTHDF3":2.099446624557358,"CUL3":-0.05964923269274174,"COPS2":-1.109760767193383,"CYLD":11.398854956898514,"HUWE1":0.725243463866499,"YWHAE":-0.16466344982753647,"FXR1":-5.1350233429049394}},"Mutation FLT3 ITD":{"min":-10.0,"max":10.0,"top_text":"High FLT3 ITD Correlation","bottom_text":"Low FLT3 ITD Correlation","map":{"NR3C1":-0.11524614419996877,"LSM14A":-2.172112563559944,"COPS2":-0.7100786347873926,"HNRNPK":0.19156539617136967,"KRAS":0.07625659147457894,"CYLD":0.5209011836531567,"CUL4A":0.3125751014322365,"SECISBP2":-0.66644682754782,"HSPA8":0.001898457853518998,"YWHAE":0.6321194024960436,"CUL5":-1.4729242173773154,"COPS4":0.09549876239653987,"CLTC":-0.03908201161744767,"YTHDF2":-0.16883875318817818,"CAND1":-0.6500378395584071,"YTHDF3":0.37204067110888434,"AGO2":-2.0804460697985765,"ZBP1":-0.005785113343763985,"ZC3HAV1":0.35234135766846875,"TOP3B":1.4042050590161153,"FXR1":-0.05419574126121839,"CUL2":-1.3828666995623367,"TDRD3":2.0379884573956675,"VCP":0.6465270878514207,"CUL3":-0.9784886029101236,"ANKHD1":0.006903064450140544,"ADAR":1.1038472496610054,"TBK1":-0.8419287332092773,"USP9X":-0.9588847108477531,"UPF1":0.03664328784526744,"ATG16L1":-2.668791731722709,"ARIH1":0.1519615108414447,"HUWE1":0.1945352329866143,"PPP2CA":0.0,"AGO1":-2.1465901732016373,"FMR1":0.1557620340677904,"ALDOC":0.050510086247747055,"CELF1":0.5167488843875467,"PUM1":-0.19006676430068978,"CUL1":-0.40316994819972407,"UBE2M":-4.418356512066106,"PPP2R1A":-0.7517559486201403,"CPEB4":-1.4682750825201494,"KBTBD2":-2.3442687714757198,"DDX6":-0.7528036117982098,"EP300":-0.034602454011254884,"SMG1":-3.0609551005527393,"YTHDF1":-1.4703826272968217,"YWHAZ":0.5432027970071116,"COPS6":-0.15445901856031738,"COPS3":1.0153165047580917}},"Blast Percent":{"min":-11.0,"max":11.0,"top_text":"High Blast Percent Correlation","bottom_text":"Low Blast Percent Correlation","map":{"CAND1":-0.22250843543020635,"EP300":0.862749302531665,"UBE2M":-0.01971789233558775,"SECISBP2":-0.08676562763967274,"TDRD3":1.315486918523588,"USP9X":-4.79815768706717,"ZC3HAV1":-0.7449492419230062,"YTHDF3":0.732707252466008,"TBK1":-5.980976055989309,"CUL2":-2.087471471563317,"CUL4A":-0.23485810842227536,"NR3C1":4.107146156547779,"ATG16L1":-1.0673021255939477,"COPS3":-0.20314301781234353,"UPF1":0.42439533629512294,"AGO1":1.9479581073497483,"TOP3B":3.024412032119141,"HUWE1":-0.7379917797722944,"CUL1":-0.5229590111240787,"CPEB4":-5.445047752629244,"PPP2CA":0.0,"KRAS":-2.1693013764878573,"FMR1":0.2537949018015712,"ALDOC":-1.8092988238142196,"HSPA8":-1.2026813871568238,"AGO2":-1.0389142262952271,"CUL3":-0.6497114066515164,"VCP":-0.7002938526615667,"CUL5":-0.9267004123206183,"CYLD":-0.25838354960763066,"ANKHD1":0.7613417371864915,"YWHAZ":-0.34203753191741926,"CELF1":0.43335964204146166,"COPS2":-0.13618497057052079,"COPS4":-0.09383123647910305,"ADAR":5.022711790226923,"YTHDF2":1.256241831791291,"ARIH1":1.0820661737580148,"LSM14A":0.06293978538652217,"SMG1":-0.12258223101231124,"YTHDF1":1.4653265492826013,"KBTBD2":-1.6443910713091714,"COPS6":-0.14193922995642433,"HNRNPK":6.21712012705405,"YWHAE":0.12413977051627836,"FXR1":5.603267652794936,"DDX6":0.4255803692632906,"ZBP1":-2.194753471218134,"CLTC":-2.661096756869362,"PUM1":3.3516443462144037,"PPP2R1A":-1.0113817070883602}},"Overall Survival":{"min":-6.0,"max":6.0,"top_text":"High Survival Correlation","bottom_text":"Low Survival Correlation","map":{"CYLD":0.8582190529105759,"SECISBP2":0.17819073258396217,"KRAS":0.32504972471163424,"HSPA8":-0.07295063683679716,"LSM14A":-0.2767420494842491,"CAND1":-1.0703811446593767,"CUL2":-0.151290640702952,"COPS2":-0.19359062839030816,"CUL5":-2.3942760617300394,"USP9X":-0.024976033094742094,"PPP2CA":0.0,"CUL1":-1.1734880148693028,"YWHAZ":1.5853416325773961,"ANKHD1":0.6872888991348701,"YWHAE":-0.5509604084690057,"ALDOC":0.04466503079219773,"COPS3":-0.5360525770522196,"ZC3HAV1":0.11431076194821255,"ARIH1":0.5271970747293044,"ADAR":-0.3014600130129052,"HNRNPK":-1.8017630560794289,"FXR1":-0.7857631971807552,"SMG1":-0.16962308988203942,"PUM1":-0.10943985963739979,"YTHDF1":0.09037647469284968,"HUWE1":-0.6387915535877401,"DDX6":-0.49150578421242597,"AGO1":-0.14011426210642253,"AGO2":-1.2404939180205392,"TDRD3":0.01129078954788414,"YTHDF2":-0.1947362951964125,"CUL4A":-2.1158721558449303,"COPS6":0.21430284398374844,"CLTC":0.41841571769312735,"COPS4":0.13046193695647001,"YTHDF3":-0.6625030819743992,"FMR1":0.6287596081602422,"KBTBD2":0.026730545904600903,"NR3C1":0.15427298290668914,"ATG16L1":0.09817980700095462,"CELF1":-0.1333642021828285,"TBK1":0.2894680956165346,"EP300":-0.33887591101364556,"ZBP1":0.12349161150640244,"UPF1":-1.3064074851223233,"CPEB4":0.495784756678745,"PPP2R1A":0.026748844471600832,"CUL3":-1.647714267501817,"TOP3B":0.08211238711004859,"UBE2M":-0.9517093549070187,"VCP":-0.43301810464155616}},"NPM1 Subtype":{"min":-37.0,"max":37.0,"top_text":"Committed NPM1 Subtype","bottom_text":"Primative NPM1 Subtype","map":{"PUM1":-6.057181674522193,"CPEB4":6.1455912420476695,"ADAR":-4.460915225735533,"VCP":0.2996924545798663,"COPS3":-1.527070478347759,"YWHAE":-0.03670043455846413,"YTHDF3":1.3463690172955902,"ARIH1":0.1732208287516915,"PPP2CA":0.0,"UPF1":0.29795341701585665,"HNRNPK":-7.046078815464744,"CAND1":-1.2909473816782353,"SMG1":1.8032827537927014,"ALDOC":1.0106266500902539,"ZBP1":2.312448208880864,"ZC3HAV1":0.11489955803592812,"DDX6":-1.6461280417402038,"CUL4A":-0.7646881963393748,"KRAS":6.744270177015504,"CYLD":10.260379841657418,"CUL3":0.24580918014352354,"EP300":1.921502290883876,"COPS6":-0.2948214609974016,"LSM14A":-1.8501855866164507,"FXR1":-5.124068132851216,"CUL2":1.336767534314438,"COPS4":-0.4249972298733191,"KBTBD2":1.5026668866558628,"COPS2":-0.8401497042470162,"YWHAZ":3.4909889711548163,"CLTC":9.219061812629135,"HUWE1":0.22756433550760774,"AGO1":-0.3795038181484857,"FMR1":0.7981368027299975,"TOP3B":-1.5791228789615122,"CUL5":-0.3108873112202089,"ANKHD1":0.4488370599770641,"TBK1":9.912055914375456,"USP9X":1.08421215741836,"SECISBP2":-1.1933207314179646,"TDRD3":-0.87459559116347,"YTHDF1":-2.0562450901086815,"HSPA8":-0.2149080663792353,"CELF1":-3.220445664572132,"CUL1":-0.2510148994609385,"PPP2R1A":1.6328769267655605,"NR3C1":0.7036033188158082,"UBE2M":-3.5231166303496937,"ATG16L1":4.4948894410910665,"YTHDF2":-2.2071401232124086,"AGO2":-0.4210406641266647}},"Mutation NPM1":{"min":-30.0,"max":30.0,"top_text":"High NPM1 Correlation","bottom_text":"Low NPM1 Correlation","map":{"ATG16L1":-0.42959426325418376,"NR3C1":2.703722756347426,"CYLD":3.2468066728292015,"ADAR":0.48353418697096434,"EP300":1.1861962538320805,"CLTC":0.625315346948538,"COPS3":-4.313965584498953,"PPP2CA":0.0,"TDRD3":2.386521923890122,"CELF1":0.46894472425651973,