{"Mutation NPM1":{"min":-30.0,"max":30.0,"top_text":"High NPM1 Correlation","bottom_text":"Low NPM1 Correlation","map":{"DISC1":0.36217380697990803,"GNA15":-0.9885053872193656,"ARHGEF7":0.49987812008847465,"IGLL1":-3.082770850141571,"MACF1":-0.1925621692404164,"CYTL1":-1.1110818487041318,"NAV1":-8.724003345713284,"MGST1":2.0541329769096115,"ELMO1":0.1983318951842198,"GNPTG":-0.11182994007221381,"PLD1":-0.2345412145869836,"HAAO":-0.2780193316932056,"CALR":-0.5263035584844477,"TM7SF3":-0.07038259682446958,"SCCPDH":-0.3737432475564721,"WDR20":1.212682012080976,"KCNQ5":-0.5450741412172873,"RAB7B":-1.9785556479726858,"LUZP1":-1.5884919055463464,"MPL":0.0,"TMEM106A":2.1503972131672895,"CEP170":0.674986067863362,"MPO":-2.766932428412947,"TGOLN2":3.2301394614617456,"BICD1":-1.0093146549737992,"UTRN":3.7012398951510357,"DPYSL2":-1.8843977324429768,"LRCH1":-1.7154982206929634,"GALNT1":0.0022284336110002757,"TRIO":-1.291907083514982,"CD96":-0.08330528988630385,"PRDM11":-0.6879109357863161,"EGFL7":-1.6267333782382714,"GNPTAB":-0.6003454190162026,"MAN2B2":0.3828246402404484,"B3GAT3":1.3663900533150932,"KIT":-4.747530931416894,"STX7":-1.4667243273059174,"TEC":0.6556577848162134,"APPL1":-0.21568332011601818,"FBXO41":0.1205858839586427,"RHEX":0.204230016499817,"MANBA":2.383443264561071,"PPM1H":-0.3964284289847792,"GALNT7":0.2938585046458007,"OXER1":0.0,"SNX29":-0.6951727887920992,"PRSS57":0.4720463472531681,"ALS2":-0.2529083832958668,"DNAAF2":0.6060013974418712,"MBLAC2":-0.02871391665465308}},"Overall Survival":{"min":-6.0,"max":6.0,"top_text":"High Survival Correlation","bottom_text":"Low Survival Correlation","map":{"TRIO":2.3611305899376043,"GALNT7":0.23051616837674946,"CALR":-0.076777277974893,"CYTL1":0.3128225843826045,"BICD1":-0.3011309611629979,"SNX29":0.27645694283426503,"MGST1":-0.03806521134503463,"KCNQ5":-0.3675324561381885,"DPYSL2":-0.10568040250418088,"MPO":0.050410654753271354,"OXER1":0.0,"MANBA":-0.5788421563975382,"TMEM106A":0.0760233980958004,"CD96":0.7657347333255833,"LUZP1":-1.2274238778333009,"MBLAC2":0.8697887867922722,"HAAO":0.04069039789189953,"DNAAF2":0.1879057964802777,"CEP170":-0.1768805692053178,"KIT":0.09060530517058388,"PRSS57":1.0173505051489051,"MACF1":1.2700445383470713,"ALS2":-0.09104392984976287,"MAN2B2":-0.21128332018237775,"TEC":-0.054502655648152126,"WDR20":-0.07829071120290465,"GNA15":-0.1253944443251719,"PRDM11":-1.1499828961537002,"DISC1":0.4461939863916232,"GNPTG":0.5716801743806046,"RHEX":-0.06962077638177652,"GALNT1":0.12930340493134623,"SCCPDH":-0.7007357531464966,"STX7":0.5813517976991404,"NAV1":-0.33548071765469817,"TGOLN2":0.1309210922145649,"GNPTAB":0.654536086436361,"ELMO1":0.4733859253772612,"UTRN":-0.45397021448252795,"RAB7B":0.8292259632207951,"MPL":0.0,"ARHGEF7":0.3751631576417393,"FBXO41":-0.7796706167803855,"APPL1":-0.4113058556131766,"PLD1":-0.29171300793833466,"TM7SF3":0.4218200415998656,"EGFL7":1.0849649394911254,"IGLL1":0.18735690602736335,"B3GAT3":0.45092520174483447,"PPM1H":-0.4181643136453657,"LRCH1":-0.22336607575643302}},"MuSiC CD14 Mono":{"min":-50.0,"max":50.0,"top_text":"High CD14 Mono Correlation","bottom_text":"Low CD14 Mono Correlation","map":{"TM7SF3":-3.3390691802745067,"RAB7B":-3.9527064976403437,"GNPTAB":0.4265242332007315,"MGST1":-1.807964667450817,"KCNQ5":-6.341101587787693,"TGOLN2":4.133986656258827,"CYTL1":-0.962683256887964,"KIT":-7.049220166274433,"PRDM11":-8.274108828826677,"GALNT7":-1.1009696943581684,"LUZP1":-7.414178687332047,"SNX29":13.151551133371594,"TRIO":-0.5497665371342157,"WDR20":1.3044319852735469,"PPM1H":-3.070464228829286,"EGFL7":-5.615214043935999,"BICD1":-6.353705941070084,"PRSS57":-4.321260202082799,"MANBA":0.04359959391740021,"GNA15":-11.741794867939172,"RHEX":-3.6090703110133346,"TEC":-7.070830462281098,"APPL1":0.23870357821890426,"ELMO1":-3.4409621153433556,"DNAAF2":-3.561763300605777,"DISC1":1.3527341887000384,"UTRN":9.228256209489745,"DPYSL2":7.192625285734037,"IGLL1":-8.749749369172017,"MPL":0.0,"MPO":-0.9831709435434346,"PLD1":0.10873593884243889,"CEP170":-2.862873372489693,"MBLAC2":-13.04419873690739,"CALR":-3.2759526194625948,"ARHGEF7":0.2639758273623562,"ALS2":-6.295238269048501,"MAN2B2":-1.5018197852489825,"TMEM106A":-0.08933229475974266,"OXER1":0.0,"FBXO41":0.9423808204586163,"LRCH1":-0.8793891249739784,"GNPTG":0.7703199163894862,"SCCPDH":-4.83479301110754,"GALNT1":-4.699078814888714,"NAV1":-0.9807460583494422,"MACF1":-0.8918681763568128,"HAAO":-1.6859416784287204,"STX7":7.278791771582772,"CD96":-1.8638032254287054,"B3GAT3":-1.6511935236177415}},"NPM1 Subtype":{"min":-37.0,"max":37.0,"top_text":"Committed NPM1 Subtype","bottom_text":"Primative NPM1 Subtype","map":{"ARHGEF7":0.20345261689330407,"NAV1":-0.4534138014978569,"SNX29":9.332313122973302,"MPL":0.0,"DISC1":1.545102721465667,"CALR":-2.3833855285866905,"PLD1":-0.5378710563342356,"MACF1":-0.8022995933181489,"LUZP1":-4.153030879435762,"MBLAC2":-11.844370768083802,"GALNT7":-0.793689046555977,"DNAAF2":-4.477733310590584,"WDR20":2.1769057065120845,"KIT":-6.606645542800183,"PPM1H":-4.374651837871151,"B3GAT3":-0.4762377182769782,"EGFL7":-5.427311479546799,"ALS2":-5.342651846258563,"TEC":-5.682328414255692,"RAB7B":-3.1503899943260407,"TRIO":-0.21472080810593197,"CYTL1":-1.8125214503836244,"PRSS57":-3.319513659029522,"GNPTAB":0.7228911521570313,"FBXO41":0.7705945013134259,"CEP170":-1.31128846984526,"MPO":-0.09738306698069939,"TMEM106A":-0.1460467084894214,"IGLL1":-6.246691677415451,"UTRN":9.143563625670385,"ELMO1":-2.101087747642233,"BICD1":-4.206996495731999,"RHEX":-3.3001668574372864,"MANBA":-0.6906585411536125,"LRCH1":-0.5525852959199545,"STX7":7.051363808817316,"GNA15":-7.683695748809674,"TM7SF3":-2.600314415437566,"MAN2B2":-0.6029071310494047,"APPL1":0.965526777329767,"GNPTG":1.2475314328255622,"SCCPDH":-4.812685895238675,"GALNT1":-4.085219833826777,"CD96":-0.7859987947801543,"TGOLN2":6.921213678539099,"KCNQ5":-3.45505612786048,"PRDM11":-10.68794674035231,"OXER1":0.0,"HAAO":-0.6637676038209864,"DPYSL2":7.50708423141782,"MGST1":-1.7771114749547976}},"Mutation FLT3 ITD":{"min":-10.0,"max":10.0,"top_text":"High FLT3 ITD Correlation","bottom_text":"Low FLT3 ITD Correlation","map":{"MAN2B2":-0.05370087570128803,"CEP170":0.14470740672769436,"HAAO":0.003193760562354443,"KIT":-1.8875747622894508,"MGST1":1.3043517266337994,"DPYSL2":-0.7155655837510987,"OXER1":0.0,"STX7":-0.3143328177525132,"ARHGEF7":0.3800106927002638,"RAB7B":-0.5534021104818916,"LRCH1":-0.7997756916718697,"ELMO1":1.0915937042391546,"GALNT1":0.3441626370618923,"CALR":-0.13866119552482317,"PPM1H":0.29918523415859766,"FBXO41":-0.014594602931415929,"NAV1":-1.0030266990560226,"GNPTG":-0.5216313628726702,"TRIO":-1.299449680960631,"B3GAT3":0.6536765856666531,"BICD1":-0.609880845430396,"CYTL1":0.08019661467388148,"GNA15":0.554096027695723,"APPL1":-0.5478694872897539,"LUZP1":-0.4282595016758654,"KCNQ5":-0.14508352858757498,"EGFL7":0.44148943673408275,"WDR20":0.32368231471169245,"GNPTAB":0.10670213606043219,"TMEM106A":1.4278869517257924,"UTRN":-0.41385318732171655,"ALS2":0.4505807652124368,"SCCPDH":-0.17132974185775227,"TM7SF3":0.5931487068165188,"MPO":-1.353320875173933,"MPL":0.0,"TGOLN2":-0.04662640468791671,"IGLL1":0.22625184494866304,"MACF1":0.652064555798693,"MANBA":0.7163674790962306,"SNX29":1.932691811172098,"GALNT7":1.0323913668403297,"PRDM11":-1.0801601520269162,"PRSS57":0.5731812019896875,"DNAAF2":1.0984618569117492,"RHEX":-0.39908078267407116,"PLD1":-0.46711159696162047,"CD96":0.8951648221648401,"MBLAC2":0.43711406636314887,"DISC1":-0.15896923075560623,"TEC":1.5233348399761872}},"Blast Percent":{"min":-11.0,"max":11.0,"top_text":"High Blast Percent Correlation","bottom_text":"Low Blast Percent Correlation","map":{"NAV1":-0.37954027932678414,"KIT":0.018288227089936895,"DISC1":0.2518189020121949,"MBLAC2":3.058889711843463,"MGST1":1.0969990913442125,"DNAAF2":0.6468404664008621,"FBXO41":-0.537839909731461,"PRSS57":1.2355944859790107,"ELMO1":2.310437363134044,"ARHGEF7":0.5998878803920081,"GALNT7":0.7099911839592031,"PLD1":0.5087185955562084,