{"MuSiC CD14 Mono":{"min":-50.0,"max":50.0,"top_text":"High CD14 Mono Correlation","bottom_text":"Low CD14 Mono Correlation","map":{"FBXW5":5.416729305014933,"HDAC3":-0.47053582865582305,"P4HTM":-0.42845882408699465,"KDM4B":-1.7054875436044483,"CCT3":-0.2716475955009964,"DDB1":-1.1098978658705614,"NCOA2":0.4766216738118037,"USP48":-1.2065704825252892,"CREBBP":1.39852344509804,"NPRL3":-0.4270188111434698,"KDM4C":0.25739221769992443,"COQ4":0.034192971996369365,"TBC1D4":3.272701703731047,"NPRL2":-0.09182997621662492,"SMG7":-2.080007809469699,"SETD1A":-13.385499493480857,"NISCH":3.1278625018242696,"NCOA3":0.05862178267629942,"CFHR2":1.5271911381474776,"EHMT2":-18.95963862828292,"NOP14":-15.831165452309302,"PPP1R8":-6.518395922572921,"GPS1":-0.3572703712803937,"TERF2IP":-9.367478038725217,"SLA":18.23253794203677,"CPSF7":-6.589230050288265,"ANKRD52":-0.22995530310928117,"EP300":3.2515858328739564,"FBXO22":-1.2107187049758028,"WDTC1":2.944266315405564,"ZNF865":-1.3185495550401731,"PDCL":-1.2925238217367438,"NCOA1":-3.0097602876864196,"NCOR1":-10.729707508059045,"WIZ":-21.620115177842433,"GALNS":3.49067020930377,"ZNF414":-3.229879733074457,"SLC25A22":-1.0386353700584676,"PPP2R1A":3.099205687022397,"KDM4A":-1.2010030896855883,"NCOA6":-0.04683278173974408,"TLE5":-4.2602140248481275,"ARNT":1.5669888746794545,"NOC4L":-11.329841495973698,"H3C1":0.0,"NR3C1":0.672366905700955,"SNRPD2":-2.0511757221793205,"TOP3B":-2.4894117095194046,"APBA3":3.8938118108731987,"MBP":4.669309652730892,"RSBN1":-5.545357598139267}},"Blast Percent":{"min":-11.0,"max":11.0,"top_text":"High Blast Percent Correlation","bottom_text":"Low Blast Percent Correlation","map":{"GALNS":0.6900990853728401,"EP300":0.862749302531665,"TOP3B":3.024412032119141,"P4HTM":0.9874762037385502,"NPRL3":0.3639006830324434,"WIZ":4.786656647743804,"NCOA3":1.8810127876756524,"ZNF414":1.4496076132764137,"COQ4":-0.1699693290802773,"CFHR2":-0.29718708359574425,"SETD1A":4.86152102162358,"NISCH":-0.974009918804003,"USP48":1.2799382817467866,"TERF2IP":0.009415235925002948,"NOP14":3.302346912142299,"CCT3":-0.3142774196153831,"KDM4C":0.15480589835630507,"ANKRD52":-0.35435801050867966,"WDTC1":-2.2162190665541948,"MBP":-3.535563470217407,"DDB1":0.09287355584762477,"HDAC3":3.7934457508969133,"PDCL":0.6917843078032455,"H3C1":0.0,"SLA":-3.0536214602361356,"NOC4L":3.883870343855653,"PPP1R8":4.708056485954544,"PPP2R1A":-1.0113817070883602,"NCOA6":2.2525828641335237,"SNRPD2":3.1795156847378925,"NR3C1":4.107146156547779,"SMG7":0.21440550841348338,"FBXW5":-2.850710407121386,"FBXO22":1.0181268764925413,"GPS1":-1.7050674893529298,"SLC25A22":1.388093380114617,"NCOA1":2.72445208142044,"ARNT":0.8425306851123685,"RSBN1":5.011201828811554,"ZNF865":0.650986146117041,"TBC1D4":-1.8445054025085543,"CREBBP":1.5726914377732641,"NPRL2":0.3092690346188749,"TLE5":4.159875140268758,"KDM4B":2.4744270252142084,"KDM4A":5.055358719598814,"CPSF7":5.93324468723738,"NCOR1":5.671386985166215,"EHMT2":6.911278636104022,"NCOA2":-0.0015436608586513426,"APBA3":-0.05272506803933537}},"Overall Survival":{"min":-6.0,"max":6.0,"top_text":"High Survival Correlation","bottom_text":"Low Survival Correlation","map":{"GALNS":-0.2908194152053753,"HDAC3":-0.37166400794572874,"PPP2R1A":0.026748844471600832,"USP48":-1.1813984519680227,"TLE5":-1.666290529612651,"ZNF865":0.2766341840231856,"WIZ":-1.8415182202775933,"PPP1R8":-0.4060536036396044,"EHMT2":-0.175346104340024,"NCOA2":-0.6539076322029642,"MBP":0.31437831003641653,"NCOA3":1.5036806500615392,"ZNF414":-1.8227329701651875,"NCOA1":-0.1028597418875583,"CCT3":-0.05479278900607222,"TOP3B":0.08211238711004859,"GPS1":-0.6943687510044153,"SLA":-0.4938656400280479,"CREBBP":-0.13014199665467036,"TERF2IP":-0.7591388155963179,"SLC25A22":0.06919208927722327,"SMG7":-0.08024666350743229,"CFHR2":1.8569307097498957,"APBA3":-0.5714450542920814,"CPSF7":-0.8996646462696223,"NISCH":-1.350929917250273,"NCOR1":-0.31043680367642557,"KDM4A":0.031087347744421404,"NR3C1":0.15427298290668914,"ARNT":-1.084697744047727,"COQ4":-1.8356744070245852,"WDTC1":0.10558306228390907,"RSBN1":-0.20941125191360074,"EP300":-0.33887591101364556,"NPRL2":0.05409103222099344,"ANKRD52":0.8390213315797932,"DDB1":-1.40787067018029,"FBXW5":0.1092743740821822,"KDM4C":0.10668042096797667,"SNRPD2":-0.09918576269560482,"NPRL3":-0.48937603094224275,"PDCL":0.17763219229911462,"H3C1":0.0,"NOC4L":0.1057978609979554,"TBC1D4":-0.3081055316793564,"NOP14":1.2237832383871887,"P4HTM":-0.5614704337937865,"KDM4B":-0.738548521459441,"NCOA6":0.2212400653186401,"FBXO22":0.23870039285835556,"SETD1A":-0.036437438344587694}},"NPM1 Subtype":{"min":-37.0,"max":37.0,"top_text":"Committed NPM1 Subtype","bottom_text":"Primative NPM1 Subtype","map":{"NOP14":-11.366632259717795,"NR3C1":0.7036033188158082,"KDM4A":-1.4545776366185532,"NPRL3":-0.3148833359360811,"KDM4C":0.21825477541731192,"CREBBP":1.29703655263025,"KDM4B":-2.4537102395323402,"H3C1":0.0,"SNRPD2":-2.353344434166591,"MBP":2.6460747187158344,"CPSF7":-5.637737551148636,"FBXO22":-1.231071292503863,"COQ4":0.12490012677292728,"NCOR1":-7.971317968150771,"HDAC3":-0.6630349801431968,"SLA":17.400783297918963,"TERF2IP":-4.4885786070861196,"PPP1R8":-8.525992289931544,"TLE5":-5.72719032344899,"ARNT":0.7226395503022018,"SMG7":-3.290069137520409,"PDCL":-2.6289827695759875,"SETD1A":-9.631502486727154,"NCOA2":0.06013703699442939,"WDTC1":2.104801038508483,"NPRL2":-0.12648803194870387,"NCOA3":0.03875051978320783,"TOP3B":-1.5791228789615122,"SLC25A22":-1.3162612610587787,"NCOA1":-5.164127795765925,"CFHR2":0.9098552063779678,"RSBN1":-6.666390992881882,"ZNF414":-4.410678936434033,"EP300":1.921502290883876,"ZNF865":-1.859277896056507,"CCT3":-0.22598528783215893,"USP48":-3.7179150677235726,"GPS1":-0.4803765343875011,"P4HTM":-0.36127322626479447,"NCOA6":-0.0458773429485822,"TBC1D4":3.542635137980154,"DDB1":-1.290449321383976,"WIZ":-16.461337163166327,"PPP2R1A":1.6328769267655605,"NISCH":2.302384573861366,"GALNS":2.6186532600012487,"EHMT2":-14.404899518465175,"FBXW5":4.261224273896835,"ANKRD52":-0.035327037707529416,"NOC4L":-7.560808817848318,"APBA3":2.780014756607738}},"Mutation FLT3 ITD":{"min":-10.0,"max":10.0,"top_text":"High FLT3 ITD Correlation","bottom_text":"Low FLT3 ITD Correlation","map":{"TERF2IP":0.6359385709186924,"NISCH":0.004523010492779755,"WDTC1":-1.374273749037834,"SETD1A":-1.6354847504064904,"NCOA2":-0.9750428701412858,"SNRPD2":0.11645364278808552,"ARNT":0.38448154591597933,"ANKRD52":0.3165503440977824,"KDM4C":-1.0789512453386139,"HDAC3":0.9758523930946007,"NCOA3":1.249827122267977,"EP300":-0.034602454011254884,"H3C1":0.0,"DDB1":0.8020223125692515,"RSBN1":0.24319755713074523,"NCOA1":-0.9300819403514494,"FBXO22":0.7384719699206252,"SLC25A22":-0.5190135751021814,"FBXW5":-1.4338604351437847,"CPSF7":-0.03220905769987933,"NR3C1":-0.11524614419996877,"USP48":5.440422635223503,"EHMT2":0.06738307884015166,"NCOR1":0.666362661452385,"NOP14":0.31414500046650284,"KDM4B":-1.2833777650603357,"GPS1":-1.4890496992430484,"SMG7":-0.44045033761400726,"ZNF414":-1.7395797687189936,"NCOA6":0.9184650286016597,"P4HTM":2.583298378201658,"PDCL":0.728116264393534,"SLA":-1.2275463468743997,"ZNF865":-0.7822594311767712,"COQ4":-0.2941841207239031,"GALNS":0.22956997769770107,"NPRL3":-0.7079545216961034,"TBC1D4":-1.6450455831853354,"CCT3":0.10963602773179969,"NPRL2":0.36155697445169055,"CFHR2":-0.9553139949015609,"WIZ":-0.7692608908420119,"TOP3B":1.4042050590161153,"PPP2R1A":-0.7517559486201403,"PPP1R8":-0.09775937997577812,"APBA3":-0.4021906988947838,"TLE5":0.5853126425032936,"NOC4L":-0.4895048517691103,"CREBBP":-0.03150655904984637,"MBP":0.5757611496792421,"KDM4A":0.3413164204014961}},"Mutation NPM1":{"min":-30.0,"max":30.0,"top_text":"High NPM1 Correlation","bottom_text":"Low NPM1 Correlation","map":{"NCOA1":0.46540559794556424,"TOP3B":1.447053851126749,"NCOA3":1.6149447567336372,"FBXW5":-1.415729279057584,"GPS1":-4.126611574471985,"SETD1A":-1.5844297839014674,"NOP14":-4.113059063265627,"PPP1R8":-0.10224770910580346,"ANKRD52":-0.38343784936418557,