{"NPM1 Subtype":{"min":-37.0,"max":37.0,"top_text":"Committed NPM1 Subtype","bottom_text":"Primative NPM1 Subtype","map":{"INTS4":-0.3131220587813696,"HDAC2":-8.44012458482962,"INTS8":-0.1918660693429966,"ZNF24":-5.4378265041422695,"MDC1":-6.161477820690508,"PIAS1":-0.2380397695592762,"ADNP":-14.496376424468377,"CBX3":-6.735438819020371,"HMBOX1":-6.472360067884613,"PARP1":-17.088509040652458,"EZH2":-0.21743580151374722,"CGGBP1":-5.896155525242477,"INTS11":-0.29638572649941647,"SMARCD2":-8.475812836430265,"ZNF451":-6.44109908657853,"TRAF5":-6.308754809604995,"PIAS2":-2.374160645919731,"KDM1A":-11.454216703226782,"HERC2":-8.388645557310195,"SMAD4":-2.469584552533857,"OCIAD1":-5.0610820953573965,"CHD4":-14.411108575673477,"INTS5":-0.6976415288757509,"PML":-1.6847799436898738,"BRD4":-4.638999711906336,"SENP3":-12.747338778208059,"MBD1":-1.712946909632559,"INTS13":-4.43683433224015,"INTS6":-1.6607537622465747,"INTS10":-0.39905574000925603,"INTS3":-0.6711636526540558,"NR2C2":-6.800203977726264,"SMARCC1":-11.425483867736347,"INTS1":-0.09981280675970636,"VIRMA":-7.150077191871867,"INTS12":-0.8454442829094713,"INTS7":0.1922435138400376,"KIAA1586":-1.5487023384249503,"CDC5L":-8.499865467451796,"DDX23":-4.039778913376542,"TP53BP1":-19.92905316119152,"SMARCE1":-13.332467919137377,"HDAC1":-5.655537515814193,"PBRM1":-6.950231701183314,"TRIM28":-19.651323646373296,"EFTUD2":-2.6542317971540643,"NUP50":-1.317324136926952,"INTS14":-6.929001202333676,"HMG20A":-16.635650461594825,"INTS2":-0.34985157142052303,"TOP2B":-3.535838719942868}},"Overall Survival":{"min":-6.0,"max":6.0,"top_text":"High Survival Correlation","bottom_text":"Low Survival Correlation","map":{"SMARCE1":-0.2453537393057627,"PBRM1":-0.4794002908415232,"EFTUD2":0.15223959551260513,"CDC5L":0.590713796172442,"SMARCC1":-0.31922000950622903,"SMAD4":-1.0469771847646887,"MDC1":-0.31806716692383624,"PML":-0.023962574509249285,"INTS4":-0.09924505160699708,"INTS7":-0.10253137627449359,"PIAS2":-0.46083876157477893,"HMBOX1":-0.36527449215145924,"OCIAD1":1.1171405536274979,"HDAC2":-0.6852899224982528,"TRIM28":0.01712886786621426,"MBD1":0.9062815509664106,"CHD4":-0.8250007975486481,"INTS12":0.5403343142132401,"INTS3":0.22135919073773488,"PARP1":-0.346483691553083,"ADNP":-0.5935639364265656,"ZNF24":0.03216709636596113,"DDX23":-0.5873969871501877,"INTS2":0.6053233641731345,"HERC2":0.1755552289808674,"NUP50":-3.1186885499037436,"BRD4":-0.7188798649332288,"INTS1":0.4420175713318743,"KIAA1586":0.1263571727429464,"KDM1A":-1.484905755397661,"INTS14":-2.0177201241725373,"NR2C2":0.15160242118184747,"CGGBP1":0.021172780065011804,"TOP2B":0.016607853403084533,"HMG20A":-0.5705323853403363,"CBX3":-0.6915940276568578,"ZNF451":0.5436196457897362,"TRAF5":-0.18934006064126707,"INTS8":0.2875909834883717,"INTS5":-0.06474436459931111,"SENP3":0.3332337920907203,"INTS10":0.6176264780656688,"VIRMA":-1.015630855050422,"INTS6":0.6906703334224391,"INTS13":-0.851632864073231,"PIAS1":-0.2127271089135806,"HDAC1":-0.04023659155705505,"INTS11":0.15252056673100883,"EZH2":0.9480268400079277,"TP53BP1":-0.2680013845905171,"SMARCD2":-0.10947993722164369}},"Blast Percent":{"min":-11.0,"max":11.0,"top_text":"High Blast Percent Correlation","bottom_text":"Low Blast Percent Correlation","map":{"INTS3":0.8735240902285629,"PBRM1":7.742904402897304,"EFTUD2":5.334390697573482,"CDC5L":6.328344057248915,"TOP2B":5.755639779972534,"PIAS2":1.6750718091449488,"PML":0.1753229906316446,"BRD4":1.288643145429348,"CHD4":6.40312949392056,"PARP1":3.339563682313568,"CBX3":2.5834295058211407,"NR2C2":3.9928062806929483,"INTS1":2.977315900687764,"INTS10":2.9213004117650465,"ZNF24":4.5992960138393455,"CGGBP1":4.555218725949087,"HMBOX1":0.6498876353978881,"PIAS1":3.219100564424669,"INTS8":2.5373574247721233,"TP53BP1":5.981875617955371,"MBD1":1.2801999271066526,"TRAF5":0.6692355768075322,"KDM1A":3.8407230546841316,"INTS4":1.121983175017963,"INTS14":2.3996191143907706,"INTS7":1.8082471161584028,"SMARCC1":4.429979273448409,"SMARCD2":6.044608791388337,"TRIM28":3.596496680403605,"INTS11":1.466348212476941,"MDC1":3.5036569781819322,"INTS12":2.450854220736969,"SMARCE1":6.251306136295031,"DDX23":3.7047517425322534,"KIAA1586":0.1802309960323393,"ADNP":5.426808320522711,"SMAD4":3.3204381761589765,"HMG20A":4.9897150198088385,"HDAC2":8.110049998404987,"OCIAD1":0.6310823871686287,"NUP50":0.49108829784272284,"INTS13":2.624804326609465,"INTS5":1.5540472816169388,"HDAC1":4.408129367480514,"EZH2":1.0986953060147848,"INTS2":0.3107860496191248,"HERC2":1.8992040045151046,"ZNF451":1.6915864971388384,"SENP3":6.408866170157958,"VIRMA":8.143531663575498,"INTS6":2.996488214735905}},"MuSiC CD14 Mono":{"min":-50.0,"max":50.0,"top_text":"High CD14 Mono Correlation","bottom_text":"Low CD14 Mono Correlation","map":{"EFTUD2":-2.301358733881061,"SENP3":-18.298572177244218,"PIAS2":-4.237896532180207,"BRD4":-3.6745782819782855,"INTS1":0.4457461519337351,"TRIM28":-23.59451698900753,"SMAD4":-1.7735972204146644,"INTS6":-1.106370238640714,"KIAA1586":-4.667133543518684,"MDC1":-8.248967719141568,"INTS3":0.38826929178119607,"INTS11":-0.07450532385833004,"ZNF24":-8.511067993931409,"DDX23":-2.890659024770613,"VIRMA":-5.414485281507812,"HMG20A":-18.560741832581783,"HDAC1":-4.679624575278813,"INTS8":0.10953546813937154,"CHD4":-16.48823355690458,"PIAS1":-0.3246475007966022,"INTS14":-5.073438819748133,"INTS7":0.27189745015286065,"INTS10":-0.1754139079221003,"KDM1A":-12.788789772906915,"MBD1":-1.3648067776954704,"TP53BP1":-24.199875826740755,"INTS12":-0.8306569879234577,"OCIAD1":-5.897706755296865,"INTS2":-0.6269815987205867,"CGGBP1":-8.67910196330442,"HDAC2":-8.660595189361645,"PARP1":-19.567060190214754,"SMARCE1":-16.3392817861026,"HMBOX1":-6.595642957043612,"SMARCD2":-7.795983039301425,"NUP50":-1.205463114425022,"CBX3":-6.188760738396074,"HERC2":-10.283401947112125,"ZNF451":-5.702054743553077,"NR2C2":-7.433160800008668,"INTS5":-0.3414759173138052,"TRAF5":-9.201348025973582,"INTS4":-0.16622274962330186,"EZH2":-0.5994576735038194,"INTS13":-3.469505976216431,"CDC5L":-7.248921855788634,"TOP2B":-3.258860322106332,"PML":-1.3792979666033518,"SMARCC1":-14.722138021838626,"ADNP":-17.05972211914831,"PBRM1":-7.136125023371141}},"Mutation FLT3 ITD":{"min":-10.0,"max":10.0,"top_text":"High FLT3 ITD Correlation","bottom_text":"Low FLT3 ITD Correlation","map":{"ADNP":0.18408555971675689,"VIRMA":1.7875022321328813,"INTS4":2.003929623132366,"SMARCE1":0.5565176724962911,"KIAA1586":-1.3407703715744164,"PIAS2":0.09570803047234831,"MBD1":-0.31360348363808993,"INTS11":3.424053811249681,"INTS13":2.2490207230607173,"HMG20A":0.26114458119182477,"INTS8":1.8560230245032083,"INTS3":1.4208735210478776,"INTS10":2.741434200364931,"HMBOX1":1.0476349392139348,"CGGBP1":-0.6951471045212734,"HDAC2":0.5237603838265383,"EZH2":0.5942273705318001,"PARP1":0.7195452093893925,"PML":-0.4040103363077623,"TRAF5":-1.4302273757296582,"PBRM1":1.0360444939160987,"KDM1A":0.19866792907262892,"INTS14":2.3161663230495435,"SMARCD2":0.4793598188832066,"TRIM28":0.0631033974275213,"EFTUD2":0.9191797055219539,"DDX23":0.35256382091366095,"INTS6":4.8864837276319,"TP53BP1":1.301258928226229,"CDC5L":0.08920016874934106,"HERC2":-0.4613962069906061,"OCIAD1":1.5506698765456155,"SENP3":-0.1233530529343833,"INTS1":2.7502218225547987,"MDC1":-1.7276252283964555,"CHD4":0.3289789536256447,"ZNF24":0.04666131615571872,"CBX3":0.478261421403452,"INTS2":0.8900799248992968,"TOP2B":-0.1294495291061789,"INTS5":0.2866572231514483,"INTS7":2.3783375866078718,"BRD4":0.18355071889476207,"SMAD4":0.6007956135210275,"PIAS1":0.2059616354768976,"NUP50":-0.4273363996191098,"ZNF451":0.8596844475170599,"HDAC1":0.25427844551869644,"NR2C2":-0.07142975049210988,"SMARCC1":-0.09422128941975079,"INTS12":2.293753022286719}},"Mutation NPM1":{"min":-30.0,"max":30.0,"top_text":"High NPM1 Correlation","bottom_text":"Low NPM1 Correlation","map":{"HDAC1":0.42857678154086615,"INTS3":3.907965568736712,"NUP50":-1.2412127236072255,"EZH2":0.8018698299043637,"PBRM1":3.171977485412161,"INTS14":1.718558992754735,