{"Mutation NPM1":{"min":-30.0,"max":30.0,"top_text":"High NPM1 Correlation","bottom_text":"Low NPM1 Correlation","map":{"EHD4":-0.22209958217934322,"CCDC9":-1.6736140483466093,"AKTIP":-0.4322047412357156,"CPNE8":12.10487541870732,"CAST":1.140608237537122,"FLNA":0.687223407231698,"ESR1":0.0,"OCLN":16.79811206412342,"MARCKS":0.08562052564508797,"PLEC":3.393512129725884,"KIF1C":1.6021928430403467,"HNRNPLL":4.076166213903286,"KIFBP":0.8328049221320526,"EPB41L3":2.7853882749506007,"PDXK":-0.22792031368372656,"ZFYVE16":0.11348024053106158,"CA4":-9.38296200186152,"SRGAP2":-0.21884590199474163,"MAST3":-0.6540550850117794,"DENND1A":1.9413814604887036,"HDAC4":0.16054439084734898,"YWHAZ":1.4933724059056337,"CSK":0.9528336097970239,"SLC31A1":0.0,"RIN1":0.6885081059851464,"NADK":0.5981767188040747,"SLC35F6":5.080349861003175,"DNAJC5":-0.08751682033151269,"HOOK3":1.055308071183582,"PRKACA":0.1921016142270881,"LIN7C":-0.47440461132442047,"LGALS3":0.9427948333775169,"HOOK1":-3.5816188015593267,"CDC25B":0.0,"YWHAH":-3.5548912138670423,"UEVLD":3.1524853595145617,"ALDH1A2":0.0,"FAM50A":-0.23319584658268336,"SHTN1":6.134838289133799,"HSPA1L":-0.03511324381564134,"PPP1CA":1.1699425260695409,"S100A11":0.17242026707006483,"LYST":0.3071074538787278,"YWHAB":1.575539933887276,"CAPN2":1.3601005969504758,"MPP7":2.3421478780911253,"KIF1B":-0.8744425873957714,"LIN7A":-0.5386445203380329,"DLG1":-0.16232537373874995,"FLOT1":-0.1856990453438849,"DES":0.04619877061392915}},"NPM1 Subtype":{"min":-37.0,"max":37.0,"top_text":"Committed NPM1 Subtype","bottom_text":"Primative NPM1 Subtype","map":{"PLEC":19.44646647538618,"AKTIP":3.5395155459071397,"HSPA1L":1.518531924952654,"LGALS3":13.84404584297216,"ESR1":0.0,"FLOT1":4.3971359316164005,"HDAC4":17.273339859982656,"CCDC9":0.47539418420951385,"SHTN1":10.697745154387366,"PRKACA":10.235343760648462,"PDXK":13.795140732607077,"SLC35F6":5.393836289597209,"NADK":25.200246434483322,"LIN7C":2.161796715515554,"ZFYVE16":13.92873820293492,"OCLN":-0.40784710101381744,"KIF1B":9.973470927002724,"ALDH1A2":0.0,"CPNE8":4.681171559587631,"MARCKS":11.138076006323027,"SRGAP2":20.285019437264644,"FLNA":12.720445656491957,"LYST":10.582857226872528,"YWHAB":6.516630904060005,"CDC25B":0.0,"DENND1A":14.023755844669669,"YWHAH":8.375739069063975,"PPP1CA":3.269633951130448,"HOOK1":0.04645816136650311,"UEVLD":9.84331673222209,"MPP7":5.769542828410294,"CAST":8.66759576049531,"HNRNPLL":5.259646530640706,"LIN7A":1.0240320345733267,"EPB41L3":11.629988300448083,"KIF1C":15.048326197792136,"CA4":0.6823173856851286,"S100A11":21.171464979853504,"MAST3":13.783532002810654,"FAM50A":6.270165192245315,"YWHAZ":3.4909889711548163,"CSK":12.73926275076637,"KIFBP":0.049205719356438325,"EHD4":17.079283709598368,"DES":0.06735098911078335,"RIN1":10.733920187275912,"SLC31A1":0.0,"DLG1":4.259311484479376,"DNAJC5":10.73333268017894,"CAPN2":18.330086346619684,"HOOK3":4.654802800242444}},"Overall Survival":{"min":-6.0,"max":6.0,"top_text":"High Survival Correlation","bottom_text":"Low Survival Correlation","map":{"HOOK3":0.10279400123159114,"DLG1":-0.7573856733601919,"LYST":-0.5450182964232977,"DES":0.12625601130523867,"SHTN1":0.07134830696050762,"FAM50A":-0.1016821128128632,"OCLN":-0.7691703790413683,"CDC25B":0.0,"YWHAB":0.5920735437054088,"PPP1CA":0.4418906905259564,"LGALS3":-0.14825497683245417,"ZFYVE16":0.3088461627575423,"KIF1B":-0.11578013312966036,"SRGAP2":0.02734649704659683,"UEVLD":-0.008307301898396187,"KIFBP":-0.3939983107699798,"MARCKS":-0.4569111707143705,"CSK":1.2751334827472744,"HSPA1L":-0.6813929954063921,"SLC31A1":0.0,"YWHAH":1.126878167306358,"YWHAZ":1.5853416325773961,"DNAJC5":-0.1066486579191146,"CAST":0.31023043690742425,"MAST3":0.0705359367444257,"CA4":-0.5227369878249201,"KIF1C":0.6260018106017787,"MPP7":0.0002360272771784891,"FLNA":1.5982960662472545,"PRKACA":-0.2953163766316355,"SLC35F6":0.4412736036815188,"CCDC9":-0.11679507061873996,"HOOK1":-0.17237845748454642,"ESR1":0.0,"FLOT1":-0.41900163861344325,"S100A11":-0.050615939888407166,"AKTIP":0.5317936499076154,"EHD4":0.38771163882320525,"ALDH1A2":0.0,"PLEC":-0.049794416499835396,"DENND1A":-0.27487870654537494,"PDXK":-0.0033006618637092017,"LIN7C":-0.21880152627734836,"CAPN2":0.6090870469572697,"CPNE8":-0.8332723267085065,"HDAC4":0.1798870229004178,"EPB41L3":0.34504026541408106,"LIN7A":-0.684521834141401,"RIN1":-0.38508441914516156,"NADK":-0.23579598955817854,"HNRNPLL":-0.57830502138215}},"Blast Percent":{"min":-11.0,"max":11.0,"top_text":"High Blast Percent Correlation","bottom_text":"Low Blast Percent Correlation","map":{"MARCKS":-4.362816407069534,"FAM50A":-2.520394684556076,"DNAJC5":-3.616107663485694,"ESR1":0.0,"KIF1C":-1.9228039690612653,"PLEC":-1.7408485955401931,"HOOK1":-3.6575622538161725,"HNRNPLL":-2.060320299992941,"RIN1":-1.3445420182570882,"SLC31A1":0.0,"HSPA1L":-0.2717337483805574,"NADK":-3.040354291699128,"CAPN2":-1.28746202512261,"DLG1":-2.9424325920206282,"LGALS3":-2.543771976681929,"MPP7":-3.2263844531047967,"YWHAH":-5.101302261631965,"SHTN1":-1.5141109693177988,"SRGAP2":-2.271507554984798,"CAST":-3.9558299962671577,"EPB41L3":-3.7194701817005456,"LIN7A":-2.1306058656646747,"CA4":-3.6519855387669486,"PRKACA":-2.2618700623498125,"DENND1A":-2.7364092952816517,"OCLN":-0.39954287578427045,"LIN7C":-2.223145413044035,"SLC35F6":-0.17321591923451427,"LYST":-0.7595776369911179,"FLOT1":-2.1160343770759966,"DES":0.1339728277821095,"S100A11":-2.0289796634225974,"EHD4":-1.0553010434186099,"CCDC9":-0.1550238401208564,"FLNA":-2.922467275431351,"HOOK3":-0.2635768946826057,"CPNE8":-0.5124537935075797,"KIFBP":0.2220029849445594,"KIF1B":-3.190612613474972,"UEVLD":-0.7822414087960599,"YWHAB":-0.9165708734046399,"ZFYVE16":-1.9011340282606217,"AKTIP":-1.6088828468775456,"ALDH1A2":0.0,"MAST3":-6.36966985300029,"PDXK":-3.215554667825121,"CDC25B":0.0,"YWHAZ":-0.34203753191741926,"PPP1CA":-0.06949978671584128,"CSK":-1.382275903739603,"HDAC4":-0.8884674635379312}},"MuSiC CD14 Mono":{"min":-50.0,"max":50.0,"top_text":"High CD14 Mono Correlation","bottom_text":"Low CD14 Mono Correlation","map":{"CSK":13.96531535718625,"AKTIP":4.913853178267186,"HDAC4":20.259114835304086,"ZFYVE16":15.731696245973916,"EPB41L3":15.28031390284737,"LGALS3":18.975775394376473,"SHTN1":14.883784844628083,"UEVLD":14.95629444115688,"KIF1B":17.834442951009972,"HOOK1":0.5182009780292062,"MAST3":16.459619572018926,"LYST":12.746861789773638,"KIFBP":0.5646700531729246,"PDXK":19.63976184981394,"YWHAZ":4.3884502253372775,"SLC31A1":0.0,"CAST":13.116101312880573,"CCDC9":1.1427307725819813,"LIN7A":1.2208971600245833,"FAM50A":9.778476264682862,"DLG1":3.9874713321756334,"HOOK3":6.795906468353223,"HSPA1L":1.7142557404939325,"YWHAH":8.990882774908188,"CA4":0.7510507629059459,"KIF1C":18.43212434447671,"ALDH1A2":0.0,"LIN7C":2.746483235600091,"FLOT1":8.260708283887137,"FLNA":18.381938050046013,"EHD4":19.763411014070073,"NADK":41.68362711495564,"PPP1CA":5.381309065035854,"RIN1":10.965473401459322,"OCLN":0.29792016738778204,"SLC35F6":7.635110371140856,"CDC25B":0.0,"SRGAP2":20.86738302211996,"MPP7":9.03382152082667,"DNAJC5":13.200905355777923,"HNRNPLL":7.311370172383299,"ESR1":0.0,"CAPN2":19.93090707061585,"PRKACA":13.100490506865803,"CPNE8":12.36314165967142,"PLEC":24.45724582910285,"DES":-0.10394302132269553,"DENND1A":19.501802096270954,"MARCKS":13.206035493190852,"S100A11":23.74171785541833,"YWHAB":8.302937919116895}},"Mutation FLT3 ITD":{"min":-10.0,"max":10.0,"top_text":"High FLT3 ITD Correlation","bottom_text":"Low FLT3 ITD Correlation","map":{"S100A11":-0.5511951233092083,"HOOK3":0.023776291769183028,"FAM50A":-0.11819056791235066,"HNRNPLL":-0.2664843158656922,"ESR1":0.0,"FLNA":-0.31844071377372973,"CPNE8":1.826835120554315,"KIF1C":0.03141291866437305,"LGALS3":0.1564256075500409,"HDAC4":-1.2514985850453726,"KIF1B":-0.6817625420831024,"HSPA1L":-0.479379630460205,"AKTIP":-0.6334745820023499,"MPP7":0.08923171355212699,"DNAJC5":-0.16122570612363318,"SRGAP2":-0.3577452442144117,"NADK":-0.3493768824178838,"LYST":-0.13655246716180647,"ZFYVE16":-0.6554429432024093,