{"Blast Percent":{"min":-11.0,"max":11.0,"top_text":"High Blast Percent Correlation","bottom_text":"Low Blast Percent Correlation","map":{"GTF2H3":2.750678721975046,"RANBP2":6.518074055172146,"IPO5":-2.5474954974343476,"SSNA1":-3.0030329542825394,"DDX21":0.9272585157892512,"CDC5L":6.328344057248915,"CSNK2A1":0.16839102058562955,"KPNA4":-0.09992556965402108,"NUP153":5.2992521352515505,"RCC1":1.5740216768406274,"COPB1":-0.6656693622464817,"USP7":-0.17952181335902687,"H4C1":0.0,"H4C12":0.0,"CTDSPL2":1.1633991115401447,"TNPO1":-0.5313087956916477,"KPNA3":-0.15409388431747484,"H4C3":0.0,"EFTUD2":5.334390697573482,"H4C2":0.0,"SIRT1":3.972808650859514,"TUBG1":-0.01560556915940936,"ZNF131":2.8735723350482787,"H4C13":0.0,"CCDC6":-1.9338045860973672,"SYF2":3.7005671565550924,"H4C14":0.0,"DNAJA1":0.5340500588473778,"RANGAP1":-0.1916747669041498,"CDK7":2.249458227473404,"COIL":0.6349423329819548,"H4C4":0.0,"ZCCHC10":0.8102697775459567,"PSMC2":-2.731942924220445,"GTF2H1":4.261015624441028,"VCP":-0.7002938526615667,"PSMB4":-0.15500707288721516,"PSMC4":-1.0379205162097946,"CUL3":-0.6497114066515164,"NCBP1":0.5759193762641407,"NUP50":0.49108829784272284,"KPNA6":-1.1523989590189228,"RAN":-0.2512479785047744,"AHSA1":-0.3283321291937643,"KPNA2":-0.19168359579472322,"HNRNPC":3.7610617496038903,"KPNB1":-1.5721304198199901,"ACTR1A":-1.3685893838603724,"PSME3":0.881416751760041,"PSMB3":-0.38900709502310293,"IPO8":-2.9117130571631007}},"MuSiC CD14 Mono":{"min":-50.0,"max":50.0,"top_text":"High CD14 Mono Correlation","bottom_text":"Low CD14 Mono Correlation","map":{"PSMB3":1.6608238412459608,"NUP50":-1.205463114425022,"DDX21":-3.782395840795795,"GTF2H3":-1.1319068542869097,"CDK7":-1.6150831328724091,"RANBP2":-5.230588668612438,"EFTUD2":-2.301358733881061,"H4C14":0.0,"SYF2":-2.4340811225164707,"TUBG1":1.025273633506942,"PSMC2":3.9774904838243184,"COIL":-3.249142742829067,"PSME3":0.8961287153148535,"USP7":0.7962731218285035,"SIRT1":-0.3459630288485167,"GTF2H1":-1.4694787765424835,"RCC1":-0.6790765470809224,"SSNA1":4.509499265324772,"H4C4":0.0,"VCP":1.5189312094049967,"H4C1":0.0,"TNPO1":2.821030641241128,"ZNF131":-10.526261938776905,"RANGAP1":0.4530383371344506,"ZCCHC10":-0.4873502974808603,"KPNB1":2.1134672552149247,"KPNA6":0.7199258036085239,"KPNA4":1.4450119173046712,"RAN":-0.7240104417666597,"HNRNPC":-3.8157257482782216,"KPNA2":0.20023712269232175,"AHSA1":-1.0522149712935986,"H4C13":0.0,"H4C3":0.0,"PSMC4":1.2756012843941646,"H4C2":0.0,"DNAJA1":0.9810075322118784,"PSMB4":2.124845475690792,"KPNA3":0.2540159801486757,"CDC5L":-7.248921855788634,"CTDSPL2":-1.663183350858849,"CCDC6":4.674996301802219,"ACTR1A":6.0536971946074125,"NCBP1":0.01856417192801737,"CUL3":-0.05964923269274174,"NUP153":-8.366562638117259,"CSNK2A1":-2.1969993685114795,"H4C12":0.0,"IPO5":0.13058371335284968,"COPB1":8.709704446816756,"IPO8":3.580734455831129}},"Mutation NPM1":{"min":-30.0,"max":30.0,"top_text":"High NPM1 Correlation","bottom_text":"Low NPM1 Correlation","map":{"ZNF131":0.9776985080871649,"H4C3":0.0,"SIRT1":6.420401841139208,"H4C13":0.0,"PSMC2":1.2139266722770805,"TUBG1":-0.21964389848882057,"CDK7":-0.9555623610626284,"SSNA1":-0.1601879656892515,"GTF2H3":-1.2429978228935177,"H4C4":0.0,"RANBP2":4.115431308318423,"NCBP1":2.073912507579651,"H4C12":0.0,"DDX21":-2.0568335082339075,"COIL":-0.7010569967480663,"PSMC4":0.13244459801459507,"VCP":0.11302685320097508,"H4C1":0.0,"RANGAP1":0.0009848422144834437,"CCDC6":8.69250839590454,"GTF2H1":-0.7847850119779581,"CUL3":-2.2515911466766627,"KPNA3":0.8209886042583353,"CTDSPL2":-1.5597312802368888,"H4C14":0.0,"PSMB4":0.06330607615928294,"ACTR1A":0.3012189899113647,"CSNK2A1":-0.8143281936586843,"IPO5":-1.252295983653844,"KPNB1":1.0110923199187871,"KPNA6":0.5096857380376508,"RAN":-2.2634666309389138,"DNAJA1":2.167745681283955,"H4C2":0.0,"SYF2":0.8992475064818972,"IPO8":3.7348885146920807,"KPNA2":3.9720706374841344,"PSMB3":0.06644468115503709,"KPNA4":2.2721238250475055,"NUP153":0.8629674349443621,"AHSA1":-0.08015542562063996,"TNPO1":1.7547660062135872,"RCC1":7.146358614992503,"USP7":1.5848326548981395,"EFTUD2":1.4415749180616486,"NUP50":-1.2412127236072255,"COPB1":2.723266249015639,"ZCCHC10":-0.05743340407935219,"PSME3":3.2837807886632984,"CDC5L":-0.4475152244554471,"HNRNPC":2.5541819769250313}},"Mutation FLT3 ITD":{"min":-10.0,"max":10.0,"top_text":"High FLT3 ITD Correlation","bottom_text":"Low FLT3 ITD Correlation","map":{"RAN":-0.9478373888497102,"CDC5L":0.08920016874934106,"KPNA2":1.9361418809562139,"CUL3":-0.9784886029101236,"COIL":-0.012601604582235686,"TNPO1":0.8369522543956522,"RCC1":2.6638530170598598,"H4C13":0.0,"GTF2H1":0.013649648315116655,"SSNA1":-0.6546140165078592,"PSMC2":0.30683568581840703,"KPNB1":0.4416738729621046,"KPNA4":2.1965691637708864,"H4C3":0.0,"NUP50":-0.4273363996191098,"TUBG1":-0.7112809239671773,"H4C12":0.0,"USP7":2.357916905155225,"PSME3":3.7874536015109825,"H4C14":0.0,"CSNK2A1":0.37568723126140235,"KPNA6":0.3202974223987275,"PSMC4":0.6883981511442515,"ZCCHC10":1.0358389589792865,"VCP":0.6465270878514207,"AHSA1":0.2462929836710318,"EFTUD2":0.9191797055219539,"PSMB3":0.16251802541836244,"ZNF131":0.8431399183405741,"DNAJA1":0.6991677126032604,"GTF2H3":-1.1632906778263656,"CDK7":-0.4129315777168814,"H4C1":0.0,"KPNA3":0.9169902373557244,"RANGAP1":0.007910476399663887,"DDX21":-0.5922143811294643,"NCBP1":0.7953753568817729,"COPB1":1.3472150078584273,"PSMB4":0.22200772469519983,"RANBP2":2.2061608669910555,"NUP153":1.3067811898483195,"IPO5":0.29153875078972,"SIRT1":1.6666013613684671,"IPO8":2.2775816458327243,"ACTR1A":-0.5356204885112543,"CCDC6":2.9391609915077237,"H4C2":0.0,"SYF2":0.10904260038272869,"H4C4":0.0,"HNRNPC":0.7515428816770165,"CTDSPL2":-1.1734211497073017}},"NPM1 Subtype":{"min":-37.0,"max":37.0,"top_text":"Committed NPM1 Subtype","bottom_text":"Primative NPM1 Subtype","map":{"KPNB1":0.6151719775837626,"GTF2H1":-1.9363004281259157,"EFTUD2":-2.6542317971540643,"PSMB3":0.8733162934153392,"USP7":-0.14774802264103765,"KPNA3":0.879895109087697,"NCBP1":-0.5542047040672639,"KPNA2":-0.21097921783683762,"ZCCHC10":-0.3901814941299668,"NUP50":-1.317324136926952,"CTDSPL2":-0.6296523896021344,"IPO8":1.937074390384266,"H4C2":0.0,"RANGAP1":0.3397329542912608,"NUP153":-5.266537038683539,"CCDC6":1.6667144952208774,"RAN":-0.9204973961316117,"H4C3":0.0,"PSMB4":1.0004930173199433,"H4C12":0.0,"RCC1":-1.3447350829658145,"H4C14":0.0,"HNRNPC":-4.672731507653885,"DNAJA1":0.6243233498367464,"GTF2H3":-0.980187554106815,"PSMC2":0.6644727381659856,"H4C13":0.0,"SIRT1":0.36559103561158723,"PSME3":0.6411227718952952,"CDK7":-2.406001660639498,"IPO5":-0.08010554843681834,"ACTR1A":1.5377603237961361,"ZNF131":-12.404740449131051,"TNPO1":0.7749504806947389,"CSNK2A1":-2.0939854764795136,"CDC5L":-8.499865467451796,"VCP":0.2996924545798663,"KPNA6":-0.04660062225774862,"COPB1":4.632683499775661,"H4C4":0.0,"H4C1":0.0,"DDX21":-1.1255676636816119,"COIL":-3.6217345056053563,"TUBG1":1.2469611385249966,"RANBP2":-5.046340949877697,"KPNA4":0.49145060666904783,"CUL3":0.24580918014352354,"AHSA1":-0.5830258239713039,"PSMC4":0.2514880639879128,"SSNA1":5.898688071895796,"SYF2":-2.867158621899637}},"Overall Survival":{"min":-6.0,"max":6.0,"top_text":"High Survival Correlation","bottom_text":"Low Survival Correlation","map":{"SIRT1":0.1254901207995113,"PSMC2":-0.1897509221436456,"NUP50":-3.1186885499037436,"RANGAP1":0.6988175362296568,"SYF2":-1.2768898763737608,"PSME3":1.2820207566533683,"CUL3":-1.647714267501817,"COIL":-0.22933944270438317,"RAN":-3.2260654979772725,"AHSA1":0.06620434319481094,"KPNA3":0.05734832112317489,"CDK7":-1.066610848253829,"DNAJA1":-0.0665876062508289,"PSMC4":0.09306528491929081,"ZCCHC10":0.8455504983523542,"EFTUD2":0.15223959551260513,"H4C13":0.0,"IPO5":-0.4175979514313317,"CCDC6":0.06078491230234768,"ZNF131":0.6425515558437526,"PSMB4":0.053755969014917304,"H4C14":0.0,"ACTR1A":0.1570173485042052,"CTDSPL2":0.9157862493085828,"VCP":-0.43301810464155616,"RCC1":-0.9401150956621251,"KPNA6":-1.5962635639350333,"NCBP1":-0.6693317607906978,"H4C2":0.0,