{"Mutation FLT3 ITD":{"min":-10.0,"max":10.0,"top_text":"High FLT3 ITD Correlation","bottom_text":"Low FLT3 ITD Correlation","map":{"MYH1":0.0,"KRT7":0.0,"KRT5":0.3496987965770676,"AZGP1":-2.4559216629013556,"KRT9":-1.9468304384803634,"KRT16":0.0,"KRT14":0.050777201360446285,"CDH1":0.0,"PRKN":0.0,"KRT80":0.0,"KRT17":0.4923798485254155,"KRT13":0.0,"KRT2":-1.0069025007833012,"SPRR2D":0.0,"HRG":-2.457455363634731,"FLG2":0.0,"HRNR":-0.6029723081770921,"HSPA5":-0.5569495972062595,"CKB":-2.090365704793219,"MAGOH":0.0,"FLG":0.0,"FIBIN":0.0,"CASP14":0.0,"FZR1":-0.7852511264289633,"KRT10":-0.6287502157145833,"KRT73":0.0,"SBSN":0.0,"ALB":-0.8160759256632604,"APOA1":-1.8194175188023785,"KRT18":1.0765879954676152,"KRT8":0.029638050015216442,"CYP1B1":0.2013099583865887,"LCE3D":0.0,"SPP2":0.0,"KRT6A":0.0012479769565471484,"C1orf68":0.0,"EPB41":-1.637950084855441,"IGFBP2":0.10586742021302074,"DPPA4":0.025951005693476564,"JUP":-2.791683168728266,"THBS4":0.0,"KRT77":0.0,"DSC2":0.8410750113049058,"CPEB4":-1.4682750825201494,"DSG1":0.0,"DSP":-0.2857746415124896,"KRT6C":0.0,"KPRP":0.0,"KRT78":0.0,"KRT1":-1.2443687445059974,"DCD":-0.9013129527934981}},"NPM1 Subtype":{"min":-37.0,"max":37.0,"top_text":"Committed NPM1 Subtype","bottom_text":"Primative NPM1 Subtype","map":{"LCE3D":0.0,"CASP14":0.0,"HRG":1.528429376426627,"KRT6C":0.0,"HSPA5":5.471162936873546,"KRT17":-1.0861528626486676,"KRT1":-0.2864642281257093,"IGFBP2":0.3534286670053618,"KRT18":-0.9685880104194401,"KPRP":0.0,"SPRR2D":0.0,"KRT2":-0.21140064873732456,"FZR1":-0.929417124241057,"KRT7":0.0,"KRT5":-0.8820031172881583,"KRT9":0.03748704248065446,"DSP":0.18447186885759612,"CDH1":0.0,"MYH1":0.0,"KRT73":0.0,"ALB":0.6868541779715955,"C1orf68":0.0,"KRT80":0.0,"KRT10":-0.23839823124736334,"FIBIN":0.0,"CKB":-0.9990989986266263,"FLG":0.0,"KRT77":0.0,"KRT8":-0.4476846186884619,"CPEB4":6.1455912420476695,"DPPA4":-0.4814209094304529,"KRT13":0.0,"KRT6A":-1.6658826400397966,"AZGP1":0.7939895958116269,"HRNR":0.3672386328962807,"THBS4":0.0,"SPP2":0.0,"APOA1":0.3613742287879375,"DSG1":0.0,"SBSN":0.0,"FLG2":0.0,"KRT16":0.0,"MAGOH":0.0,"JUP":-5.070807188510222,"PRKN":0.0,"EPB41":-0.2675812581949203,"DSC2":-2.640687873191373,"DCD":-0.3698324409420494,"KRT14":-1.5794880495794863,"KRT78":0.0,"CYP1B1":0.23016400896710806}},"Overall Survival":{"min":-6.0,"max":6.0,"top_text":"High Survival Correlation","bottom_text":"Low Survival Correlation","map":{"HRNR":0.18686748325441596,"SPRR2D":0.0,"MAGOH":0.0,"DSC2":0.0161208308445106,"KRT9":0.58134516734473,"DSP":0.0531281810942183,"KRT77":0.0,"KRT1":1.4055721793077398,"KRT80":0.0,"MYH1":0.0,"KRT18":-0.455017173802954,"CKB":0.33996204033393596,"KRT7":0.0,"KRT73":0.0,"KPRP":0.0,"KRT13":0.0,"PRKN":0.0,"CDH1":0.0,"CPEB4":0.495784756678745,"FZR1":-0.4894040441681836,"KRT8":-0.16735048969766575,"KRT5":1.1943735237252244,"KRT14":0.5428685526887272,"C1orf68":0.0,"DCD":1.2528276519440873,"KRT10":1.8723896911271916,"EPB41":-0.46666784630859914,"FLG":0.0,"THBS4":0.0,"FLG2":0.0,"KRT2":1.929556910106756,"KRT6C":0.0,"KRT78":0.0,"HSPA5":-0.34616600396811514,"JUP":-0.943256088668992,"AZGP1":0.17882028921684884,"KRT16":0.0,"LCE3D":0.0,"SPP2":0.0,"IGFBP2":-0.15481730392502216,"CYP1B1":-0.49320761487708087,"KRT17":0.4013955534176203,"ALB":0.12188602207902692,"DSG1":0.0,"APOA1":0.40273612541208303,"KRT6A":0.5171137218134074,"FIBIN":0.0,"SBSN":0.0,"CASP14":0.0,"HRG":1.8595899666199616,"DPPA4":-0.8423388578445835}},"MuSiC CD14 Mono":{"min":-50.0,"max":50.0,"top_text":"High CD14 Mono Correlation","bottom_text":"Low CD14 Mono Correlation","map":{"MAGOH":0.0,"KRT78":0.0,"CPEB4":10.616514521618901,"KRT5":-1.285816298144296,"KPRP":0.0,"LCE3D":0.0,"SPP2":0.0,"CKB":-1.8121971352727526,"FIBIN":0.0,"SPRR2D":0.0,"CYP1B1":1.642139366444411,"KRT16":0.0,"FLG":0.0,"DSC2":-1.3680685592299668,"KRT77":0.0,"APOA1":0.12538516878526001,"DPPA4":-0.021581982481790375,"DSG1":0.0,"HSPA5":4.97179697442953,"HRNR":-0.0951132479040039,"DSP":0.1361174159864961,"KRT14":-1.5522636370857634,"DCD":-0.4609111729814674,"PRKN":0.0,"FZR1":-0.8928244185747809,"KRT7":0.0,"KRT2":-0.35767055698182565,"KRT13":0.0,"KRT6A":-1.0636436481321716,"KRT18":-1.041756373069786,"IGFBP2":0.3210692810624317,"MYH1":0.0,"KRT8":-0.9979561262280329,"C1orf68":0.0,"JUP":-4.877109185698079,"SBSN":0.0,"KRT80":0.0,"EPB41":-0.41785979823676433,"KRT1":-0.8523230280235253,"THBS4":0.0,"FLG2":0.0,"CASP14":0.0,"KRT6C":0.0,"KRT73":0.0,"ALB":0.731000662795529,"AZGP1":0.5998632287345891,"KRT9":-0.4348032540745256,"KRT17":-1.566987596461094,"HRG":1.5591965827219412,"CDH1":0.0,"KRT10":-0.3717987182627708}},"Mutation NPM1":{"min":-30.0,"max":30.0,"top_text":"High NPM1 Correlation","bottom_text":"Low NPM1 Correlation","map":{"EPB41":-6.4537118986131,"KPRP":0.0,"ALB":0.1403034551825986,"KRT18":0.2616594446071383,"HRNR":0.4506466342611485,"KRT6C":0.0,"SBSN":0.0,"FLG2":0.0,"KRT14":-1.581956769357736,"KRT77":0.0,"KRT7":0.0,"KRT2":-0.8378015418332118,"MAGOH":0.0,"KRT10":-0.8777517252981717,"KRT9":-1.5207270725111346,"CDH1":0.0,"CYP1B1":-0.6907285291153731,"JUP":-4.739246978551705,"KRT80":0.0,"KRT17":-0.8395379532823223,"AZGP1":-1.7068076461638244,"THBS4":0.0,"DSG1":0.0,"HSPA5":-1.4044340475369372,"SPP2":0.0,"FLG":0.0,"KRT5":1.006327726227791,"DSP":-0.5977316325324231,"HRG":-0.4829213303755763,"FZR1":0.02603703921379268,"KRT78":0.0,"LCE3D":0.0,"SPRR2D":0.0,"KRT16":0.0,"KRT1":-1.555745137736277,"CASP14":0.0,"PRKN":0.0,"FIBIN":0.0,"DCD":-0.3642198345920568,"MYH1":0.0,"C1orf68":0.0,"KRT8":0.48105876905946,"IGFBP2":-1.3076592053330451,"DPPA4":-0.06755266905529435,"KRT6A":-1.0905846163647646,"KRT73":0.0,"APOA1":-0.9125918346138866,"CPEB4":-1.2393778489081018,"CKB":-1.2449519638320263,"DSC2":0.7565967611941838,"KRT13":0.0}},"Blast Percent":{"min":-11.0,"max":11.0,"top_text":"High Blast Percent Correlation","bottom_text":"Low Blast Percent Correlation","map":{"DCD":-1.1905360369046436,"DSG1":0.0,"CASP14":0.0,"IGFBP2":-2.8453344123340263,"HRNR":-0.7868652608274117,"DPPA4":-0.8175517567772649,"SPRR2D":0.0,"KRT80":0.0,"EPB41":-3.0145133890546214,"KRT13":0.0,"FLG2":0.0,"HRG":-1.6561131364125536,"PRKN":0.0,"FZR1":-0.6565589440014413,"KRT5":-1.9686926662161244,"APOA1":-3.424919133429988,"KRT10":-1.7485752010136173,"KRT14":-0.5805995537434848,"KRT9":-1.919013721935769,"KRT77":0.0,"KRT16":0.0,"ALB":-2.0394930026178333,"CPEB4":-5.445047752629244,"KRT18":-0.6694003736744836,"LCE3D":0.0,"AZGP1":-3.1790544359833475,"DSC2":0.18033350925066718,"DSP":-0.7337537982019458,"KRT73":0.0,"KRT8":-0.6437320382412458,"CDH1":0.0,"KRT6A":-0.688112633939554,"THBS4":0.0,"CYP1B1":-0.6695119906511154,"MYH1":0.0,"FLG":0.0,"CKB":-0.34946661799670503,"SPP2":0.0,"KRT17":-1.0861697571463111,"MAGOH":0.0,"JUP":0.11090197206163172,"KRT7":0.0,"FIBIN":0.0,"HSPA5":-2.6282094107148257,"KRT1":-1.9423969602635829,"KRT78":0.0,"KPRP":0.0,"KRT2":-1.8653034721701192,"KRT6C":0.0,"SBSN":0.0,"C1orf68":0.0}}}