{"Blast Percent":{"min":-11.0,"max":11.0,"top_text":"High Blast Percent Correlation","bottom_text":"Low Blast Percent Correlation","map":{"CAPNS1":-0.6895841336829861,"TBC1D1":-0.9190466808440267,"MAP2K2":-3.602719243730383,"ARRB2":-2.772543974663842,"ZFP36":-1.9496118185916438,"HDAC7":0.1877212528676472,"ATG16L1":-1.0673021255939477,"PACS1":0.3085165371314365,"CBL":-1.8041329373669555,"VCL":-5.467147509366645,"MTM1":-0.1585035711737929,"RAF1":-0.23111361649059567,"SRGAP2":-2.271507554984798,"KIF5B":-0.3399552004438337,"G6PD":-4.788689605862858,"KIAA0930":-2.3295515815832295,"PLEKHF2":-2.6843914425868154,"PANK2":-1.7890830279798917,"ARAF":-0.8949486708155837,"RIN3":-0.1585035711737929,"MAP3K3":-2.1768147110858527,"WNK1":-5.140515438985222,"NADK":-3.040354291699128,"YWHAH":-5.101302261631965,"PDPK1":-2.772459036069882,"AKAP13":-1.9127594050232717,"PAK2":0.052649038376183475,"WDR37":0.07361662027962552,"PPP1CA":-0.06949978671584128,"MYL6":-2.1414738019109203,"MTMR10":-2.1899228990033834,"SHCBP1":-2.7605539533786003,"YWHAZ":-0.34203753191741926,"CSK":-1.382275903739603,"MAST3":-6.36966985300029,"YWHAB":-0.9165708734046399,"DENND4A":-2.382995239365081,"YWHAQ":0.4517947544020236,"CDC42":-1.0024550832503853,"MARK2":-2.9703616304734295,"GRB2":-1.799443526639074,"GPSM3":-4.6795152358361936,"TPM3":-1.7436561646882256,"YWHAE":0.12413977051627836,"EIF4E2":0.26260132936923075,"UBE2M":-0.01971789233558775,"KSR1":-0.9493592040026648,"DOCK11":-0.188951693595186,"VCP":-0.7002938526615667,"MAP2K1":-2.3518499328528026,"MAP3K2":-1.7979487533706102}},"Mutation FLT3 ITD":{"min":-10.0,"max":10.0,"top_text":"High FLT3 ITD Correlation","bottom_text":"Low FLT3 ITD Correlation","map":{"YWHAH":-3.381042395854847,"CBL":-2.0880097101636164,"CAPNS1":0.39005137718619953,"MAP2K1":-0.33906269753340934,"SRGAP2":-0.3577452442144117,"MTM1":-1.5075578200088666,"PPP1CA":0.18242560095604346,"KIF5B":0.17741063224885942,"G6PD":0.9497012852317241,"ATG16L1":-2.668791731722709,"ARAF":-2.070794192889826,"MAP3K2":0.7774772951762599,"AKAP13":-0.25161108670234594,"PAK2":0.714041225782236,"RIN3":0.34601084699945067,"GPSM3":-0.054264675412504786,"MAP2K2":-2.2738589758703793,"ZFP36":-0.20576549109031872,"HDAC7":-2.433952047959685,"RAF1":-0.6367954393104517,"WNK1":-1.6487619194596332,"UBE2M":-4.418356512066106,"YWHAB":0.32555727071243884,"TPM3":-2.1339714998678527,"KSR1":-0.20840405346558954,"CSK":0.25613328241541566,"VCP":0.6465270878514207,"MAST3":-0.7619879379564443,"WDR37":-0.19579140426233327,"DOCK11":-1.0428810834158184,"GRB2":-0.11806133918238056,"KIAA0930":-0.23538063404688847,"MARK2":-1.5201521394654367,"ARRB2":-0.3486707417172833,"SHCBP1":-2.1458215100116114,"PANK2":-1.1015829005561308,"EIF4E2":0.11101914339775285,"MYL6":-0.12862019564944074,"VCL":-1.2575632019220189,"TBC1D1":-1.1288969253474326,"MTMR10":-0.19009861642754022,"CDC42":0.10199900252348132,"NADK":-0.3493768824178838,"PDPK1":-0.5167591452740345,"YWHAE":0.6321194024960436,"PACS1":-0.3639251653795141,"PLEKHF2":-2.5895838467168124,"YWHAQ":-0.45917329209655067,"MAP3K3":-0.4827893066550632,"YWHAZ":0.5432027970071116,"DENND4A":-0.29931657078737905}},"Mutation NPM1":{"min":-30.0,"max":30.0,"top_text":"High NPM1 Correlation","bottom_text":"Low NPM1 Correlation","map":{"VCP":0.11302685320097508,"CDC42":0.035887781944392017,"SRGAP2":-0.21884590199474163,"MAST3":-0.6540550850117794,"DENND4A":0.1656609042114294,"YWHAH":-3.5548912138670423,"PPP1CA":1.1699425260695409,"YWHAE":0.024387365718097163,"YWHAZ":1.4933724059056337,"KIAA0930":-0.5185646525241743,"MAP3K2":0.8717137021244811,"PLEKHF2":-2.7462268551630666,"WDR37":0.21838583644340667,"MAP2K2":-2.7877318037637333,"WNK1":-2.980054597552976,"MTMR10":-0.037213116717581936,"SHCBP1":-2.429747547008354,"ARRB2":-0.5569538399784084,"YWHAQ":-0.08347603060934672,"KIF5B":0.716827507887224,"ARAF":-0.4405918552344068,"NADK":0.5981767188040747,"PANK2":-1.1160743713365102,"CSK":0.9528336097970239,"CAPNS1":0.6270855714371285,"PAK2":-0.47543606371018027,"KSR1":-0.4625769093495282,"GPSM3":0.27666441735833364,"PDPK1":-0.5334334073021296,"HDAC7":-5.287530238583407,"GRB2":0.03976063579371648,"MYL6":0.5265783333563823,"RAF1":0.10798777181321914,"MAP3K3":-0.12838321836833572,"G6PD":-0.9153711333982986,"PACS1":-0.805888752803164,"YWHAB":1.575539933887276,"VCL":-0.5214790719296997,"DOCK11":-2.7737625728613,"AKAP13":0.0014025310704271195,"MAP2K1":0.19625142843056229,"MTM1":-1.8905755825705863,"TPM3":-3.416770570968263,"TBC1D1":-1.4181074532863573,"CBL":-0.9976313037172426,"ZFP36":0.8437345514029361,"UBE2M":-4.5197693237220395,"ATG16L1":-0.42959426325418376,"MARK2":-0.2962079351175503,"RIN3":2.4036515570914614,"EIF4E2":0.8113064345410169}},"NPM1 Subtype":{"min":-37.0,"max":37.0,"top_text":"Committed NPM1 Subtype","bottom_text":"Primative NPM1 Subtype","map":{"VCL":5.482420258449412,"NADK":25.200246434483322,"PDPK1":14.350273605342169,"UBE2M":-3.5231166303496937,"MAP3K2":17.767354522413303,"PLEKHF2":3.4684666546205687,"YWHAZ":3.4909889711548163,"SHCBP1":1.6207954813328382,"YWHAQ":-2.5968300139111227,"YWHAE":-0.03670043455846413,"SRGAP2":20.285019437264644,"ATG16L1":4.4948894410910665,"CSK":12.73926275076637,"CDC42":13.65834530722409,"MTMR10":13.467145273370257,"TPM3":5.447807641358529,"VCP":0.2996924545798663,"RAF1":7.146514500762419,"DOCK11":7.816162174683557,"RIN3":5.225020226478215,"MAP3K3":25.555227395937322,"CAPNS1":5.729129337871521,"ARRB2":22.07796781032951,"DENND4A":8.439509788036684,"YWHAH":8.375739069063975,"CBL":18.932964507898838,"YWHAB":6.516630904060005,"KIF5B":10.263590632949407,"PANK2":4.256097376959752,"WNK1":0.9200384716629242,"AKAP13":24.802107010722384,"MYL6":12.824891342004351,"WDR37":3.103849367880351,"GPSM3":18.796904787755746,"MARK2":15.901422453226438,"HDAC7":-0.7281063611406701,"MAST3":13.783532002810654,"ZFP36":14.778921870249322,"ARAF":8.663363655214564,"KSR1":3.284607647686821,"GRB2":16.273473727153373,"KIAA0930":19.226289565160933,"PPP1CA":3.269633951130448,"G6PD":11.003393392123444,"MTM1":6.890431187161861,"TBC1D1":12.780231716388087,"MAP2K1":17.695212498077872,"PAK2":6.492887510911326,"EIF4E2":0.6942936213617774,"PACS1":0.8490964043844264,"MAP2K2":1.3839902251691674}},"Overall Survival":{"min":-6.0,"max":6.0,"top_text":"High Survival Correlation","bottom_text":"Low Survival Correlation","map":{"VCL":-0.09707846071003695,"YWHAB":0.5920735437054088,"CBL":-0.055113403728386495,"CDC42":-0.0539638323949556,"MAST3":0.0705359367444257,"EIF4E2":-0.07564131198704396,"MAP2K2":0.24826667004508368,"SRGAP2":0.02734649704659683,"MTM1":0.8329102671949148,"MAP2K1":-0.3234956482673596,"KIAA0930":-0.18284219719917919,"ATG16L1":0.09817980700095462,"GRB2":-0.028500014139479373,"KIF5B":0.07373924304599133,"PLEKHF2":0.0514809852224684,"RIN3":-0.4788683305782503,"ARAF":0.8497848878996224,"GPSM3":0.18056541640399057,"WNK1":-0.3580410993974786,"YWHAZ":1.5853416325773961,"MYL6":0.6267988160240829,"WDR37":1.5494494900291347,"PAK2":0.3706186384315262,"YWHAE":-0.5509604084690057,"ARRB2":-0.11336565315549695,"UBE2M":-0.9517093549070187,"AKAP13":0.07614994774970318,"CSK":1.2751334827472744,"NADK":-0.23579598955817854,"PDPK1":0.6605408717643508,"CAPNS1":0.11848485545562885,"SHCBP1":-0.15180720352801289,"MARK2":0.10701498004638038,"MAP3K3":-0.0368830273452983,"G6PD":-0.08875325335085638,"DOCK11":1.5935409593659007,"RAF1":0.11240797236910027,"YWHAH":1.126878167306358,"TPM3":1.2494543771155926,"MTMR10":0.2194973215106468,"PPP1CA":0.4418906905259564,"MAP3K2":-0.003288982476557568,"PANK2":0.4935107985254194,"YWHAQ":-0.09361815362891124,"KSR1":-0.7351815961022334,"TBC1D1":0.30643115689212724,"HDAC7":0.3566306849803211,"ZFP36":-0.09134463548229606,"DENND4A":0.0762990096633163,"VCP":-0.43301810464155616,"PACS1":0.6752079127069017}},"MuSiC CD14 Mono":{"min":-50.0,"max":50.0,"top_text":"High CD14 Mono Correlation","bottom_text":"Low CD14 Mono Correlation","map":{"PDPK1":13.343586394099852,"MYL6":16.016024700324678,"CAPNS1":8.084509905351483,"PANK2":5.247519739918622,"YWHAE":-0.16466344982753647,"PLEKHF2":3.3620699335299444,