{"Overall Survival":{"min":-6.0,"max":6.0,"top_text":"High Survival Correlation","bottom_text":"Low Survival Correlation","map":{"GIMAP7":0.025521516647360007,"SNTB2":0.6322257640323893,"FYN":1.6366995096623498,"BAG3":0.4373527468347968,"PFKM":-0.3076279911636578,"CAMK4":1.6650787304083923,"RHOH":-0.23590515595563025,"CD2":0.9523452544672719,"SIT1":0.0,"IFNL1":0.0,"GZMK":1.1339505737381999,"FASLG":0.0,"CD48":0.5127121395307963,"KIAA1671":0.6765868044845622,"CD3G":1.4507429166811445,"CD8A":1.219874216999563,"CTLA4":0.0,"RASGRP1":0.0,"GPRIN3":0.7134987126575488,"SPOCK2":0.2762235085130036,"PTPRCAP":0.6345172115068181,"GZMA":0.8491507091021103,"MS4A1":1.0588006575892577,"CD3E":2.852438588851441,"PRF1":0.39874941880741804,"GZMM":0.23356070159901693,"CD3D":0.9708392084295497,"SCML4":0.0,"FGA":0.3156687049179151,"FAM171A1":0.0,"CD5":0.1500582535915224,"ZAP70":0.669129908878462,"ANK3":-0.09585521703055257,"SYNE2":-0.4774845671902501,"CD6":1.6983579505408297,"GATA3":0.0,"CD247":0.6560637683363132,"KIR3DL2":0.0,"TRAT1":0.41851776780697075,"ZBP1":0.12349161150640244,"LAT":0.45721263420935937,"IL2RB":0.0,"PTK2":0.05733610165642171,"IL21R":0.0,"ZNF831":2.041048436549347,"LCK":1.0729095060745721,"ARAP2":0.28284987413331647,"PPP1R13B":1.2891669867483655,"FERMT2":-0.6003765873311542,"SKAP1":0.4831682589140188,"LSR":0.0}},"Mutation NPM1":{"min":-30.0,"max":30.0,"top_text":"High NPM1 Correlation","bottom_text":"Low NPM1 Correlation","map":{"GZMM":-1.1484446853738441,"GZMK":-1.5362301684607362,"SNTB2":-0.8163287706161635,"PTK2":-4.452671700472327,"CD3D":-0.9415032916994397,"RHOH":0.731099718231483,"ZNF831":-2.4165157483760105,"CD5":-0.7792460069540812,"ANK3":-5.33164422268685,"SYNE2":-4.31923822561551,"GZMA":0.8311992518374536,"ZBP1":-0.6314814300903878,"TRAT1":-1.7714483632994131,"KIAA1671":-0.8500825455494624,"CD2":-1.221740815708863,"FASLG":0.0,"RASGRP1":0.0,"CD247":-1.0985329018559313,"CTLA4":0.0,"CD8A":-0.16944248264991424,"SKAP1":-0.4801015995003054,"GPRIN3":0.3932579044462887,"FYN":-0.017499207158208355,"CD6":0.1451221949328125,"ZAP70":-2.793871658510098,"LAT":-0.06894194948440029,"MS4A1":0.06433216435663332,"CD48":-3.8721834642904405,"BAG3":-0.0033574526494247687,"IFNL1":0.0,"IL2RB":0.0,"FGA":-1.9145522992873771,"SPOCK2":-1.8332636837939509,"GATA3":0.0,"FERMT2":0.6963824968103091,"PFKM":-5.8640313643236714,"IL21R":0.0,"GIMAP7":-0.38672665555767893,"CD3E":0.7924095057224892,"ARAP2":-2.9528819228409295,"LCK":-1.2471229313132164,"SIT1":0.0,"PRF1":-0.7902427946452881,"PTPRCAP":0.1999832148302549,"PPP1R13B":-0.3540430385994124,"LSR":0.0,"CAMK4":0.03804512939547585,"SCML4":0.0,"KIR3DL2":0.0,"CD3G":-0.8913493325329971,"FAM171A1":0.0}},"Blast Percent":{"min":-11.0,"max":11.0,"top_text":"High Blast Percent Correlation","bottom_text":"Low Blast Percent Correlation","map":{"CTLA4":0.0,"CD6":-0.6931784310169519,"KIR3DL2":0.0,"KIAA1671":0.09997148670019129,"BAG3":-2.101423095357921,"LSR":0.0,"SPOCK2":-1.5260165594014925,"CD247":-1.6163738213544965,"ZNF831":-1.967659854514845,"SYNE2":-1.4614835954004486,"CD5":-2.890272513872144,"RASGRP1":0.0,"CD48":-4.386456291942712,"ZBP1":-2.194753471218134,"IFNL1":0.0,"SKAP1":-1.3455436730572063,"FERMT2":-2.0626989257576005,"SNTB2":-5.516043254663099,"GATA3":0.0,"PFKM":-4.270889602696344,"CD3E":-1.1596969734461116,"FAM171A1":0.0,"CD8A":-1.0234885122528339,"CAMK4":-0.07250343032596393,"RHOH":3.1895848064752874,"LCK":-1.3865356357661618,"GZMM":-0.8721374714621276,"FASLG":0.0,"LAT":-2.1442756900604776,"GZMA":-1.9854326179922008,"IL2RB":0.0,"GPRIN3":-4.034179716447818,"FGA":-4.937145104571725,"TRAT1":0.18724799969695918,"ARAP2":-0.9866145079890455,"PTPRCAP":0.10811371604477779,"CD3D":-0.7065660774906225,"IL21R":0.0,"CD3G":-1.6015054520080345,"CD2":-1.2936361547277622,"SCML4":0.0,"ANK3":-1.0162135447495655,"PPP1R13B":-1.0814078560982652,"FYN":-3.0233410102981675,"GZMK":-1.561635908348898,"GIMAP7":-3.104545482846001,"SIT1":0.0,"MS4A1":-0.6444072285350031,"PTK2":-5.261812821683099,"ZAP70":-0.23182949674898928,"PRF1":-0.9984357342904405}},"MuSiC CD14 Mono":{"min":-50.0,"max":50.0,"top_text":"High CD14 Mono Correlation","bottom_text":"Low CD14 Mono Correlation","map":{"ANK3":-0.09831970432425799,"LAT":-0.03878691647169236,"FERMT2":-0.1763692476761179,"PPP1R13B":0.31949314898809017,"GIMAP7":13.181953235912532,"TRAT1":-2.295917023532833,"GZMA":2.9235373531730153,"CD6":1.1792862117379044,"IL2RB":0.0,"GPRIN3":8.475590222367705,"SPOCK2":0.4052594268246157,"SNTB2":6.16200906706616,"KIAA1671":-0.3559235154751618,"SYNE2":-0.04814012467194764,"SKAP1":0.5622331470695958,"CD3E":0.24337345486476233,"GZMM":0.8502648592632824,"CAMK4":0.13788886855762975,"GZMK":0.8245228874005724,"FYN":11.980012779053814,"PRF1":0.5978081451323354,"PTPRCAP":-3.50501306327865,"IFNL1":0.0,"CTLA4":0.0,"RHOH":-2.7839117235880497,"ZAP70":-0.3798616035494199,"PFKM":0.06888632032209505,"CD247":0.10888961258349458,"CD8A":0.5710216162225045,"KIR3DL2":0.0,"ZNF831":0.2527976668680476,"LSR":0.0,"PTK2":1.2785058289035964,"MS4A1":1.3860362623370903,"SCML4":0.0,"CD3G":0.44277828093231747,"RASGRP1":0.0,"IL21R":0.0,"SIT1":0.0,"ARAP2":1.0627617618580596,"FAM171A1":0.0,"FGA":1.3935216694166261,"CD48":6.560516571632372,"FASLG":0.0,"CD3D":0.17651962288654882,"LCK":0.5646197631388029,"ZBP1":2.8382840770188595,"GATA3":0.0,"CD2":0.029159333920956244,"CD5":1.0292006437443846,"BAG3":7.214828320117401}},"Mutation FLT3 ITD":{"min":-10.0,"max":10.0,"top_text":"High FLT3 ITD Correlation","bottom_text":"Low FLT3 ITD Correlation","map":{"SIT1":0.0,"SNTB2":-1.0490461720356967,"GIMAP7":-0.6522871849181766,"RHOH":0.9315627485412814,"PRF1":-0.2852319583193262,"FASLG":0.0,"CD3G":-1.3683845904408076,"BAG3":-0.23974682343454778,"FYN":-0.2779477243807064,"ZNF831":-1.0117208769056765,"RASGRP1":0.0,"LCK":-1.270434590282464,"KIR3DL2":0.0,"FGA":-2.5817653341314184,"CAMK4":-0.14738656212404405,"GZMA":-1.0208835683848543,"GPRIN3":-0.214675377734531,"CD48":-2.2038704446120505,"TRAT1":-1.7300541351344518,"ZBP1":-0.005785113343763985,"PTK2":-1.5438134946218465,"CD2":-0.39494062646124983,"IL2RB":0.0,"ZAP70":-1.3450515321185652,"SKAP1":-1.3267843852803944,"MS4A1":-0.9090926704480665,"SPOCK2":-1.7223609455834998,"KIAA1671":0.018357300768187087,"FAM171A1":0.0,"GATA3":0.0,"CD3D":-0.6844129647236029,"IL21R":0.0,"ARAP2":-0.6901805540106365,"SCML4":0.0,"PPP1R13B":1.6213198751254863,"PFKM":-1.8023310507467403,"CD6":0.31667298736911215,"CD3E":-1.0931033712314038,"PTPRCAP":0.28999476801554835,"CTLA4":0.0,"CD5":-1.263531342459111,"SYNE2":-3.1454264308904634,"CD8A":-0.5847212901151305,"IFNL1":0.0,"LAT":-0.9459070596484593,"GZMK":-1.131363649214753,"GZMM":-1.6949557227036234,"ANK3":-0.9547325476203697,"FERMT2":-1.8167150160727283,"CD247":-1.0123558455751644,"LSR":0.0}},"NPM1 Subtype":{"min":-37.0,"max":37.0,"top_text":"Committed NPM1 Subtype","bottom_text":"Primative NPM1 Subtype","map":{"PTK2":1.9202566974727677,"CTLA4":0.0,"LCK":-0.8701832001471227,"CD3G":1.3051430132439144,"RASGRP1":0.0,"TRAT1":-0.8081308968550335,"GIMAP7":10.500992731261078,"CD8A":0.9989353165712622,"CD2":0.9595114627460384,"SKAP1":1.1063203692655883,"GZMK":1.179220605378908,"ARAP2":1.4138085755495866,"KIAA1671":-0.3366153854893116,"LAT":0.24759797613108503,"SPOCK2":1.1842181825441136,"GZMA":1.992126691671905,"SCML4":0.0,"FASLG":0.0,"GZMM":1.3068428441360695,"ZAP70":-0.13580314774084376,"IFNL1":0.0,"KIR3DL2":0.0,"ANK3":-0.0756545259926328,"MS4A1":2.1711270696724245,"FAM171A1":0.0,"GATA3":0.0,"FERMT2":0.06803384308909402,"SNTB2":6.754448156891988,"PPP1R13B":0.22667935609629208,"CD3D":1.579762554078423,"LSR":0.0,"PFKM":-0.10666737338596233,"CD3E":1.2079971155791482,"CD6":1.6947514043483023,"CAMK4":0.5933107558136453,"CD247":0.784124888300514,"SIT1":0.0,"GPRIN3":7.362853349729345,"FGA":1.223582183809986,"ZNF831":0.5259144316265937,"CD48":8.271752681520361,"BAG3":6.334480122059072,"ZBP1":2.312448208880864,"RHOH":-2.0510630615706105,"PRF1":0.9057756404631169,"IL2RB":0.0,"IL21R":0.0,"CD5":1.9945655640428115,"PTPRCAP":-0.7173566649380736,"SYNE2":0.42841679914846265,