{"Mutation FLT3 ITD":{"min":-10.0,"max":10.0,"top_text":"High FLT3 ITD Correlation","bottom_text":"Low FLT3 ITD Correlation","map":{"SKA2":-1.62526172806589,"CCNA2":-2.1053400010406236,"SMC2":-1.0853232518267806,"DIAPH3":-1.8684895228900307,"LIG1":-1.4799538160939985,"BUB1B":-1.815661374978917,"NCAPG2":-1.09067867076651,"RAD51AP1":-2.544507794138959,"TIPIN":-1.0504321120541416,"RRM2":-1.7429648556245427,"SKA3":-1.1934593465408738,"MCM5":-0.8777554086075336,"KIF11":-1.9122610099363992,"MCM4":-1.136067795445333,"TK1":-2.113983701290571,"GMNN":-0.9471002787698692,"CDC45":-1.7069546609051889,"KIF15":-1.79985207716335,"HMMR":-0.5310943988124586,"FANCI":-0.895757513905416,"MMS22L":-2.4419478764107874,"NCAPH2":-1.223735664373081,"GINS3":-1.7006938946099683,"TIMELESS":-1.5964417703913019,"CHEK1":-2.3952690089495317,"PRIM1":-0.9851164911385734,"WDHD1":-1.132394446118181,"GINS2":-2.019090220948626,"RFC5":-1.0516327444858589,"BLM":0.4187989780791477,"BRCA1":-1.367661228869997,"CIT":-0.6348507608881219,"FANCA":-0.6494520360499632,"UHRF1":-1.7822898590275742,"MCM7":-0.5658842245837381,"RAD51":0.42456244171302704,"TYMS":-0.7762605040459115,"WDR76":-2.8175766152755632,"CENPM":-1.1369105868670921,"DTL":-2.5176893324964835,"AURKB":-1.3211854956046967,"ASF1B":-1.9171809268689566,"PRIM2":-0.27959524840598576,"DNMT1":-1.4980644932008405,"CLSPN":-1.2706442714132113,"CHAF1A":-1.3192544213711588,"FANCD2":-1.0496809812675247,"CDCA3":-1.7572593538037877,"KIFC1":-2.7480661237588015,"PCNA":0.279872200130861,"POLA1":-0.5265933164142871}},"NPM1 Subtype":{"min":-37.0,"max":37.0,"top_text":"Committed NPM1 Subtype","bottom_text":"Primative NPM1 Subtype","map":{"KIF11":0.8543569205015441,"RFC5":-2.0629827073505558,"DTL":-0.3733732943778204,"CIT":1.404050365311681,"CDC45":-0.1680306828497911,"CLSPN":1.6288494170435353,"GINS3":-0.12237905993891696,"PRIM2":-0.5503445835760065,"TK1":0.6608814513425576,"MCM7":-3.9847595744615454,"ASF1B":4.9234239699275,"TIPIN":-0.23185182893706383,"AURKB":0.9889055167436234,"RAD51AP1":0.48901661658628903,"RRM2":1.1726543224934527,"WDHD1":-0.5426823932788457,"KIF15":1.0963680850961408,"MMS22L":0.4640055809290543,"NCAPH2":0.44824408600380444,"BRCA1":-0.049069322183682255,"CCNA2":1.3496336759764287,"WDR76":-0.3528384393255396,"MCM5":-3.856918053095835,"TYMS":-0.3552254570101198,"SKA3":0.06918528979636719,"LIG1":0.003684278923605726,"POLA1":0.0029179499589939376,"TIMELESS":-0.012706754029062512,"RAD51":1.4475495633655877,"GMNN":0.6855930521355497,"DNMT1":0.14904030427321432,"GINS2":-0.24070928074178988,"UHRF1":0.04685236254449789,"CHEK1":-0.905614904003736,"PCNA":0.2622775927505329,"CENPM":2.2025675711104467,"CHAF1A":-0.10162373989911055,"FANCI":0.4276539638177887,"DIAPH3":1.090367820385944,"SKA2":0.1555831002218317,"MCM4":-3.9859212665926935,"BUB1B":0.580098670768584,"NCAPG2":1.1183391069775044,"FANCA":1.239912105350367,"BLM":-1.6665983476517532,"FANCD2":1.347717034032873,"PRIM1":-0.3810607286271939,"HMMR":1.0991403338181092,"SMC2":1.333560512238927,"CDCA3":1.560466767683399,"KIFC1":0.5986933458480881}},"Overall Survival":{"min":-6.0,"max":6.0,"top_text":"High Survival Correlation","bottom_text":"Low Survival Correlation","map":{"DNMT1":0.033202288843764194,"MCM4":-1.3199833349432646,"HMMR":-0.02515574999965409,"MMS22L":0.0925255531161316,"NCAPH2":-0.5908855296527065,"CIT":-0.5323773144182699,"WDHD1":0.08811873398986193,"RAD51":-0.1441936575627032,"MCM7":-1.9931444087827563,"BLM":-0.2526883594166053,"POLA1":0.07680771337045951,"CENPM":-0.7100217854889702,"CLSPN":-0.21497701534882804,"LIG1":-0.6196782179693686,"DIAPH3":-1.005835478441934,"CDC45":-0.28342822077379315,"SKA3":-0.4750337266679374,"KIF11":-1.1831765416390707,"FANCA":-1.7903493801678219,"UHRF1":0.4510656632440845,"PRIM1":0.07845272868799001,"SKA2":0.05957757082324972,"GMNN":-0.8701216307585782,"BRCA1":-0.25107120662382854,"RRM2":-1.1094093911317633,"GINS2":-0.5632675614213847,"PRIM2":-0.3389188615517959,"CCNA2":-0.7448015830923687,"CDCA3":-0.44856758135144176,"RFC5":-1.3233258373320391,"KIF15":0.06748406078580846,"DTL":-0.09285307280881122,"AURKB":-0.305928709774209,"WDR76":-0.252792619837586,"CHAF1A":0.22573613901550457,"SMC2":-1.0651367997222476,"MCM5":-0.8895470490637871,"TK1":-1.2222393085135164,"RAD51AP1":-0.015401600605930765,"KIFC1":-0.8076768748238335,"TIPIN":-0.09061317403891071,"PCNA":-0.21000837055259727,"NCAPG2":-1.7266706915086723,"FANCD2":-0.28458754404517145,"BUB1B":-1.21400712929416,"CHEK1":-0.5499173282646461,"TYMS":-0.22480764868954048,"TIMELESS":0.3370212058456563,"FANCI":-0.20764361258475295,"GINS3":-0.28593656672893997,"ASF1B":-1.025928647550389}},"Blast Percent":{"min":-11.0,"max":11.0,"top_text":"High Blast Percent Correlation","bottom_text":"Low Blast Percent Correlation","map":{"UHRF1":0.7607261473234809,"CDC45":-1.0037966030044587,"CLSPN":-0.9382946669586997,"SMC2":-3.0900968857065947,"KIF11":-1.5689948070315627,"WDR76":-0.7090328601653831,"LIG1":-1.5540266305631498,"NCAPG2":-1.4042492295344788,"FANCI":-1.3141797162121462,"RFC5":1.4683124439018538,"PCNA":0.3275850274938238,"RRM2":-2.291079431575882,"CENPM":-1.1177882191686435,"DIAPH3":-1.3456586913875888,"CCNA2":-1.4572863469304775,"TK1":-0.6053070965634287,"KIF15":-3.9282065953859,"MMS22L":-1.9436527027406891,"CHEK1":-0.29753314306447504,"BUB1B":-1.2476116525272083,"DTL":-0.2855898275844535,"CDCA3":-2.3000713255300353,"WDHD1":-0.7688462928070591,"MCM4":0.3159562746508393,"RAD51AP1":-1.0442105864823104,"FANCD2":-1.7933124901916129,"CHAF1A":-0.5668236623761556,"TYMS":-0.5429364746878841,"CIT":-2.4696228016746655,"BRCA1":-0.5954160471001715,"ASF1B":-1.6226835962230826,"SKA3":0.0402684136929857,"GINS2":-1.305161050930025,"RAD51":-1.3429953895158175,"BLM":0.7358128800048006,"KIFC1":-1.0992321326057852,"HMMR":-0.6831546940432841,"NCAPH2":-0.6037828893313332,"TIPIN":-0.9761663834865963,"DNMT1":-0.7349392708360756,"MCM7":0.9106640164875115,"POLA1":-0.5757777928921288,"MCM5":0.8602539636320292,"AURKB":-1.0354634974696724,"GMNN":-2.1561824619638963,"FANCA":-0.5912187509402004,"PRIM2":-0.017703140190607203,"TIMELESS":-1.1523103164885848,"PRIM1":-0.12283756267815499,"GINS3":-0.5463694850933458,"SKA2":-0.7525873647149979}},"MuSiC CD14 Mono":{"min":-50.0,"max":50.0,"top_text":"High CD14 Mono Correlation","bottom_text":"Low CD14 Mono Correlation","map":{"TIPIN":-1.2155195062846924,"LIG1":-0.3031804995584159,"UHRF1":-1.7737280580967074,"PCNA":-0.08346901561886266,"CCNA2":0.36273922643833345,"CLSPN":0.20481323728598522,"RAD51":0.566355853613537,"CIT":0.47753721800572124,"MMS22L":0.05570522970005164,"BRCA1":-0.5466122588945166,"SKA2":-1.3783421884465832,"CHAF1A":-1.115079457695662,"RRM2":0.5245476352262228,"CHEK1":-2.308900902833106,"KIFC1":-0.02722721970073322,"WDR76":-0.38497601963247974,"PRIM1":-1.4169550634598644,"KIF11":0.15228156443202034,"MCM5":-5.217994032832663,"TYMS":-0.5939496531678167,"DIAPH3":0.24302043156905428,"NCAPG2":0.9449288456648051,"MCM7":-4.685242975649149,"SKA3":-0.5876274691744735,"TK1":0.4048240106423682,"TIMELESS":-1.0771660047511094,"FANCI":-0.09738153980784418,"FANCD2":0.4453576103161136,"DTL":-1.1619008951881542,"BUB1B":-0.12454914346261463,"SMC2":0.8700079873042391,"MCM4":-5.561232419131785,"POLA1":-0.32086637718830996,"AURKB":0.08853922019031443,"GINS2":-0.4247949281545679,"DNMT1":-0.6180702178777474,"CENPM":0.9694225314420848,"KIF15":0.3161510032271848,"CDCA3":0.7609538989653524,"HMMR":0.12217332573206856,"ASF1B":2.1966566100086204,"GINS3":-1.4119194607953256,"PRIM2":-1.1330492764348739,"RFC5":-2.515463436763278,"WDHD1":-0.8271109277650487,"GMNN":-0.015715763870265666,"FANCA":0.0032778261658276803,"NCAPH2":0.15758199798946454,"CDC45":-1.2039993134646727,"RAD51AP1":-0.17972937290033159,"BLM":-3.7598730543161833}},"Mutation NPM1":{"min":-30.0,"max":30.0,"top_text":"High NPM1 Correlation","bottom_text":"Low NPM1 Correlation","map":{"HMMR":-0.31776692384417315,"TYMS":-0.9840323449407001,"RAD51":0.47282479217192724,"CCNA2":-1.5198664967718478,"PRIM1":-1.324005381125929,"TK1":-1.2895232127257028,