{"MuSiC CD14 Mono":{"min":-50.0,"max":50.0,"top_text":"High CD14 Mono Correlation","bottom_text":"Low CD14 Mono Correlation","map":{"NLRC4":29.309341608595364,"ITGB2":39.10528101949876,"SECTM1":32.7265236783681,"S100A9":20.68058472030229,"THEMIS2":37.626263539631175,"CYBB":42.152402420868604,"MEGF9":25.835011700365893,"STX11":23.959232806806362,"MTF1":31.419474292939448,"LILRB2":45.48938665199628,"RAB31":16.644785047701646,"PADI2":13.219723661458422,"IL1RN":29.974714900199984,"TREM1":20.852509191502545,"NLRP12":28.940670745204994,"PSTPIP1":30.10282276304119,"ITGAM":42.87964302870296,"CD14":36.76744024455036,"CDA":27.10264250447734,"FCN1":26.25085160507404,"IFI30":29.734675316032334,"HCK":39.994003632624164,"LRRC25":38.15060557847691,"TNFRSF1B":23.58189877394734,"CD101":18.968979411925336,"FFAR2":0.0,"C19orf38":26.762342568753116,"TLR8":48.240138500737594,"MPEG1":39.589755821071314,"LILRB3":41.32085737072299,"FPR1":24.1128360842872,"C5AR1":27.309197415501416,"FCER1G":38.65752229451445,"CCR1":31.732739726773776,"LILRA5":38.57223368368178,"VNN2":27.167423459143475,"HK3":39.45954550729712,"FGR":47.92358853616047,"MEFV":36.143579758867915,"SIRPB1":30.999885866834994,"S100A12":11.983901576761205,"PILRA":36.29603420228325,"MYO1F":35.9803479518468,"CTSS":25.80203265360317,"MCEMP1":27.240662325463923,"S100A8":23.248745794365977,"FGL2":36.00102153905948,"SIRPA":41.34277557359193,"CD300E":0.0,"P2RY13":18.803444875330413,"ZBTB7B":27.34153416160199}},"Overall Survival":{"min":-6.0,"max":6.0,"top_text":"High Survival Correlation","bottom_text":"Low Survival Correlation","map":{"C19orf38":-0.021002304930134306,"MEFV":0.3205624168416945,"CYBB":0.17901640830293714,"MCEMP1":-0.5571530804382967,"ITGAM":0.157958405891904,"MYO1F":-0.04628138924635739,"CD101":0.6780488367538825,"FGR":-0.3290928073302311,"STX11":0.3222312364143047,"FCN1":-0.09732649692741746,"SIRPA":-0.3662689115378773,"NLRC4":-0.21300262035002057,"VNN2":-0.12055977320522838,"RAB31":0.38354154916173155,"MTF1":0.07455553030430989,"LILRB3":-0.07583403163275591,"IL1RN":-0.22981964446160255,"THEMIS2":-0.5780102924322493,"S100A8":-0.4830674302025152,"C5AR1":-0.07654769095433445,"PADI2":-0.2804978989739259,"LILRB2":-0.12049208428118349,"TNFRSF1B":-0.02021402083463938,"TREM1":-0.2278385758422989,"LRRC25":-0.007597822846789251,"ZBTB7B":-0.08099079037879058,"P2RY13":-0.07532616428921103,"FCER1G":-0.17769499604873149,"HCK":0.0812532820905132,"PILRA":-0.1531169381310281,"MPEG1":0.046734191493992064,"CDA":-0.2136108371504108,"PSTPIP1":0.23123821240747394,"CCR1":-0.062432581439242456,"FPR1":-1.8451323179379087,"S100A12":-0.1696207526049155,"CD300E":0.0,"MEGF9":0.04478318792785902,"CD14":0.09774012993357803,"FGL2":-0.13758115529750067,"LILRA5":-0.3661586155612313,"SIRPB1":-0.34383542221321467,"IFI30":-0.11367683544804173,"HK3":-0.02973079096549854,"S100A9":-0.23830462424115587,"TLR8":-0.1729226712594077,"NLRP12":-0.9510304614929809,"CTSS":0.7909866537939843,"SECTM1":-0.10042567402188134,"ITGB2":-0.11186430715555226,"FFAR2":0.0}},"Mutation FLT3 ITD":{"min":-10.0,"max":10.0,"top_text":"High FLT3 ITD Correlation","bottom_text":"Low FLT3 ITD Correlation","map":{"CD101":0.021957487558773154,"FGL2":0.11549934125240473,"SIRPB1":-0.20347953977888264,"MTF1":-0.7511148874134157,"LILRB2":-0.03874662579074988,"TLR8":-0.012883721601115625,"STX11":-0.21868748025669002,"FPR1":-0.1716659637125416,"SIRPA":-0.104814054568485,"S100A8":-1.188206156875096,"LRRC25":-0.18531249020545637,"FCN1":-0.7948648377190213,"HK3":-0.1699695513249297,"S100A12":-1.5655865968234972,"NLRP12":0.4437184153818737,"S100A9":-1.1137848617687773,"HCK":-0.028955044486687377,"NLRC4":-1.391724387427898,"C19orf38":-0.7881124024586543,"TNFRSF1B":-0.15045784377373791,"FCER1G":-0.6093379137351146,"CD300E":0.0,"CDA":-0.6688823465976622,"P2RY13":-0.2882374793150952,"CCR1":0.3984972074706011,"LILRB3":0.28112948384831904,"PADI2":-0.9370348423922321,"RAB31":0.14350887762950415,"ITGB2":-0.0379677775269902,"IFI30":0.05955610265340499,"TREM1":1.2134693746108722,"C5AR1":-0.7406060277987441,"MYO1F":-0.9722689994588645,"FFAR2":0.0,"FGR":-0.29137794465434275,"IL1RN":-0.17379238772316602,"MEFV":0.04478905591737681,"MEGF9":-0.1536817351734751,"PILRA":-0.022188155286033448,"MPEG1":-0.17743093391604256,"CYBB":-0.2256833878660398,"ITGAM":-0.11051935833827488,"THEMIS2":-0.1939155365020615,"CTSS":-0.36701514117077877,"CD14":-0.19211856005111033,"LILRA5":-0.6360063871584595,"ZBTB7B":-0.2106158617788533,"VNN2":-0.3432782214168982,"PSTPIP1":0.1491471037620563,"SECTM1":-0.03436513184928694,"MCEMP1":-0.88189359207128}},"NPM1 Subtype":{"min":-37.0,"max":37.0,"top_text":"Committed NPM1 Subtype","bottom_text":"Primative NPM1 Subtype","map":{"S100A8":16.612739689259254,"S100A9":16.32157484099056,"LILRB3":28.17595630791758,"MEFV":28.669384912028473,"LILRA5":26.918170972316993,"THEMIS2":23.286398030646854,"C19orf38":19.962227929240754,"S100A12":10.773738300548397,"IFI30":24.002222832906103,"CD300E":0.0,"FCER1G":30.049456950557442,"P2RY13":14.372945190200653,"ZBTB7B":20.27312434041019,"SECTM1":23.191570989513757,"TREM1":13.080670553614258,"MCEMP1":20.619876989277646,"HK3":24.388939939022872,"NLRC4":22.653629592241913,"SIRPA":24.725359845164036,"CD14":26.81407849171288,"PSTPIP1":21.571209803415318,"NLRP12":17.603499694155982,"RAB31":13.607777379503926,"CCR1":24.58489212417773,"LRRC25":27.975006963441704,"HCK":26.430476455167806,"CD101":15.27579795081414,"SIRPB1":18.975280389765338,"MPEG1":36.008109592181476,"C5AR1":20.443010774912853,"FCN1":19.620727136033025,"VNN2":16.081375148473423,"CDA":16.83015438469037,"MYO1F":25.790542472842166,"FFAR2":0.0,"IL1RN":20.907110839037664,"TNFRSF1B":18.1605424071289,"MTF1":22.249910581390672,"TLR8":33.143119765919366,"PILRA":26.011163017780078,"ITGAM":27.76251373062879,"STX11":18.991728877875943,"CTSS":23.125276095835,"ITGB2":26.49989474464419,"FPR1":15.124582064372433,"MEGF9":20.849101097189223,"PADI2":9.17436311062147,"LILRB2":28.822862577795505,"CYBB":28.381117913351286,"FGL2":29.362122917513453,"FGR":28.423210901313855}},"Mutation NPM1":{"min":-30.0,"max":30.0,"top_text":"High NPM1 Correlation","bottom_text":"Low NPM1 Correlation","map":{"MPEG1":0.34204262062474017,"HK3":1.5429160809313496,"NLRC4":-0.8448238774690455,"PADI2":-1.617794215229134,"FCER1G":0.13428119093887145,"ITGAM":0.26294695471025653,"CYBB":0.041581724283964526,"LILRA5":0.22692319363800295,"CD101":-0.6703330173701291,"MEFV":0.3553036205631615,"IFI30":1.6734777789267286,"NLRP12":0.0019458995904309683,"S100A8":-1.9797069615275174,"RAB31":-1.589103538268172,"MCEMP1":-0.36351144945271346,"LILRB3":1.1529114730962569,"S100A9":-2.2988673507799655,"TREM1":3.4749974248982234,"HCK":0.4451194347705823,"CD14":0.46064586874553337,"MYO1F":0.06518730630627353,"TNFRSF1B":1.5014390675963332,"THEMIS2":0.42740930089672236,"CCR1":2.355662390331561,"CD300E":0.0,"FPR1":0.2704380823394476,"STX11":0.09903307226405608,"PSTPIP1":-0.08927199665382755,"CTSS":-0.16802996573971335,"VNN2":0.5326741765704998,"SECTM1":0.6207477645161033,"MTF1":0.23446197095177965,"FGR":0.5369833495773482,"MEGF9":0.4059574307191839,"S100A12":-2.432761729835104,"LRRC25":1.6289088785837058,"C5AR1":0.13640271729085762,"CDA":0.0482885970923996,"ZBTB7B":0.587810211897379,"FFAR2":0.0,"C19orf38":-1.1934327672774885,"FCN1":-0.40823958330144866,"P2RY13":-0.004824600234513791,"TLR8":1.0227912593891755,"PILRA":2.355058838937572,"SIRPB1":-0.32755466027085284,"LILRB2":1.3206564603287247,"ITGB2":1.7772617678875287,"IL1RN":0.08059816128011264,"SIRPA":1.3032660667187508,"FGL2":1.5349737018892111}},"Blast Percent":{"min":-11.0,"max":11.0,"top_text":"High Blast Percent Correlation","bottom_text":"Low Blast Percent Correlation","map":{"HK3":-4.16640944004213,"FCN1":-8.131275263035983,"S100A12":-8.58183340517275,"LILRB3":-5.184022919758817,"STX11":-5.4029566296156215,"C19orf38":-6.372762297992655,"MEFV":-5.7851330366159885,"NLRC4":-6.520024137507555,"NLRP12":-3.0466359977537936,"P2RY13":-5.197784201214965,"C5AR1":-5.416288521531332,"CDA":-5.4376372914419315,