{"MuSiC CD14 Mono":{"min":-50.0,"max":50.0,"top_text":"High CD14 Mono Correlation","bottom_text":"Low CD14 Mono Correlation","map":{"LSM6":-8.304480360848666,"LSM5":-1.9817866970313176,"SNRPA1":-6.081128815880975,"ELAVL1":-5.795188363841036,"H4C5":0.0,"SNRPD3":-0.910026216344858,"SNRNP40":-1.5204588952092164,"LSM3":-0.200395470421802,"H2AC4":0.0,"RBM45":-2.9472096887632437,"SNRPA":-9.57358012521084,"RBM39":-3.743199089917264,"SNRPF":-4.832315466661114,"ILF2":-3.3924842248306857,"EFTUD2":-2.301358733881061,"H4C12":0.0,"PRPF6":-4.281031575035067,"RPA3":-0.2837218884171743,"LSM4":-0.7825506730446029,"WDR5":-4.611999300436258,"SART3":-8.609081502047593,"LSM8":-1.8773993922765662,"RPA2":-3.8648293861909546,"PRPF4":-0.8327163348329951,"HSD17B10":-0.1006924022255685,"LSM2":-2.8228891395397513,"CDC5L":-7.248921855788634,"H3C1":0.0,"LARP7":-12.105085096774983,"PTBP1":-3.2711689030316053,"EIF4A3":-0.43897694274047644,"H2BC17":0.0,"TPRKB":-1.7155837380224128,"SNRPD1":-3.3623813843604005,"UBA2":-6.597907313012263,"TOX4":-2.466381743824954,"CUTA":-1.2241417947685866,"PRPF31":-6.502588017818859,"SNRPG":-4.157255070514375,"HCFC1":-3.4124931662663314,"ZC3H18":-1.8285149597911978,"SNRPB":-1.1119896567593628,"SNRPE":-1.343745001463537,"SF3B2":-6.5437971525084935,"SNRPD2":-2.0511757221793205,"H4C3":0.0,"SNRPC":-6.3677093994432905,"LSM7":-1.9193712262722005,"H3C2":0.0,"CD2BP2":-2.748480158529866,"SF3B5":-1.216523863010764}},"Overall Survival":{"min":-6.0,"max":6.0,"top_text":"High Survival Correlation","bottom_text":"Low Survival Correlation","map":{"ELAVL1":-1.1786608147175661,"SF3B5":0.02672406511698463,"SNRPB":-0.2847508242179855,"WDR5":-0.5549702440508997,"RPA3":0.24793232012464067,"CD2BP2":0.060552206880883086,"PTBP1":-0.82978777349218,"PRPF6":0.07830188257135451,"RPA2":0.05646866542986803,"SNRPD2":-0.09918576269560482,"EFTUD2":0.15223959551260513,"LSM8":-0.5384640052401543,"TPRKB":0.38018624424640474,"PRPF4":-0.05338930244022164,"SNRPG":-0.3954015153078339,"H4C3":0.0,"LSM6":-1.6880570302148137,"SF3B2":-0.8333593651742467,"SNRPE":0.10927519351250654,"LSM7":-0.07506394667064487,"LSM3":-1.0694792642942188,"PRPF31":-0.01739948708016026,"LARP7":-0.384015151740743,"ZC3H18":-0.21155997651184122,"H4C12":0.0,"RBM39":-0.27419244983560614,"SART3":-0.4879173857363857,"ILF2":-1.6405279231983587,"LSM5":-0.028441268552001478,"H3C1":0.0,"H3C2":0.0,"SNRNP40":0.00655419399492964,"H2BC17":0.0,"H2AC4":0.0,"LSM4":-0.9344019474194848,"SNRPA1":-0.2314395882050013,"EIF4A3":-0.04529443881507563,"H4C5":0.0,"RBM45":-0.11045377900136046,"CUTA":-0.08316499174156877,"UBA2":-0.7498191905129501,"HSD17B10":0.11001251673252971,"SNRPC":-0.24475407871399169,"CDC5L":0.590713796172442,"SNRPA":-3.603155140157602,"LSM2":-0.47984789529660526,"HCFC1":-0.7577733447230063,"TOX4":-0.06842091310736939,"SNRPD3":0.05555621214634302,"SNRPD1":-0.25804016002038266,"SNRPF":-1.3201943511389358}},"Blast Percent":{"min":-11.0,"max":11.0,"top_text":"High Blast Percent Correlation","bottom_text":"Low Blast Percent Correlation","map":{"TOX4":4.534430564238444,"H2AC4":0.0,"SNRPD1":1.6500121811391517,"TPRKB":0.6181435502882812,"PTBP1":4.597732330834949,"SNRNP40":2.9448055244753175,"LSM5":0.5808969595014168,"SNRPC":4.2803027710170625,"SNRPA":6.155753772956174,"LSM3":2.6443072632897198,"LSM6":2.8587708320805114,"ELAVL1":5.4261742330537475,"CDC5L":6.328344057248915,"SNRPD2":3.1795156847378925,"SNRPF":6.584783163931188,"SNRPD3":0.6365536549900216,"EIF4A3":2.969831602355936,"SNRPB":4.594415350366625,"RBM45":4.07541914370862,"SNRPA1":7.5592022750088885,"SART3":6.685975410102566,"H3C1":0.0,"HCFC1":6.958344485696299,"H4C5":0.0,"LSM7":0.7771232353054738,"H3C2":0.0,"CD2BP2":2.6559265022793963,"H4C12":0.0,"SNRPG":5.923808348247078,"PRPF31":1.4313829130350177,"LSM4":3.2716581719933364,"ZC3H18":4.773065165538689,"LSM2":3.388483887775444,"SF3B2":5.462434374177221,"EFTUD2":5.334390697573482,"H2BC17":0.0,"PRPF4":2.019611762711747,"WDR5":4.479767002461924,"H4C3":0.0,"RBM39":5.153928314461009,"RPA2":2.958889812719193,"SF3B5":3.93795713089798,"PRPF6":5.285852906508571,"RPA3":1.2552423742383725,"UBA2":5.70592693573365,"SNRPE":1.5017305387782824,"HSD17B10":1.5963070529513599,"LARP7":5.1093985539321904,"ILF2":4.088759872291156,"LSM8":3.661102563404602,"CUTA":0.2439462827177776}},"NPM1 Subtype":{"min":-37.0,"max":37.0,"top_text":"Committed NPM1 Subtype","bottom_text":"Primative NPM1 Subtype","map":{"SART3":-9.049720173961937,"SNRPC":-2.8288961500749616,"PTBP1":-2.7305261800862697,"SNRPA":-9.010390961654803,"LSM3":-0.10189630037642743,"LSM6":-8.236110207662394,"H3C1":0.0,"HCFC1":-3.4113075164055173,"ILF2":-3.036308898185466,"H4C12":0.0,"ZC3H18":-1.95004062605058,"LSM5":-1.3125752337215253,"H4C3":0.0,"RPA2":-5.094620327580898,"RBM39":-2.2185492597297984,"ELAVL1":-6.429291030859147,"SNRPD2":-2.353344434166591,"SNRPA1":-7.17782514700732,"SF3B5":-1.603334234741142,"UBA2":-7.472377500629946,"SNRPB":-2.133559243486118,"EFTUD2":-2.6542317971540643,"LARP7":-11.33709038402434,"CDC5L":-8.499865467451796,"SNRNP40":-1.6384712976237736,"SNRPF":-3.4042251608561425,"SNRPD3":-0.7295208210158496,"LSM8":-1.8949349237422297,"SNRPD1":-2.428379642317145,"HSD17B10":-0.9217160986280125,"PRPF31":-5.408622446244267,"EIF4A3":-0.5175284922737422,"SF3B2":-7.0227259154992145,"H4C5":0.0,"WDR5":-3.554046379510762,"RBM45":-3.538605308429872,"CUTA":-0.8295943405500189,"H3C2":0.0,"SNRPG":-4.399981902803712,"LSM2":-2.9912528140670975,"LSM4":-0.5924485318063023,"LSM7":-2.370300910923172,"TOX4":-3.06549635931432,"H2BC17":0.0,"H2AC4":0.0,"CD2BP2":-3.877917015837045,"SNRPE":-0.923602530837945,"RPA3":-0.3237766795033184,"PRPF6":-4.508632515829855,"TPRKB":-2.0859329130630466,"PRPF4":-1.1356515660103972}},"Mutation FLT3 ITD":{"min":-10.0,"max":10.0,"top_text":"High FLT3 ITD Correlation","bottom_text":"Low FLT3 ITD Correlation","map":{"EFTUD2":0.9191797055219539,"HSD17B10":2.1543863274646733,"H2BC17":0.0,"PRPF6":0.8737557137878603,"ELAVL1":0.5913233331491544,"LSM3":0.707355098415282,"UBA2":0.333637112433682,"PRPF31":-2.684622992584782,"SNRPC":0.08978508180230005,"ZC3H18":0.8406114629295045,"RBM39":0.45927342452880515,"SF3B5":0.6880365515712731,"H3C1":0.0,"SNRNP40":0.2433621034321911,"CD2BP2":0.4469932785115866,"SNRPG":-0.09177220611983014,"SNRPE":-0.12403730835994214,"SNRPD3":-0.4058956101350522,"PRPF4":0.5424811371100671,"LARP7":1.5135161320764665,"SNRPA1":1.33210643914994,"LSM7":0.38364089703817555,"H4C12":0.0,"WDR5":-0.23921487223671387,"H3C2":0.0,"SART3":0.12987805307072567,"EIF4A3":1.034831654798893,"HCFC1":0.020878535008102744,"RPA2":1.3573512947086788,"TPRKB":0.8079639698805814,"SNRPA":0.3594953095350423,"H4C5":0.0,"SNRPD2":0.11645364278808552,"PTBP1":0.8516074801557473,"ILF2":1.3567496037530251,"SNRPB":1.1636054103385551,"LSM5":0.5920877256094194,"TOX4":2.295480438559188,"CDC5L":0.08920016874934106,"SNRPF":0.48433386390978056,"LSM2":-0.2377878364417942,"LSM6":-0.46877659141146216,"LSM8":0.34343041603911023,"LSM4":1.1185427664160896,"RBM45":2.2401978903583486,"RPA3":1.5122753500199988,"H2AC4":0.0,"SNRPD1":-0.4498712284474448,"H4C3":0.0,"CUTA":1.006340852843006,"SF3B2":0.8643812312407538}},"Mutation NPM1":{"min":-30.0,"max":30.0,"top_text":"High NPM1 Correlation","bottom_text":"Low NPM1 Correlation","map":{"SART3":-0.2956321364828077,"RPA3":2.858169386779324,"RBM39":2.4160233232294743,"EFTUD2":1.4415749180616486,"LSM7":1.7197064389827519,"RBM45":2.410205685631804,"LSM6":0.6090827382372398,"LSM8":2.1221960971039175,"H3C1":0.0,"H2AC4":0.0,"CDC5L":-0.4475152244554471,"HSD17B10":2.2405614968227594,"SNRPA":-0.43088213620731136,"SNRPE":-0.04892327227968957,"LARP7":1.0918054474406005,"PRPF6":-0.7989401463386973,"TOX4":2.0708788009260646,"ILF2":1.7244790768695348,"H4C3":0.0,"CD2BP2":0.4501153035780111,"SNRPF":0.6719849961109338,"LSM2":1.138751200197101,"H4C5":0.0,"UBA2":0.9102973740187278,"CUTA":-0.2625758527849861,"SF3B2":1.2160269148874354,"SNRPA1":2.4639065549187165,"LSM5":0.29481437968546037,"SNRPD1":-0.3986748792727245,"H3C2":0.0,"WDR5":-0.03650034802598876,