{"Mutation NPM1":{"min":-30.0,"max":30.0,"top_text":"High NPM1 Correlation","bottom_text":"Low NPM1 Correlation","map":{"B3GNT2":-0.08098636609866805,"SCCPDH":-0.3737432475564721,"SEC62":-0.030366950705896817,"MAN2A2":0.1798478290123587,"COL18A1":-0.9455139701808876,"GALNT1":0.0022284336110002757,"MBTPS1":0.3920589208815773,"TMEM59":0.2998148464166764,"SLC27A2":-0.034493548928108034,"GALNT7":0.2938585046458007,"CHST11":0.5305432354197035,"ZBTB16":-0.4034905743991071,"LRRC37B":0.0,"CISD2":0.17748511527321917,"HSPA5":-1.4044340475369372,"CALR":-0.5263035584844477,"H4C8":0.0,"ERG":-4.503817327962426,"MFAP4":0.0,"FAM20B":1.7017621438132837,"MYH10":-6.27913658027065,"KEL":-4.334656393837194,"EGFL7":-1.6267333782382714,"GXYLT1":0.11290773731780768,"SEL1L":0.6134845711361476,"TMEM106A":2.1503972131672895,"AGPAT1":-0.017355852511321986,"CHSY1":-0.13423042522635556,"CANX":-0.9598249786965297,"NPR3":-7.180154655520966,"GUCY1A1":-1.2095402388220553,"CD34":-13.808069773491024,"LLCFC1":0.0,"CRELD1":1.4580613537905667,"CSGALNACT2":-0.8952524326157594,"CILP2":0.0,"B3GAT3":1.3663900533150932,"TTC17":0.4677466770512783,"KIT":-4.747530931416894,"USP17L11":0.0,"CHST13":1.4848704288713934,"FUT8":-2.663813147511463,"GNPTAB":-0.6003454190162026,"TFR2":0.09702595805471023,"ATP2A3":1.333841063481059,"B4GALT6":0.0,"CHPF2":1.5674441161543275,"SAAL1":0.35571473681277843,"LAMB2":0.906200069084729,"MIA3":-0.2963906752291445,"VDAC2":0.13646031269739384}},"NPM1 Subtype":{"min":-37.0,"max":37.0,"top_text":"Committed NPM1 Subtype","bottom_text":"Primative NPM1 Subtype","map":{"LAMB2":-1.6291590680620787,"LLCFC1":0.0,"LRRC37B":0.0,"H4C8":0.0,"CALR":-2.3833855285866905,"FAM20B":-3.4837515901741503,"CILP2":0.0,"MFAP4":0.0,"ERG":-10.557557454632004,"MYH10":-0.8764275847257939,"CHST11":-0.6214695867714535,"CISD2":-0.34418664510971075,"ZBTB16":-4.456378790355248,"CRELD1":0.2714958841807955,"AGPAT1":-1.6399092801513435,"SEC62":0.4546177000622151,"CHPF2":-2.0979843481058458,"TTC17":-2.176656327832851,"GNPTAB":0.7228911521570313,"GXYLT1":0.8548461990317123,"MIA3":0.0514120471758986,"TFR2":-2.6515674099005606,"TMEM106A":-0.1460467084894214,"CANX":-0.31405400225911134,"TMEM59":0.2267842988989673,"SCCPDH":-4.812685895238675,"NPR3":-2.4154257196568354,"COL18A1":-0.15173088351821862,"GUCY1A1":-5.4712893405641845,"VDAC2":-4.75711659873763,"KEL":-0.027269446095397318,"B3GNT2":-0.3367734305995467,"HSPA5":5.471162936873546,"USP17L11":0.0,"SAAL1":-3.6862914064002426,"KIT":-6.606645542800183,"CHST13":0.4723445953868362,"B4GALT6":0.0,"GALNT1":-4.085219833826777,"SEL1L":0.22616285973713762,"CSGALNACT2":9.493676516067108,"MAN2A2":-0.32946120376071697,"FUT8":-0.424372365493778,"CHSY1":-1.3569031527392108,"ATP2A3":-1.8047743305459245,"GALNT7":-0.793689046555977,"MBTPS1":0.08509415018355618,"B3GAT3":-0.4762377182769782,"EGFL7":-5.427311479546799,"CD34":-3.506080749711841,"SLC27A2":-6.871204123711522}},"Blast Percent":{"min":-11.0,"max":11.0,"top_text":"High Blast Percent Correlation","bottom_text":"Low Blast Percent Correlation","map":{"CD34":-0.011406656620854348,"CALR":0.5350732869505418,"CHPF2":0.2780299078619783,"TMEM106A":3.131769473065707,"SAAL1":0.6766139299750679,"H4C8":0.0,"GALNT1":1.272697743608278,"SEC62":-0.25580354966569024,"GALNT7":0.7099911839592031,"MAN2A2":-0.4225519208019816,"LRRC37B":0.0,"ATP2A3":0.3240339017690355,"TTC17":0.6770279516525598,"FAM20B":0.46711832013706606,"GNPTAB":-0.4002110825124719,"MIA3":-0.9444943799037876,"GUCY1A1":-0.12334853758643459,"CRELD1":-0.004858096806160436,"SLC27A2":0.8570396711163593,"GXYLT1":0.07181397597679064,"CSGALNACT2":-2.728210075420011,"TMEM59":0.40272055141320323,"USP17L11":0.0,"CILP2":0.0,"SCCPDH":4.190914065678339,"MBTPS1":-0.5618779191571011,"B4GALT6":0.0,"LAMB2":0.0610630557541017,"B3GNT2":-0.014721280236699202,"CHST11":0.858423125410357,"CHSY1":-0.02636327356907905,"B3GAT3":0.5475914312837129,"ZBTB16":1.0493338659096834,"AGPAT1":0.3588878394118268,"SEL1L":-0.8773419550792229,"TFR2":-0.6335875100707558,"COL18A1":-2.2488137612801546,"ERG":0.9351368134676249,"VDAC2":1.667557680445874,"LLCFC1":0.0,"MYH10":-4.400328489836827,"HSPA5":-2.6282094107148257,"CISD2":-0.7812695385932121,"CHST13":-0.272133859282464,"KEL":-3.5884398201830376,"EGFL7":-0.35387030073464576,"NPR3":-0.24730465601101204,"FUT8":-2.5911625417914133,"MFAP4":0.0,"CANX":-1.6554512699106405,"KIT":0.018288227089936895}},"Overall Survival":{"min":-6.0,"max":6.0,"top_text":"High Survival Correlation","bottom_text":"Low Survival Correlation","map":{"MAN2A2":0.4105541683005537,"FAM20B":0.1313470102326257,"GALNT7":0.23051616837674946,"FUT8":0.9404708517572401,"MYH10":-0.7716926467919801,"SAAL1":-0.7216069656531677,"EGFL7":1.0849649394911254,"CSGALNACT2":-0.8202170221490337,"SEC62":2.646217261517524,"TMEM106A":0.0760233980958004,"SLC27A2":-0.07557081838905474,"TMEM59":0.3065370281476111,"MIA3":0.4306896469548568,"SEL1L":0.914448542561046,"AGPAT1":0.2958108990782665,"LLCFC1":0.0,"TTC17":-0.4694378101160827,"SCCPDH":-0.7007357531464966,"KIT":0.09060530517058388,"COL18A1":-0.1444827351967029,"GNPTAB":0.654536086436361,"B4GALT6":0.0,"TFR2":0.5125137460042771,"GALNT1":0.12930340493134623,"CISD2":2.0029041343101763,"CILP2":0.0,"LRRC37B":0.0,"NPR3":0.17406573779308004,"GUCY1A1":0.43916059644209093,"CHSY1":0.016115016103620244,"VDAC2":-0.08276333548463652,"KEL":-0.32719144776210246,"CALR":-0.076777277974893,"CRELD1":2.3640844339601594,"MFAP4":0.0,"USP17L11":0.0,"CHPF2":-0.5740009469554623,"CHST13":0.035013396808039915,"HSPA5":-0.34616600396811514,"LAMB2":-0.49647291682853434,"CANX":0.9516411478360907,"H4C8":0.0,"ATP2A3":0.06010158585887277,"ERG":0.29019636495793544,"MBTPS1":-0.11839824733892661,"CD34":-0.034974147701158045,"B3GNT2":0.3696286986875326,"GXYLT1":0.18684635291636062,"B3GAT3":0.45092520174483447,"ZBTB16":-0.04204053556765668,"CHST11":0.4382813669091428}},"MuSiC CD14 Mono":{"min":-50.0,"max":50.0,"top_text":"High CD14 Mono Correlation","bottom_text":"Low CD14 Mono Correlation","map":{"MIA3":0.05504844875566271,"NPR3":-2.8354098524564355,"LAMB2":-1.8941249304305103,"CSGALNACT2":8.40605505202665,"SEL1L":0.002864404405516473,"ATP2A3":-3.3233326510591397,"FAM20B":-3.1105072692049403,"COL18A1":0.14574496864497832,"GALNT7":-1.1009696943581684,"MAN2A2":-0.6566195617434903,"SLC27A2":-9.572849174148672,"TMEM106A":-0.08933229475974266,"MBTPS1":-0.006142608740474696,"CILP2":0.0,"KEL":-0.06453213438314692,"KIT":-7.049220166274433,"USP17L11":0.0,"LRRC37B":0.0,"CRELD1":-0.034761075465077555,"VDAC2":-2.769441781203919,"FUT8":-1.5140319379496252,"CISD2":-0.9919124601609524,"SCCPDH":-4.83479301110754,"LLCFC1":0.0,"CHPF2":-1.9132343537357537,"SAAL1":-4.0170193213165,"GNPTAB":0.4265242332007315,"CHSY1":-2.006123541222602,"B3GAT3":-1.6511935236177415,"TMEM59":0.13122059006525488,"CALR":-3.2759526194625948,"CANX":0.2264897862573834,"B3GNT2":-0.9044394298105563,"CHST11":-1.3168685387124237,"TTC17":-2.1615581134891753,"AGPAT1":-2.070325357631241,"HSPA5":4.97179697442953,"H4C8":0.0,"MYH10":-0.6415933756540474,"CHST13":1.031183418282233,"GXYLT1":0.4781714642283416,"ZBTB16":-4.688053727751486,"EGFL7":-5.615214043935999,"ERG":-13.55008584252855,"CD34":-4.760270017298782,"GALNT1":-4.699078814888714,"GUCY1A1":-5.79163185722425,"MFAP4":0.0,"B4GALT6":0.0,"SEC62":0.2010644172173444,"TFR2":-1.2392320957620435}},"Mutation FLT3 ITD":{"min":-10.0,"max":10.0,"top_text":"High FLT3 ITD Correlation","bottom_text":"Low FLT3 ITD Correlation","map":{"GXYLT1":-0.4108406433745001,"MAN2A2":-0.2185750597152688,"COL18A1":-1.0084561747753602,"SCCPDH":-0.17132974185775227,"GNPTAB":0.10670213606043219,"MFAP4":0.0,"SLC27A2":-0.031551157890247004,"ATP2A3":0.5641343356787891,"GUCY1A1":2.006541042729794,"HSPA5":-0.5569495972062595,"CRELD1":-0.4545609921241065,"MYH10":-1.4769544742393115,"LAMB2":1.4147343025370844,"FUT8":-0.776350082333427,"CHPF2":0.4795251838314787,"SAAL1":-0.29780097118440263,"NPR3":-1.2765964021268996,"B3GNT2":-0.28879260491488357,"TFR2":0.3171378226883964,"CALR":-0.13866119552482317,"CHST11":0.48349596740093725,