{"Mutation NPM1":{"min":-30.0,"max":30.0,"top_text":"High NPM1 Correlation","bottom_text":"Low NPM1 Correlation","map":{"D2HGDH":-0.31780622556177235,"MAPK12":-1.515937458653168,"CBX2":-3.8666223856323203,"PTK7":-0.6734690884388081,"EHD2":-0.0551404353457641,"DNMT3B":0.1408634972499533,"TEX10":-0.7501966601360157,"SLC9A3R2":-1.2538033230691374,"SMARCD1":1.0924050059584112,"CKB":-1.2449519638320263,"ABCC4":-0.3735438996026219,"EZR":-3.2004458758817966,"AHDC1":-1.0581778030721833,"SH3PXD2A":-1.884802535105749,"GTF2I":-0.04528160929836776,"MYO5C":-1.9673632290263798,"ZER1":-0.14430116410107963,"ARID1B":0.9380413386583786,"STMN3":-0.4451027932589029,"MTA1":0.28360512112222624,"ZNF8":-1.5158171997203527,"CDC42BPB":1.284040161734588,"TCF12":-0.5928268161740745,"SRPK3":0.0,"MAST4":-1.2296707639617797,"INF2":1.7120836673202746,"ESAM":-0.8205722787407046,"MPRIP":1.9486807331539424,"PRX":0.0,"PDGFRB":0.0,"ZNF512B":-1.7248861522903567,"STEAP2":0.0,"SCAI":-1.2388424723157865,"IGSF8":-2.152354413439926,"BAIAP2":1.200793867714958,"MXRA7":-3.5005353374260464,"PLCB3":-0.2825842536766618,"POGZ":-0.10583391083901417,"MICALL1":0.5163674997732675,"CYP2S1":-3.736488550858021,"HOOK2":-0.3632469341937224,"RAI1":-0.8802535196278318,"CCDC102A":0.2645049814388677,"GPSM1":-0.46397959189913907,"CD40":-0.08237685027601492,"ARHGEF7":0.49987812008847465,"NUMA1":-1.869364293687856,"GIT1":0.6242512695727297,"RDX":0.15154991359989387,"BCR":-4.182508081375444,"RHOC":-0.4511210882659641}},"MuSiC CD14 Mono":{"min":-50.0,"max":50.0,"top_text":"High CD14 Mono Correlation","bottom_text":"Low CD14 Mono Correlation","map":{"SMARCD1":-7.641533646953706,"MXRA7":-0.35794445983199213,"IGSF8":-4.717961220399714,"MPRIP":-5.047550547015905,"SRPK3":0.0,"CDC42BPB":1.2451418142287898,"STMN3":-7.848747570238651,"PDGFRB":0.0,"SH3PXD2A":-3.113485308866244,"PLCB3":6.792635740549889,"GPSM1":-10.036116724918061,"CD40":3.7529253935789786,"HOOK2":-5.559035252716023,"CBX2":-14.176458360017358,"PRX":0.0,"RHOC":0.38231858837350297,"PTK7":-11.805880367931314,"STEAP2":0.0,"MICALL1":2.434651211395249,"BAIAP2":0.29669381246560916,"GIT1":-0.09063658134204043,"ABCC4":-0.2648142820285356,"EZR":5.019842186282769,"INF2":0.0511389886677368,"ARHGEF7":0.2639758273623562,"RDX":-0.05562133922287213,"MTA1":-19.22689100125797,"CCDC102A":-11.702425419383408,"BCR":-11.108514638116905,"ZNF512B":-4.890433362548782,"MAST4":-17.514574525930133,"AHDC1":-14.736076651280642,"D2HGDH":-4.011693816615067,"RAI1":-13.956533274838018,"CYP2S1":-0.18667451218641626,"SLC9A3R2":-0.21598586377990664,"CKB":-1.8121971352727526,"NUMA1":-15.237938170814136,"GTF2I":-21.026993356224295,"TCF12":-20.65133567957883,"EHD2":-0.45003496568998597,"MAPK12":-4.923803095496286,"POGZ":-10.830054418140113,"ZER1":-1.2737279747605714,"SCAI":-8.20310406191692,"DNMT3B":-5.7236339509675895,"TEX10":-12.932651809548112,"MYO5C":-7.154726243375096,"ZNF8":-11.50639455007824,"ARID1B":-16.15634768517813,"ESAM":0.31361086470874394}},"Mutation FLT3 ITD":{"min":-10.0,"max":10.0,"top_text":"High FLT3 ITD Correlation","bottom_text":"Low FLT3 ITD Correlation","map":{"BAIAP2":3.839635807529472,"POGZ":0.058755504574832286,"MPRIP":1.1902122609207966,"SMARCD1":0.34796485559634593,"GPSM1":0.7066199269718754,"EHD2":1.3138145334624616,"D2HGDH":-0.187430111041183,"BCR":-0.6438383239351482,"CD40":-0.2523746496219287,"ZNF8":-0.3004690186491878,"RHOC":0.05786467929368491,"PLCB3":0.2839540934515422,"PDGFRB":0.0,"ARHGEF7":0.3800106927002638,"RAI1":0.39316055349837314,"MAPK12":0.05176889939446019,"STEAP2":0.0,"DNMT3B":1.6860590429637907,"CYP2S1":0.0911698594290594,"ESAM":0.3946168156214917,"ZNF512B":-1.2056331375475686,"GTF2I":0.5237514797903631,"EZR":-2.8312778491910517,"SCAI":0.000697644873443354,"MAST4":-0.47082208379142343,"STMN3":-0.9317259048865998,"ZER1":-0.29476744455133574,"IGSF8":0.2642072584729415,"MICALL1":0.9381303072934809,"MYO5C":1.3793631766892358,"MTA1":0.4890052612910654,"INF2":5.4576115652650685,"RDX":0.696234236462976,"ABCC4":0.8662496012415405,"NUMA1":-1.106297109170789,"SH3PXD2A":0.25309406415459307,"CBX2":-1.0187908754632367,"SRPK3":0.0,"SLC9A3R2":0.8563906174926763,"PTK7":0.765848527142401,"PRX":0.0,"CDC42BPB":1.6314166016327927,"HOOK2":-0.19109045185151552,"MXRA7":-0.32282382161042544,"GIT1":-0.5999612899577003,"AHDC1":0.5840196183685886,"TCF12":0.08754909322352016,"ARID1B":0.42403154437768176,"TEX10":-0.0594854722283666,"CCDC102A":1.102156495078448,"CKB":-2.090365704793219}},"Blast Percent":{"min":-11.0,"max":11.0,"top_text":"High Blast Percent Correlation","bottom_text":"Low Blast Percent Correlation","map":{"RHOC":-0.3430171232746848,"BAIAP2":-0.31496293044968426,"MYO5C":0.3862656728047131,"CBX2":2.1821370246020777,"CDC42BPB":-0.96022718346656,"TCF12":4.074036896273261,"PTK7":2.2735340484775777,"MAPK12":-0.05202841465663464,"MXRA7":-0.4187722385762247,"EZR":-1.0475401710633951,"RAI1":3.853976499605033,"PLCB3":-2.8073507420946693,"BCR":1.4749568097138717,"D2HGDH":1.9804716387605439,"STMN3":2.459950577564811,"SMARCD1":4.642827884575543,"CKB":-0.34946661799670503,"ARHGEF7":0.5998878803920081,"STEAP2":0.0,"ZNF8":2.538219357363262,"AHDC1":4.66088021138726,"ARID1B":4.592395379645711,"SLC9A3R2":-0.5218465055707904,"GTF2I":7.091061394068611,"ESAM":-2.7743280261541354,"SH3PXD2A":-1.4291082529869836,"CD40":-2.0356447917333966,"RDX":-1.776914217620841,"POGZ":5.5898615690738485,"MTA1":3.705120120013114,"CYP2S1":-0.7184862499340225,"IGSF8":0.43902217640602903,"DNMT3B":-0.21460569327911647,"NUMA1":2.7316060072462096,"INF2":-0.46377829732056036,"TEX10":5.008789235303078,"MICALL1":-0.013999555017204318,"CCDC102A":1.2532446639312447,"ZNF512B":0.7232837339561402,"PRX":0.0,"GPSM1":1.217159181526681,"HOOK2":0.6472463946231479,"MAST4":2.0315516279764707,"SRPK3":0.0,"GIT1":2.2368831326607292,"EHD2":-1.1873773566004888,"SCAI":1.5479202224579458,"ABCC4":-3.2547152331760714,"ZER1":-1.111928333222584,"MPRIP":0.9391600871167165,"PDGFRB":0.0}},"NPM1 Subtype":{"min":-37.0,"max":37.0,"top_text":"Committed NPM1 Subtype","bottom_text":"Primative NPM1 Subtype","map":{"MAST4":-14.343658327538924,"CYP2S1":-0.001458453897088192,"PDGFRB":0.0,"SH3PXD2A":-1.9837971174038642,"ZER1":-0.9486049586644376,"MICALL1":1.269128391549085,"SMARCD1":-6.985411063085492,"SRPK3":0.0,"ZNF512B":-3.7437355728143777,"GTF2I":-18.722973708469844,"CDC42BPB":1.3008623498962897,"IGSF8":-3.7979081000590185,"GIT1":0.13748366803043083,"PTK7":-11.159726287965603,"MAPK12":-6.005397658313521,"INF2":-0.1090402557876407,"D2HGDH":-3.3490441674010105,"RAI1":-12.487600213369026,"ARHGEF7":0.20345261689330407,"MXRA7":0.4348599401064068,"STEAP2":0.0,"ESAM":0.4389205140182388,"CD40":2.3772411356762144,"CCDC102A":-13.93306824288045,"AHDC1":-12.321889390545072,"GPSM1":-13.472524192043776,"PLCB3":7.39841581101155,"NUMA1":-11.181848385001635,"CKB":-0.9990989986266263,"ARID1B":-15.261242390816948,"MYO5C":-7.950264471610646,"DNMT3B":-7.406540828493902,"PRX":0.0,"EHD2":-1.5732453467344094,"RHOC":0.5622019443943438,"ABCC4":-0.18683914504692956,"EZR":5.70524211405846,"RDX":-0.07859122467959541,"MPRIP":-3.5756014628976573,"MTA1":-22.106619956811034,"ZNF8":-11.845091238203706,"BAIAP2":0.34055434419953157,"BCR":-7.99735119501129,"TCF12":-19.7276646888006,"TEX10":-13.51472029855063,"SCAI":-6.196209317164601,"STMN3":-3.945609991347696,"HOOK2":-6.360633522294616,"SLC9A3R2":-0.6187819126455968,"CBX2":-13.44459899594699,"POGZ":-12.102713427173365}},"Overall Survival":{"min":-6.0,"max":6.0,"top_text":"High Survival Correlation","bottom_text":"Low Survival Correlation","map":{"SLC9A3R2":0.5852077986748022,"HOOK2":-2.1312991336320772,"PTK7":-0.5015013169815257,"BAIAP2":0.07783299175941348,"SH3PXD2A":-0.2143640661558042,"MXRA7":0.8124743896002146,"MICALL1":0.2691746111240514,"PRX":0.0,"D2HGDH":0.4419887629000558,"CDC42BPB":1.0158515459792745,"CD40":0.2643980998168414,"MTA1":-1.282831474169256,"STMN3":-0.908704396165252,"EZR":0.44060847849181484,"DNMT3B":-0.22396835471948065,"TEX10":-0.7554401327145012,"INF2":0.9209885379960582,"POGZ":-1.7499935033056957,