{"Blast Percent":{"min":-11.0,"max":11.0,"top_text":"High Blast Percent Correlation","bottom_text":"Low Blast Percent Correlation","map":{"HMGN5":-0.5533889938144851,"PLS1":-0.9096997404967473,"ENAH":-1.2883993772158344,"DCAF10":0.06681834400786375,"TRIM32":-0.18860872040053775,"MAPRE2":0.0002274092110210178,"TCF4":0.1846454371905553,"H4C2":0.0,"TNIK":-1.278985374175729,"TAF10":4.458815612916491,"LRRC40":-0.3379087395290488,"ERCC1":1.1656267813630121,"KIF11":-1.5689948070315627,"LLGL1":0.6834180120994905,"PHACTR4":0.30251849861845315,"C15orf40":-0.5926772479272272,"MAGED1":1.6166900571912257,"ERCC4":1.2041488154431825,"RNF41":-0.9203175570994998,"ATP1B1":1.403171794069347,"DNAJC6":-2.043840454383044,"CHMP4C":0.0,"TAF2":1.4853659964394772,"TAF7":3.8420232240904095,"SCYL2":-0.028664307200413092,"MEX3B":0.38185594891893265,"MSI2":1.509022291388295,"DOCK7":0.2428330025794907,"CD2BP2":2.6559265022793963,"ADGRG1":-0.7374618365239408,"BAG2":-2.307856210587071,"DHRS11":-0.714098785122974,"DNAJB4":-1.2911008844539524,"RAB38":-0.5916483279716875,"UBE2M":-0.01971789233558775,"KCTD3":-0.505086379810696,"TRAF3IP1":2.258965549064596,"GCSAML":-0.5407405394912563,"UBXN6":-0.1675794606447112,"PTK2":-5.261812821683099,"HSPA4L":-2.4247542887015605,"MLF1":0.0,"STAM":-0.20744960122288975,"GMNN":-2.1561824619638963,"GPHN":-0.7113592062688756,"KLHL36":0.24072380394860318,"PTK7":2.2735340484775777,"CCDC102A":1.2532446639312447,"MAP1A":1.603814034767216,"DIDO1":7.573384622998107,"H2BC7":0.0}},"MuSiC CD14 Mono":{"min":-50.0,"max":50.0,"top_text":"High CD14 Mono Correlation","bottom_text":"Low CD14 Mono Correlation","map":{"C15orf40":-0.3761654874091831,"ADGRG1":-1.711332877252825,"LLGL1":-2.241412349336829,"DNAJB4":-2.7288241630649117,"KIF11":0.15228156443202034,"KCTD3":0.34096645326866293,"MAPRE2":-1.1971562958532493,"ERCC4":-0.1500319651540398,"TRIM32":1.4969493208474653,"CCDC102A":-11.702425419383408,"GMNN":-0.015715763870265666,"CHMP4C":0.0,"PTK2":1.2785058289035964,"TNIK":-1.0509131988839961,"GCSAML":-4.2837639384034425,"ENAH":-0.050848008097205785,"TAF10":-1.0781794685528232,"TAF2":-6.03569128519925,"DHRS11":-4.006234379871161,"H4C2":0.0,"MAGED1":-7.778483905761981,"TAF7":-1.1248227771204702,"TRAF3IP1":-9.425657248273122,"TCF4":-5.151277193512761,"DNAJC6":-1.4879884594087178,"UBE2M":-5.74647315359,"GPHN":-2.218800105955406,"HSPA4L":-1.2423846000666725,"PHACTR4":-5.792672641701166,"DCAF10":-1.3932910404939969,"UBXN6":0.32281604748384135,"PTK7":-11.805880367931314,"MSI2":-12.758505938427655,"RNF41":2.1946496142072953,"KLHL36":0.9443583761839652,"HMGN5":-2.8307814153767614,"PLS1":-1.593288663407613,"BAG2":-1.9977918986225802,"MLF1":0.0,"LRRC40":0.011168725318002429,"CD2BP2":-2.748480158529866,"STAM":-1.5087003133521328,"DIDO1":-6.965174155135761,"DOCK7":-8.57005227233235,"MAP1A":-8.620384746006858,"ERCC1":-1.086134463235484,"ATP1B1":-8.265649357512418,"RAB38":-2.096390875583417,"MEX3B":-3.7370122462762656,"SCYL2":0.26944047409165667,"H2BC7":0.0}},"NPM1 Subtype":{"min":-37.0,"max":37.0,"top_text":"Committed NPM1 Subtype","bottom_text":"Primative NPM1 Subtype","map":{"MEX3B":-2.731910289949152,"LLGL1":-1.870045095353783,"DHRS11":-3.6666847370514035,"TAF2":-5.682638787942283,"DIDO1":-5.621730738471759,"H4C2":0.0,"TNIK":-0.5488719423031565,"UBXN6":-0.2601560414573014,"HSPA4L":-1.828422312723028,"KCTD3":-0.3695816789913857,"GCSAML":-5.497464772256559,"TRAF3IP1":-8.63258560328237,"DNAJB4":-1.650721696958464,"MSI2":-17.857025637634298,"UBE2M":-3.5231166303496937,"TAF7":-2.1699391835433888,"SCYL2":-0.03766757638638341,"CCDC102A":-13.93306824288045,"ADGRG1":-3.914603580705672,"MAGED1":-9.212637280856786,"DNAJC6":-1.7022805573569801,"KLHL36":0.5201864332855947,"ERCC4":-0.6723817045321934,"TAF10":-1.0155345016529775,"MAPRE2":-1.2572233338877468,"PTK2":1.9202566974727677,"PTK7":-11.159726287965603,"PLS1":-4.141757273692712,"MAP1A":-9.877233684392436,"ENAH":0.5046081561912745,"DOCK7":-5.605742957958063,"RNF41":1.367415685609079,"TRIM32":0.5394889452236952,"CHMP4C":0.0,"GPHN":-1.7900297534293088,"BAG2":-2.2615936630458613,"TCF4":-5.44236716060391,"CD2BP2":-3.877917015837045,"H2BC7":0.0,"ATP1B1":-8.280229945690602,"ERCC1":-1.041372455735588,"C15orf40":-0.9039410969377984,"RAB38":-4.072792092784953,"LRRC40":0.021162221691931563,"KIF11":0.8543569205015441,"STAM":-1.462214924584072,"PHACTR4":-6.561331782231715,"DCAF10":-1.0829680064635714,"HMGN5":-4.785393347286766,"GMNN":0.6855930521355497,"MLF1":0.0}},"Mutation NPM1":{"min":-30.0,"max":30.0,"top_text":"High NPM1 Correlation","bottom_text":"Low NPM1 Correlation","map":{"H2BC7":0.0,"PLS1":0.827792497194342,"ERCC4":2.6143472246129695,"C15orf40":0.1344392428540068,"PTK7":-0.6734690884388081,"ENAH":-1.0890454457440022,"DHRS11":-1.0905996230527606,"MAGED1":0.10950454260637488,"ERCC1":2.5924445959066005,"MSI2":0.7340335767932692,"RAB38":1.6608543290776532,"UBE2M":-4.5197693237220395,"LRRC40":0.3677514319798719,"GCSAML":-0.037205797000719715,"MAPRE2":1.5505824154902839,"MAP1A":0.8268844820886864,"TCF4":-0.26532690322841246,"TRAF3IP1":2.262686076021801,"DNAJC6":-2.9980320523843744,"DIDO1":4.223079313422561,"TNIK":-0.4965484042052992,"SCYL2":1.5415320399736325,"STAM":-2.3022695946370386,"BAG2":0.4134828762490717,"DNAJB4":-2.3167148742390333,"TAF2":1.1175169780812642,"PHACTR4":-0.4535621276939009,"CHMP4C":0.0,"MEX3B":-0.0217452600215117,"TAF10":0.5461845798937779,"H4C2":0.0,"TRIM32":4.541884187966782,"ATP1B1":-0.5071352334749113,"RNF41":-0.33952595629941096,"CD2BP2":0.4501153035780111,"DOCK7":-1.5530440545367767,"KCTD3":0.5971747871174153,"KLHL36":-0.017741200023519376,"MLF1":0.0,"ADGRG1":-0.19713805107514615,"CCDC102A":0.2645049814388677,"TAF7":0.026084667771471344,"GPHN":-1.019112738092897,"KIF11":-1.1541124778550933,"DCAF10":-0.2863567669285365,"GMNN":0.6342395353624088,"PTK2":-4.452671700472327,"HMGN5":1.0127798132419892,"HSPA4L":-2.199324092198294,"UBXN6":-0.43749083355783586,"LLGL1":-0.11985854122964741}},"Overall Survival":{"min":-6.0,"max":6.0,"top_text":"High Survival Correlation","bottom_text":"Low Survival Correlation","map":{"HSPA4L":-0.39611192692737385,"RAB38":-0.4857734055285727,"UBE2M":-0.9517093549070187,"DOCK7":-0.24130253404159072,"ERCC4":-0.6524946033597596,"HMGN5":-1.8857515016304038,"GMNN":-0.8701216307585782,"STAM":0.00798117280109469,"CCDC102A":-0.6093547134226954,"LLGL1":0.44883935592807234,"ADGRG1":-1.174074516100083,"GPHN":-2.3345821915180593,"H2BC7":0.0,"ERCC1":0.10010166606697295,"TAF10":-0.22988909953815495,"TRIM32":-0.5390105805328717,"SCYL2":-0.06231533550620665,"CHMP4C":0.0,"KLHL36":-0.004114167628508778,"DCAF10":-0.41730745024188554,"UBXN6":0.5481636457198487,"MAP1A":0.019509191357769087,"GCSAML":0.20056374944964334,"MAGED1":-0.3178650057363914,"MLF1":0.0,"ENAH":-0.7508987201438422,"PTK2":0.05733610165642171,"CD2BP2":0.060552206880883086,"BAG2":-0.5276924741187047,"KIF11":-1.1831765416390707,"PTK7":-0.5015013169815257,"MEX3B":0.07237444423822328,"DNAJB4":-0.8848226892079937,"TAF2":-1.002634098910928,"MAPRE2":-0.861585206940985,"PHACTR4":-0.39182383668803905,"TRAF3IP1":-0.4175239978025772,"DIDO1":-0.1047381623954305,"H4C2":0.0,"MSI2":-0.9443763432445673,"C15orf40":-0.8527159407179503,"DHRS11":0.03566834941920901,"ATP1B1":0.1369350895699401,"TCF4":-0.19655947475263857,"TAF7":-0.36225269447254393,"PLS1":-0.6369715130112462,"DNAJC6":-1.3238816734815018,"TNIK":0.028226218800089034,"KCTD3":-1.5843781556166185,"RNF41":-0.5080605288721503,"LRRC40":-0.787450443393461}},"Mutation FLT3 ITD":{"min":-10.0,"max":10.0,"top_text":"High FLT3 ITD Correlation","bottom_text":"Low FLT3 ITD Correlation","map":{"MAGED1":3.3074264690051907,"HSPA4L":0.22519734786333956,"LRRC40":0.25613428224618345,"DCAF10":-0.4980052030081932,"GMNN":-0.9471002787698692,"KIF11":-1.9122610099363992,"MAPRE2":1.2825009059935637,"DIDO1":1.330839864197135,"KLHL36":-1.810883477730559,"GPHN":-0.48471106887101534,"MLF1":0.0,"GCSAML":3.176376790378065,"PTK7":0.765848527142401,"ERCC1":1.7478989278740806,"RNF41":-0.31634201420806535,"TRAF3IP1":1.5018870039604255,