{"Mutation FLT3 ITD":{"min":-10.0,"max":10.0,"top_text":"High FLT3 ITD Correlation","bottom_text":"Low FLT3 ITD Correlation","map":{"YIPF3":0.6240596409885841,"FBXL4":0.48489001723408026,"RPN1":-0.012225016413125043,"EXD2":0.8422203438844423,"OCIAD1":1.5506698765456155,"HS2ST1":1.1234789811745902,"MAVS":2.6652619056839595,"SEC62":-0.5582151813351985,"CANX":-0.5196418388990681,"TOMM70":0.8616591264091752,"GATC":0.0,"JTB":0.6089574112790802,"EXT2":-0.4168198474644181,"SLC30A9":-0.1570385794627066,"TM9SF3":1.1134672984730583,"VAPA":1.0723514050763805,"MFF":1.2073749089030736,"PGRMC2":-0.721028988423321,"TMED10":0.21135202381067864,"IMMP1L":1.9234702258893113,"ATAD3A":0.23240847595544767,"SEC63":0.9221254626796718,"OPA1":0.9772559597948316,"ETAA1":-0.5584600425445669,"GOLGA2":1.9270676210403588,"LRPPRC":0.9727068591814294,"LMAN1":-0.8064451529480122,"MTCH1":1.5065874418045708,"MARCHF5":0.8078560427733551,"PEX3":0.09924780555605422,"GALNT1":0.3441626370618923,"FPR2":0.49839332849661994,"EBAG9":0.1957143156945334,"ZFPL1":1.2719727370485363,"UBE2D3":0.0,"TOMM22":0.5098625370506714,"SLC25A46":1.7626831275005355,"USP30":1.7949548356996043,"AIFM1":2.1981150631415396,"SSR1":0.8486784345731158,"GK":1.7743587036636232,"SLC25A26":0.13712760142944036,"YME1L1":-0.1246432979921585,"UBXN4":0.03824569632714925,"MTCH2":0.932891925443346,"HSCB":-0.5613903368243137,"PMPCB":3.219611684608975,"GOLGB1":1.1350933163362957,"C1QBP":1.602391820244794,"CYB5B":0.025228028381610344,"RAB11A":0.0}},"MuSiC CD14 Mono":{"min":-50.0,"max":50.0,"top_text":"High CD14 Mono Correlation","bottom_text":"Low CD14 Mono Correlation","map":{"OCIAD1":-5.897706755296865,"GK":-4.723084709141505,"GATC":0.0,"VAPA":0.9318811738738026,"GOLGB1":-4.313311804609197,"JTB":-0.1382841724265635,"SLC30A9":-1.8712004978333978,"CYB5B":0.6647693844834177,"EXT2":-1.523798464151519,"UBXN4":-1.0939140087656978,"RPN1":-0.8539539384471044,"SSR1":0.422754647409483,"GOLGA2":-1.7707200925422537,"OPA1":-5.602828430598222,"HS2ST1":-2.2500857370842406,"GALNT1":-4.699078814888714,"SEC63":2.9386727739276646,"EXD2":-10.302409691624145,"YIPF3":-1.7687598412983117,"RAB11A":0.0,"EBAG9":-4.526286641528171,"MTCH1":2.22338146874097,"ETAA1":-4.218768295597375,"FPR2":20.350907780040927,"PMPCB":-2.191616558157011,"UBE2D3":0.0,"SLC25A26":-0.7212397041493466,"AIFM1":-1.5647021183548813,"TMED10":0.30817083558546937,"MTCH2":0.027425364939130337,"C1QBP":-4.8160760207016615,"USP30":-3.2132137788574986,"TOMM22":-3.8445095386909083,"ATAD3A":-7.959180423439966,"SLC25A46":-2.3676886659797463,"MAVS":-0.10835192505478791,"FBXL4":-1.5079794918268778,"IMMP1L":-1.6800795270689781,"SEC62":0.2010644172173444,"LRPPRC":-3.750501003342939,"LMAN1":-5.281402989924098,"HSCB":-5.832746614891735,"YME1L1":-1.4341842312096278,"TM9SF3":-0.37154242328168186,"TOMM70":-9.391968375378465,"PGRMC2":-1.253723332229621,"PEX3":-0.7329148937163479,"CANX":0.2264897862573834,"MARCHF5":-1.4100238207790738,"MFF":-1.3907938170955194,"ZFPL1":0.9269752767953057}},"NPM1 Subtype":{"min":-37.0,"max":37.0,"top_text":"Committed NPM1 Subtype","bottom_text":"Primative NPM1 Subtype","map":{"TOMM70":-10.179236576974937,"GATC":0.0,"MTCH2":-0.23698763226802888,"YME1L1":-0.8503812824056647,"LRPPRC":-4.87031437252102,"HS2ST1":-2.7933041589391605,"PGRMC2":-1.381835364907107,"TM9SF3":-0.20358403527259172,"MFF":-2.345020108426164,"SEC63":2.1755561082409702,"USP30":-4.1733554794908905,"MAVS":-0.7504558199622887,"LMAN1":-3.010368951923429,"PEX3":-0.9008100525712294,"SLC25A26":-0.24477856431971315,"OPA1":-8.046098903554151,"SLC25A46":-2.459898537895072,"ATAD3A":-5.868778160489621,"FPR2":13.696194145179602,"UBXN4":-0.43685351563089225,"TMED10":0.4446825201345466,"AIFM1":-3.49353500575545,"HSCB":-6.229036582661704,"IMMP1L":-2.781197103463124,"C1QBP":-3.890608203582633,"SLC30A9":-3.0139274152270836,"JTB":0.2569979268675739,"YIPF3":-1.0535653641219278,"TOMM22":-4.330394928406669,"EXD2":-10.166208033190465,"OCIAD1":-5.0610820953573965,"PMPCB":-3.9812484579169944,"GOLGB1":-3.767010853076365,"SEC62":0.4546177000622151,"MARCHF5":-2.1991071202178007,"GALNT1":-4.085219833826777,"MTCH1":0.31561017280406983,"ETAA1":-1.4571406161568232,"SSR1":0.4141766763598837,"GOLGA2":-2.503096381743752,"GK":-2.7891924569357225,"FBXL4":-2.3239029063474743,"UBE2D3":0.0,"RAB11A":0.0,"VAPA":0.9630034142882941,"RPN1":-0.9730784441664453,"EXT2":-1.0927554745026276,"CANX":-0.31405400225911134,"ZFPL1":-0.5810447882278394,"CYB5B":0.9232397269452897,"EBAG9":-3.573105848443761}},"Overall Survival":{"min":-6.0,"max":6.0,"top_text":"High Survival Correlation","bottom_text":"Low Survival Correlation","map":{"CANX":0.9516411478360907,"MTCH2":-0.03163266316160394,"HS2ST1":0.11762086452229961,"AIFM1":0.056147132912738686,"SLC25A26":0.5125423023002681,"SLC25A46":1.5830123490703334,"FPR2":-0.05601420778451059,"PMPCB":-0.3353698281669069,"JTB":0.5731909877010232,"EBAG9":-0.5666757107938374,"FBXL4":-0.07629375760724634,"OPA1":0.33062117398421986,"TM9SF3":0.7301628544191174,"ATAD3A":0.019265631188144637,"SSR1":-0.18301981331069386,"VAPA":0.5510431721130271,"PGRMC2":0.012611894889141394,"SLC30A9":-0.13789709577615564,"HSCB":-0.22264712208481363,"TOMM22":0.07037825825775135,"RAB11A":0.0,"GALNT1":0.12930340493134623,"EXD2":-0.2750283590380771,"UBE2D3":0.0,"GK":-1.5108196384572048,"UBXN4":0.6672621404883534,"TMED10":0.02707039186134701,"MTCH1":-0.42261815646548956,"MFF":-0.30565782284992044,"GOLGB1":-0.043720161523216956,"USP30":-0.028772596949564178,"ZFPL1":0.1285231354313579,"SEC62":2.646217261517524,"RPN1":-0.270082755236151,"LRPPRC":-0.03014008232093747,"LMAN1":-0.6382603608032953,"C1QBP":0.06273721282783516,"YIPF3":0.27252047321121525,"SEC63":0.09982867801459024,"EXT2":-0.47690392335347925,"GOLGA2":-0.22239920311902428,"GATC":0.0,"YME1L1":0.28291290636109784,"MARCHF5":0.13120413512597295,"IMMP1L":-0.2612597982510476,"CYB5B":0.9380993092175869,"PEX3":0.1547253680945192,"TOMM70":-0.18364551509937255,"ETAA1":0.11565572629894812,"MAVS":0.06467547310100391,"OCIAD1":1.1171405536274979}},"Blast Percent":{"min":-11.0,"max":11.0,"top_text":"High Blast Percent Correlation","bottom_text":"Low Blast Percent Correlation","map":{"JTB":-0.37268674578094435,"TM9SF3":0.6904610453695654,"TOMM70":3.581969160628749,"ATAD3A":1.1047290380115367,"OCIAD1":0.6310823871686287,"IMMP1L":-0.004208900794103121,"UBXN4":0.1684166641152241,"CYB5B":-0.8450324015745588,"CANX":-1.6554512699106405,"TOMM22":0.5387610841047338,"GOLGA2":4.365734819948273,"OPA1":4.419920897871041,"YIPF3":-0.028993932356745748,"PEX3":-0.20636841715943618,"YME1L1":-0.5251497639464953,"GOLGB1":1.4774499423019523,"MTCH2":1.217377830213272,"TMED10":-0.7353258925410062,"UBE2D3":0.0,"LRPPRC":0.8560565169515136,"HSCB":4.173129690860308,"VAPA":0.5684100587329041,"EXD2":1.4810124716496171,"SEC63":-1.6629106706932695,"MTCH1":0.08361495468951106,"MARCHF5":1.8645755865040308,"SEC62":-0.25580354966569024,"EXT2":0.4475562054446831,"USP30":2.652987894479567,"FBXL4":-0.2165282746139305,"GATC":0.0,"FPR2":-4.438549623316934,"SLC25A26":-0.7668046993444677,"C1QBP":2.584490667622572,"GALNT1":1.272697743608278,"SLC30A9":0.9663176953284509,"ETAA1":0.7920150836800179,"MFF":-0.10338680972019551,"AIFM1":1.71155764319493,"EBAG9":0.14642683244451113,"PMPCB":1.631653418320339,"RAB11A":0.0,"ZFPL1":0.7250615828626544,"PGRMC2":-1.2033696986372457,"LMAN1":-0.13047318018906384,"RPN1":0.14679113053446632,"SLC25A46":0.9611841984443662,"MAVS":0.4930912127070781,"HS2ST1":0.02904104017091093,"SSR1":0.3897900888763043,"GK":0.849939071384834}},"Mutation NPM1":{"min":-30.0,"max":30.0,"top_text":"High NPM1 Correlation","bottom_text":"Low NPM1 Correlation","map":{"MARCHF5":0.6885697195693156,"EXT2":-3.2934651555866736,"GOLGB1":0.694815969385187,"RAB11A":0.0,"OCIAD1":1.0736056301648607,"UBXN4":0.11517552521784638,"PGRMC2":-0.9579078188144459,"PEX3":0.23803453073704392,"FPR2":0.3456742823888101,"MFF":0.047842649535125216,"ETAA1":0.7294781589898991,"TOMM70":0.06775622502432846,"ATAD3A":-1.48994089552895,"GALNT1":0.0022284336110002757,