{"Blast Percent":{"min":-11.0,"max":11.0,"top_text":"High Blast Percent Correlation","bottom_text":"Low Blast Percent Correlation","map":{"CS":1.125905481821006,"ATP5PB":0.4831931122950851,"MRPS22":3.2869036816907915,"MRPL44":2.135300294547394,"LRPPRC":0.8560565169515136,"TSFM":2.303847092275237,"HSPD1":2.18622642975138,"MTIF2":2.790015987918335,"GRSF1":2.4907897459542268,"CLPP":1.4695157069569262,"TFAM":4.287608431396111,"MDH2":5.543936109602973,"MRPL11":1.867556334606802,"HINT2":0.7369163012560096,"NDUFS8":4.407757706594103,"CHCHD1":0.6698948714357553,"MRPL4":0.2417683084869882,"DLD":2.9610645628766847,"PDHA1":3.833952722002807,"MRPS35":0.5389613988584351,"MRPS26":3.3688153507987013,"MRPL15":1.996153355100815,"MRPL9":1.6787857811250813,"MRPS7":0.8987317971865958,"DAP3":1.5554312290181067,"TACO1":0.8370968335152877,"MRPL50":1.8609838868715027,"MRPL30":1.8934890627968033,"COX4I1":0.009647545179321345,"PMPCB":1.631653418320339,"TBRG4":0.6834873137899475,"ACAD9":-0.37656864643158616,"MRPL19":2.6410006243639703,"GFM1":1.6921911680794717,"MRPL58":1.8040882455502605,"MRPS12":1.1923623516800161,"MRPS30":1.3183878571180176,"MRPL37":1.0106335866019105,"MRPL13":1.362659651124913,"DDX28":2.7813572864826783,"MRPL39":1.2387908826233442,"MRRF":0.8009611428247637,"MRPS34":7.04530147633551,"SSBP1":1.9693515716967422,"HSCB":4.173129690860308,"NDUFS3":3.2055766594772437,"C1QBP":2.584490667622572,"PMPCA":1.6578218241679659,"TRUB2":1.8841219797493594,"CCDC90B":3.1548884154055377,"AIFM1":1.71155764319493}},"Mutation NPM1":{"min":-30.0,"max":30.0,"top_text":"High NPM1 Correlation","bottom_text":"Low NPM1 Correlation","map":{"MRPS30":0.30167460205182495,"C1QBP":-0.41379299397816716,"MRPS22":2.5212884147175445,"MRPS34":3.173964823154697,"MRPL11":1.0621477161324848,"CHCHD1":0.999471521402136,"MRPL19":1.3117386195733847,"NDUFS8":1.7183416026256515,"MRRF":2.083266106576182,"GFM1":0.36819126807203173,"MRPL39":1.3422950684863766,"DAP3":2.095347565489034,"CCDC90B":-2.7219288463785687,"NDUFS3":1.2485820136720833,"HINT2":2.107390516944121,"MTIF2":3.0250646410442332,"PDHA1":-0.38342436450199746,"MDH2":-0.21848359477808166,"DLD":0.44728227742015503,"TRUB2":-0.20105470884199902,"MRPS26":1.9401182299613426,"COX4I1":0.6647650558440731,"MRPL15":-0.23501608123634316,"HSCB":-0.332388838208586,"ATP5PB":-0.5154151291243886,"MRPS7":1.623682802737367,"MRPL9":0.9651892771382268,"PMPCB":2.3189468713803842,"MRPL37":0.9915017636875699,"MRPL13":0.6143128647620961,"TBRG4":-1.9210364164709122,"TFAM":-0.6301395867220757,"TACO1":1.0373869239713016,"TSFM":-0.923760116744688,"MRPS12":1.155598890758887,"LRPPRC":-0.8360745805749749,"PMPCA":1.3049014522571363,"CS":-1.2210554487371215,"HSPD1":-0.7552996762779499,"CLPP":1.2089139134388258,"MRPL44":0.6798909111803294,"MRPL50":1.3522789071854149,"AIFM1":2.4953571666879704,"MRPL4":0.08487060796196753,"DDX28":-0.10435514669154508,"MRPS35":1.7677660367609966,"MRPL30":0.977522412921049,"ACAD9":-0.6006761520158459,"GRSF1":-0.4332068465280692,"MRPL58":0.7631247002858834,"SSBP1":-0.2745118444771925}},"NPM1 Subtype":{"min":-37.0,"max":37.0,"top_text":"Committed NPM1 Subtype","bottom_text":"Primative NPM1 Subtype","map":{"CCDC90B":-7.745792198969377,"TRUB2":-10.388962559786796,"NDUFS3":-0.740803067109875,"MRPS22":-6.4422251250617215,"MRPL44":-3.324122237090487,"MRPL13":-3.962787489225081,"MRPS35":-3.091307235363864,"TBRG4":-5.0293486693887015,"TACO1":-1.5085273057321287,"AIFM1":-3.49353500575545,"MRPS7":-2.5634399105609784,"MRPL9":-2.7793360473208444,"MRPL37":-2.8874470291119967,"PMPCA":-4.129359517936568,"MDH2":-10.275203587609337,"HSPD1":-9.76196332872376,"HSCB":-6.229036582661704,"MRRF":0.4484529185999883,"MRPL15":-6.187696599445013,"PDHA1":-8.230889833861031,"TFAM":-11.00922572682379,"MRPL39":-5.528627186592574,"MRPS34":-2.6745161628035654,"DLD":-6.146053649618234,"DDX28":-7.264457710025335,"COX4I1":0.2180424024938705,"CHCHD1":-1.1414792619558145,"MRPL4":-1.7460875405596334,"MTIF2":-3.8566162450021517,"SSBP1":-7.379486474349328,"ATP5PB":-2.0091912803306267,"MRPS30":-4.751788650925735,"PMPCB":-3.9812484579169944,"MRPL30":-4.59238342750012,"C1QBP":-3.890608203582633,"MRPS26":-3.991807429702246,"MRPL58":-5.015327601713199,"GFM1":-2.8753825180029806,"HINT2":-1.1472330083759708,"ACAD9":0.4414278311057601,"MRPL11":-3.1725315619752568,"GRSF1":-2.6501630445027673,"CLPP":-0.39062562953059843,"NDUFS8":-2.6833677340449578,"DAP3":-2.705960683830125,"MRPL19":-4.1518884520305095,"MRPL50":-4.481836232189322,"LRPPRC":-4.87031437252102,"MRPS12":-2.673073664235848,"TSFM":-6.158620513848842,"CS":-1.850068308565346}},"MuSiC CD14 Mono":{"min":-50.0,"max":50.0,"top_text":"High CD14 Mono Correlation","bottom_text":"Low CD14 Mono Correlation","map":{"LRPPRC":-3.750501003342939,"TFAM":-11.739526246300523,"PMPCB":-2.191616558157011,"MRPS22":-3.5985980627829988,"MRPS7":-1.865191816005261,"MRPS35":-2.3011075631499263,"TRUB2":-10.113490168132186,"CS":-1.4501864816626708,"GRSF1":-3.560088429316254,"MRPL50":-3.5686609130281477,"MRPS26":-3.9167600315509636,"CLPP":-0.6394174915155585,"MRPL19":-3.0452284657599287,"MDH2":-6.36328508667933,"MRRF":0.199024230462808,"MRPL37":-2.65349760792184,"DLD":-3.707343450076915,"NDUFS8":-1.840015161521226,"MRPL4":-1.622063601415243,"SSBP1":-6.73642691737528,"HSCB":-5.832746614891735,"DAP3":-1.7758658017125424,"MRPL15":-5.960478121978709,"NDUFS3":-0.321373718303882,"AIFM1":-1.5647021183548813,"GFM1":-2.329181240232404,"PMPCA":-2.752920707877986,"HSPD1":-8.597224261864966,"MTIF2":-1.926111229889167,"MRPL13":-4.336676392100727,"COX4I1":-0.019810555215715165,"TACO1":-1.283919391615924,"DDX28":-7.8804805816469,"C1QBP":-4.8160760207016615,"MRPL11":-2.9074153510976832,"CCDC90B":-9.492931793204729,"MRPL30":-5.566051208520734,"MRPL39":-3.952089795938563,"MRPS34":-2.5731518196945364,"MRPL44":-2.9984957721475696,"MRPL9":-3.256964379077804,"CHCHD1":-0.4870859924991819,"TSFM":-5.825431476818724,"MRPS12":-1.8314418476616678,"MRPS30":-3.671560443439892,"ACAD9":0.694617689042393,"MRPL58":-6.2897492008187,"HINT2":-0.42981051397998904,"ATP5PB":-2.2719248240802288,"PDHA1":-8.58143238333792,"TBRG4":-4.737983194931628}},"Overall Survival":{"min":-6.0,"max":6.0,"top_text":"High Survival Correlation","bottom_text":"Low Survival Correlation","map":{"PMPCA":0.009544137651928178,"GRSF1":0.1791903021771674,"LRPPRC":-0.03014008232093747,"ATP5PB":1.5866491941459848,"MRPS12":-0.002942951103107706,"NDUFS3":-0.9064190572101297,"SSBP1":0.057979418900285996,"HINT2":0.021687459430845,"MRPL15":-0.047656205844920536,"MRPL4":-0.4781784453320597,"MRPS26":0.09596775878951923,"TRUB2":-0.2584629672704425,"CLPP":0.2137204635743449,"MRPL39":-0.03474437528514835,"PMPCB":-0.3353698281669069,"MRRF":1.1262007863041785,"GFM1":0.32474043946385844,"AIFM1":0.056147132912738686,"MRPL37":0.390541965012451,"CS":0.443087791218423,"TFAM":-0.17591895583375114,"MRPL44":0.010624496352659217,"MRPL13":0.5572917391319833,"NDUFS8":-0.15002522023820755,"CCDC90B":-0.10511461472186254,"MRPL30":1.0454039175445426,"DLD":0.4061816828825795,"MRPS35":1.0983952444112406,"MRPS34":-0.18665754747111726,"DAP3":0.33192783522919733,"HSPD1":-0.0004652615701074577,"PDHA1":-0.12012533797567616,"TSFM":0.29143956406308363,"TACO1":0.1278627765164327,"MRPS7":-0.13527358194356667,"C1QBP":0.06273721282783516,"MRPL11":0.02530885136717439,"COX4I1":0.6448145229405116,"MRPL50":0.005500578857837332,"MRPS22":-0.14553420811517034,"CHCHD1":0.5937073974446332,"HSCB":-0.22264712208481363,"DDX28":0.1577915111078481,"MRPL9":-0.1041666765355332,"MRPS30":0.30730373471145767,"ACAD9":0.9315411111688089,"MRPL19":-0.14926690531381068,"MTIF2":-1.158279532185458,"MDH2":-0.19550146233629925,"MRPL58":0.08768233626430375,"TBRG4":-0.03692222208608723}},"Mutation FLT3 ITD":{"min":-10.0,"max":10.0,"top_text":"High FLT3 ITD Correlation","bottom_text":"Low FLT3 ITD Correlation","map":{"MDH2":1.0763205551916817,"ATP5PB":1.1442371040927228,"CLPP":1.723796926770455,"HINT2":0.9604777840147092,"C1QBP":1.602391820244794,"TFAM":-0.005320517617689102,"CHCHD1":1.0435848976027742,