{"Overall Survival":{"min":-6.0,"max":6.0,"top_text":"High Survival Correlation","bottom_text":"Low Survival Correlation","map":{"FLT3":-0.8378222628952302,"TIMELESS":0.3370212058456563,"RFC5":-1.3233258373320391,"H3C7":0.0,"HELLS":-0.2712742470257146,"CNOT9":-1.2992564441936416,"PAN2":1.1823911518570576,"CLSPN":-0.21497701534882804,"HNRNPH1":-0.17368619445462755,"CHAF1B":-0.10499204523455148,"DTL":-0.09285307280881122,"PRIM1":0.07845272868799001,"WDHD1":0.08811873398986193,"XPO1":-1.4550714447644295,"MCM2":-1.0751882964464419,"CDC45":-0.28342822077379315,"RAD51":-0.1441936575627032,"PAN3":1.2200294667480531,"MDM4":1.1856290869059314,"FANCI":-0.20764361258475295,"FANCD2":-0.28458754404517145,"POLA1":0.07680771337045951,"H3C3":0.0,"BUB1B":-1.21400712929416,"CHEK1":-0.5499173282646461,"KIF11":-1.1831765416390707,"UHRF1":0.4510656632440845,"PCNA":-0.21000837055259727,"WDR76":-0.252792619837586,"MCM5":-0.8895470490637871,"GINS3":-0.28593656672893997,"BRCA1":-0.25107120662382854,"MAD2L1":0.08827643177729277,"MCM3":-1.1245376732040993,"CDK2":-0.9166780132492727,"CHAF1A":0.22573613901550457,"KIF2C":-1.43761994314117,"CDK1":-0.5325623945150357,"MCM4":-1.3199833349432646,"MCM6":-0.9922125700947177,"H3C2":0.0,"TOP2A":-0.7521973254776794,"BLM":-0.2526883594166053,"KIF4A":-0.4270415291881948,"H3C11":0.0,"SATB1":0.2843122815557938,"TYMS":-0.22480764868954048,"RFC4":-1.077345934080908,"GMNN":-0.8701216307585782,"RAD51AP1":-0.015401600605930765,"MCM7":-1.9931444087827563}},"Mutation FLT3 ITD":{"min":-10.0,"max":10.0,"top_text":"High FLT3 ITD Correlation","bottom_text":"Low FLT3 ITD Correlation","map":{"PAN3":-0.34282932418903017,"KIF2C":-2.1810710420934067,"FLT3":-0.02185307231199852,"CNOT9":-2.225497985067768,"XPO1":0.2544644500796783,"GINS3":-1.7006938946099683,"BRCA1":-1.367661228869997,"RAD51AP1":-2.544507794138959,"TOP2A":-1.5199453422727545,"WDHD1":-1.132394446118181,"PAN2":-0.020022088233306506,"BLM":0.4187989780791477,"PCNA":0.279872200130861,"FANCI":-0.895757513905416,"PRIM1":-0.9851164911385734,"TIMELESS":-1.5964417703913019,"HNRNPH1":-0.0580429207675711,"H3C3":0.0,"H3C11":0.0,"GMNN":-0.9471002787698692,"WDR76":-2.8175766152755632,"MCM4":-1.136067795445333,"H3C7":0.0,"MCM2":-0.6530855247902244,"KIF4A":-1.8418848131597758,"MCM7":-0.5658842245837381,"CDC45":-1.7069546609051889,"BUB1B":-1.815661374978917,"MCM6":-0.4419070075103728,"CHAF1B":-1.3617989024904178,"CLSPN":-1.2706442714132113,"CDK2":-5.617044214489403,"MDM4":-0.8385063982513794,"RAD51":0.42456244171302704,"RFC4":-0.052587574368930336,"DTL":-2.5176893324964835,"CHAF1A":-1.3192544213711588,"H3C2":0.0,"TYMS":-0.7762605040459115,"CDK1":-2.6743485490325334,"UHRF1":-1.7822898590275742,"MAD2L1":-0.9129076925541073,"SATB1":0.1677791873613586,"CHEK1":-2.3952690089495317,"KIF11":-1.9122610099363992,"POLA1":-0.5265933164142871,"RFC5":-1.0516327444858589,"MCM3":-0.7679901169967277,"MCM5":-0.8777554086075336,"HELLS":-1.053437218123235,"FANCD2":-1.0496809812675247}},"MuSiC CD14 Mono":{"min":-50.0,"max":50.0,"top_text":"High CD14 Mono Correlation","bottom_text":"Low CD14 Mono Correlation","map":{"MAD2L1":-4.792396137004716,"PCNA":-0.08346901561886266,"HELLS":-1.0408594473783581,"MCM7":-4.685242975649149,"PRIM1":-1.4169550634598644,"RAD51":0.566355853613537,"KIF2C":0.580223343757911,"BRCA1":-0.5466122588945166,"MCM5":-5.217994032832663,"PAN3":-2.8891177057091912,"CDK1":-0.2716668125361053,"RAD51AP1":-0.17972937290033159,"CHAF1A":-1.115079457695662,"SATB1":-8.068189511935485,"POLA1":-0.32086637718830996,"UHRF1":-1.7737280580967074,"H3C7":0.0,"MCM2":-4.109393782613781,"CLSPN":0.20481323728598522,"XPO1":-1.4175754679797263,"GMNN":-0.015715763870265666,"RFC4":-3.6109908312431918,"MCM6":-3.8973650699769458,"RFC5":-2.515463436763278,"GINS3":-1.4119194607953256,"H3C11":0.0,"MCM4":-5.561232419131785,"MDM4":-2.6929860951841484,"CNOT9":-1.2812295755399004,"CDC45":-1.2039993134646727,"FANCD2":0.4453576103161136,"CHAF1B":-0.8490957139286119,"WDHD1":-0.8271109277650487,"BUB1B":-0.12454914346261463,"BLM":-3.7598730543161833,"WDR76":-0.38497601963247974,"H3C2":0.0,"H3C3":0.0,"PAN2":-0.34236755583719364,"CHEK1":-2.308900902833106,"FANCI":-0.09738153980784418,"HNRNPH1":-4.376710320816772,"KIF11":0.15228156443202034,"MCM3":-4.069112610462759,"TOP2A":0.4694156670950818,"FLT3":-1.5998065526714638,"TIMELESS":-1.0771660047511094,"KIF4A":-0.024869034038375638,"DTL":-1.1619008951881542,"TYMS":-0.5939496531678167,"CDK2":-4.151324747386937}},"Blast Percent":{"min":-11.0,"max":11.0,"top_text":"High Blast Percent Correlation","bottom_text":"Low Blast Percent Correlation","map":{"RFC5":1.4683124439018538,"CNOT9":-0.08521636183035673,"CDK2":-0.11969307808725581,"GMNN":-2.1561824619638963,"MCM7":0.9106640164875115,"CDK1":-1.658548298107838,"KIF4A":-1.6881334292561871,"RAD51":-1.3429953895158175,"CHEK1":-0.29753314306447504,"PAN2":2.788368238684886,"FANCD2":-1.7933124901916129,"MAD2L1":0.0022032785957109093,"RAD51AP1":-1.0442105864823104,"MCM5":0.8602539636320292,"MCM3":0.45684525574861995,"FLT3":4.900491957120127,"MCM4":0.3159562746508393,"XPO1":0.5857500169604274,"PAN3":3.6773518305118538,"SATB1":2.1103388830354017,"WDHD1":-0.7688462928070591,"GINS3":-0.5463694850933458,"CDC45":-1.0037966030044587,"MDM4":0.29033020289542877,"MCM6":0.6205466526861811,"RFC4":1.2950833281093608,"H3C2":0.0,"PRIM1":-0.12283756267815499,"DTL":-0.2855898275844535,"BUB1B":-1.2476116525272083,"H3C3":0.0,"HNRNPH1":3.41412104707734,"TYMS":-0.5429364746878841,"KIF11":-1.5689948070315627,"UHRF1":0.7607261473234809,"POLA1":-0.5757777928921288,"HELLS":-0.27620395478124,"TIMELESS":-1.1523103164885848,"CLSPN":-0.9382946669586997,"TOP2A":-1.253780928400787,"PCNA":0.3275850274938238,"KIF2C":-2.5333462112146226,"FANCI":-1.3141797162121462,"CHAF1A":-0.5668236623761556,"BLM":0.7358128800048006,"H3C7":0.0,"H3C11":0.0,"WDR76":-0.7090328601653831,"CHAF1B":-0.6982775654482742,"BRCA1":-0.5954160471001715,"MCM2":0.8666994623783532}},"Mutation NPM1":{"min":-30.0,"max":30.0,"top_text":"High NPM1 Correlation","bottom_text":"Low NPM1 Correlation","map":{"RAD51":0.47282479217192724,"BLM":0.2100168937417863,"CDK2":-3.5431707502868006,"KIF11":-1.1541124778550933,"PAN2":1.0219890930256041,"FLT3":1.5549358192552714,"SATB1":0.13488147629876215,"WDR76":-2.247905907396953,"MCM4":-1.2131225962471044,"MCM3":-0.8401582949204129,"MCM7":-0.8568515364053902,"HNRNPH1":1.184926616802735,"MCM6":-0.5340373773898617,"H3C7":0.0,"BUB1B":-1.6964179054452235,"PAN3":0.5175828741218413,"FANCI":-0.8057575861650125,"BRCA1":-1.1372533190251854,"CDC45":-2.0232221121811884,"WDHD1":-1.1675511951047988,"FANCD2":-1.0734909049307855,"UHRF1":-4.975886347345992,"RAD51AP1":-3.2719253064354197,"HELLS":-1.9401688026851103,"GINS3":-3.2341483652953538,"DTL":-3.212415663682687,"CHAF1A":-1.240696845215069,"H3C11":0.0,"MDM4":-0.9189628314691409,"RFC5":-1.0056873145831153,"RFC4":0.421892584482464,"PRIM1":-1.324005381125929,"KIF2C":-1.8948548438584705,"TIMELESS":-1.3585142204641838,"H3C3":0.0,"CHEK1":-2.913976410509836,"CLSPN":0.7447947167398818,"TYMS":-0.9840323449407001,"GMNN":0.6342395353624088,"MCM2":-0.8932231535543373,"MAD2L1":-1.5560262467800043,"H3C2":0.0,"CHAF1B":-1.4922894246731504,"XPO1":0.6703624323215266,"CNOT9":-1.8705157738021176,"TOP2A":-0.8058098634877077,"PCNA":1.1298584862887509,"POLA1":-0.3498473760841474,"MCM5":-1.045535582605817,"KIF4A":-2.4467911502568023,"CDK1":-3.2009679038940413}},"NPM1 Subtype":{"min":-37.0,"max":37.0,"top_text":"Committed NPM1 Subtype","bottom_text":"Primative NPM1 Subtype","map":{"HELLS":-0.06442921147733686,"WDHD1":-0.5426823932788457,"KIF11":0.8543569205015441,"POLA1":0.0029179499589939376,"MCM7":-3.9847595744615454,"HNRNPH1":-2.9290618408915643,"SATB1":-3.3156990991115878,"WDR76":-0.3528384393255396,"BRCA1":-0.049069322183682255,"MCM4":-3.9859212665926935,"CHAF1B":-0.06344185166517675,"MAD2L1":-2.818943461035052,"RFC4":-2.97912102554412,"FANCI":0.4276539638177887,"PRIM1":-0.3810607286271939,"TOP2A":1.0548961220309934,"FANCD2":1.347717034032873,"FLT3":-0.34666749872388797,