{"NPM1 Subtype":{"min":-37.0,"max":37.0,"top_text":"Committed NPM1 Subtype","bottom_text":"Primative NPM1 Subtype","map":{"POLR2I":-0.09306818114820757,"MED13":-1.0993887634670891,"SEC13":0.7811197663824258,"MED21":-0.8669976487996078,"MED16":-1.08708601247383,"MED20":-0.134631923991768,"CDK19":-5.08757443270112,"ZC3H13":-6.071557767934487,"THOC6":-1.9047915850140584,"SF3B5":-1.603334234741142,"CCNC":0.04570703280346442,"MED31":-0.6193121231413932,"DDX46":-1.0787651549270605,"MED25":-1.7096568939857764,"MED18":-1.393875721290279,"CASP3":-5.689739204742699,"BRD4":-4.638999711906336,"MED4":-3.104467872426334,"POLR2G":-0.460068911169721,"MED14":-2.2696949512211955,"MED6":-1.475929075618762,"MED12":-4.650227431947504,"POLR2B":-1.9164622442487804,"MED13L":0.5348221471453131,"POLR2C":-3.398487888999382,"TRRAP":-3.624451483780866,"MED7":-2.0207126526254955,"MED30":-1.4595513480372362,"SMU1":-2.132719338807815,"SNRPB":-2.133559243486118,"MED28":-0.9055905301008605,"MED19":-1.5642461232567928,"MED24":-1.475584401856017,"CPSF2":-0.9923700884647249,"POLR2H":-3.684857747344453,"MED8":-2.2057321431127743,"MED22":-2.8744886489701913,"SNRPG":-4.399981902803712,"RECQL":0.13712180165157567,"MED23":-1.7779464334575668,"MED1":-5.695575771596628,"POLR2J":-1.1942135818488497,"MED9":-2.6284011634949684,"MED10":-2.7886050396100135,"MED17":-2.568653702647346,"MED27":-1.6841200195227393,"RAB10":9.377040575130113,"VIRMA":-7.150077191871867,"MED29":-1.0495760396473561,"NCBP1":-0.5542047040672639,"MED15":-2.718988957181282}},"Blast Percent":{"min":-11.0,"max":11.0,"top_text":"High Blast Percent Correlation","bottom_text":"Low Blast Percent Correlation","map":{"BRD4":1.288643145429348,"MED6":3.0357305519203717,"MED25":3.968237223345847,"CCNC":0.10219738665756045,"MED13L":4.4263641075265046,"MED8":3.837268613522564,"RECQL":2.0412361560147327,"MED19":1.3431258830653865,"NCBP1":0.5759193762641407,"MED29":2.5818518205185987,"MED17":6.023123770025023,"MED22":1.6095931347362118,"MED30":4.143996031470697,"POLR2G":3.2550566959366023,"MED24":5.063854739387948,"MED12":6.890587476821401,"POLR2C":7.281973619189204,"TRRAP":10.935466683300897,"CASP3":2.693156513322821,"POLR2J":3.089524568619714,"SF3B5":3.93795713089798,"SNRPG":5.923808348247078,"MED20":3.893106752668515,"CPSF2":1.3643001138983666,"MED1":6.648180326609903,"MED10":3.190121669006801,"MED4":6.4473223887378515,"POLR2B":8.850381366308552,"CDK19":5.811587182551535,"DDX46":7.511482816221787,"MED28":0.4928919180736379,"MED15":2.3788103326632384,"MED31":2.1276215548079414,"VIRMA":8.143531663575498,"MED27":3.1423729186547935,"MED18":1.7193674486710608,"SEC13":1.0937141901241798,"RAB10":-4.569603688108176,"POLR2H":3.4408009497739998,"ZC3H13":5.485898060290072,"MED23":2.8919832692906344,"SMU1":3.4901917307303063,"MED13":2.8347144369619612,"POLR2I":1.454810905181636,"MED16":5.883310720486875,"SNRPB":4.594415350366625,"MED7":1.4214277983701538,"MED9":1.1390170557794639,"MED14":4.841930529416484,"THOC6":4.709952709685679,"MED21":0.6002637973863425}},"Overall Survival":{"min":-6.0,"max":6.0,"top_text":"High Survival Correlation","bottom_text":"Low Survival Correlation","map":{"MED12":0.21203397020618386,"VIRMA":-1.015630855050422,"MED28":-1.8126321439871989,"CCNC":-0.6574162763010198,"MED31":-0.2676360530431491,"SMU1":0.1581731540614517,"CDK19":-0.1355253439346159,"MED6":-2.770349362599046,"ZC3H13":-1.6563254552100681,"POLR2I":0.10205125274977997,"SF3B5":0.02672406511698463,"MED29":-0.6034680896752092,"SNRPG":-0.3954015153078339,"CPSF2":-0.09355374160098015,"TRRAP":-0.6727932958423095,"MED23":0.03315063691660989,"POLR2G":0.15982836057925748,"DDX46":0.28558594107079643,"MED16":-0.09238749704342054,"BRD4":-0.7188798649332288,"POLR2J":0.8294225394932297,"SNRPB":-0.2847508242179855,"MED27":-0.35202900099106926,"MED25":-0.6561406990695882,"SEC13":-0.05993180843779097,"MED19":0.31473846960122454,"RAB10":1.2008059883031093,"MED18":-1.763667989711401,"MED4":-2.540218662555218,"RECQL":0.04304371362687213,"MED8":-3.0989244456588305,"MED20":-0.9730764564957346,"POLR2H":-2.421905632466268,"THOC6":-1.8104317923164184,"MED24":-0.020037775109319266,"MED13":0.4722521042524536,"MED13L":-0.20496588598488133,"MED14":-0.9629576182120511,"MED17":-2.1324841623984163,"NCBP1":-0.6693317607906978,"MED7":-0.2958801270975239,"MED21":-0.12820886547236332,"MED30":-0.25619399005458837,"POLR2B":-0.01680366888660566,"POLR2C":-0.02462466266757078,"MED15":-0.15310901488906298,"MED10":-0.4023526382547366,"MED22":-0.7050184803712514,"MED9":-0.5305819907398629,"CASP3":-0.2176476940204055,"MED1":-1.3982850493252605}},"Mutation NPM1":{"min":-30.0,"max":30.0,"top_text":"High NPM1 Correlation","bottom_text":"Low NPM1 Correlation","map":{"CASP3":0.892056193449153,"TRRAP":1.0455767183720814,"CCNC":0.23251874670860298,"RECQL":4.224114094663791,"MED16":1.4445103467384361,"MED13L":2.0856686686924335,"MED25":0.45150587403758874,"RAB10":-0.12471911885180761,"MED1":0.5204256391718037,"SEC13":3.675372374004691,"MED17":0.5267678844528483,"MED22":-0.17951919912920578,"SNRPB":2.1546465142743676,"MED31":0.18430802086282091,"MED6":0.44421938194023763,"POLR2B":1.380801561767137,"POLR2C":0.8683572260888152,"DDX46":4.781968296172078,"MED10":-0.3972684398332326,"MED28":-0.3392327672129438,"POLR2I":2.058629347242145,"CDK19":-0.37152981713337985,"SMU1":4.290836750307302,"POLR2J":-0.3745676883916392,"MED4":0.39269394633860216,"MED15":0.10129444050697378,"MED19":-0.3806675013285794,"MED18":0.9618615339313872,"MED9":-1.0123864767845008,"POLR2H":1.6767834796297627,"MED13":2.7124438184133988,"MED23":0.20176158339097386,"POLR2G":1.115253614181086,"ZC3H13":4.341571461529795,"NCBP1":2.073912507579651,"THOC6":2.149373567065106,"CPSF2":4.611318979239084,"MED30":0.3315943984656006,"MED20":2.3768633914522836,"MED29":1.32440295972385,"MED12":2.0107246691470446,"MED8":0.6033535254250142,"MED14":-0.00046311507145696925,"SF3B5":3.847865432050465,"MED7":-0.43401839729245906,"MED21":-0.756061405280062,"MED24":0.8568755635445635,"BRD4":-1.0693798516051412,"MED27":1.6015653222435575,"SNRPG":-0.0678747410489557,"VIRMA":3.0942444395048465}},"MuSiC CD14 Mono":{"min":-50.0,"max":50.0,"top_text":"High CD14 Mono Correlation","bottom_text":"Low CD14 Mono Correlation","map":{"MED29":-1.7771316434162785,"MED17":-2.5437910794026606,"MED15":-2.0227496504919977,"ZC3H13":-5.959329804481943,"BRD4":-3.6745782819782855,"SNRPB":-1.1119896567593628,"MED4":-4.8872366281420225,"MED13":-0.5047758188710564,"CPSF2":-0.6480869768383944,"MED14":-1.630269204346698,"POLR2G":-0.6827561906273022,"SMU1":-1.2631754197370646,"MED18":-0.9176067688041047,"MED12":-6.111333189890192,"MED22":-2.783783030655239,"POLR2I":-0.08273368579298505,"POLR2H":-5.2595061264406,"NCBP1":0.01856417192801737,"POLR2J":-0.5854983814406698,"VIRMA":-5.414485281507812,"MED31":-0.9276035485465489,"MED16":-0.6870465424368375,"MED30":-1.9885977783679416,"MED9":-4.063676162104142,"SNRPG":-4.157255070514375,"THOC6":-1.7400990570641657,"MED19":-0.7114519847570608,"CASP3":-5.3090185179792195,"POLR2B":-1.240789725816863,"POLR2C":-4.266309367758648,"MED23":-2.0833358934614683,"SEC13":1.8749724264014862,"MED28":-0.36694737934420096,"TRRAP":-2.708147420223346,"MED27":-0.9631429699869102,"CCNC":0.2464455650080296,"MED6":-0.49721116033251866,"MED10":-2.92813655847782,"MED25":-2.7091929040438587,"SF3B5":-1.216523863010764,"RECQL":0.3120217449919191,"MED20":-0.07604253123376617,"DDX46":-1.518850827041215,"MED1":-6.31209081129881,"MED7":-0.7642519020796809,"RAB10":13.073168714334573,"MED21":-1.0464545716599547,"MED8":-1.6784362288668124,"MED24":-0.8662626872539704,"MED13L":-0.8410974438351045,"CDK19":-6.887036405531491}},"Mutation FLT3 ITD":{"min":-10.0,"max":10.0,"top_text":"High FLT3 ITD Correlation","bottom_text":"Low FLT3 ITD Correlation","map":{"CPSF2":2.358918695921101,"CASP3":0.370503446336094,"MED31":-0.3035639018749459,"CCNC":-0.7561122810127088,"CDK19":-0.0034433128094104315,"ZC3H13":0.9639522663898021,"NCBP1":0.7953753568817729,"MED24":0.1446211957308528,"MED9":0.13675836549064554,