{"Overall Survival":{"min":-6.0,"max":6.0,"top_text":"High Survival Correlation","bottom_text":"Low Survival Correlation","map":{"NCAPH":-0.355356929716138,"CCNA2":-0.7448015830923687,"CCNB2":-2.1769377354935684,"SMC2":-1.0651367997222476,"CDCA5":-1.1306642068327637,"KIF20A":-0.35756241025303614,"SKA1":-0.5814298863310765,"ANLN":-1.2313299768404802,"CIT":-0.5323773144182699,"KIF11":-1.1831765416390707,"DIAPH3":-1.005835478441934,"SHCBP1":-0.15180720352801289,"ESCO2":-0.49718815931937527,"CDCA2":-1.067871625962004,"CDC45":-0.28342822077379315,"RAD51":-0.1441936575627032,"HMMR":-0.02515574999965409,"BUB1B":-1.21400712929416,"KNSTRN":0.06161907249007374,"DLGAP5":-0.8694411547239562,"NCAPD3":-0.4510321733173514,"CCNB1":-0.5499195133740654,"SPC25":-0.37546411845604727,"RAD51AP1":-0.015401600605930765,"KIF22":-0.714325516938721,"CENPF":-1.2659014786835214,"AURKB":-0.305928709774209,"CDK1":-0.5325623945150357,"NDC80":-0.545689004771714,"SPAG5":-0.16624916479022592,"KIF18B":-1.0721715852113909,"TPX2":-1.13897847295325,"RACGAP1":-0.8418040978864305,"NUF2":-0.6204791793846218,"PLK1":-1.2110006950014727,"INCENP":-0.8815504022773207,"ZWINT":-0.9661832664344746,"KIFC1":-0.8076768748238335,"NCAPG":-0.04807048723401925,"KIF4A":-0.4270415291881948,"KIF15":0.06748406078580846,"KIF2C":-1.43761994314117,"GTSE1":-0.38398596618565106,"CLSPN":-0.21497701534882804,"KNL1":-0.4051193783003098,"CDCA8":0.02352329158972153,"KIF23":-0.3865782835404145,"MKI67":-0.9074378830287178,"SPC24":0.04705416562389378,"RRM2":-1.1094093911317633,"MELK":-0.6503413206015999}},"MuSiC CD14 Mono":{"min":-50.0,"max":50.0,"top_text":"High CD14 Mono Correlation","bottom_text":"Low CD14 Mono Correlation","map":{"KNSTRN":-0.4691357911486296,"RAD51AP1":-0.17972937290033159,"CCNA2":0.36273922643833345,"SHCBP1":0.5166454662391472,"CCNB1":0.1980939180771828,"CDCA2":0.2208678185429844,"NUF2":1.756849040735839,"NCAPH":1.6561101253377135,"KIF15":0.3161510032271848,"INCENP":0.15696893505083556,"HMMR":0.12217332573206856,"KIF20A":0.20661479760439025,"NCAPG":1.7340175470067314,"KNL1":0.6169471070850671,"KIF11":0.15228156443202034,"CDCA8":0.05134693277014945,"SKA1":-0.38782950514612097,"NCAPD3":0.7025573158483888,"RAD51":0.566355853613537,"ZWINT":0.17360524098255664,"CLSPN":0.20481323728598522,"CENPF":-0.15065518840002162,"DIAPH3":0.24302043156905428,"CDK1":-0.2716668125361053,"AURKB":0.08853922019031443,"PLK1":0.5580980243878296,"CDC45":-1.2039993134646727,"CIT":0.47753721800572124,"KIF4A":-0.024869034038375638,"MELK":0.7892472886378328,"GTSE1":0.368546027415102,"KIF23":-0.15114761509259442,"NDC80":1.241804526377869,"RRM2":0.5245476352262228,"MKI67":0.4243461950440877,"KIF18B":0.03520396090713347,"SPC24":0.5501147138467084,"DLGAP5":0.046187233096142186,"RACGAP1":0.15681989481953287,"SPAG5":-0.06121536075479558,"TPX2":0.0008280571182637873,"CCNB2":0.2881947332506961,"ANLN":0.8642865259254615,"KIFC1":-0.02722721970073322,"BUB1B":-0.12454914346261463,"CDCA5":0.03145886988788106,"SPC25":0.6826470377467391,"KIF22":0.03334118618357636,"SMC2":0.8700079873042391,"KIF2C":0.580223343757911,"ESCO2":-0.0997531951457721}},"Mutation FLT3 ITD":{"min":-10.0,"max":10.0,"top_text":"High FLT3 ITD Correlation","bottom_text":"Low FLT3 ITD Correlation","map":{"ESCO2":-1.4273250496314842,"KIF23":-2.4927200100074387,"SPC25":-1.6593444986437926,"KIFC1":-2.7480661237588015,"KIF22":-1.5530776274183438,"TPX2":-1.6591680940946956,"KNL1":-1.0169710527522602,"SHCBP1":-2.1458215100116114,"RACGAP1":-1.6208191072755878,"SPC24":-2.173190302334768,"NCAPD3":-1.0345243903773507,"KIF18B":-1.5475962677015638,"BUB1B":-1.815661374978917,"CDCA5":-2.1332041441684426,"CDK1":-2.6743485490325334,"AURKB":-1.3211854956046967,"SKA1":-3.008025854351099,"NCAPH":-1.6808552800479717,"PLK1":-1.2843183895800578,"KIF2C":-2.1810710420934067,"ZWINT":-1.514244660052344,"RAD51":0.42456244171302704,"CENPF":-1.72815454490254,"DIAPH3":-1.8684895228900307,"MELK":-0.4135019058544016,"NUF2":-0.9212012073002022,"CIT":-0.6348507608881219,"NDC80":-1.2821049916816711,"HMMR":-0.5310943988124586,"SPAG5":-1.7687212390868534,"GTSE1":-1.8699535302835442,"DLGAP5":-1.9624087560086163,"KNSTRN":-1.869237253561682,"CLSPN":-1.2706442714132113,"SMC2":-1.0853232518267806,"KIF4A":-1.8418848131597758,"CDCA2":-1.8156699941618497,"CDC45":-1.7069546609051889,"KIF15":-1.79985207716335,"KIF11":-1.9122610099363992,"ANLN":-1.8148720539518408,"INCENP":-1.493742643601615,"CCNB2":-1.6699634667733958,"RAD51AP1":-2.544507794138959,"RRM2":-1.7429648556245427,"MKI67":-2.080138184792762,"CCNA2":-2.1053400010406236,"NCAPG":-1.4857475672563156,"KIF20A":-0.9935653313266601,"CCNB1":1.0633928462710631,"CDCA8":-1.422341139260501}},"NPM1 Subtype":{"min":-37.0,"max":37.0,"top_text":"Committed NPM1 Subtype","bottom_text":"Primative NPM1 Subtype","map":{"DLGAP5":-0.49652767781385915,"CDCA5":0.9087061297730263,"TPX2":-0.36430666740786716,"NCAPG":2.5506834262899694,"NUF2":2.450583044399066,"MKI67":1.2792450508849282,"RAD51":1.4475495633655877,"ZWINT":0.9078860125970595,"KIF15":1.0963680850961408,"RRM2":1.1726543224934527,"MELK":1.9319366982173405,"SPC24":1.3496651852104127,"KIF20A":1.2573136368459923,"SMC2":1.333560512238927,"KNL1":1.3974299546608069,"KIF4A":0.48856483826291786,"CCNB1":0.9424552451088607,"KNSTRN":-0.29923718804783783,"CCNB2":1.1984220121394902,"NCAPH":2.4903183471711947,"GTSE1":1.2644516040728386,"KIF2C":1.0665650520517223,"CCNA2":1.3496336759764287,"CIT":1.404050365311681,"SHCBP1":1.6207954813328382,"BUB1B":0.580098670768584,"KIF11":0.8543569205015441,"SPAG5":-0.8697882655714508,"CLSPN":1.6288494170435353,"CDK1":0.5154729779547357,"ANLN":2.1311214657681146,"AURKB":0.9889055167436234,"CDCA8":0.5227570130490687,"DIAPH3":1.090367820385944,"KIF22":0.7040566967003051,"CENPF":-0.25257208564909744,"PLK1":1.6545352886243025,"SKA1":0.30308264051676875,"KIF18B":0.8307863876411813,"INCENP":0.7515315502815286,"KIFC1":0.5986933458480881,"RACGAP1":0.9490055216992039,"KIF23":0.5010606230705682,"NDC80":2.263156909759963,"ESCO2":0.6602003002527173,"CDC45":-0.1680306828497911,"SPC25":1.590059313909726,"RAD51AP1":0.48901661658628903,"CDCA2":0.6663000863057635,"NCAPD3":1.0125128988069607,"HMMR":1.0991403338181092}},"Mutation NPM1":{"min":-30.0,"max":30.0,"top_text":"High NPM1 Correlation","bottom_text":"Low NPM1 Correlation","map":{"KIF23":-2.375624425833666,"CENPF":-0.9571921654332103,"ZWINT":-0.480644569751237,"KIF11":-1.1541124778550933,"KIF18B":-0.572321176712236,"INCENP":-1.2610215274922927,"HMMR":-0.31776692384417315,"ESCO2":-1.2494006941869276,"DIAPH3":-1.3599575619394941,"CLSPN":0.7447947167398818,"SMC2":-1.1969971140737108,"DLGAP5":-1.5632808669583766,"SPC25":-1.750842741771455,"KIF2C":-1.8948548438584705,"RACGAP1":-1.7235875774612748,"CDCA2":-2.914688930558942,"NCAPD3":0.20970514078761346,"KNSTRN":-2.1069058075337725,"RAD51AP1":-3.2719253064354197,"GTSE1":-1.1290607897839104,"CDC45":-2.0232221121811884,"RRM2":-1.6088005103161476,"CDCA5":-1.412683969020701,"NCAPG":-2.19145466862639,"CDCA8":-2.2754080657823916,"NDC80":-0.719839385018763,"KIF20A":-0.4428866058486983,"KIF4A":-2.4467911502568023,"SPC24":-2.655727415102937,"ANLN":-0.7652132219498247,"PLK1":-1.4490295127864021,"CIT":-0.05638857856792259,"TPX2":-1.3974049707206846,"NUF2":-0.794653392985494,"MKI67":-3.758397876139451,"AURKB":-1.4079529910624258,"KNL1":-0.3732832466382216,"CCNB2":-1.3761693801197608,"KIF15":-3.3755655125632265,"MELK":-0.2871735311950305,"BUB1B":-1.6964179054452235,"SHCBP1":-2.429747547008354,"SPAG5":-1.8963497188724836,"KIF22":-1.4006666268339862,"SKA1":-1.4957555637522197,"CDK1":-3.2009679038940413,"RAD51":0.47282479217192724,"CCNA2":-1.5198664967718478,"NCAPH":-2.1626591421682098,"CCNB1":-1.1514116056407238,"KIFC1":-1.7729047750552664}},"Blast Percent":{"min":-11.0,"max":11.0,"top_text":"High Blast Percent Correlation","bottom_text":"Low Blast Percent Correlation","map":{"AURKB":-1.0354634974696724,"RRM2":-2.291079431575882,"CCNB1":-1.7275018054865032,"KIF4A":-1.6881334292561871,"SMC2":-3.0900968857065947,"MELK":-1.0776167466818878,