{"Overall Survival":{"min":-6.0,"max":6.0,"top_text":"High Survival Correlation","bottom_text":"Low Survival Correlation","map":{"ZNF891":0.0,"ZNF397":0.24161647276467857,"DYNC2LI1":-1.9067654241722245,"ZSCAN23":0.0,"MT-ND4":0.4932692787562001,"IFT81":-1.0768739261138986,"GNRHR":0.0,"TTC30A":-0.29600046123595986,"TRIM9":0.0,"FCER1A":0.0,"ZNF446":0.03108823122138763,"TAS2R20":0.0,"MT-ND2":0.0,"TAS2R30":0.0,"CHPF":0.0,"ZNF785":-0.08698367787080755,"KRBA2":0.0,"PRH2":0.0,"MT-ND4L":0.0,"TAS2R46":0.0,"CLDN20":0.0,"SPTY2D1OS":0.0,"PCYOX1":-0.31969071598231064,"MFSD4B":-0.9196857858496914,"SARM1":-0.9311984394615525,"WDR27":0.0,"MKRN2OS":0.0,"STX19":0.0,"TAS2R31":0.0,"CKMT2":0.0,"TAS2R50":0.0,"ZSCAN30":-0.2833157711255567,"OCLN":-0.7691703790413683,"IFT74":-0.16568192489253253,"CFAP36":0.6015321847457779,"SPIN2A":-0.34090227536405,"TAS2R13":0.0,"MT-ND5":0.08304888240271723,"MT-ATP6":0.4182306767025915,"TTC28":-0.271140616935786,"MT-ND1":1.385411085696571,"GVQW3":0.0,"MT-ATP8":0.4243913053777323,"TAS2R14":0.0,"TAS2R10":0.0,"SPDYE21":0.0,"DYNC2H1":0.05777646239699154,"SEMA4C":-0.4410056042566537,"TEX52":0.0,"MT-ND6":0.0,"TAS2R19":0.0}},"Mutation NPM1":{"min":-30.0,"max":30.0,"top_text":"High NPM1 Correlation","bottom_text":"Low NPM1 Correlation","map":{"ZNF446":1.5345422037839798,"TAS2R19":0.0,"MT-ND4L":0.0,"DYNC2H1":-0.15156450977224464,"TTC28":-5.314495008756166,"TRIM9":0.0,"CFAP36":1.5905877379039957,"MT-ND6":0.0,"SPIN2A":-0.24758901704974368,"PRH2":0.0,"ZNF891":0.0,"TAS2R20":0.0,"MT-ND2":0.0,"KRBA2":0.0,"GVQW3":0.0,"TAS2R13":0.0,"CKMT2":0.0,"TAS2R50":0.0,"MT-ND4":-0.6756388143368872,"DYNC2LI1":0.06398949606396992,"TAS2R46":0.0,"IFT74":1.637833184752751,"PCYOX1":-1.1749575876094889,"SARM1":-1.7790072279439146,"WDR27":0.0,"MT-ND5":-0.21194483551203452,"ZSCAN30":-1.1471421936448145,"ZNF397":1.8284870960260708,"MKRN2OS":0.0,"MT-ND1":0.6767171188702855,"STX19":0.0,"CHPF":0.0,"FCER1A":0.0,"CLDN20":0.0,"SPTY2D1OS":0.0,"TAS2R31":0.0,"IFT81":1.5593065932429164,"TEX52":0.0,"SPDYE21":0.0,"TAS2R30":0.0,"SEMA4C":1.567920150462463,"MT-ATP8":0.39855188115006857,"GNRHR":0.0,"MT-ATP6":0.5000612712167279,"OCLN":16.79811206412342,"TAS2R14":0.0,"MFSD4B":-0.44593128962183637,"TTC30A":0.783941391564097,"ZSCAN23":0.0,"ZNF785":-0.13258597168500502,"TAS2R10":0.0}},"Blast Percent":{"min":-11.0,"max":11.0,"top_text":"High Blast Percent Correlation","bottom_text":"Low Blast Percent Correlation","map":{"TAS2R20":0.0,"TAS2R30":0.0,"DYNC2H1":-0.7981298289305958,"TTC28":-0.1731768725481474,"STX19":0.0,"ZSCAN30":0.38112036312737524,"TAS2R13":0.0,"IFT81":2.774158088437798,"ZNF397":2.3925500275276095,"CKMT2":0.0,"GNRHR":0.0,"MT-ND2":0.0,"MT-ND6":0.0,"MT-ATP8":0.6351436513323178,"TAS2R31":0.0,"PCYOX1":-0.2451556142122792,"SEMA4C":1.01335279859008,"DYNC2LI1":0.47777493868236215,"MT-ND4":-1.4818195556214533,"SPTY2D1OS":0.0,"SPIN2A":1.7599473717228902,"TTC30A":1.2667437797021812,"MT-ATP6":1.4030133271671628,"TAS2R46":0.0,"ZNF891":0.0,"MFSD4B":-1.169154499808953,"MT-ND5":-0.5685380749919262,"TAS2R10":0.0,"TAS2R50":0.0,"CFAP36":0.23028696589379888,"SPDYE21":0.0,"TRIM9":0.0,"MT-ND4L":0.0,"WDR27":0.0,"ZNF446":2.57672998678649,"OCLN":-0.39954287578427045,"ZNF785":2.7534573074465705,"SARM1":-0.5769733356017546,"TAS2R14":0.0,"TEX52":0.0,"CLDN20":0.0,"TAS2R19":0.0,"FCER1A":0.0,"IFT74":1.0102679365065732,"MT-ND1":0.6073533839182051,"MKRN2OS":0.0,"CHPF":0.0,"KRBA2":0.0,"PRH2":0.0,"GVQW3":0.0,"ZSCAN23":0.0}},"Mutation FLT3 ITD":{"min":-10.0,"max":10.0,"top_text":"High FLT3 ITD Correlation","bottom_text":"Low FLT3 ITD Correlation","map":{"TAS2R20":0.0,"DYNC2H1":-0.15184931288069406,"TAS2R19":0.0,"TAS2R14":0.0,"SPTY2D1OS":0.0,"CKMT2":0.0,"CLDN20":0.0,"TAS2R46":0.0,"MT-ND5":0.3940698046947303,"PRH2":0.0,"IFT81":1.5924518351145511,"ZSCAN23":0.0,"TAS2R13":0.0,"ZNF785":0.5354184082508502,"SPDYE21":0.0,"MKRN2OS":0.0,"MT-ND4L":0.0,"TTC28":-0.6047007583789868,"STX19":0.0,"TAS2R10":0.0,"MT-ND4":-0.5880419659863683,"MT-ND2":0.0,"MT-ND6":0.0,"TRIM9":0.0,"MT-ND1":1.6713109021277204,"SEMA4C":0.7735615564772159,"TAS2R30":0.0,"TEX52":0.0,"GNRHR":0.0,"GVQW3":0.0,"PCYOX1":-0.8330342601696292,"CHPF":0.0,"OCLN":3.396012897356365,"DYNC2LI1":0.07718574892339644,"FCER1A":0.0,"SARM1":-1.5679614328123639,"WDR27":0.0,"ZNF446":1.215871576619642,"SPIN2A":-0.17696083298496157,"TTC30A":0.9957854284136336,"MT-ATP6":0.3142364052013859,"TAS2R50":0.0,"TAS2R31":0.0,"MT-ATP8":1.0808488364892246,"KRBA2":0.0,"MFSD4B":-0.5867826462023535,"IFT74":1.8057222014478573,"CFAP36":1.5394444291704028,"ZNF397":0.9845748239457441,"ZSCAN30":-0.1608409103932466,"ZNF891":0.0}},"MuSiC CD14 Mono":{"min":-50.0,"max":50.0,"top_text":"High CD14 Mono Correlation","bottom_text":"Low CD14 Mono Correlation","map":{"MFSD4B":-0.015758128449904246,"TAS2R10":0.0,"MT-ATP8":-0.6616710263244675,"OCLN":0.29792016738778204,"TAS2R13":0.0,"KRBA2":0.0,"ZSCAN23":0.0,"TEX52":0.0,"IFT81":-11.85065730892925,"MKRN2OS":0.0,"TAS2R30":0.0,"STX19":0.0,"CKMT2":0.0,"ZNF891":0.0,"TAS2R46":0.0,"ZNF446":-2.35598239535875,"TAS2R19":0.0,"FCER1A":0.0,"WDR27":0.0,"ZNF785":-4.90995294568414,"MT-ATP6":-2.4984181124988014,"SPDYE21":0.0,"CFAP36":-8.32554352012613,"PRH2":0.0,"MT-ND2":0.0,"MT-ND5":-0.3638831768998565,"TTC30A":-7.2958171966785965,"TAS2R31":0.0,"MT-ND6":0.0,"ZNF397":-2.5944774218912654,"MT-ND1":-5.411256327246127,"DYNC2H1":-0.33599800941924474,"ZSCAN30":-8.036832394284344,"PCYOX1":-1.7312178225645478,"TAS2R50":0.0,"SEMA4C":-1.264233669692533,"TTC28":-2.4542346843748737,"DYNC2LI1":-1.7451348978993597,"MT-ND4L":0.0,"GNRHR":0.0,"IFT74":-7.53278829060878,"TRIM9":0.0,"SARM1":-0.54961946149274,"TAS2R14":0.0,"TAS2R20":0.0,"GVQW3":0.0,"SPIN2A":-4.094219505878326,"SPTY2D1OS":0.0,"CHPF":0.0,"MT-ND4":-1.4435949104310977,"CLDN20":0.0}},"NPM1 Subtype":{"min":-37.0,"max":37.0,"top_text":"Committed NPM1 Subtype","bottom_text":"Primative NPM1 Subtype","map":{"TTC30A":-3.792844237450825,"CFAP36":-7.651894930347283,"PRH2":0.0,"TAS2R46":0.0,"TAS2R50":0.0,"IFT81":-12.282600705076764,"TEX52":0.0,"MT-ATP6":-1.3287581810171814,"SEMA4C":-3.650554465225772,"CHPF":0.0,"TAS2R13":0.0,"ZNF891":0.0,"TAS2R20":0.0,"MT-ND1":-2.752291002390875,"MFSD4B":0.026706421383050342,"SPDYE21":0.0,"TAS2R30":0.0,"STX19":0.0,"TAS2R10":0.0,"GVQW3":0.0,"FCER1A":0.0,"ZNF785":-4.674067945894911,"ZNF446":-3.442667271362798,"KRBA2":0.0,"TAS2R14":0.0,"MT-ND5":-0.3639133374628645,"TAS2R19":0.0,"SARM1":-2.0895619005425963,"OCLN":-0.40784710101381744,"ZSCAN23":0.0,"WDR27":0.0,"CLDN20":0.0,"GNRHR":0.0,"PCYOX1":-2.304482327456746,"ZSCAN30":-7.189542288795928,"MT-ATP8":-0.37402046826037544,"SPIN2A":-4.895088825899201,"TRIM9":0.0,"MT-ND4L":0.0,"IFT74":-7.407968774251503,"ZNF397":-5.600882578881476,"MT-ND2":0.0,"MT-ND6":0.0,"TTC28":-3.2016669524008035,"DYNC2H1":-0.04780410256754455,"MT-ND4":-0.6994819892708006,"CKMT2":0.0,"TAS2R31":0.0,"MKRN2OS":0.0,"SPTY2D1OS":0.0,"DYNC2LI1":-3.030018021726742}}}