{"Mutation FLT3 ITD":{"min":-10.0,"max":10.0,"top_text":"High FLT3 ITD Correlation","bottom_text":"Low FLT3 ITD Correlation","map":{"FLOT1":-0.8029639663494319,"NATD1":-0.860510621443291,"GRB2":-0.11806133918238056,"NIBAN2":0.13699783463930856,"STK11":-1.0205363882832434,"FZR1":-0.7852511264289633,"SNX2":2.1543642927726667,"S100A10":0.21020433514710626,"MAP2K3":-2.0931322023388352,"ARAF":-2.070794192889826,"PCBP1":0.04929099806153448,"MAP3K2":0.7774772951762599,"ARHGAP31":0.14695312643075098,"AKT1":0.23256026353935555,"TUBB2A":0.3124614305957704,"KRAS":0.07625659147457894,"H2BU1":0.0,"USP9X":-0.9588847108477531,"BECN1":-1.5210035185959996,"NHLRC2":-2.5041545125388573,"MKNK2":0.0,"ARF6":1.0057614505913428,"PLEC":0.39039400195161567,"UBXN6":-0.4313779842674909,"MAPK3":-0.3841218790320393,"SNX6":1.08680721834708,"PDAP1":-0.2468609709537323,"ANXA2":0.8661920902322086,"EHD4":-0.19605992214467385,"CTSB":1.1535108033500154,"RBM47":0.3819901380014061,"MAPK14":-0.11073290881855208,"NAPRT":-1.2085161114822263,"DUSP2":0.0,"MICAL2":0.2197037230475749,"CDC42":0.10199900252348132,"CD14":-0.19211856005111033,"CORO1C":-0.9518964169213626,"SECTM1":-0.03436513184928694,"CLCN5":0.26150227200286946,"EZR":-2.8312778491910517,"CCR1":0.3984972074706011,"ZYX":-0.5698531627370537,"MAP3K3":-0.4827893066550632,"EHD1":-1.9422247891318594,"LTA4H":0.0064133056410171215,"PLCB2":0.2970901190438887,"CAPN2":0.18384206786218665,"VCAN":0.43565587413685997,"SH3TC1":0.6788973871874571,"MAPK1":-0.47211321367039466}},"Mutation NPM1":{"min":-30.0,"max":30.0,"top_text":"High NPM1 Correlation","bottom_text":"Low NPM1 Correlation","map":{"KRAS":0.3120119779791907,"MICAL2":0.3774378173729925,"AKT1":1.021275447586404,"ARHGAP31":-0.561677270673986,"MAP3K3":-0.12838321836833572,"NHLRC2":-1.6384188709685843,"H2BU1":0.0,"PCBP1":2.769268815023043,"EZR":-3.2004458758817966,"S100A10":1.4940742884316098,"CCR1":2.355662390331561,"NAPRT":-1.0180719686015647,"TUBB2A":-0.41873606371772315,"NIBAN2":0.030057326365891604,"ARAF":-0.4405918552344068,"ANXA2":2.1508435393284264,"MKNK2":0.0,"BECN1":-2.1788222102030392,"USP9X":-2.2693757633917895,"ZYX":-0.2060228014426895,"DUSP2":0.0,"MAPK3":1.2087434610654548,"RBM47":0.1291503667231287,"UBXN6":-0.43749083355783586,"CD14":0.46064586874553337,"CTSB":3.362498945537112,"SECTM1":0.6207477645161033,"VCAN":2.5039317698904964,"MAP3K2":0.8717137021244811,"PDAP1":0.04610815449855024,"LTA4H":-0.42681778310413226,"EHD1":-0.6009463276420185,"SNX6":3.540931560481162,"NATD1":-0.5932423380218521,"PLEC":3.393512129725884,"CORO1C":-0.28121358810427644,"FLOT1":-0.1856990453438849,"FZR1":0.02603703921379268,"SH3TC1":1.4976354449759839,"SNX2":4.878992517422884,"GRB2":0.03976063579371648,"STK11":-1.85048162534006,"CDC42":0.035887781944392017,"EHD4":-0.22209958217934322,"MAPK14":-0.02290806900671353,"PLCB2":0.7738895101022252,"MAP2K3":-3.1672238676444273,"CAPN2":1.3601005969504758,"CLCN5":0.3111635247048319,"MAPK1":-0.07252671634313321,"ARF6":0.02183481721384159}},"Overall Survival":{"min":-6.0,"max":6.0,"top_text":"High Survival Correlation","bottom_text":"Low Survival Correlation","map":{"MKNK2":0.0,"CLCN5":-0.1896588699232645,"MAPK3":1.051501922327441,"PLCB2":1.8179594588684018,"FLOT1":-0.41900163861344325,"CDC42":-0.0539638323949556,"MAPK14":-0.052455266466236536,"MAP3K2":-0.003288982476557568,"CTSB":0.05076244609391368,"PLEC":-0.049794416499835396,"ARAF":0.8497848878996224,"VCAN":0.08209896532615112,"GRB2":-0.028500014139479373,"RBM47":-0.20731196464717086,"H2BU1":0.0,"SH3TC1":0.14416917423586662,"CCR1":-0.062432581439242456,"PDAP1":-2.2547526833604423,"LTA4H":-0.17130212942314513,"CORO1C":0.24588876712966587,"KRAS":0.32504972471163424,"MICAL2":0.2660326938836721,"MAP3K3":-0.0368830273452983,"MAPK1":-0.10460361807640729,"SNX2":0.5489309347565439,"DUSP2":0.0,"FZR1":-0.4894040441681836,"NIBAN2":0.3105977565575506,"EZR":0.44060847849181484,"CAPN2":0.6090870469572697,"ZYX":0.5578955400032496,"SECTM1":-0.10042567402188134,"MAP2K3":0.11441514180069605,"UBXN6":0.5481636457198487,"BECN1":0.3087847152340772,"NHLRC2":-0.021931789283060943,"ANXA2":-0.025741131387706975,"SNX6":0.2838884086646696,"ARF6":0.19820810276871087,"EHD4":0.38771163882320525,"AKT1":0.1246364468502269,"NATD1":0.09648386638671598,"STK11":-0.13334096690435868,"EHD1":1.9494744465713258,"PCBP1":0.2216954769504696,"S100A10":0.31911099857697417,"USP9X":-0.024976033094742094,"TUBB2A":0.6176590718350645,"CD14":0.09774012993357803,"ARHGAP31":0.8839085069485773,"NAPRT":0.002337665146829074}},"MuSiC CD14 Mono":{"min":-50.0,"max":50.0,"top_text":"High CD14 Mono Correlation","bottom_text":"Low CD14 Mono Correlation","map":{"UBXN6":0.32281604748384135,"TUBB2A":0.2506907697929757,"SNX6":11.340470101656729,"MICAL2":11.913765517328457,"CLCN5":12.96252381553124,"MAPK14":10.297912283006534,"STK11":-0.6351811125497109,"MAP3K2":22.62325505423633,"FZR1":-0.8928244185747809,"S100A10":11.90917753344898,"KRAS":10.118181926267097,"EHD4":19.763411014070073,"MAP3K3":28.67154813147519,"USP9X":5.374110229014715,"PDAP1":-0.21792778517912903,"NATD1":1.4103800397743793,"NHLRC2":2.475840967817459,"NIBAN2":18.528718175600854,"SECTM1":32.7265236783681,"EHD1":8.765757729675911,"GRB2":17.20549236045125,"CD14":36.76744024455036,"NAPRT":5.365016930751354,"ARHGAP31":7.984529649260941,"H2BU1":0.0,"MAP2K3":2.7123857917220735,"CDC42":14.431448766645614,"VCAN":37.38227869576263,"EZR":5.019842186282769,"CTSB":14.510174529685345,"ZYX":18.407531849290617,"RBM47":38.31980182612095,"CCR1":31.732739726773776,"SH3TC1":24.24149051707314,"MAPK1":19.09079968135478,"CAPN2":19.93090707061585,"ARAF":6.973000551711284,"MAPK3":17.715202619774526,"PLCB2":6.399845591209565,"PCBP1":1.5757026826923994,"MKNK2":0.0,"DUSP2":0.0,"LTA4H":23.455054070121896,"AKT1":2.103269726914667,"ANXA2":17.381760905335256,"FLOT1":8.260708283887137,"SNX2":9.631941999431707,"PLEC":24.45724582910285,"CORO1C":6.730497916489754,"ARF6":10.03536031165224,"BECN1":5.510668465297287}},"Blast Percent":{"min":-11.0,"max":11.0,"top_text":"High Blast Percent Correlation","bottom_text":"Low Blast Percent Correlation","map":{"FZR1":-0.6565589440014413,"CDC42":-1.0024550832503853,"ARF6":-2.332634397680407,"CORO1C":-0.5932115438898944,"PLCB2":-0.7796803993013985,"H2BU1":0.0,"EHD1":-5.754893808967368,"ANXA2":0.0792899926896112,"ZYX":-3.5794090728358556,"GRB2":-1.799443526639074,"ARAF":-0.8949486708155837,"USP9X":-4.79815768706717,"NHLRC2":-1.3624088459058852,"LTA4H":-5.472755663380891,"BECN1":-0.3641697356374676,"CTSB":-0.40834049768080305,"CD14":-3.8561023156161527,"SNX6":-0.19845975571555124,"SECTM1":-3.552985706565623,"S100A10":0.0967137558274825,"MAPK14":-0.30418633103865084,"EZR":-1.0475401710633951,"TUBB2A":-0.4142490672477052,"NAPRT":-2.486393832439378,"PCBP1":0.6491150949401623,"VCAN":-3.4458049230696077,"MKNK2":0.0,"EHD4":-1.0553010434186099,"RBM47":-3.5185168847245234,"MAP3K2":-1.7979487533706102,"CCR1":-1.7725283504955869,"MAPK1":-4.420069809326606,"NATD1":-3.9787712384835796,"ARHGAP31":-1.0790137424568669,"PDAP1":-1.2448460144870805,"DUSP2":0.0,"MAP2K3":-5.032181573108738,"FLOT1":-2.1160343770759966,"PLEC":-1.7408485955401931,"MAP3K3":-2.1768147110858527,"UBXN6":-0.1675794606447112,"CAPN2":-1.28746202512261,"MAPK3":-2.0680339565652868,"AKT1":0.017053182784391534,"NIBAN2":-2.326086112405641,"KRAS":-2.1693013764878573,"SNX2":-0.7731481797905584,"SH3TC1":-1.8181281295452347,"CLCN5":-3.305087897755402,"STK11":-0.9989976422033596,"MICAL2":-5.483089272253311}},"NPM1 Subtype":{"min":-37.0,"max":37.0,"top_text":"Committed NPM1 Subtype","bottom_text":"Primative NPM1 Subtype","map":{"PDAP1":-0.6906564656121359,"MKNK2":0.0,"SNX6":9.820258213379642,"CCR1":24.58489212417773,"NHLRC2":2.1501139343667584,"ARAF":8.663363655214564,"MAPK3":13.560896506611035,"MAPK14":6.328095983949754,"MAP3K2":17.767354522413303,"RBM47":25.091221509280366,"FLOT1":4.3971359316164005,"NIBAN2":15.604309510306377,"H2BU1":0.0,"USP9X":1.08421215741836,"CORO1C":7.523320800765563,"CTSB":12.739099480575705,"ARF6":7.691799486544673,