{"Mutation NPM1":{"min":-30.0,"max":30.0,"top_text":"High NPM1 Correlation","bottom_text":"Low NPM1 Correlation","map":{"FAHD1":-4.83470169869277,"CBR4":-1.5986408896633622,"HSD17B8":-2.345365631680417,"AUH":0.06539950636343504,"SSBP1":-0.2745118444771925,"HSCB":-0.332388838208586,"CCDC90B":-2.7219288463785687,"IARS2":0.3031609636695089,"MRPS2":1.1401979742111295,"MMUT":-0.7061386324760939,"DLST":-0.6074310112994484,"MRPL11":1.0621477161324848,"MCUR1":-5.256248455853749,"MRPL48":-0.35031498098255387,"GATB":0.5384095108711954,"TSFM":-0.923760116744688,"GLS":-1.2184781885866256,"PYCR2":-1.144549322007123,"LARS2":-2.578100622586379,"MTIF2":3.0250646410442332,"MTG2":-1.5449784524766088,"ETFA":0.441760534928722,"MRPL24":0.4847824974998817,"LRPPRC":-0.8360745805749749,"STOML2":-0.9813236430664763,"TIMM44":-1.073751772818994,"MDH2":-0.21848359477808166,"PDPR":-0.26568293485030925,"QRSL1":-0.3235848904219504,"BCS1L":-0.7701854171559572,"MRPL58":0.7631247002858834,"MMAA":-1.6524277858727259,"PPOX":-0.5675074999578915,"POLG":-0.45373670560036106,"BPHL":0.12389883153559648,"DLAT":-3.6299452004611994,"ATP5PF":-0.07569168769337419,"PDHA1":-0.38342436450199746,"MRPL46":-0.1307778307570405,"MRPL4":0.08487060796196753,"HMGCL":0.7008960843156211,"HSPD1":-0.7552996762779499,"HAL":0.2647284547188197,"ALOX12B":0.0,"MRPL28":-0.2633727084556823,"MRPS26":1.9401182299613426,"ECHS1":0.8111619918687505,"GFM1":0.36819126807203173,"TRUB2":-0.20105470884199902,"CRYZ":-0.11316457577329343,"TST":4.645809741892512}},"NPM1 Subtype":{"min":-37.0,"max":37.0,"top_text":"Committed NPM1 Subtype","bottom_text":"Primative NPM1 Subtype","map":{"BPHL":-10.901203641488687,"LARS2":-7.981743324861398,"MMAA":-2.684847811396316,"HMGCL":-2.126454280503297,"MRPS2":-2.417436450159139,"PYCR2":-6.496389986323436,"HSCB":-6.229036582661704,"MRPL48":-5.786960572707828,"MRPL28":-2.464082454313856,"MTG2":-1.3179771997025926,"LRPPRC":-4.87031437252102,"TRUB2":-10.388962559786796,"MRPL4":-1.7460875405596334,"GFM1":-2.8753825180029806,"CBR4":-5.076717402147687,"GATB":-6.674695674013266,"POLG":-11.919841580054367,"CRYZ":-3.900861044084667,"ALOX12B":0.0,"MRPL11":-3.1725315619752568,"MMUT":-6.778741052156802,"STOML2":-9.07677764881628,"PDHA1":-8.230889833861031,"DLST":-7.5465038089841,"MDH2":-10.275203587609337,"SSBP1":-7.379486474349328,"MRPL58":-5.015327601713199,"FAHD1":-4.944593579553984,"GLS":-6.32771725302299,"MTIF2":-3.8566162450021517,"AUH":-7.299704646831616,"HAL":1.6273302733323953,"DLAT":-8.394367964633364,"MCUR1":-7.818768020220399,"BCS1L":-3.7612983540191363,"TSFM":-6.158620513848842,"MRPL46":-8.890306131439374,"QRSL1":-2.8999020261515276,"MRPS26":-3.991807429702246,"TIMM44":-4.272305133840372,"ECHS1":-8.25134569567617,"MRPL24":-4.018893937352366,"PDPR":-9.158506940854908,"PPOX":-4.226839096814461,"ATP5PF":-6.045816998492236,"HSD17B8":-7.654094577507151,"TST":0.21737840463686586,"IARS2":-1.9537516182788324,"HSPD1":-9.76196332872376,"CCDC90B":-7.745792198969377,"ETFA":-1.8170550487943038}},"MuSiC CD14 Mono":{"min":-50.0,"max":50.0,"top_text":"High CD14 Mono Correlation","bottom_text":"Low CD14 Mono Correlation","map":{"DLST":-7.240087317538189,"TST":0.48285639551217313,"GLS":-7.110117775934303,"MRPL24":-4.870961159785353,"HSD17B8":-7.730866476435316,"MMAA":-4.499860041156889,"POLG":-13.149536651189441,"MRPL11":-2.9074153510976832,"MRPL28":-2.4351695385343777,"LRPPRC":-3.750501003342939,"MRPL46":-8.783734447552861,"GATB":-7.402968092843359,"TIMM44":-3.6785167929471823,"PDHA1":-8.58143238333792,"MRPS26":-3.9167600315509636,"LARS2":-10.753435298075042,"MRPL4":-1.622063601415243,"ATP5PF":-5.524207779147124,"MRPL48":-4.983307984991285,"ETFA":-0.8146516882489189,"CBR4":-4.733931007518434,"SSBP1":-6.73642691737528,"PDPR":-7.494514102164344,"HMGCL":-0.3105757858090924,"HAL":1.9212759497840326,"CCDC90B":-9.492931793204729,"PPOX":-5.499331811946004,"HSPD1":-8.597224261864966,"GFM1":-2.329181240232404,"MCUR1":-8.144038566009538,"FAHD1":-3.589141959230463,"QRSL1":-4.571413871138934,"BPHL":-8.370661171281773,"MTIF2":-1.926111229889167,"BCS1L":-2.9852196501492774,"TRUB2":-10.113490168132186,"HSCB":-5.832746614891735,"ALOX12B":0.0,"MRPL58":-6.2897492008187,"MRPS2":-2.4932441534587206,"STOML2":-9.031951603323462,"TSFM":-5.825431476818724,"CRYZ":-4.754060004663477,"MDH2":-6.36328508667933,"PYCR2":-4.390201908341041,"ECHS1":-5.174748801781701,"MTG2":-1.2890859413466014,"AUH":-9.185608443755365,"MMUT":-7.079724187104849,"DLAT":-8.4978496832665,"IARS2":-1.2318197279385243}},"Blast Percent":{"min":-11.0,"max":11.0,"top_text":"High Blast Percent Correlation","bottom_text":"Low Blast Percent Correlation","map":{"HSCB":4.173129690860308,"DLST":1.8057869505691702,"MDH2":5.543936109602973,"CCDC90B":3.1548884154055377,"ECHS1":2.0841605810796864,"MRPL58":1.8040882455502605,"MTG2":-0.0076831705963534246,"MCUR1":1.7694749507947922,"AUH":3.878740829829209,"PDHA1":3.833952722002807,"BPHL":6.370560002007279,"HSPD1":2.18622642975138,"MTIF2":2.790015987918335,"DLAT":2.4847431562613522,"POLG":2.66090311574925,"BCS1L":0.8609313749351744,"PYCR2":-0.24491927713224054,"MRPL24":0.6777734724578087,"MMAA":0.9050432756754823,"GLS":1.3694403283574563,"GATB":3.5751774448851665,"TRUB2":1.8841219797493594,"IARS2":1.7299919770238434,"ETFA":1.0164427111749499,"SSBP1":1.9693515716967422,"HAL":0.3261800376661028,"TIMM44":1.1444700408914386,"ALOX12B":0.0,"LRPPRC":0.8560565169515136,"GFM1":1.6921911680794717,"TSFM":2.303847092275237,"MRPS26":3.3688153507987013,"MRPL48":0.353292625557605,"CRYZ":1.9729841509781902,"ATP5PF":3.368878690326572,"MRPL4":0.2417683084869882,"TST":2.6349995274923135,"QRSL1":0.01787398790248764,"PPOX":0.1614930821441461,"MMUT":0.9873447154262462,"CBR4":1.5858951161464696,"LARS2":2.890272513872144,"MRPL28":2.041307809781979,"MRPL46":2.6800843946396693,"STOML2":2.180750060549672,"MRPS2":1.8144277797889559,"HMGCL":2.407824372416447,"FAHD1":1.063226228711145,"MRPL11":1.867556334606802,"PDPR":4.703685351756513,"HSD17B8":0.9073148465849471}},"Overall Survival":{"min":-6.0,"max":6.0,"top_text":"High Survival Correlation","bottom_text":"Low Survival Correlation","map":{"CBR4":0.08558658882528093,"AUH":-0.15733993054497689,"MTIF2":-1.158279532185458,"MDH2":-0.19550146233629925,"HMGCL":0.008627356270592032,"HAL":-1.2936368197265742,"MRPL4":-0.4781784453320597,"MRPL48":0.2649647032078977,"PYCR2":-0.0715863796304293,"MRPL28":0.0634699748006499,"ATP5PF":0.3024191682589696,"MCUR1":-0.14419706230584944,"HSPD1":-0.0004652615701074577,"IARS2":0.007578500884805931,"BCS1L":-0.4136726160363466,"STOML2":0.0445458194506841,"MRPS26":0.09596775878951923,"CRYZ":-0.7420617432001347,"SSBP1":0.057979418900285996,"MMAA":0.5720121224468968,"GATB":-0.4451345252855778,"HSD17B8":0.4450342592322764,"TST":-0.03699730546032645,"TIMM44":-0.22103798031951566,"GFM1":0.32474043946385844,"MRPL46":0.2983719605404311,"LARS2":-0.3527776614997909,"MRPL24":-0.033154186478562254,"DLAT":-0.09493808821549278,"MRPL58":0.08768233626430375,"MRPS2":-0.48956957526734246,"LRPPRC":-0.03014008232093747,"PDHA1":-0.12012533797567616,"MRPL11":0.02530885136717439,"BPHL":0.002793022341265537,"GLS":0.3325725052003356,"HSCB":-0.22264712208481363,"ECHS1":0.3913965082542478,"MMUT":0.3591889558506325,"TRUB2":-0.2584629672704425,"ALOX12B":0.0,"POLG":0.028155595260563163,"PPOX":0.07231530158483485,"MTG2":-0.08562277505122344,"ETFA":0.01681093749827904,"TSFM":0.29143956406308363,"FAHD1":0.22730856606662048,"PDPR":0.11151709799658037,"QRSL1":-0.2929095193568826,"DLST":0.6801123128339451,"CCDC90B":-0.10511461472186254}},"Mutation FLT3 ITD":{"min":-10.0,"max":10.0,"top_text":"High FLT3 ITD Correlation","bottom_text":"Low FLT3 ITD Correlation","map":{"MTG2":-0.3524141073164236,"TIMM44":-0.19967178915851877,"MRPL28":2.11465892139444,"HAL":-0.7230266816093615,"MRPL11":5.162212456489632,"MRPL4":1.6282128230016883,"GFM1":0.8879254539007689,"MRPS26":4.254320139070882,"MMUT":0.1671685772182719,"MRPL24":3.013123218347638,"SSBP1":0.8049760128876159,"HMGCL":0.3327501443163649,"PYCR2":0.9904026826096191,