{"Mutation FLT3 ITD":{"min":-10.0,"max":10.0,"top_text":"High FLT3 ITD Correlation","bottom_text":"Low FLT3 ITD Correlation","map":{"PLPBP":2.178628297469638,"TNFRSF1A":-0.10935986969242253,"DYNLL1":0.9709939063933902,"STRN":0.08316206000234996,"STRIP1":1.1558813959655918,"FGFR1OP2":0.49845014959962886,"EXOC1":2.806002054186706,"PAPOLA":1.0035928904914448,"STRN3":1.3310669382767115,"MRPS16":3.3341394925327363,"ZFAND6":-0.0875515436040978,"DUS4L":0.0,"NXF1":0.740910274444621,"USP7":2.357916905155225,"MRPS9":4.719971026966231,"SF3B1":0.49391841635912165,"C1D":0.05006497347597493,"PTCD3":4.068572003842255,"BIRC2":-2.5301951926676214,"PRPF19":0.8570355578847942,"MRPL11":5.162212456489632,"CRIPT":-0.21010029954126272,"SIKE1":1.043286534425983,"SLMAP":-1.4088769944093056,"NDUFA5":1.1360769372262491,"MFN1":6.10182124349774,"TOX4":2.295480438559188,"DIS3":1.8611847318262849,"DYNLT1":0.4784208247174666,"ARIH1":0.1519615108414447,"PPP2R1A":-0.7517559486201403,"ISCA2":0.34184652122267883,"PDCD10":-1.297229839418648,"MFN2":0.6251303348835888,"PPP2CA":0.0,"STK26":-0.4241920517232925,"CDV3":0.24515413166049008,"IDH3B":-0.2300042175614231,"KPNA4":2.1965691637708864,"ELAVL1":0.5913233331491544,"TRAF3IP3":0.6519822426969666,"MOB4":1.3218032040820737,"LAMP2":0.6557950557727829,"SDF2":-0.41203972683428364,"SIRT1":1.6666013613684671,"STRN4":1.2999026566592662,"CMAS":0.36746264977501586,"FUNDC2":0.7841735010293012,"HNRNPA3":-0.3424431219229005,"PPP1CA":0.18242560095604346,"USP3":-0.37212536851477723}},"Mutation NPM1":{"min":-30.0,"max":30.0,"top_text":"High NPM1 Correlation","bottom_text":"Low NPM1 Correlation","map":{"BIRC2":-2.661177991653401,"USP7":1.5848326548981395,"CDV3":0.15768088786620313,"SLMAP":-0.08075375827021021,"MRPS16":3.7684264380942074,"NDUFA5":0.628589691746952,"STK26":1.0314262783514694,"ZFAND6":1.0948623474428403,"PLPBP":1.5557979226412786,"EXOC1":2.979497135572936,"STRN":2.3651362035474524,"MFN1":6.0147361881763866,"DIS3":2.4550540145753024,"ARIH1":1.206237483585193,"STRIP1":3.1307506827286073,"CMAS":1.3167346007074312,"PRPF19":2.1568263344210705,"NXF1":2.907638654384377,"TOX4":2.0708788009260646,"LAMP2":4.867900200301865,"SIRT1":6.420401841139208,"MFN2":2.512285276694165,"DYNLT1":2.3254350711571377,"DYNLL1":2.7568058712233316,"TRAF3IP3":3.438893152034926,"ELAVL1":0.2530478366993009,"C1D":0.38961321700421486,"STRN4":3.7741226150799663,"STRN3":4.888171000153664,"PPP2CA":0.0,"CRIPT":0.880836588861023,"HNRNPA3":0.30120177224926425,"ISCA2":0.7915312139736222,"PPP2R1A":-1.1218880837134002,"KPNA4":2.2721238250475055,"SIKE1":10.4206127218852,"SDF2":1.4241928937174606,"MOB4":5.550766120535803,"TNFRSF1A":1.1601672069307742,"FUNDC2":2.1375786011974176,"IDH3B":-0.03622773122053849,"SF3B1":1.1929500894852785,"DUS4L":0.0,"MRPS9":1.8864632304783884,"PTCD3":1.864013821817055,"USP3":0.4589210877521695,"FGFR1OP2":1.2643127577944517,"PPP1CA":1.1699425260695409,"MRPL11":1.0621477161324848,"PAPOLA":1.8847931025984768,"PDCD10":-0.48807452110967187}},"Blast Percent":{"min":-11.0,"max":11.0,"top_text":"High Blast Percent Correlation","bottom_text":"Low Blast Percent Correlation","map":{"DYNLL1":0.002215973306221141,"STK26":2.516130445326125,"BIRC2":-0.1330875067531784,"DYNLT1":0.4609296311440334,"PPP2R1A":-1.0113817070883602,"NXF1":2.69499504994487,"PLPBP":0.05343293499170834,"TOX4":4.534430564238444,"NDUFA5":1.3811294548434836,"CMAS":0.08987396915100172,"HNRNPA3":4.631787264947284,"CDV3":-2.252129139486666,"LAMP2":0.6506198858577893,"MRPS16":2.7763394042527523,"MOB4":0.28813080399448027,"ARIH1":1.0820661737580148,"STRIP1":0.5513904543789959,"TRAF3IP3":5.288389633933284,"DUS4L":0.0,"USP7":-0.17952181335902687,"PDCD10":-0.6703208177664224,"MRPS9":0.5308110074316634,"DIS3":3.07830144105194,"ELAVL1":5.4261742330537475,"PAPOLA":1.5402637609613334,"PRPF19":4.058249663552529,"MFN2":0.5170614496518661,"STRN4":1.1850881960883821,"SDF2":1.4168966921144588,"USP3":-0.31466615528567377,"KPNA4":-0.09992556965402108,"STRN3":0.3234140689312301,"PPP1CA":-0.06949978671584128,"CRIPT":3.824629514763029,"SIKE1":1.1951590888046533,"STRN":0.5567096603723963,"MFN1":1.3273576637010613,"ZFAND6":0.8950113997154648,"SF3B1":7.856372888365048,"PPP2CA":0.0,"ISCA2":1.7288558729897905,"SLMAP":-2.8736879175789127,"SIRT1":3.972808650859514,"MRPL11":1.867556334606802,"IDH3B":1.2352089951994492,"TNFRSF1A":0.017184413515488776,"EXOC1":-0.3014284646056153,"PTCD3":1.6497990759620047,"FUNDC2":0.8964861271648349,"C1D":1.4120389774501372,"FGFR1OP2":0.20838786713457247}},"NPM1 Subtype":{"min":-37.0,"max":37.0,"top_text":"Committed NPM1 Subtype","bottom_text":"Primative NPM1 Subtype","map":{"DIS3":-2.84346140074963,"EXOC1":0.8213679069260349,"FUNDC2":-0.520058493551246,"SIRT1":0.36559103561158723,"ELAVL1":-6.429291030859147,"PTCD3":-2.009111825751241,"BIRC2":-4.255336892814632,"HNRNPA3":-3.3073714950940873,"SF3B1":-6.1078047150514765,"MFN2":0.9060676602658901,"MRPL11":-3.1725315619752568,"C1D":-1.284965745981203,"SDF2":0.26602965969200654,"MOB4":0.7694907919438755,"ARIH1":0.1732208287516915,"PDCD10":0.5353986622184197,"KPNA4":0.49145060666904783,"TOX4":-3.06549635931432,"MRPS16":-1.4837243355414393,"PRPF19":-3.3914694700214394,"CRIPT":-1.4521866322251769,"USP3":20.72300166417992,"MRPS9":-3.113911920219839,"ZFAND6":-0.1620065071263485,"TRAF3IP3":-0.1412061302116387,"STRN":0.8954870161127163,"DYNLT1":2.4776841772765796,"STRIP1":-0.6018359934120551,"LAMP2":0.31965275692512285,"NXF1":-2.195441615983607,"STRN3":-2.573417971336414,"DUS4L":0.0,"CDV3":0.9912057276323931,"IDH3B":-0.4918060502204392,"TNFRSF1A":4.4984451094653854,"DYNLL1":-2.2385630300367767,"PPP2CA":0.0,"USP7":-0.14774802264103765,"STRN4":-0.1831064021151631,"STK26":-1.2047574502879008,"ISCA2":-1.9663228666064676,"PLPBP":-0.3741327419328855,"NDUFA5":-1.9307853202106071,"PAPOLA":-1.0311244389815064,"SLMAP":1.3552710381339133,"FGFR1OP2":-1.8151274411129399,"SIKE1":0.8291270797962883,"PPP1CA":3.269633951130448,"MFN1":-0.8058563523547869,"CMAS":-0.5744615392203685,"PPP2R1A":1.6328769267655605}},"MuSiC CD14 Mono":{"min":-50.0,"max":50.0,"top_text":"High CD14 Mono Correlation","bottom_text":"Low CD14 Mono Correlation","map":{"SIRT1":-0.3459630288485167,"PAPOLA":-0.6892920959557493,"STRN":1.0319439742846708,"CMAS":0.5517075451581103,"C1D":-1.8484315817774482,"SF3B1":-8.234828562810192,"LAMP2":0.3403573314743197,"DIS3":-2.52116761118474,"PPP2R1A":3.099205687022397,"FGFR1OP2":-0.9371151071770782,"MRPL11":-2.9074153510976832,"STRN4":0.32206413787491794,"TOX4":-2.466381743824954,"CDV3":2.317011349023167,"PPP1CA":5.381309065035854,"SIKE1":2.5772164130795066,"CRIPT":-2.6448575149153215,"DYNLL1":-0.9547157486228275,"BIRC2":-4.320175807948771,"ISCA2":-0.9663764183624763,"NXF1":-0.9265984110427471,"ELAVL1":-5.795188363841036,"STRIP1":0.009411577416548,"EXOC1":2.517733677133227,"FUNDC2":-0.003139975659464872,"MRPS16":-0.6099670489557707,"NDUFA5":-2.4392664835772395,"MOB4":1.8251034239453352,"STK26":-1.2376392617563572,"PLPBP":0.24164694422671396,"PTCD3":-1.0335982986511105,"HNRNPA3":-3.3489420228090037,"MFN1":-0.03280645325686867,"DYNLT1":3.7964294688750178,"MFN2":1.8165674092016442,"USP3":24.141094714049125,"PRPF19":-3.2001409716731706,"KPNA4":1.4450119173046712,"PPP2CA":0.0,"SLMAP":1.5818543518181427,"STRN3":-0.6271130590277518,"PDCD10":0.9829125050108467,"MRPS9":-1.4412154880331463,"IDH3B":-0.844791502581695,"ARIH1":0.6699294008824451,"USP7":0.7962731218285035,"SDF2":-0.21052784022324691,"ZFAND6":0.08248389168486917,"DUS4L":0.0,"TNFRSF1A":6.943876830280477,"TRAF3IP3":-0.5853451975928918}},"Overall Survival":{"min":-6.0,"max":6.0,"top_text":"High Survival Correlation","bottom_text":"Low Survival Correlation","map":{"DYNLL1":0.25788035467150056,"PPP2R1A":0.026748844471600832,"USP3":-0.08745734921001162,"C1D":-0.6474739249355732,"FGFR1OP2":0.11087817631943468,"PPP2CA":0.0,"NXF1":-1.2928141664299437,"PTCD3":0.010592673168516585,"SDF2":0.20116684331050522,"MRPS9":-0.041655874772181536,"MRPS16":-0.44958960527979586,"STRIP1":0.07090168702134816,"CRIPT":-0.12487972871169045,