{"Overall Survival":{"min":-6.0,"max":6.0,"top_text":"High Survival Correlation","bottom_text":"Low Survival Correlation","map":{"MRPL39":-0.03474437528514835,"MRPL11":0.02530885136717439,"MRPL13":0.5572917391319833,"MRPS35":1.0983952444112406,"MRPL28":0.0634699748006499,"MRPS23":0.11353130590969623,"MRPS26":0.09596775878951923,"MRPL1":0.6502872389634293,"MRPL49":-0.24946178567457883,"MRPL48":0.2649647032078977,"GRSF1":0.1791903021771674,"MRPS22":-0.14553420811517034,"MRPS12":-0.002942951103107706,"MRPL44":0.010624496352659217,"MRPL18":-0.1698560671971201,"MRPL37":0.390541965012451,"MRPL24":-0.033154186478562254,"MRPL17":-0.07643618218396869,"MRRF":1.1262007863041785,"MRPS27":-0.04803201693499192,"TRMT61B":0.04076028971069365,"PMPCB":-0.3353698281669069,"C1QBP":0.06273721282783516,"MRPL30":1.0454039175445426,"MDH2":-0.19550146233629925,"MTIF2":-1.158279532185458,"MRPL2":0.10268287132570522,"MRPL15":-0.047656205844920536,"GFM1":0.32474043946385844,"TSFM":0.29143956406308363,"LRPPRC":-0.03014008232093747,"PMPCA":0.009544137651928178,"SSBP1":0.057979418900285996,"MRPL47":0.1039686380037245,"TACO1":0.1278627765164327,"MRPL42":-0.39484656565851867,"MRPS30":0.30730373471145767,"MRPS7":-0.13527358194356667,"MRPL38":0.1602275578631927,"MRPL41":0.1658971956525695,"MRPL4":-0.4781784453320597,"MRPL45":0.42581192263719825,"MRPL58":0.08768233626430375,"MRPL50":0.005500578857837332,"MRPL43":-0.055156121456863834,"MRPL10":0.08339761479963509,"TRUB2":-0.2584629672704425,"MRPL3":0.10683782580508534,"MRPL9":-0.1041666765355332,"TBRG4":-0.03692222208608723,"MRPS31":0.19645097094565914}},"Blast Percent":{"min":-11.0,"max":11.0,"top_text":"High Blast Percent Correlation","bottom_text":"Low Blast Percent Correlation","map":{"MRPL15":1.996153355100815,"SSBP1":1.9693515716967422,"MRPL42":0.7597665780932147,"LRPPRC":0.8560565169515136,"MRPL39":1.2387908826233442,"MRPS7":0.8987317971865958,"MRPL1":2.538515684582829,"MTIF2":2.790015987918335,"MRPL37":1.0106335866019105,"TACO1":0.8370968335152877,"MDH2":5.543936109602973,"MRPS31":0.8927074776025233,"MRPL4":0.2417683084869882,"MRPL48":0.353292625557605,"MRRF":0.8009611428247637,"MRPS27":2.273027331586123,"MRPS26":3.3688153507987013,"MRPL11":1.867556334606802,"MRPL2":0.7810781748605428,"MRPL28":2.041307809781979,"C1QBP":2.584490667622572,"GRSF1":2.4907897459542268,"TRMT61B":0.8676883251132309,"MRPL49":1.4735704475043783,"MRPL24":0.6777734724578087,"MRPL58":1.8040882455502605,"MRPS35":0.5389613988584351,"MRPL47":2.838557979612867,"PMPCA":1.6578218241679659,"MRPS22":3.2869036816907915,"GFM1":1.6921911680794717,"MRPS23":2.523723060811962,"TSFM":2.303847092275237,"MRPL3":1.6634670941064482,"MRPL10":2.427407197288388,"MRPL38":1.8007603690367344,"MRPL43":3.276641946344569,"MRPL18":1.9335958385905707,"MRPL13":1.362659651124913,"MRPS30":1.3183878571180176,"MRPL50":1.8609838868715027,"MRPS12":1.1923623516800161,"TRUB2":1.8841219797493594,"MRPL41":1.6719325462200296,"MRPL17":4.945237911983778,"TBRG4":0.6834873137899475,"MRPL30":1.8934890627968033,"PMPCB":1.631653418320339,"MRPL44":2.135300294547394,"MRPL9":1.6787857811250813,"MRPL45":2.1148897370168402}},"NPM1 Subtype":{"min":-37.0,"max":37.0,"top_text":"Committed NPM1 Subtype","bottom_text":"Primative NPM1 Subtype","map":{"MRPS30":-4.751788650925735,"MRPL37":-2.8874470291119967,"MRPL1":-11.569883507332555,"C1QBP":-3.890608203582633,"MRPL49":-3.6914295679419777,"MRPL45":-5.255638970611691,"SSBP1":-7.379486474349328,"MRPL28":-2.464082454313856,"MRPL13":-3.962787489225081,"MRPL39":-5.528627186592574,"GRSF1":-2.6501630445027673,"MRPS7":-2.5634399105609784,"MTIF2":-3.8566162450021517,"TSFM":-6.158620513848842,"MRPL44":-3.324122237090487,"PMPCA":-4.129359517936568,"MRPL48":-5.786960572707828,"MRPL17":-4.171529513000963,"MRPL4":-1.7460875405596334,"MRPL2":-2.2366090905764238,"MRPL24":-4.018893937352366,"MRPS31":-3.469562394636098,"MRRF":0.4484529185999883,"MRPL58":-5.015327601713199,"MRPS27":-4.398442717783536,"MRPL10":-4.289090394348566,"MRPL3":-4.3275355416325905,"MRPL11":-3.1725315619752568,"MRPS35":-3.091307235363864,"TRUB2":-10.388962559786796,"MRPL41":-4.092118202275021,"MDH2":-10.275203587609337,"PMPCB":-3.9812484579169944,"MRPL42":-2.0662535326369356,"MRPL47":-3.696410227551046,"MRPS23":-3.2592261169436654,"MRPL30":-4.59238342750012,"MRPL43":-1.0529138709682317,"MRPS22":-6.4422251250617215,"TBRG4":-5.0293486693887015,"MRPL18":-1.4072321736617983,"MRPL50":-4.481836232189322,"TRMT61B":-5.569441761425188,"GFM1":-2.8753825180029806,"LRPPRC":-4.87031437252102,"MRPL38":-4.025429040099604,"MRPL15":-6.187696599445013,"TACO1":-1.5085273057321287,"MRPS26":-3.991807429702246,"MRPS12":-2.673073664235848,"MRPL9":-2.7793360473208444}},"Mutation NPM1":{"min":-30.0,"max":30.0,"top_text":"High NPM1 Correlation","bottom_text":"Low NPM1 Correlation","map":{"MRPL4":0.08487060796196753,"TRMT61B":0.642013842258684,"MRPL30":0.977522412921049,"MRPL38":0.545779157474437,"MRPL17":1.7317643456011012,"MRPL24":0.4847824974998817,"MRPL13":0.6143128647620961,"MRPL3":-0.6180687445275789,"MRPS30":0.30167460205182495,"MRPL15":-0.23501608123634316,"TSFM":-0.923760116744688,"MRPL42":0.4063467988886651,"MRPL28":-0.2633727084556823,"TRUB2":-0.20105470884199902,"MDH2":-0.21848359477808166,"MRPS35":1.7677660367609966,"MTIF2":3.0250646410442332,"GFM1":0.36819126807203173,"MRPL39":1.3422950684863766,"MRPL50":1.3522789071854149,"GRSF1":-0.4332068465280692,"MRPL48":-0.35031498098255387,"MRPS7":1.623682802737367,"MRPL49":0.7210458022726507,"MRPS23":2.4698704120657156,"MRPL9":0.9651892771382268,"PMPCA":1.3049014522571363,"MRPS31":1.4942503326344354,"MRPL58":0.7631247002858834,"MRPL45":0.7642921514312825,"MRRF":2.083266106576182,"MRPS27":1.7419719006183088,"C1QBP":-0.41379299397816716,"MRPS12":1.155598890758887,"MRPL2":0.3114655234450475,"MRPL37":0.9915017636875699,"TBRG4":-1.9210364164709122,"MRPL47":0.7497580480668051,"MRPL41":1.1105453521985043,"MRPL43":1.6959858949726732,"MRPL10":0.57249530938113,"SSBP1":-0.2745118444771925,"MRPL44":0.6798909111803294,"MRPL11":1.0621477161324848,"LRPPRC":-0.8360745805749749,"MRPL18":1.1522709250050305,"MRPL1":-0.3526538167226143,"PMPCB":2.3189468713803842,"TACO1":1.0373869239713016,"MRPS26":1.9401182299613426,"MRPS22":2.5212884147175445}},"MuSiC CD14 Mono":{"min":-50.0,"max":50.0,"top_text":"High CD14 Mono Correlation","bottom_text":"Low CD14 Mono Correlation","map":{"MRPL10":-4.821562726411675,"MRPL1":-11.933423251459299,"TRUB2":-10.113490168132186,"PMPCB":-2.191616558157011,"MRPL13":-4.336676392100727,"MRPL47":-5.382550856686785,"MRPS7":-1.865191816005261,"MRPL39":-3.952089795938563,"MRPL3":-4.697481093265898,"MRPS27":-3.0938012126368526,"GFM1":-2.329181240232404,"MRPL58":-6.2897492008187,"LRPPRC":-3.750501003342939,"MRPL11":-2.9074153510976832,"MRPL2":-1.5578930544709675,"MRPS12":-1.8314418476616678,"MRPL9":-3.256964379077804,"MRPL42":-0.9013284120475913,"MRPS26":-3.9167600315509636,"C1QBP":-4.8160760207016615,"MRPS35":-2.3011075631499263,"GRSF1":-3.560088429316254,"MTIF2":-1.926111229889167,"MRPL37":-2.65349760792184,"TSFM":-5.825431476818724,"MRPL38":-3.544778414140901,"MRPL17":-6.263900984818866,"MRPS23":-2.4170646298132206,"MRRF":0.199024230462808,"TRMT61B":-7.084569459398512,"MRPL44":-2.9984957721475696,"MDH2":-6.36328508667933,"TACO1":-1.283919391615924,"PMPCA":-2.752920707877986,"TBRG4":-4.737983194931628,"MRPL24":-4.870961159785353,"MRPL49":-3.949623563496238,"MRPL28":-2.4351695385343777,"MRPL48":-4.983307984991285,"MRPL45":-5.380977951052405,"MRPS30":-3.671560443439892,"MRPL41":-4.549002556182647,"MRPL18":-1.5188106366899747,"SSBP1":-6.73642691737528,"MRPS31":-2.3746858237307915,"MRPL43":-0.84641566932627,"MRPL4":-1.622063601415243,"MRPL50":-3.5686609130281477,"MRPS22":-3.5985980627829988,"MRPL15":-5.960478121978709,"MRPL30":-5.566051208520734}},"Mutation FLT3 ITD":{"min":-10.0,"max":10.0,"top_text":"High FLT3 ITD Correlation","bottom_text":"Low FLT3 ITD Correlation","map":{"MRPL41":4.920552216886408,"MRPL24":3.013123218347638,"TSFM":0.4907041039332716,"MRPS30":2.7799265509467994,