{"Mutation NPM1":{"min":-30.0,"max":30.0,"top_text":"High NPM1 Correlation","bottom_text":"Low NPM1 Correlation","map":{"MRPS30":0.30167460205182495,"MRPS34":3.173964823154697,"LRPPRC":-0.8360745805749749,"SLIRP":-0.166546968532023,"MRPS9":1.8864632304783884,"MRPS26":1.9401182299613426,"TACO1":1.0373869239713016,"MRPS23":2.4698704120657156,"C1QBP":-0.41379299397816716,"HSPD1":-0.7552996762779499,"MRPS27":1.7419719006183088,"PDHA1":-0.38342436450199746,"MRRF":2.083266106576182,"MRPS2":1.1401979742111295,"MRM1":-0.7355858282344999,"MRPL39":1.3422950684863766,"DAP3":2.095347565489034,"MRPL15":-0.23501608123634316,"TRUB2":-0.20105470884199902,"SSBP1":-0.2745118444771925,"MTIF2":3.0250646410442332,"TRMT61B":0.642013842258684,"MRPS22":2.5212884147175445,"MRPL44":0.6798909111803294,"GFM1":0.36819126807203173,"MRPL11":1.0621477161324848,"DDX28":-0.10435514669154508,"PMPCA":1.3049014522571363,"RPUSD4":-0.31316424993264974,"MRPL13":0.6143128647620961,"MRPL50":1.3522789071854149,"MRPL4":0.08487060796196753,"METTL15":1.1639926866374426,"MRPL24":0.4847824974998817,"MRPS35":1.7677660367609966,"TSFM":-0.923760116744688,"MRPS7":1.623682802737367,"MRPL58":0.7631247002858834,"MRPL9":0.9651892771382268,"GRSF1":-0.4332068465280692,"PMPCB":2.3189468713803842,"ACAD9":-0.6006761520158459,"MRPS12":1.155598890758887,"TBRG4":-1.9210364164709122,"MRPL30":0.977522412921049,"MRPS25":1.3461089068561243,"MRPS31":1.4942503326344354,"METTL17":0.06619397546991429,"FASTKD2":-1.6973310140443003,"MDH2":-0.21848359477808166,"MRPL37":0.9915017636875699}},"MuSiC CD14 Mono":{"min":-50.0,"max":50.0,"top_text":"High CD14 Mono Correlation","bottom_text":"Low CD14 Mono Correlation","map":{"MRPL4":-1.622063601415243,"MRPL44":-2.9984957721475696,"SSBP1":-6.73642691737528,"TRUB2":-10.113490168132186,"MRPL58":-6.2897492008187,"PMPCA":-2.752920707877986,"MTIF2":-1.926111229889167,"MRPS23":-2.4170646298132206,"C1QBP":-4.8160760207016615,"MRPS31":-2.3746858237307915,"MRPL13":-4.336676392100727,"MRPS25":-3.4043935058666954,"MRRF":0.199024230462808,"MRPS35":-2.3011075631499263,"MRPL9":-3.256964379077804,"HSPD1":-8.597224261864966,"MDH2":-6.36328508667933,"TRMT61B":-7.084569459398512,"MRPS27":-3.0938012126368526,"RPUSD4":-7.889836745105755,"MRPS2":-2.4932441534587206,"MRPL50":-3.5686609130281477,"GFM1":-2.329181240232404,"GRSF1":-3.560088429316254,"METTL15":-9.605537580543386,"LRPPRC":-3.750501003342939,"PMPCB":-2.191616558157011,"FASTKD2":-9.80249698397087,"MRPL37":-2.65349760792184,"METTL17":-3.594904554411608,"MRPS34":-2.5731518196945364,"MRPS26":-3.9167600315509636,"PDHA1":-8.58143238333792,"TBRG4":-4.737983194931628,"MRPS30":-3.671560443439892,"DAP3":-1.7758658017125424,"DDX28":-7.8804805816469,"TACO1":-1.283919391615924,"MRM1":-10.78570942319852,"MRPL39":-3.952089795938563,"TSFM":-5.825431476818724,"MRPL11":-2.9074153510976832,"MRPS12":-1.8314418476616678,"SLIRP":-3.8634096550088852,"MRPL30":-5.566051208520734,"MRPL15":-5.960478121978709,"ACAD9":0.694617689042393,"MRPS22":-3.5985980627829988,"MRPL24":-4.870961159785353,"MRPS7":-1.865191816005261,"MRPS9":-1.4412154880331463}},"Blast Percent":{"min":-11.0,"max":11.0,"top_text":"High Blast Percent Correlation","bottom_text":"Low Blast Percent Correlation","map":{"MRPS2":1.8144277797889559,"PMPCA":1.6578218241679659,"DDX28":2.7813572864826783,"MRPS7":0.8987317971865958,"MRPS22":3.2869036816907915,"MRPS35":0.5389613988584351,"MRPS26":3.3688153507987013,"MRPL44":2.135300294547394,"MRPS34":7.04530147633551,"MRPL30":1.8934890627968033,"MRPS25":0.7393694258164019,"MRPS27":2.273027331586123,"DAP3":1.5554312290181067,"TSFM":2.303847092275237,"MRRF":0.8009611428247637,"LRPPRC":0.8560565169515136,"PDHA1":3.833952722002807,"MRPL50":1.8609838868715027,"MRPL11":1.867556334606802,"MRPL58":1.8040882455502605,"MRPL15":1.996153355100815,"TACO1":0.8370968335152877,"PMPCB":1.631653418320339,"METTL17":0.4600716731525221,"MRPS12":1.1923623516800161,"MRPL37":1.0106335866019105,"RPUSD4":1.171321420539624,"GFM1":1.6921911680794717,"FASTKD2":0.7020041224252822,"MRPL24":0.6777734724578087,"TRUB2":1.8841219797493594,"MDH2":5.543936109602973,"MRPS9":0.5308110074316634,"MRPL9":1.6787857811250813,"MRPS31":0.8927074776025233,"MRPS30":1.3183878571180176,"C1QBP":2.584490667622572,"SSBP1":1.9693515716967422,"MTIF2":2.790015987918335,"MRM1":3.132678737603318,"MRPS23":2.523723060811962,"MRPL13":1.362659651124913,"SLIRP":2.087834151964463,"GRSF1":2.4907897459542268,"TBRG4":0.6834873137899475,"ACAD9":-0.37656864643158616,"MRPL39":1.2387908826233442,"MRPL4":0.2417683084869882,"HSPD1":2.18622642975138,"TRMT61B":0.8676883251132309,"METTL15":2.3621633015228714}},"Overall Survival":{"min":-6.0,"max":6.0,"top_text":"High Survival Correlation","bottom_text":"Low Survival Correlation","map":{"MRPL58":0.08768233626430375,"PMPCA":0.009544137651928178,"SLIRP":-0.16702330440750962,"MRRF":1.1262007863041785,"MRPL13":0.5572917391319833,"MRPS22":-0.14553420811517034,"MRPS31":0.19645097094565914,"MRPS12":-0.002942951103107706,"MTIF2":-1.158279532185458,"MRPS25":0.09531088800310861,"METTL15":-0.3513181747781576,"TRMT61B":0.04076028971069365,"FASTKD2":0.09210938290396857,"PMPCB":-0.3353698281669069,"MRPL11":0.02530885136717439,"GFM1":0.32474043946385844,"MRPL39":-0.03474437528514835,"TBRG4":-0.03692222208608723,"MRPS30":0.30730373471145767,"MRPL15":-0.047656205844920536,"MRPS34":-0.18665754747111726,"PDHA1":-0.12012533797567616,"MRPL24":-0.033154186478562254,"TSFM":0.29143956406308363,"LRPPRC":-0.03014008232093747,"MRPS23":0.11353130590969623,"DAP3":0.33192783522919733,"MRM1":-0.8914332119910059,"RPUSD4":0.05945192481340966,"DDX28":0.1577915111078481,"SSBP1":0.057979418900285996,"MRPS27":-0.04803201693499192,"TACO1":0.1278627765164327,"MRPL50":0.005500578857837332,"MRPS2":-0.48956957526734246,"MRPL9":-0.1041666765355332,"MDH2":-0.19550146233629925,"GRSF1":0.1791903021771674,"ACAD9":0.9315411111688089,"HSPD1":-0.0004652615701074577,"MRPL44":0.010624496352659217,"MRPL37":0.390541965012451,"METTL17":-0.8066137582149551,"MRPS9":-0.041655874772181536,"MRPL4":-0.4781784453320597,"C1QBP":0.06273721282783516,"MRPS7":-0.13527358194356667,"MRPS35":1.0983952444112406,"MRPS26":0.09596775878951923,"MRPL30":1.0454039175445426,"TRUB2":-0.2584629672704425}},"NPM1 Subtype":{"min":-37.0,"max":37.0,"top_text":"Committed NPM1 Subtype","bottom_text":"Primative NPM1 Subtype","map":{"MRPL15":-6.187696599445013,"MRPS7":-2.5634399105609784,"RPUSD4":-7.821882256867371,"TSFM":-6.158620513848842,"SLIRP":-4.5343158224795,"MRPL4":-1.7460875405596334,"C1QBP":-3.890608203582633,"MRPS25":-4.222737267060249,"PMPCA":-4.129359517936568,"LRPPRC":-4.87031437252102,"METTL17":-3.65078818261111,"MRPS22":-6.4422251250617215,"DAP3":-2.705960683830125,"MRPS23":-3.2592261169436654,"MRRF":0.4484529185999883,"METTL15":-11.909786661990273,"TBRG4":-5.0293486693887015,"MRPL44":-3.324122237090487,"GFM1":-2.8753825180029806,"MRPL11":-3.1725315619752568,"PMPCB":-3.9812484579169944,"FASTKD2":-8.862801121881436,"MRPS30":-4.751788650925735,"MRPS34":-2.6745161628035654,"DDX28":-7.264457710025335,"PDHA1":-8.230889833861031,"MRPL24":-4.018893937352366,"TRUB2":-10.388962559786796,"MRPS35":-3.091307235363864,"MRPS12":-2.673073664235848,"MRPL30":-4.59238342750012,"MRPS31":-3.469562394636098,"MRPL13":-3.962787489225081,"MRPL50":-4.481836232189322,"TRMT61B":-5.569441761425188,"MRPL58":-5.015327601713199,"MTIF2":-3.8566162450021517,"MRPL37":-2.8874470291119967,"MRPS2":-2.417436450159139,"MDH2":-10.275203587609337,"HSPD1":-9.76196332872376,"MRPL39":-5.528627186592574,"SSBP1":-7.379486474349328,"GRSF1":-2.6501630445027673,"MRM1":-10.22848660241956,"ACAD9":0.4414278311057601,"MRPS9":-3.113911920219839,"TACO1":-1.5085273057321287,"MRPS26":-3.991807429702246,"MRPS27":-4.398442717783536,"MRPL9":-2.7793360473208444}},"Mutation FLT3 ITD":{"min":-10.0,"max":10.0,"top_text":"High FLT3 ITD Correlation","bottom_text":"Low FLT3 ITD Correlation","map":{"MRPS23":4.250908243946775,"TSFM":0.4907041039332716,"LRPPRC":0.9727068591814294,"MRM1":-0.23773933466988292,