{"Mutation FLT3 ITD":{"min":-10.0,"max":10.0,"top_text":"High FLT3 ITD Correlation","bottom_text":"Low FLT3 ITD Correlation","map":{"MRPS27":3.0522987776274713,"MRPL24":3.013123218347638,"MRPS18B":3.7315570369011306,"LRPPRC":0.9727068591814294,"MRPL44":2.355846262940983,"TBRG4":0.3993327888058193,"MRPS35":4.925760563491372,"MRPL30":2.3987719619451147,"MRPS6":4.353255926733367,"MRPS16":3.3341394925327363,"MRPL11":5.162212456489632,"TRUB2":1.3258914482501605,"HSPD1":-0.25777955961214105,"MRPS7":3.925062103123433,"MDH2":1.0763205551916817,"PMPCA":2.93171614685268,"TACO1":0.6862820896342171,"DAP3":2.565716715658185,"MRRF":1.6721065378247648,"TRMT61B":1.5045576280681963,"MRPS30":2.7799265509467994,"MRPS31":4.412338918750167,"MRPS26":4.254320139070882,"MRPL37":3.744493898435307,"GRSF1":-0.051105415437565256,"GFM1":0.8879254539007689,"MRPL49":2.624020532055559,"MRPS25":3.2572095524867244,"MRPL39":5.763241828336358,"MRPS2":2.1018367616885114,"MRPL13":2.016540874681728,"MRPS9":4.719971026966231,"MRPL9":2.191621710199377,"MRPS23":4.250908243946775,"SSBP1":0.8049760128876159,"MTIF2":4.092942711923383,"MRPL58":3.5611975689514708,"PMPCB":3.219611684608975,"MRPS28":3.717007902389914,"MRPL15":3.259800888017047,"SLIRP":0.9716982753223656,"MRPS10":4.602289268130654,"MRPS5":3.9210306758752913,"RPUSD4":0.3625978532145971,"MRPS22":6.35518443982037,"TSFM":0.4907041039332716,"MRPS34":5.8817182085020665,"MRPL50":2.9759153457034566,"MRPS12":1.7361757914742775,"MRPL48":1.354157342587999,"C1QBP":1.602391820244794}},"MuSiC CD14 Mono":{"min":-50.0,"max":50.0,"top_text":"High CD14 Mono Correlation","bottom_text":"Low CD14 Mono Correlation","map":{"TRMT61B":-7.084569459398512,"TRUB2":-10.113490168132186,"C1QBP":-4.8160760207016615,"MRPL44":-2.9984957721475696,"GFM1":-2.329181240232404,"MRPL39":-3.952089795938563,"RPUSD4":-7.889836745105755,"MRPL24":-4.870961159785353,"MRPS23":-2.4170646298132206,"MRPS18B":-0.5418578794337853,"MRPS28":-2.596626166065084,"MRPL50":-3.5686609130281477,"TACO1":-1.283919391615924,"MRPS34":-2.5731518196945364,"TSFM":-5.825431476818724,"PMPCA":-2.752920707877986,"MRPS25":-3.4043935058666954,"DAP3":-1.7758658017125424,"LRPPRC":-3.750501003342939,"SSBP1":-6.73642691737528,"MRPS30":-3.671560443439892,"MRPL15":-5.960478121978709,"MRPS9":-1.4412154880331463,"MRPL30":-5.566051208520734,"MRPS35":-2.3011075631499263,"MRPS16":-0.6099670489557707,"GRSF1":-3.560088429316254,"MRPS26":-3.9167600315509636,"MDH2":-6.36328508667933,"MRPS5":-2.506288577238485,"HSPD1":-8.597224261864966,"MRPS27":-3.0938012126368526,"MRPS12":-1.8314418476616678,"MRPL58":-6.2897492008187,"PMPCB":-2.191616558157011,"MRPL13":-4.336676392100727,"MRPS31":-2.3746858237307915,"MRPS7":-1.865191816005261,"MRPS10":-2.603939373813178,"MRPL37":-2.65349760792184,"MTIF2":-1.926111229889167,"MRPS2":-2.4932441534587206,"MRPL49":-3.949623563496238,"MRPS6":-2.3911255306922916,"MRPL48":-4.983307984991285,"TBRG4":-4.737983194931628,"MRPL11":-2.9074153510976832,"MRPL9":-3.256964379077804,"MRPS22":-3.5985980627829988,"SLIRP":-3.8634096550088852,"MRRF":0.199024230462808}},"Overall Survival":{"min":-6.0,"max":6.0,"top_text":"High Survival Correlation","bottom_text":"Low Survival Correlation","map":{"MRPL9":-0.1041666765355332,"RPUSD4":0.05945192481340966,"MRPS6":-0.20055441314933986,"C1QBP":0.06273721282783516,"DAP3":0.33192783522919733,"MRPL44":0.010624496352659217,"MRPS28":-0.5472111835279349,"MRPL11":0.02530885136717439,"MRPS31":0.19645097094565914,"PMPCB":-0.3353698281669069,"MRPL13":0.5572917391319833,"MRPS10":-0.04153053789540867,"MRPS9":-0.041655874772181536,"TACO1":0.1278627765164327,"MRPS35":1.0983952444112406,"MRPL48":0.2649647032078977,"MRPS23":0.11353130590969623,"MRPS18B":0.02470556888928184,"MRPL50":0.005500578857837332,"MRPS34":-0.18665754747111726,"MRPL49":-0.24946178567457883,"MRPS26":0.09596775878951923,"SSBP1":0.057979418900285996,"PMPCA":0.009544137651928178,"TSFM":0.29143956406308363,"TBRG4":-0.03692222208608723,"MTIF2":-1.158279532185458,"MRPS27":-0.04803201693499192,"LRPPRC":-0.03014008232093747,"HSPD1":-0.0004652615701074577,"MRPL37":0.390541965012451,"MRPL24":-0.033154186478562254,"MRPS7":-0.13527358194356667,"MRPS25":0.09531088800310861,"GFM1":0.32474043946385844,"MRPS2":-0.48956957526734246,"MRPS22":-0.14553420811517034,"TRUB2":-0.2584629672704425,"MRPL15":-0.047656205844920536,"SLIRP":-0.16702330440750962,"MRRF":1.1262007863041785,"MRPS12":-0.002942951103107706,"MRPS5":-0.08010111970105682,"MRPS16":-0.44958960527979586,"MRPL30":1.0454039175445426,"MRPL39":-0.03474437528514835,"MRPS30":0.30730373471145767,"MRPL58":0.08768233626430375,"MDH2":-0.19550146233629925,"TRMT61B":0.04076028971069365,"GRSF1":0.1791903021771674}},"Mutation NPM1":{"min":-30.0,"max":30.0,"top_text":"High NPM1 Correlation","bottom_text":"Low NPM1 Correlation","map":{"SSBP1":-0.2745118444771925,"MRPL58":0.7631247002858834,"MRPS22":2.5212884147175445,"MRPS16":3.7684264380942074,"MRRF":2.083266106576182,"MRPS2":1.1401979742111295,"MRPL49":0.7210458022726507,"MRPS23":2.4698704120657156,"DAP3":2.095347565489034,"MTIF2":3.0250646410442332,"MRPS7":1.623682802737367,"TRUB2":-0.20105470884199902,"HSPD1":-0.7552996762779499,"GRSF1":-0.4332068465280692,"MRPL24":0.4847824974998817,"MRPL37":0.9915017636875699,"LRPPRC":-0.8360745805749749,"MRPS35":1.7677660367609966,"MDH2":-0.21848359477808166,"TACO1":1.0373869239713016,"MRPL11":1.0621477161324848,"MRPS5":2.17267037643857,"MRPL13":0.6143128647620961,"MRPL30":0.977522412921049,"MRPS9":1.8864632304783884,"MRPS30":0.30167460205182495,"MRPL9":0.9651892771382268,"MRPS12":1.155598890758887,"MRPL50":1.3522789071854149,"MRPL48":-0.35031498098255387,"MRPS26":1.9401182299613426,"TBRG4":-1.9210364164709122,"PMPCA":1.3049014522571363,"MRPS28":3.963288825812079,"TRMT61B":0.642013842258684,"PMPCB":2.3189468713803842,"MRPL44":0.6798909111803294,"MRPS25":1.3461089068561243,"TSFM":-0.923760116744688,"GFM1":0.36819126807203173,"MRPS18B":2.570180341405731,"MRPS31":1.4942503326344354,"MRPS27":1.7419719006183088,"MRPL39":1.3422950684863766,"C1QBP":-0.41379299397816716,"MRPL15":-0.23501608123634316,"MRPS34":3.173964823154697,"MRPS6":1.3286627763706653,"RPUSD4":-0.31316424993264974,"MRPS10":2.2948368987063796,"SLIRP":-0.166546968532023}},"Blast Percent":{"min":-11.0,"max":11.0,"top_text":"High Blast Percent Correlation","bottom_text":"Low Blast Percent Correlation","map":{"MRPS31":0.8927074776025233,"MRPL39":1.2387908826233442,"SSBP1":1.9693515716967422,"MRPS9":0.5308110074316634,"PMPCB":1.631653418320339,"MRPS34":7.04530147633551,"MRPL15":1.996153355100815,"MRPS18B":1.5303113027898143,"HSPD1":2.18622642975138,"MRPL30":1.8934890627968033,"MRRF":0.8009611428247637,"C1QBP":2.584490667622572,"SLIRP":2.087834151964463,"MRPL13":1.362659651124913,"MRPL37":1.0106335866019105,"MRPL48":0.353292625557605,"MRPS16":2.7763394042527523,"MRPS22":3.2869036816907915,"TSFM":2.303847092275237,"TBRG4":0.6834873137899475,"LRPPRC":0.8560565169515136,"MRPL58":1.8040882455502605,"MRPS35":0.5389613988584351,"MTIF2":2.790015987918335,"MRPS2":1.8144277797889559,"MRPS30":1.3183878571180176,"PMPCA":1.6578218241679659,"MRPL9":1.6787857811250813,"GRSF1":2.4907897459542268,"RPUSD4":1.171321420539624,"MRPS10":1.3171739968613445,"MRPL11":1.867556334606802,"MRPS6":1.4622437652358902,"MRPS23":2.523723060811962,"MRPS25":0.7393694258164019,"MRPL24":0.6777734724578087,"MDH2":5.543936109602973,"MRPS7":0.8987317971865958,"TACO1":0.8370968335152877,"MRPL50":1.8609838868715027,"MRPS28":2.599536458151193,"MRPS27":2.273027331586123,"DAP3":1.5554312290181067,"TRMT61B":0.8676883251132309,"TRUB2":1.8841219797493594,"MRPL49":1.4735704475043783,"MRPS26":3.3688153507987013,"MRPL44":2.135300294547394,"GFM1":1.6921911680794717,"MRPS12":1.1923623516800161,"MRPS5":2.490283328736738}},"NPM1 Subtype":{"min":-37.0,"max":37.0,"top_text":"Committed NPM1 Subtype","bottom_text":"Primative NPM1 Subtype","map":{"HSPD1":-9.76196332872376,"PMPCB":-3.9812484579169944,"PMPCA":-4.129359517936568,"MRPL30":-4.59238342750012,"TRMT61B":-5.569441761425188,