{"Blast Percent":{"min":-11.0,"max":11.0,"top_text":"High Blast Percent Correlation","bottom_text":"Low Blast Percent Correlation","map":{"RUVBL1":1.1283603647834588,"CSE1L":0.26730586303547904,"PRPS2":-0.772430437501643,"RPS15A":0.45275173294517274,"NANP":-2.5604706676730777,"PRKDC":5.92644597393069,"AARS1":-1.551776525596506,"TP53":-1.1668667584627048,"WDR5":4.479767002461924,"H4C4":0.0,"PA2G4":-0.2662387888579167,"MCM4":0.3159562746508393,"IARS1":0.6538922830663861,"SSRP1":2.8300717225120606,"MCM2":0.8666994623783532,"LARS1":2.3812531979015903,"CCT5":-0.5179480396568318,"PAICS":-0.7577910213279135,"CAD":-0.8624718753634616,"RANBP1":-0.8865617853360794,"IPO5":-2.5474954974343476,"UNG":1.7982164251738613,"H4C2":0.0,"XRCC6":6.883140844952099,"PPAT":1.43447152282987,"GART":-0.5317071643381196,"FARSB":0.015775640108521012,"TUBB":-0.19695552172979722,"NAP1L4":-1.721088573737292,"BTF3":0.44319419370746266,"LDHB":-1.3512239002283675,"MTHFD1":-1.8329473481633736,"NAP1L1":-0.453522556047383,"CCT7":-0.16053739046580848,"PPP5C":-3.143711404173682,"ABCE1":0.3671771881567837,"TTF2":0.18111251909616569,"PRMT5":-0.37224185652481384,"NME1":-0.35908059486678107,"TRIP13":-3.1944496220757745,"POLA1":-0.5757777928921288,"ATIC":-1.415086336682583,"IPO7":-0.7930130065830738,"CCT3":-0.3142774196153831,"HSPA8":-1.2026813871568238,"XPO1":0.5857500169604274,"ADSL":-0.3768192399296622,"CCT4":-0.5334390025471932,"RUVBL2":0.767955096938985,"PFAS":-0.013393871644684205,"TTLL12":-0.5674631145001267}},"MuSiC CD14 Mono":{"min":-50.0,"max":50.0,"top_text":"High CD14 Mono Correlation","bottom_text":"Low CD14 Mono Correlation","map":{"XRCC6":-13.768965966431818,"UNG":-15.721814775315558,"IPO5":0.13058371335284968,"POLA1":-0.32086637718830996,"H4C4":0.0,"HSPA8":0.21490910916296246,"ATIC":-1.4002184397912691,"AARS1":-2.269930112888841,"PFAS":-3.6671019712019124,"TP53":-0.8268676921741074,"IARS1":-3.6118352297871072,"TTF2":-2.002211379142303,"CCT3":-0.2716475955009964,"WDR5":-4.611999300436258,"IPO7":0.5042956781124904,"H4C2":0.0,"CCT7":-0.26285282457937953,"RANBP1":0.38826929178119607,"PA2G4":-3.62581714823119,"PRPS2":0.7952204051705511,"BTF3":-2.3047761601834353,"NANP":2.015174604150943,"PRMT5":-1.1208584216510455,"CSE1L":-1.0595730578227733,"MTHFD1":-0.16955419096160135,"FARSB":-2.3396117023908145,"PRKDC":-3.2117140849278822,"CAD":-2.3037204793897654,"RUVBL1":-7.204921308923005,"TUBB":1.8128589362377832,"NAP1L4":-1.3356078558511861,"SSRP1":-4.875785788000624,"ADSL":-0.3255237719118467,"MCM2":-4.109393782613781,"CCT4":-0.33324090018959696,"MCM4":-5.561232419131785,"RUVBL2":-6.090350177200606,"PAICS":-4.471239188888168,"TTLL12":-2.0449081921399492,"CCT5":-0.7013417170164383,"LDHB":-2.0979661928464144,"TRIP13":1.6205248770692837,"PPP5C":-0.05990288447607278,"NME1":-1.7202574795302028,"XPO1":-1.4175754679797263,"GART":-1.3068425468837068,"LARS1":-9.160323363304528,"RPS15A":-3.359890248299732,"PPAT":-8.33172612256193,"NAP1L1":0.008383399241541425,"ABCE1":-6.8885895536956525}},"Overall Survival":{"min":-6.0,"max":6.0,"top_text":"High Survival Correlation","bottom_text":"Low Survival Correlation","map":{"GART":-0.22146636482961815,"PFAS":0.3315826411871231,"CAD":-0.5691434632559227,"TRIP13":-0.37004401365024153,"MTHFD1":-1.4216802824072015,"IPO7":-0.32639098353774626,"RUVBL1":0.0317946245619539,"IARS1":-0.48361483580257514,"XRCC6":-1.1506252357315108,"MCM4":-1.3199833349432646,"RPS15A":0.9138242964303446,"HSPA8":-0.07295063683679716,"NANP":-1.1855189989397565,"RUVBL2":-0.022029902592081773,"TTF2":-0.5471796227050495,"AARS1":-0.5081242192858795,"PRKDC":-2.068451949802436,"NAP1L4":-0.2741661388465819,"XPO1":-1.4550714447644295,"MCM2":-1.0751882964464419,"LDHB":-0.4698517093871369,"TTLL12":-0.819731892575455,"PA2G4":-0.25424517842992916,"H4C4":0.0,"ABCE1":-0.16634977162583486,"SSRP1":-0.5263363108886628,"POLA1":0.07680771337045951,"LARS1":0.17358177757886423,"PAICS":-0.29367810678374967,"PPAT":0.05889378602893363,"PRMT5":-1.4587397204801271,"ADSL":-1.4199608109401802,"CSE1L":0.19995125303461,"RANBP1":0.5539781913727695,"TP53":-0.18747418326780263,"UNG":-0.7848623467034658,"CCT3":-0.05479278900607222,"NME1":-0.801967240993336,"CCT4":0.09895864500824407,"PRPS2":-0.6640062925098099,"CCT5":0.1448757032423096,"H4C2":0.0,"NAP1L1":0.3510698671210509,"IPO5":-0.4175979514313317,"PPP5C":-0.3163768965722957,"TUBB":0.32320154661107303,"WDR5":-0.5549702440508997,"CCT7":0.5057893757741105,"ATIC":-0.056052591486486,"FARSB":-0.7650601575952215,"BTF3":1.2567141881068853}},"Mutation FLT3 ITD":{"min":-10.0,"max":10.0,"top_text":"High FLT3 ITD Correlation","bottom_text":"Low FLT3 ITD Correlation","map":{"ADSL":-0.3143494574370123,"LARS1":0.6788968027856619,"FARSB":0.2071672007805458,"PAICS":-1.3230240309792907,"TTF2":0.9102710555872724,"HSPA8":0.001898457853518998,"GART":0.05185894009920454,"CAD":-0.34306255573334105,"AARS1":-2.3863013042439984,"NANP":0.2390757790883817,"PRKDC":1.9905946811372932,"RPS15A":-0.13009264027837955,"POLA1":-0.5265933164142871,"CCT4":0.08114183036878843,"PA2G4":-0.2742817635798133,"BTF3":0.20302576889871052,"XRCC6":0.27268549802145015,"RUVBL2":0.1442190704401954,"MTHFD1":-0.23474546047422995,"H4C2":0.0,"TRIP13":-1.8986486163326848,"PPP5C":-2.8326571617567726,"IPO5":0.29153875078972,"ATIC":0.31822090151874094,"TTLL12":-0.8274579886245731,"RANBP1":-0.151100393027458,"CSE1L":0.15117845538383207,"CCT5":0.16532086452361033,"IPO7":-0.45731851174836885,"TP53":-2.4086252511328947,"XPO1":0.2544644500796783,"MCM4":-1.136067795445333,"PRPS2":-0.2967323260030193,"ABCE1":-0.0016352740000588483,"MCM2":-0.6530855247902244,"LDHB":-0.37795856744386375,"SSRP1":0.47136668790871,"IARS1":0.21775923044052103,"H4C4":0.0,"PRMT5":0.43008243593926765,"CCT7":0.3219961985747694,"WDR5":-0.23921487223671387,"PFAS":0.9928358186494758,"UNG":-0.9542002295200857,"NAP1L4":-0.9666866592270396,"NME1":-0.30873470580583834,"RUVBL1":0.2621124522534953,"TUBB":-0.4659311484263344,"NAP1L1":0.901598019709127,"PPAT":0.7517822588608217,"CCT3":0.10963602773179969}},"Mutation NPM1":{"min":-30.0,"max":30.0,"top_text":"High NPM1 Correlation","bottom_text":"Low NPM1 Correlation","map":{"RANBP1":-1.6740800411731585,"TP53":-1.8597512278524304,"CCT4":-1.2285003991115975,"ADSL":-2.9705045680714823,"IPO7":-0.8555533131327887,"PA2G4":-3.7609570378674597,"WDR5":-0.03650034802598876,"TUBB":-0.2385340365636773,"XRCC6":0.030032247945212753,"PRKDC":5.960592825764024,"MCM4":-1.2131225962471044,"ATIC":-0.649398092505903,"PRMT5":-0.7218467358990457,"TRIP13":-2.9670801874398234,"PAICS":-7.303767767255692,"PFAS":0.5397337181505687,"NME1":-2.0686607626994076,"TTF2":0.7415721070414288,"SSRP1":0.3471734566059988,"CCT3":-1.8919052100657971,"POLA1":-0.3498473760841474,"NAP1L1":-0.011848584133965232,"PPAT":-0.3577914241632495,"CCT5":-1.82544866578662,"TTLL12":-2.6485151165849605,"CCT7":-1.1839962270374662,"GART":-1.197377236886388,"ABCE1":-0.5870454616813623,"IPO5":-1.252295983653844,"RUVBL2":-0.9722641329357236,"H4C4":0.0,"PRPS2":-0.06019620143560309,"BTF3":-0.15713446686623345,"RUVBL1":-0.8498209905229973,"LARS1":-0.2153225590472438,"RPS15A":-1.4876783066662556,"NAP1L4":-4.205329067663449,"XPO1":0.6703624323215266,"NANP":0.2505557247675544,"MTHFD1":-4.024392113354869,"FARSB":-0.0412893145002463,"CSE1L":-0.9690267318179804,"AARS1":-4.8544591010953155,"PPP5C":-5.8019461734776545,"HSPA8":-1.109637443395507,"IARS1":0.05271744769183998,"UNG":-1.9407323941131345,"LDHB":-2.503250529925925,"MCM2":-0.8932231535543373,"H4C2":0.0,"CAD":-2.0809505676962092}},"NPM1 Subtype":{"min":-37.0,"max":37.0,"top_text":"Committed NPM1 Subtype","bottom_text":"Primative NPM1 Subtype","map":{"TUBB":2.1268177234599466,"TTLL12":-1.6434367362314415,"CAD":-2.4076065711295307,"RPS15A":-1.7243768137936635,"RUVBL2":-5.734447525797664,"IPO7":0.28995896777276925,"PPAT":-8.795723682358531,"GART":-0.9212232006879588,"IARS1":-4.483240197681254,"H4C4":0.0,"AARS1":-1.1408152026627216,"WDR5":-3.554046379510762,"CCT5":-0.4070265472198636,"XRCC6":-13.367981289306929,"NAP1L1":0.10519319688836364,