{"MuSiC CD14 Mono":{"min":-50.0,"max":50.0,"top_text":"High CD14 Mono Correlation","bottom_text":"Low CD14 Mono Correlation","map":{"VDAC3":-5.154499581679317,"SLC25A12":-2.3609067620607904,"TOMM22":-3.8445095386909083,"NDUFA8":0.09521464781923404,"AIFM1":-1.5647021183548813,"NDUFB10":-0.7150992127227194,"SLC25A3":-1.2068920719494851,"PDHA1":-8.58143238333792,"SAMM50":-3.204319045801859,"NDUFA4":0.16419466707980762,"CYC1":-1.8431299542367092,"NDUFS1":-1.4437980645566444,"COX4I1":-0.019810555215715165,"UQCRC2":-1.4991440042830364,"DNTTIP1":0.38456508304650794,"ATP5PB":-2.2719248240802288,"TOMM40":-3.420729905460414,"COX15":-0.04694274421905628,"NDUFS3":-0.321373718303882,"NDUFB5":-0.9258135084103313,"VDAC2":-2.769441781203919,"DDOST":-0.153730529096116,"TOMM5":-2.7127712839855525,"ATP5F1C":-3.153129551490307,"UQCRC1":-0.7886263116838331,"VDAC1":-9.823457122989478,"NDUFA9":-0.6782872520528951,"MTX1":-2.41830370811206,"GHITM":-0.010875391111931658,"APOO":-5.583149618732237,"ATP5PD":-1.7154980443050531,"DLD":-3.707343450076915,"OCIAD1":-5.897706755296865,"DNAJC11":-4.283188616407755,"H2BC17":0.0,"HSPA9":-3.170139798242404,"TIMM50":-4.612676330739629,"MTX2":-5.434369418310427,"OMA1":-0.20305716637743196,"MTCH2":0.027425364939130337,"NDUFS5":-0.20198078135584857,"SURF1":-0.3730383757729912,"CHCHD3":-2.237255675116475,"PHB2":-5.897443539968027,"NDUFV1":-0.8977056905934436,"IMMT":-4.659992738189688,"NDUFS8":-1.840015161521226,"MICOS13":-0.32789167878637165,"NDUFS2":-1.0907173529401304,"UQCRQ":-0.9561178193241483,"AFG3L2":-5.162157797160243}},"Overall Survival":{"min":-6.0,"max":6.0,"top_text":"High Survival Correlation","bottom_text":"Low Survival Correlation","map":{"NDUFS3":-0.9064190572101297,"HSPA9":1.2464076866493112,"NDUFS5":1.5365901068481385,"APOO":0.13423426473639058,"ATP5PD":1.0617565892578358,"NDUFS1":0.07934903523488826,"TOMM22":0.07037825825775135,"SLC25A3":1.4542741958742005,"VDAC2":-0.08276333548463652,"MTCH2":-0.03163266316160394,"SAMM50":0.05254136828112006,"H2BC17":0.0,"MTX2":-0.06417096628313156,"IMMT":0.2961217388877748,"TOMM5":-0.06601785635953462,"MICOS13":-0.08830455504441821,"AIFM1":0.056147132912738686,"ATP5F1C":0.8731578040329914,"NDUFA8":1.136345259323157,"NDUFV1":0.29348812674412583,"SURF1":0.6524726173093688,"NDUFB10":1.0464713155780048,"NDUFB5":0.33745292967840146,"MTX1":0.5104055779453794,"ATP5PB":1.5866491941459848,"VDAC1":-0.1457520103999377,"VDAC3":0.11045213712065217,"COX15":-0.03335243224586267,"OCIAD1":1.1171405536274979,"CHCHD3":0.0816619271888554,"NDUFA9":0.34123296344196313,"DNAJC11":0.40830735456053485,"NDUFA4":0.3978521676703525,"TIMM50":-0.2599360607433904,"DNTTIP1":0.8727188664438287,"SLC25A12":0.922352951006644,"NDUFS2":-0.284970137315923,"CYC1":0.8662990613516797,"UQCRC1":0.9493795692298727,"PHB2":1.065351381531038,"GHITM":0.5785149622115743,"COX4I1":0.6448145229405116,"UQCRQ":-0.04413396151288043,"PDHA1":-0.12012533797567616,"DLD":0.4061816828825795,"UQCRC2":2.4421240097618977,"OMA1":-0.1416417234040913,"DDOST":-0.5456048632522065,"NDUFS8":-0.15002522023820755,"AFG3L2":-0.19058937794283695,"TOMM40":0.679610154265953}},"Mutation NPM1":{"min":-30.0,"max":30.0,"top_text":"High NPM1 Correlation","bottom_text":"Low NPM1 Correlation","map":{"ATP5PB":-0.5154151291243886,"OMA1":-0.2896367084810175,"H2BC17":0.0,"SURF1":0.3823881614665571,"SAMM50":1.2166254386491373,"TIMM50":0.7781364351077196,"MTCH2":2.446159409206866,"NDUFB10":1.617160660860769,"CYC1":0.1290006986103178,"PDHA1":-0.38342436450199746,"PHB2":-0.05758884288836184,"NDUFS1":2.0028690417377906,"DLD":0.44728227742015503,"TOMM22":-0.19230741435246737,"MTX2":1.5828567781846785,"AIFM1":2.4953571666879704,"MTX1":1.1404020360112914,"HSPA9":-0.24377381089369762,"NDUFS8":1.7183416026256515,"NDUFS5":1.9330054389647775,"ATP5PD":0.36071403874438,"IMMT":0.046329647326846905,"ATP5F1C":-0.06349722851496921,"CHCHD3":2.8075466653141796,"VDAC1":0.5107727342414231,"NDUFB5":1.0743159207027801,"TOMM40":-0.49667906420514124,"NDUFA8":2.452350843008108,"NDUFS2":0.5008906048578818,"MICOS13":1.9363601345479622,"NDUFV1":3.128362512523043,"UQCRC1":0.7652394761201871,"DDOST":0.40039714888303624,"NDUFA9":0.4877972436319662,"UQCRQ":-0.2001093079951854,"SLC25A3":-0.07958858990626201,"DNTTIP1":0.39421644079501805,"DNAJC11":0.7817837294424175,"OCIAD1":1.0736056301648607,"COX4I1":0.6647650558440731,"APOO":-0.25718756685938604,"NDUFS3":1.2485820136720833,"NDUFA4":3.4305249912687334,"SLC25A12":-0.4985692820899084,"TOMM5":-0.16575719613969667,"AFG3L2":-0.11704249137818461,"VDAC2":0.13646031269739384,"UQCRC2":0.46974774100310845,"VDAC3":-0.3965618622928113,"COX15":0.026918871389515132,"GHITM":1.039699702520444}},"NPM1 Subtype":{"min":-37.0,"max":37.0,"top_text":"Committed NPM1 Subtype","bottom_text":"Primative NPM1 Subtype","map":{"APOO":-5.790874919618911,"DDOST":0.09553939614165306,"NDUFA8":-0.23091593668575483,"MICOS13":0.33370755826117654,"UQCRC2":-1.8442304338365987,"HSPA9":-2.5132734144160525,"MTCH2":-0.23698763226802888,"NDUFS8":-2.6833677340449578,"SLC25A3":-1.7532852225463946,"SLC25A12":-1.570302634313285,"AIFM1":-3.49353500575545,"UQCRQ":-0.728928202625446,"NDUFS3":-0.740803067109875,"DNAJC11":-6.479294018972181,"ATP5F1C":-3.88188581975398,"ATP5PD":-2.1659398670583334,"SAMM50":-3.5904986849476535,"IMMT":-5.867704958158731,"TOMM22":-4.330394928406669,"NDUFV1":-1.7520482734382878,"AFG3L2":-6.793963293495538,"NDUFS2":-1.729480288302217,"DNTTIP1":0.5450009378356655,"NDUFA9":-0.6417521186514316,"DLD":-6.146053649618234,"PHB2":-5.307661876321362,"TOMM5":-2.4807840777718937,"CYC1":-2.060847712031401,"TOMM40":-1.5311493720495468,"NDUFB5":-1.5965369910567737,"MTX1":-4.805653088735074,"UQCRC1":-1.7275987899360667,"H2BC17":0.0,"SURF1":-0.31489937603011164,"NDUFA4":0.14579321933728276,"COX4I1":0.2180424024938705,"OMA1":-0.48285457772663426,"VDAC2":-4.75711659873763,"PDHA1":-8.230889833861031,"NDUFS1":-2.453485243529112,"GHITM":-0.3668364723690233,"VDAC3":-4.559878542549877,"COX15":-0.27327176780261253,"MTX2":-6.979236539304165,"ATP5PB":-2.0091912803306267,"VDAC1":-6.944677918230307,"NDUFS5":0.26757407518544296,"NDUFB10":-1.7291719620775914,"TIMM50":-5.766144149083359,"OCIAD1":-5.0610820953573965,"CHCHD3":-2.6954493774917614}},"Mutation FLT3 ITD":{"min":-10.0,"max":10.0,"top_text":"High FLT3 ITD Correlation","bottom_text":"Low FLT3 ITD Correlation","map":{"NDUFS8":1.182874687648826,"COX4I1":1.36647793888403,"MTX2":0.6324836042658936,"IMMT":1.2623923826421979,"NDUFS1":1.950128799106952,"HSPA9":1.4528862874312167,"TOMM5":1.1223569665971065,"MTCH2":0.932891925443346,"AFG3L2":1.845695061651842,"NDUFB5":3.5211885729710346,"NDUFV1":2.881641435331292,"OMA1":0.67028883211568,"NDUFA4":4.188644210292796,"VDAC1":2.057164490801179,"NDUFB10":2.1317050473258115,"PHB2":-0.3988876758579072,"NDUFS3":1.2962016366007825,"MICOS13":1.5939110340890275,"COX15":0.4805650285419249,"ATP5PD":2.206415632122481,"DLD":0.692860650113062,"TOMM40":-0.0679187830463898,"DNTTIP1":-0.29519907617688845,"TIMM50":1.2954484412156773,"CYC1":2.1745486499043913,"PDHA1":-0.025580503147306685,"ATP5PB":1.1442371040927228,"SLC25A3":1.9633199272500041,"NDUFA8":1.3865415559155463,"SLC25A12":0.15351881222561148,"VDAC2":0.17173165147803596,"OCIAD1":1.5506698765456155,"UQCRC1":2.3562767945951473,"NDUFS2":1.086289059553873,"UQCRQ":0.7552659313107917,"AIFM1":2.1981150631415396,"ATP5F1C":-0.8904482559237966,"DDOST":0.08808065261835957,"H2BC17":0.0,"SURF1":1.1510334878254658,"NDUFA9":0.7766757895263136,"UQCRC2":1.2491702650087078,"GHITM":0.15048325509991672,"SAMM50":1.3367541663028366,"CHCHD3":1.529095665990707,"TOMM22":0.5098625370506714,"APOO":0.5174072476351274,"MTX1":2.4949948944058837,"NDUFS5":0.8921340402334242,"DNAJC11":1.3974744648340112,"VDAC3":0.2524948522542097}},"Blast Percent":{"min":-11.0,"max":11.0,"top_text":"High Blast Percent Correlation","bottom_text":"Low Blast Percent Correlation","map":{"MTX1":2.1090743567647525,"SAMM50":1.672533490782469,"NDUFA4":2.3887724357413282,"DDOST":0.3304728848361726,"DLD":2.9610645628766847,