{"NPM1 Subtype":{"min":-37.0,"max":37.0,"top_text":"Committed NPM1 Subtype","bottom_text":"Primative NPM1 Subtype","map":{"TMEM47":0.0,"IFIT2":3.1894067494152516,"DDX58":0.2758105784612248,"GBP4":-0.5635629034272949,"COL11A1":0.0,"LAMA4":0.0,"DCN":0.0,"CPN1":0.0,"IFIT1":1.5332112986792883,"GBP7":-0.17888370634771103,"RNF213":7.535732397610735,"ISG15":1.67229848918301,"SLC25A23":0.0,"CMPK2":-1.916201056341422,"IFITM1":0.0,"ZFHX4":0.0,"COL1A1":-0.36655827790759565,"SNAI2":0.0,"COMP":0.0,"THBS4":0.0,"IFI44L":0.0,"MX1":2.9143326746992058,"COL5A1":0.0,"CMTM8":0.0,"MTX3":0.3641987003926145,"OAS3":0.6401937430314375,"COL3A1":0.0,"TMEM132C":0.0,"IRF9":1.6899582953077281,"IFI44":-0.8564193886937718,"GBP1":5.087706676989508,"PARP14":11.084810707932805,"IGFBP5":0.0,"PARP9":6.8476780553882,"GBP5":1.3532114008383622,"COL1A2":0.3721132665539138,"STAT1":3.6887405710705967,"OAS2":5.645147892262444,"AQP3":0.0,"CDH11":0.0,"ITIH3":2.437206121466495,"ISG20":-0.03892393396105553,"IFIH1":3.324438649262628,"SLC2A8":0.0,"MSLN":0.0,"EPSTI1":-0.5695226742456494,"IFIT3":2.0325146518435964,"DDX60":0.36416364777825,"DTX3L":7.553959388059997,"BCAR1":0.0,"IGF2":0.0}},"Overall Survival":{"min":-6.0,"max":6.0,"top_text":"High Survival Correlation","bottom_text":"Low Survival Correlation","map":{"COL11A1":0.0,"IGFBP5":0.0,"COL1A1":1.419965954075839,"GBP4":0.3640726664658904,"MX1":1.1555433369732002,"IFI44":-0.222190766074257,"SNAI2":0.0,"OAS2":1.0461986665549268,"CMPK2":0.30666210454487786,"CPN1":0.0,"SLC25A23":0.0,"IFIT3":0.2459165647377883,"DTX3L":0.469335293381808,"IFITM1":0.0,"ISG20":-0.03000430003787487,"IFIH1":-0.14247688662471292,"COL1A2":1.296955019233559,"RNF213":0.9137292955164117,"DDX60":0.9561320914870347,"TMEM132C":0.0,"DCN":0.0,"THBS4":0.0,"MSLN":0.0,"GBP7":0.044710298110485644,"IFI44L":0.0,"ISG15":1.39893896258456,"ITIH3":0.4764061403947973,"EPSTI1":0.4917770662863225,"ZFHX4":0.0,"PARP9":1.383453761776606,"CMTM8":0.0,"LAMA4":0.0,"PARP14":0.7093385037445534,"AQP3":0.0,"IFIT1":0.7401385811798941,"GBP5":0.12883180119692836,"COL5A1":0.0,"SLC2A8":0.0,"IGF2":0.0,"TMEM47":0.0,"COL3A1":0.0,"OAS3":0.3509735139603873,"MTX3":-0.7441839213125537,"IFIT2":0.09560069358274154,"CDH11":0.0,"COMP":0.0,"DDX58":0.8423548400468702,"STAT1":0.5828403209446623,"IRF9":0.055079738452046716,"GBP1":0.09634741262011327,"BCAR1":0.0}},"Blast Percent":{"min":-11.0,"max":11.0,"top_text":"High Blast Percent Correlation","bottom_text":"Low Blast Percent Correlation","map":{"IFIH1":-0.2523630917008373,"COL5A1":0.0,"LAMA4":0.0,"COL11A1":0.0,"GBP4":-0.30132760106527423,"IFIT1":-0.6523841880636494,"IRF9":-0.2608172926302378,"GBP5":-2.21816824293895,"IFI44":-0.7925754409016994,"SLC25A23":0.0,"AQP3":0.0,"IGF2":0.0,"IFIT2":-0.7211954929811877,"EPSTI1":-1.0731679302684256,"IFITM1":0.0,"CMPK2":-0.27486146406746725,"IGFBP5":0.0,"COMP":0.0,"PARP14":-1.7215244465912862,"ZFHX4":0.0,"STAT1":-1.217505384388506,"CDH11":0.0,"TMEM47":0.0,"DTX3L":-0.9410061746748083,"DDX60":-0.5879297297036823,"DCN":0.0,"ITIH3":-2.181626195447451,"SNAI2":0.0,"COL1A2":-1.7952954933526935,"MSLN":0.0,"MTX3":-1.6076007171217432,"GBP1":-2.8311603656035476,"PARP9":-1.9310918171501659,"DDX58":0.7735584549773806,"BCAR1":0.0,"RNF213":-0.7904802647894886,"THBS4":0.0,"COL3A1":0.0,"IFI44L":0.0,"CMTM8":0.0,"COL1A1":-1.2519507095289681,"ISG20":-1.021064895183512,"SLC2A8":0.0,"OAS3":-0.9186973362534885,"OAS2":-0.5807548609903815,"IFIT3":-1.028109460996025,"TMEM132C":0.0,"GBP7":-1.3944529248533561,"ISG15":0.017637446353101948,"MX1":-1.719018977672697,"CPN1":0.0}},"Mutation NPM1":{"min":-30.0,"max":30.0,"top_text":"High NPM1 Correlation","bottom_text":"Low NPM1 Correlation","map":{"COL5A1":0.0,"SLC2A8":0.0,"CMTM8":0.0,"IRF9":-2.398357036202802,"AQP3":0.0,"IFI44L":0.0,"GBP1":-1.747242579305211,"THBS4":0.0,"ITIH3":-0.09712761270382653,"LAMA4":0.0,"GBP5":-0.9693942627170639,"STAT1":-1.1151700475189796,"IFITM1":0.0,"COL1A1":-1.3923944926973608,"ZFHX4":0.0,"SNAI2":0.0,"PARP14":-0.6692803499184341,"DDX60":-7.421061797116181,"CPN1":0.0,"IFIT2":-0.1760112709713115,"IFI44":-4.233941948931495,"ISG20":-4.698855700390634,"BCAR1":0.0,"OAS2":-3.1856363558865732,"IFIT3":-1.0574725729478078,"GBP7":-3.145377064593548,"IGFBP5":0.0,"PARP9":-0.5671753297905948,"CDH11":0.0,"TMEM47":0.0,"IFIT1":-1.9169800293070431,"GBP4":-5.2472286740388645,"IFIH1":0.2612202199895952,"DCN":0.0,"OAS3":-2.532677648144512,"MTX3":0.010072950091429798,"ISG15":0.057682519368211636,"COL11A1":0.0,"CMPK2":-11.33288412739588,"SLC25A23":0.0,"EPSTI1":-2.536658830520654,"MX1":-5.574449916450599,"COL3A1":0.0,"COL1A2":-1.8212602710517567,"COMP":0.0,"IGF2":0.0,"TMEM132C":0.0,"DDX58":0.7306029205318584,"MSLN":0.0,"DTX3L":-1.0935823450914752,"RNF213":0.16080459553716855}},"Mutation FLT3 ITD":{"min":-10.0,"max":10.0,"top_text":"High FLT3 ITD Correlation","bottom_text":"Low FLT3 ITD Correlation","map":{"GBP4":-1.3813723177955335,"CMTM8":0.0,"GBP7":-1.3520138759204856,"IRF9":-1.1927897152990192,"STAT1":-0.8869389490930745,"EPSTI1":-0.2698455530844855,"THBS4":0.0,"IFIT1":-0.6571405696277274,"CDH11":0.0,"MSLN":0.0,"AQP3":0.0,"LAMA4":0.0,"IGFBP5":0.0,"DDX60":-2.750193651142525,"COMP":0.0,"SNAI2":0.0,"OAS2":-0.5668265823048529,"DTX3L":-0.7210313281529741,"IFITM1":0.0,"CPN1":0.0,"COL11A1":0.0,"BCAR1":0.0,"CMPK2":-2.5970160435721477,"PARP9":-0.2384326326618635,"GBP1":-2.0893863586732633,"GBP5":-0.7729336033328311,"COL5A1":0.0,"SLC2A8":0.0,"IFIT2":-0.04276332867281745,"COL1A1":-0.5288167954568476,"DDX58":0.12857274942755634,"ZFHX4":0.0,"ISG15":0.1374390842287499,"TMEM47":0.0,"MTX3":0.4015461312734904,"IGF2":0.0,"IFI44":-0.6738803068019931,"IFIH1":0.4558244936830478,"MX1":-1.0017089613244152,"PARP14":-0.28973139674317294,"COL1A2":-0.7590674959536498,"TMEM132C":0.0,"IFIT3":-0.3210441756176598,"OAS3":-0.6069401978068321,"ITIH3":-2.3871873519169693,"DCN":0.0,"IFI44L":0.0,"RNF213":0.03702342757302703,"SLC25A23":0.0,"COL3A1":0.0,"ISG20":-1.7551744164402219}},"MuSiC CD14 Mono":{"min":-50.0,"max":50.0,"top_text":"High CD14 Mono Correlation","bottom_text":"Low CD14 Mono Correlation","map":{"GBP1":3.342296167317594,"CMTM8":0.0,"DCN":0.0,"DDX58":0.6823469071381174,"DTX3L":6.303569292019138,"TMEM132C":0.0,"IFIT3":1.3354574057957826,"AQP3":0.0,"MTX3":0.3697843253999196,"IFIT2":2.479714096058193,"PARP14":12.175799939820775,"IFIH1":3.0517028666543182,"RNF213":7.299860760951492,"THBS4":0.0,"ISG15":1.9169152064614174,"CMPK2":-3.4811274426928005,"BCAR1":0.0,"ZFHX4":0.0,"GBP4":-0.5665321035317602,"EPSTI1":0.30192558796938174,"OAS3":0.4480572490332639,"MX1":2.0750211203212534,"COL1A2":0.05504844875566271,"DDX60":-0.2221337989959196,"COL5A1":0.0,"SLC2A8":0.0,"COL3A1":0.0,"PARP9":8.644381976815946,"IFITM1":0.0,"COMP":0.0,"LAMA4":0.0,"CPN1":0.0,"SNAI2":0.0,"ITIH3":1.3450956718978153,"ISG20":-0.11012040657556679,"MSLN":0.0,"GBP5":0.6624786811213194,"IFI44":0.30528462616962726,"IFIT1":0.43550535759690434,"COL11A1":0.0,"TMEM47":0.0,"GBP7":-0.1259148785183354,"STAT1":2.619626337696805,"CDH11":0.0,"IGFBP5":0.0,"OAS2":3.6470130537336023,"IRF9":2.2659933973574993,"IFI44L":0.0,"SLC25A23":0.0,"IGF2":0.0,"COL1A1":0.030899591692363722}}}