{"NPM1 Subtype":{"min":-37.0,"max":37.0,"top_text":"Committed NPM1 Subtype","bottom_text":"Primative NPM1 Subtype","map":{"EGFL7":-5.427311479546799,"PALM":-6.392435438310221,"MOV10":-8.425331552004,"MPL":0.0,"GUCY1B1":-4.688985159770727,"CBX2":-13.44459899594699,"AMOT":-0.6826747578263763,"POGLUT2":-4.886742513257663,"SLC9A7":-3.996891376979274,"SHANK3":-7.2303558019927685,"PKN3":0.0,"DIPK1B":-5.961491924072456,"MAST4":-14.343658327538924,"ERG":-10.557557454632004,"MEX3B":-2.731910289949152,"BCAT1":-3.628737842102972,"SCARF1":-0.003991080205454554,"RNF144A":0.0,"ABCC1":-5.648738804901557,"PRKCQ":-9.368467195350158,"ACR":0.0,"MYO1B":-4.3733910355564465,"ZBTB8A":-12.281673358491828,"HSPG2":-1.486756422412892,"FSCN1":-6.09143299270942,"PHYHD1":-1.3521023049395482,"GNAI1":-0.4940437438642349,"MYO5C":-7.950264471610646,"DAPK1":-4.40521857216874,"AIF1L":-4.130767203193064,"CD109":-0.4389735270475904,"PTK7":-11.159726287965603,"JUP":-5.070807188510222,"KIF7":0.0,"MYO18A":-2.8004893288798933,"LZTS2":-4.543920630820445,"CABLES1":-8.007024847474842,"GUCY1A1":-5.4712893405641845,"LUZP1":-4.153030879435762,"LRBA":-3.080778536731013,"DBN1":-6.4113959349357135,"ARHGEF17":-4.748819343354631,"GPSM1":-13.472524192043776,"BCR":-7.99735119501129,"MPRIP":-3.5756014628976573,"CD34":-3.506080749711841,"PTP4A3":0.0,"LURAP1":0.0,"LIMA1":-6.178631677606213,"SVIL":-0.4750601229490078,"KRT18":-0.9685880104194401}},"Blast Percent":{"min":-11.0,"max":11.0,"top_text":"High Blast Percent Correlation","bottom_text":"Low Blast Percent Correlation","map":{"MYO5C":0.3862656728047131,"MAST4":2.0315516279764707,"KIF7":0.0,"LZTS2":1.337638644816477,"ARHGEF17":-0.44425996784963007,"BCAT1":-0.17577199461330154,"LUZP1":1.5147425868464015,"ACR":0.0,"AMOT":0.15928783424157722,"MEX3B":0.38185594891893265,"PTK7":2.2735340484775777,"POGLUT2":-0.722786287750656,"ERG":0.9351368134676249,"CBX2":2.1821370246020777,"LIMA1":0.7148056261813527,"PALM":1.0540621727320623,"HSPG2":-0.2393050409381764,"SHANK3":-0.05886067716020973,"EGFL7":-0.35387030073464576,"LURAP1":0.0,"MOV10":0.7147066495782385,"ZBTB8A":2.033112448303901,"MPRIP":0.9391600871167165,"SLC9A7":0.2983068569468059,"PHYHD1":-0.08828959147798651,"PTP4A3":0.0,"MYO1B":0.15234634315404816,"ABCC1":0.15707254838797027,"LRBA":-2.2676852663450657,"MPL":0.0,"PRKCQ":-0.12893225090134586,"KRT18":-0.6694003736744836,"CABLES1":-0.876826880372778,"GPSM1":1.217159181526681,"DIPK1B":-0.06677264863715092,"JUP":0.11090197206163172,"GNAI1":-0.8048369684166695,"DAPK1":1.008174994470774,"SCARF1":-1.0642828404190103,"MYO18A":0.12211970701642645,"PKN3":0.0,"FSCN1":0.9969820944682954,"GUCY1B1":-0.32862282588107444,"BCR":1.4749568097138717,"RNF144A":0.0,"DBN1":1.1903615415489683,"CD34":-0.011406656620854348,"AIF1L":-0.12451575458131939,"GUCY1A1":-0.12334853758643459,"SVIL":-0.8645690277827491,"CD109":-1.3982015187651995}},"MuSiC CD14 Mono":{"min":-50.0,"max":50.0,"top_text":"High CD14 Mono Correlation","bottom_text":"Low CD14 Mono Correlation","map":{"MPRIP":-5.047550547015905,"ZBTB8A":-12.410940167686379,"DIPK1B":-5.802002837933869,"SCARF1":-0.0967637611990103,"RNF144A":0.0,"PRKCQ":-8.272460409941031,"MYO5C":-7.154726243375096,"PTK7":-11.805880367931314,"PTP4A3":0.0,"LURAP1":0.0,"CABLES1":-5.626651319003497,"AIF1L":-1.8806379707842793,"PALM":-7.302282783269569,"KIF7":0.0,"MOV10":-10.707605643912416,"AMOT":-0.7288891602472282,"GNAI1":0.2008883209667662,"DBN1":-8.207365535337079,"SLC9A7":-5.091489748509935,"LZTS2":-3.344158715995544,"ARHGEF17":-4.1750766199791585,"ACR":0.0,"ERG":-13.55008584252855,"MYO18A":-3.5188786162343364,"ABCC1":-4.992465498228638,"GPSM1":-10.036116724918061,"DAPK1":-3.051113958309175,"BCAT1":-3.4427302256361623,"MAST4":-17.514574525930133,"EGFL7":-5.615214043935999,"MEX3B":-3.7370122462762656,"BCR":-11.108514638116905,"CD109":-0.15819561122869008,"GUCY1A1":-5.79163185722425,"SVIL":0.2870597493659656,"CBX2":-14.176458360017358,"LRBA":-3.568338420016155,"POGLUT2":-3.279021238490977,"LIMA1":-9.541820905761535,"FSCN1":-5.505964062315051,"LUZP1":-7.414178687332047,"KRT18":-1.041756373069786,"GUCY1B1":-5.577135993686749,"MYO1B":-3.953940073375328,"CD34":-4.760270017298782,"JUP":-4.877109185698079,"SHANK3":-7.76795519471684,"PKN3":0.0,"HSPG2":-1.2255458085300186,"PHYHD1":-0.9085323529274029,"MPL":0.0}},"Mutation FLT3 ITD":{"min":-10.0,"max":10.0,"top_text":"High FLT3 ITD Correlation","bottom_text":"Low FLT3 ITD Correlation","map":{"GUCY1B1":0.8912853401316138,"PTP4A3":0.0,"MPRIP":1.1902122609207966,"DBN1":0.841203168333625,"LIMA1":0.7354254526484341,"CD109":-0.3562409038615358,"SCARF1":1.0211487951885396,"ACR":0.0,"DIPK1B":-0.7571713816357141,"SHANK3":-2.780552929085616,"DAPK1":2.079256780479701,"ABCC1":2.808023571528819,"MYO5C":1.3793631766892358,"RNF144A":0.0,"BCAT1":-0.18120114987418912,"GPSM1":0.7066199269718754,"CD34":-3.16939560889094,"PTK7":0.765848527142401,"MPL":0.0,"MEX3B":0.028679376646193192,"GUCY1A1":2.006541042729794,"PKN3":0.0,"LUZP1":-0.4282595016758654,"MYO1B":3.7443787644375446,"KRT18":1.0765879954676152,"ZBTB8A":0.10120920587358673,"ARHGEF17":-0.8502923733039662,"KIF7":0.0,"LZTS2":0.9946666830492488,"MOV10":-2.1739015932841963,"CBX2":-1.0187908754632367,"GNAI1":-2.197417666078046,"BCR":-0.6438383239351482,"PRKCQ":0.05286485622728419,"AIF1L":4.037131389604933,"PALM":-1.1890276364774612,"ERG":0.027986286118687788,"MYO18A":-0.25946446218858477,"SLC9A7":1.1059897127887763,"EGFL7":0.44148943673408275,"MAST4":-0.47082208379142343,"JUP":-2.791683168728266,"AMOT":0.13726741297066078,"HSPG2":-0.39949094275477814,"SVIL":3.4514014136503652,"POGLUT2":0.8255886157256859,"CABLES1":2.2869877862981873,"FSCN1":1.9097304126721957,"LRBA":0.12488051804770521,"PHYHD1":1.6101000441840176,"LURAP1":0.0}},"Overall Survival":{"min":-6.0,"max":6.0,"top_text":"High Survival Correlation","bottom_text":"Low Survival Correlation","map":{"LZTS2":-1.1800159275573285,"SCARF1":0.11773235943081775,"PRKCQ":0.26399411240713794,"MYO18A":0.12091212009979814,"FSCN1":-0.05046192100944185,"SLC9A7":-0.29825296003172713,"ABCC1":-0.2727391471376989,"KRT18":-0.455017173802954,"KIF7":0.0,"DIPK1B":-0.14206546885322605,"GPSM1":-1.6246597624175922,"AIF1L":-1.2970277011553486,"ARHGEF17":-0.7796952137977552,"POGLUT2":-0.26896297072264425,"AMOT":-1.0215311452815872,"MYO1B":-0.7748257074226638,"PHYHD1":-0.050631424737711775,"GUCY1A1":0.43916059644209093,"PTP4A3":0.0,"LIMA1":0.43204983089618254,"EGFL7":1.0849649394911254,"MYO5C":-0.14447947350901033,"BCR":-0.11766660491321289,"RNF144A":0.0,"PKN3":0.0,"LURAP1":0.0,"CABLES1":-0.42848802097359173,"HSPG2":0.3411310306918396,"SVIL":-0.8062972005279089,"ZBTB8A":-0.31633652131584655,"PALM":-1.069669712057681,"MOV10":0.22411834299170533,"PTK7":-0.5015013169815257,"ACR":0.0,"DAPK1":-0.4276751513116372,"MEX3B":0.07237444423822328,"LRBA":-1.464776302549817,"MPRIP":-0.4089368726656553,"LUZP1":-1.2274238778333009,"SHANK3":-0.8381917126134508,"CD34":-0.034974147701158045,"CBX2":-0.7480663997392727,"JUP":-0.943256088668992,"MPL":0.0,"ERG":0.29019636495793544,"GNAI1":-0.3953651227171793,"CD109":0.05980988776592318,"DBN1":-0.5178524727504311,"BCAT1":-1.3933442694805156,"GUCY1B1":0.21591796335926855,"MAST4":-0.3074383986507726}},"Mutation NPM1":{"min":-30.0,"max":30.0,"top_text":"High NPM1 Correlation","bottom_text":"Low NPM1 Correlation","map":{"BCR":-4.182508081375444,"MPRIP":1.9486807331539424,"KRT18":0.2616594446071383,"CABLES1":-0.24655920744374202,"AIF1L":-0.2861836637498026,"LRBA":-1.5160152653669894,"DAPK1":-0.6923213346704434,"RNF144A":0.0,"KIF7":0.0,"LZTS2":1.3154120365349125,"BCAT1":-4.187343170519186,"ACR":0.0,"LURAP1":0.0,"PRKCQ":-1.239849032533528,"MPL":0.0,"SCARF1":0.2842598718472609,"SVIL":2.1292069596381658,"MYO5C":-1.9673632290263798,"GUCY1B1":-1.8661481234998556,"MAST4":-1.2296707639617797,"AMOT":-1.510633357251527,"ZBTB8A":-0.6652565222272562,"HSPG2":-0.9822492553703778,"FSCN1":-0.23055747170755242,"CD34":-13.808069773491024,"DBN1":0.5557587363030468,"PTK7":-0.6734690884388081,"SHANK3":-13.093764082974468,"PTP4A3":0.0,