{"MuSiC CD14 Mono":{"min":-50.0,"max":50.0,"top_text":"High CD14 Mono Correlation","bottom_text":"Low CD14 Mono Correlation","map":{"CLPTM1":0.7474288569098949,"PTGES2":0.04504922800263283,"NUP210":0.14949121380436367,"TMEM214":0.019732558204455367,"EMC1":0.28107614631441236,"BTN2A1":8.504793110768833,"TXNDC15":0.07407222071735863,"SPCS2":4.097620501958987,"TMED10":0.30817083558546937,"SSR1":0.422754647409483,"SEC61B":0.2626436144148487,"SEC61A1":0.8164262158908863,"ATP13A1":1.0005284291354417,"EMD":2.3376350226024374,"DERL1":-0.4517278695652508,"RER1":1.2456500580928815,"RPN2":-0.30010002951116477,"TMBIM6":3.9971911897411223,"ELOVL5":1.7223607172146003,"TECR":-1.5369522823157904,"SEC63":2.9386727739276646,"SRPRB":-0.11838442330457982,"TOMM40":-3.420729905460414,"MYPOP":-0.24444428919952646,"SEC62":0.2010644172173444,"NCLN":-0.0414601549419395,"TMEM259":-0.4708045941576916,"ALG8":-0.9522008684481033,"KRTCAP2":-0.27609924878943487,"ILVBL":2.3157005225272096,"EMC7":1.641006744228382,"LAMP1":2.8056263248899254,"RPN1":-0.8539539384471044,"SSR4":3.66539810604919,"TGOLN2":4.133986656258827,"CYBC1":6.426335350285777,"CANX":0.2264897862573834,"ZMPSTE24":-0.14592991650046497,"DDOST":-0.153730529096116,"CCDC107":0.0,"EBP":-0.3711194351429752,"MMGT1":-0.019849558626108408,"STT3A":-0.1097970814791633,"BCAP31":-0.7530936817154861,"SSR3":0.42490713958655957,"SPCS1":1.6169928780909097,"EMC3":0.806953270042838,"MAGT1":-1.6679076759649016,"USE1":-2.6341745037467295,"TMUB1":1.0440169665556482,"CERS5":-0.4241891810215583}},"Blast Percent":{"min":-11.0,"max":11.0,"top_text":"High Blast Percent Correlation","bottom_text":"Low Blast Percent Correlation","map":{"BCAP31":-0.45050058651424496,"RPN1":0.14679113053446632,"EMD":-1.6899026599377054,"EMC7":-0.5132757975092546,"SEC63":-1.6629106706932695,"CYBC1":-1.0774995935175746,"SEC61A1":-0.06651398094308174,"STT3A":-1.2534295696329008,"SSR1":0.3897900888763043,"TMUB1":-0.9018140966895181,"EMC1":-1.710449702120781,"ELOVL5":-2.160052906245732,"BTN2A1":-1.7251880919040739,"CERS5":0.7047978155170332,"DERL1":-4.574506219329879,"DDOST":0.3304728848361726,"TMEM259":-1.4001058524884589,"MAGT1":0.32408557271418514,"SRPRB":-1.4401826018128914,"CLPTM1":-1.6205085347614165,"KRTCAP2":-0.32317077730031213,"TMEM214":-0.33654681233930517,"PTGES2":1.554728846869509,"RPN2":-0.11418295349688311,"TGOLN2":-0.3913799095964538,"SEC61B":0.31896317272431707,"SSR4":0.40121417008885657,"EBP":-0.48117162386261997,"ILVBL":-0.6385837535030083,"CCDC107":0.0,"TXNDC15":0.21110380732534578,"SPCS2":-0.7742913366135832,"EMC3":-0.6279136208362046,"ZMPSTE24":-0.2553248646655931,"CANX":-1.6554512699106405,"NCLN":-0.321556989977872,"LAMP1":0.2801649957712335,"SPCS1":-1.3706204951476195,"TOMM40":-0.5499250869395563,"TMED10":-0.7353258925410062,"SSR3":-0.45897956434742815,"RER1":-2.94717955129894,"TECR":-0.32717022236679794,"ATP13A1":-0.2816636281397844,"SEC62":-0.25580354966569024,"TMBIM6":-0.6526286405945889,"NUP210":0.09128092712450761,"USE1":-0.593863401387944,"MYPOP":-0.04117438909132629,"MMGT1":0.07639071887208661,"ALG8":0.07438784674735643}},"Overall Survival":{"min":-6.0,"max":6.0,"top_text":"High Survival Correlation","bottom_text":"Low Survival Correlation","map":{"SSR4":-0.014846602380161222,"SPCS2":1.686821060311731,"ZMPSTE24":1.656146422611828,"NCLN":0.05502673436020304,"CERS5":0.4083344816786743,"CANX":0.9516411478360907,"SPCS1":0.4783877779071196,"ATP13A1":2.2167205781763024,"SSR3":0.7311270747761731,"SSR1":-0.18301981331069386,"ALG8":0.5550554579903246,"MYPOP":0.2922569767376263,"TMUB1":1.0019151022096326,"BCAP31":0.2413845383773433,"EBP":0.3957647044063232,"TGOLN2":0.1309210922145649,"EMC3":1.166418212439102,"USE1":-0.5034741461683252,"ELOVL5":0.45474687335546704,"LAMP1":0.38990334943231947,"CCDC107":0.0,"SEC61B":0.7188928083702123,"SEC62":2.646217261517524,"TECR":1.2794233686714904,"ILVBL":0.19917996826717443,"CYBC1":1.0600295286891794,"DDOST":-0.5456048632522065,"EMC1":0.46202888826007077,"MMGT1":0.9682035264642729,"BTN2A1":-0.4733554217243692,"PTGES2":1.361145496593706,"EMC7":1.0004478413595863,"CLPTM1":0.8728851213221588,"SEC63":0.09982867801459024,"EMD":1.1180933173884424,"RER1":1.0257852822744318,"TMEM259":1.7607770715315583,"RPN2":-0.1435354006305826,"SRPRB":0.7880105288421919,"MAGT1":0.534490667413374,"SEC61A1":1.0919723319359687,"RPN1":-0.270082755236151,"TOMM40":0.679610154265953,"TXNDC15":0.8365190222185164,"TMED10":0.02707039186134701,"TMEM214":0.8693113822247156,"NUP210":0.9085710539854026,"TMBIM6":0.47348904833501826,"STT3A":-0.07960408818351955,"DERL1":0.7663919117759522,"KRTCAP2":-0.17431042568345587}},"Mutation FLT3 ITD":{"min":-10.0,"max":10.0,"top_text":"High FLT3 ITD Correlation","bottom_text":"Low FLT3 ITD Correlation","map":{"BCAP31":-0.7502788272345486,"CANX":-0.5196418388990681,"SEC61A1":0.0923583004694661,"SSR4":0.1795781197737935,"CYBC1":0.38915532022478627,"TOMM40":-0.0679187830463898,"CERS5":0.48098674174114486,"TMEM259":0.5909392678154485,"ALG8":1.450908043614057,"EMC3":1.1808972014887418,"DERL1":-1.3309721209135228,"USE1":-0.1514735752893644,"EBP":-0.8697404225141088,"RPN1":-0.012225016413125043,"CLPTM1":-0.8593378662583019,"MYPOP":0.17992708172283714,"RPN2":0.3001603712727599,"NCLN":-0.06297586260553756,"RER1":0.2843015298163589,"SEC63":0.9221254626796718,"TXNDC15":0.2630872441700739,"EMC7":-0.2710930231428673,"TMEM214":-0.05918856568793289,"MAGT1":0.7013572030199463,"SEC61B":0.13365342418189674,"STT3A":-0.37205912953269715,"MMGT1":-0.07557260570403018,"SSR1":0.8486784345731158,"TECR":-0.15627313578216362,"ATP13A1":0.18359780886612018,"TMBIM6":0.46496312255310407,"TMED10":0.21135202381067864,"NUP210":0.37924544733451293,"TMUB1":0.16846759395407962,"SPCS2":0.09109602229570846,"EMD":0.07039379553469331,"ILVBL":0.8226685473149209,"TGOLN2":-0.04662640468791671,"PTGES2":4.686959214165909,"ELOVL5":-1.1939302091259798,"KRTCAP2":-0.028983417673397217,"SSR3":0.14975281107010277,"LAMP1":0.5877136652067444,"EMC1":-0.46486263664621785,"DDOST":0.08808065261835957,"BTN2A1":-1.0551861573686658,"CCDC107":0.0,"SPCS1":-1.0851132810393096,"ZMPSTE24":0.13503107280769694,"SRPRB":-0.5297866724019356,"SEC62":-0.5582151813351985}},"Mutation NPM1":{"min":-30.0,"max":30.0,"top_text":"High NPM1 Correlation","bottom_text":"Low NPM1 Correlation","map":{"EMD":1.206265860365436,"EBP":-0.37154154121162225,"NUP210":-0.1700146907780197,"SPCS1":0.28225759800698025,"ATP13A1":-0.11583174710437502,"MMGT1":1.0757198739670153,"SRPRB":-0.6033248514580255,"RER1":0.7503459605443503,"TMEM259":0.27416082094983396,"TECR":-1.8310138490968175,"CCDC107":0.0,"ZMPSTE24":-0.07827551909319826,"STT3A":-0.4251720169910112,"EMC7":0.07168937040866989,"SSR3":0.3418926832289491,"CERS5":0.4416158966179637,"TXNDC15":1.7586813630205056,"DDOST":0.40039714888303624,"ALG8":0.8079278096915304,"SSR1":0.7141010437203434,"DERL1":-0.8500704883713309,"NCLN":-0.6802103708312135,"USE1":-0.2545571119576677,"TMUB1":0.14667258879514733,"BCAP31":-0.6261764674167594,"SEC63":0.4912229669815017,"EMC3":0.6106988627757197,"KRTCAP2":0.29383997405180723,"BTN2A1":-0.23319888565327365,"CANX":-0.9598249786965297,"TGOLN2":3.2301394614617456,"MYPOP":-0.5266915466303997,"MAGT1":0.01009373634851255,"SEC61A1":0.37909031734077525,"SEC62":-0.030366950705896817,"SEC61B":0.37175122495508905,"TMBIM6":0.5723613270935111,"RPN1":0.13593365058046744,"TMED10":0.5774017010370608,"CLPTM1":-0.7072306989599229,"SSR4":0.3256868765858938,"SPCS2":0.29877605122953454,"EMC1":0.44826566246504856,"RPN2":-0.004090891409675298,"LAMP1":1.399416682211872,"CYBC1":0.4680212383131814,"ILVBL":2.3450965462198328,"PTGES2":3.284938528977961,"ELOVL5":-2.6726653192483587,"TMEM214":-0.13914194492844034,"TOMM40":-0.49667906420514124}},"NPM1 Subtype":{"min":-37.0,"max":37.0,"top_text":"Committed NPM1 Subtype","bottom_text":"Primative NPM1 Subtype","map":{"MMGT1":0.0010111186496850962,"NUP210":0.10977096376443123,"CYBC1":6.87776816433987,"EMD":1.2249197918337815,"CERS5":0.17310258833175268,"TXNDC15":-0.06052008632442629,"CCDC107":0.0,