{"MuSiC CD14 Mono":{"min":-50.0,"max":50.0,"top_text":"High CD14 Mono Correlation","bottom_text":"Low CD14 Mono Correlation","map":{"ZC3H15":-3.7935534066456773,"RPL35A":-1.545902984811401,"NAA25":-5.463822175841141,"PSME1":0.9373676981616659,"NAA16":0.08313064500537938,"EIF3J":-1.356907943846368,"RNF26":0.0,"PDCD2":-0.013227405057149528,"METAP1":-4.150901347766299,"PA2G4":-3.62581714823119,"YARS1":-1.5691138558454716,"SERBP1":-6.54426641769853,"SNRNP27":-2.618762447495289,"UBE2M":-5.74647315359,"CDC37":1.586250217407549,"RIOK1":-6.7407323796619565,"LARS1":-9.160323363304528,"NAA20":-1.0307867148040588,"FARSB":-2.3396117023908145,"DARS1":-2.093528316393602,"EIF4E":-2.626759549166998,"FKBP4":-5.9320769713177475,"NAA10":-2.8954572377688494,"VBP1":-0.29754417320614274,"ABCE1":-6.8885895536956525,"USP38":-3.3835369774069717,"HSPA4":-0.4123427992593957,"NAA50":-3.38116170427597,"NIPA2":-0.2822035104620399,"DNAJC2":-0.972633944268295,"PSMG2":-1.2199705334971553,"CCT8":-1.3745224723524962,"NAA15":-2.902434155616917,"CIAO3":1.2007535731704375,"CAD":-2.3037204793897654,"RO60":-3.6202856101512175,"OSGEP":-3.030601938783533,"EIF2S2":2.279063823183529,"PGK1":3.2204553533664906,"EIF5B":-2.4370360250892733,"ACACA":-0.3270540769758499,"GART":-1.3068425468837068,"EIF2S1":2.0725065063446872,"PSME2":2.5288373656999084,"TARS1":-2.4659641227941407,"ARMC6":-0.00666237676749748,"DRG1":-2.219834152962862,"HYPK":-2.027433307865652,"DCTN1":7.1220216257668465,"BTF3":-2.3047761601834353,"COPS5":-2.264250487522636}},"Mutation FLT3 ITD":{"min":-10.0,"max":10.0,"top_text":"High FLT3 ITD Correlation","bottom_text":"Low FLT3 ITD Correlation","map":{"DARS1":-0.2505249844475686,"NAA10":-1.0423700922875763,"PDCD2":0.5607617629908207,"EIF2S1":0.6235279188743552,"UBE2M":-4.418356512066106,"HSPA4":3.170040110903423,"DRG1":0.14079560371336117,"ABCE1":-0.0016352740000588483,"CDC37":-3.1480915364053956,"EIF5B":-0.05172592410361413,"COPS5":-1.0479167878421678,"NAA25":-3.759460539988195,"FARSB":0.2071672007805458,"SNRNP27":-0.29468683489944786,"SERBP1":-0.8944420247274277,"DCTN1":-0.5862023561817291,"FKBP4":-0.7970538769978602,"PGK1":-0.1146774714963383,"BTF3":0.20302576889871052,"HYPK":-0.04976856049741819,"DNAJC2":2.122428293731298,"GART":0.05185894009920454,"USP38":-1.3268333361841604,"PSME2":-1.0529957886005274,"EIF3J":-1.2578567047204503,"RNF26":0.0,"LARS1":0.6788968027856619,"PSMG2":-0.4705643264756156,"ARMC6":0.11794702934298536,"RO60":0.39764229206906865,"TARS1":-0.8222555105995165,"OSGEP":-0.4622383903612652,"PA2G4":-0.2742817635798133,"METAP1":-1.289676323732873,"NIPA2":0.1683943468669301,"CCT8":-1.518624713881993,"CIAO3":-2.4999083463142275,"CAD":-0.34306255573334105,"EIF4E":-0.331783096807961,"RPL35A":0.4540048784991646,"NAA20":-1.360875136439058,"VBP1":-2.335700542448014,"NAA50":-4.3554611647590225,"NAA15":-0.7945079177582579,"ZC3H15":0.655356413719746,"EIF2S2":-2.828889898370073,"YARS1":-2.5092852834075234,"PSME1":-1.0296194235663243,"NAA16":-0.6396841868653838,"RIOK1":0.8785316973493585,"ACACA":1.0200629737123161}},"Mutation NPM1":{"min":-30.0,"max":30.0,"top_text":"High NPM1 Correlation","bottom_text":"Low NPM1 Correlation","map":{"NAA20":-6.311708453858361,"PDCD2":2.1771215166399718,"VBP1":-4.480092637465026,"HSPA4":2.236903395749233,"EIF4E":-1.6113639937297743,"NAA50":-4.5093175205202005,"CAD":-2.0809505676962092,"NIPA2":-0.8960910581730069,"USP38":-1.0921102566416312,"SERBP1":-6.525408604785954,"CCT8":-4.438826594188499,"NAA16":-0.8024435196700648,"PGK1":-0.35046875236071173,"NAA25":-10.590267080316163,"METAP1":-1.7608248211286557,"PSMG2":-2.6115713926419906,"ARMC6":-0.48524082244245326,"ACACA":0.2540505142737062,"UBE2M":-4.5197693237220395,"FARSB":-0.0412893145002463,"PA2G4":-3.7609570378674597,"PSME1":-2.6550174520321885,"COPS5":-4.006551956231067,"TARS1":-2.3541929204814145,"NAA10":-3.657724168286218,"OSGEP":-1.8907545143774704,"NAA15":-4.7502324899518875,"ZC3H15":-0.13640056296276717,"CDC37":-10.389063074254384,"CIAO3":-3.603417709614341,"BTF3":-0.15713446686623345,"RPL35A":-0.7184321437276513,"RNF26":0.0,"DNAJC2":1.5278924185792282,"RO60":0.8705098034779343,"DCTN1":0.3978523496195466,"SNRNP27":-1.6013772299210813,"RIOK1":0.10140719603321295,"FKBP4":-5.4514070934736045,"LARS1":-0.2153225590472438,"DARS1":0.35785289571593903,"ABCE1":-0.5870454616813623,"GART":-1.197377236886388,"DRG1":-0.41594352046413346,"EIF2S1":-1.3760823939384406,"EIF2S2":-3.408952053219704,"HYPK":-0.17719710072059516,"EIF3J":-3.1388323955477695,"PSME2":-1.9725035152631951,"YARS1":-6.464917982568913,"EIF5B":-3.792569767546262}},"Overall Survival":{"min":-6.0,"max":6.0,"top_text":"High Survival Correlation","bottom_text":"Low Survival Correlation","map":{"HSPA4":-0.07023709911317856,"PSME1":1.106934880960037,"COPS5":-0.167901021600483,"PSME2":1.0219681269444174,"NAA25":-0.10180240040737884,"NAA50":-0.08494101352777696,"BTF3":1.2567141881068853,"TARS1":-0.9445620661381138,"CIAO3":0.13521050744111868,"ARMC6":-0.1486924395641358,"PA2G4":-0.25424517842992916,"YARS1":-1.3794421890183497,"CDC37":-0.05229350983661489,"SERBP1":1.1054910430520377,"NAA15":-0.2847207519372176,"USP38":-0.08534270006226384,"CCT8":-0.6069284885182957,"PSMG2":-1.300960868399367,"DARS1":-2.1448198688581455,"NAA16":0.29294787322868,"NAA20":-0.45885297384223656,"EIF5B":0.4864908408562523,"RNF26":0.0,"FARSB":-0.7650601575952215,"LARS1":0.17358177757886423,"EIF3J":-0.5297208223969111,"RPL35A":1.3455723622337257,"EIF2S2":0.5188671202350688,"CAD":-0.5691434632559227,"OSGEP":-0.7298341261689246,"GART":-0.22146636482961815,"ABCE1":-0.16634977162583486,"SNRNP27":0.6579505026744787,"ACACA":-1.464782909122928,"NIPA2":-0.30176423358224674,"EIF2S1":0.1529988141370025,"ZC3H15":0.6138244091130484,"DCTN1":0.3831874732093503,"RO60":-0.34113068945499525,"PGK1":0.5885582584177769,"DNAJC2":-0.4974743573525912,"RIOK1":0.23075838892184,"FKBP4":-0.907424101115084,"EIF4E":-0.9631093073997322,"PDCD2":0.22576279424411969,"HYPK":-0.2641916845199219,"VBP1":0.5964063417289294,"METAP1":-0.6400022764220998,"UBE2M":-0.9517093549070187,"NAA10":-0.35693751826406744,"DRG1":-1.3305773613706058}},"Blast Percent":{"min":-11.0,"max":11.0,"top_text":"High Blast Percent Correlation","bottom_text":"Low Blast Percent Correlation","map":{"NAA25":-0.8166514660415934,"NAA15":-0.5156589475043754,"ABCE1":0.3671771881567837,"RO60":1.3652269393508074,"CIAO3":-0.0015943653566536866,"LARS1":2.3812531979015903,"PSME2":-1.3752494471093901,"SERBP1":-0.8653715114081116,"DRG1":-0.15841931046490346,"PSMG2":-1.6833915581817318,"EIF2S1":-2.613207289842856,"PDCD2":1.8980097568096683,"TARS1":-0.46567729678189884,"ZC3H15":0.19107464998774873,"EIF5B":-0.3343403501306291,"NIPA2":-2.7714681948763427,"OSGEP":0.3779203878114449,"CCT8":-0.08810879798634769,"RIOK1":0.35327132941688766,"BTF3":0.44319419370746266,"DNAJC2":-0.2818313965457103,"METAP1":-0.2489367275755618,"EIF4E":-0.025387188918019256,"ARMC6":-0.23273222897789006,"SNRNP27":1.6635741098799226,"ACACA":-0.7859129947301333,"NAA20":-0.5249268043795515,"DARS1":0.3768955195130411,"RNF26":0.0,"YARS1":-1.5557824822879038,"EIF2S2":-2.6539925714029984,"UBE2M":-0.01971789233558775,"EIF3J":-1.528079196048356,"FKBP4":-0.34780264666650546,"VBP1":-0.6037828893313332,"DCTN1":-2.6441143119775092,"NAA10":-0.2989605039301353,"RPL35A":0.4319599898124047,"CDC37":-5.302626103895697,"FARSB":0.015775640108521012,"HSPA4":-0.08476691278570621,"PSME1":-0.681202000094243,"GART":-0.5317071643381196,"NAA16":-1.0216830700381883,"HYPK":0.006688182155826029,"PA2G4":-0.2662387888579167,"COPS5":-0.7621519789868738,"USP38":0.023560772932780496,"PGK1":-0.18238412777433144,"CAD":-0.8624718753634616,"NAA50":-2.1991915194182456}},"NPM1 Subtype":{"min":-37.0,"max":37.0,"top_text":"Committed NPM1 Subtype","bottom_text":"Primative NPM1 Subtype","map":{"PA2G4":-1.8032260006433845,"RNF26":0.0,"CAD":-2.4076065711295307,"FKBP4":-6.5725659464925625,"METAP1":-3.671367514190897,"PDCD2":-0.040864590611354445,"FARSB":-2.920571500402249,"ACACA":-0.4941837573000504,