{"Blast Percent":{"min":-11.0,"max":11.0,"top_text":"High Blast Percent Correlation","bottom_text":"Low Blast Percent Correlation","map":{"HIBCH":4.7836082087705805,"CASP6":2.9314318216000887,"SIRT3":2.591925657227951,"AK3":4.03530717881106,"HSCB":4.173129690860308,"POLG2":0.8125095886909472,"MDH2":5.543936109602973,"HSPD1":2.18622642975138,"HSPE1":5.86539361148773,"POLG":2.66090311574925,"IQCN":0.0,"DLST":1.8057869505691702,"OPA1":4.419920897871041,"TRIM28":3.596496680403605,"NIPSNAP1":3.322982454939803,"PDHA1":3.833952722002807,"DNAJC19":3.607167811340664,"MCUR1":1.7694749507947922,"MLYCD":2.1381408559649984,"PDHX":3.013533456812546,"PARS2":4.787712155695418,"TFAM":4.287608431396111,"TARS3":4.867008807900022,"ALDH6A1":2.2308608783703443,"VDAC1":1.5105886540069342,"DMAC2L":1.414024292013694,"ALDH5A1":2.1276459853716783,"EXD2":1.4810124716496171,"ABHD10":2.6478093295200993,"DIABLO":4.052418413757392,"OXSM":0.8598384031137297,"DBT":4.6744284271813505,"PDPR":4.703685351756513,"MCCC1":1.0965146957664256,"CDK6":5.4197514506527105,"PRDM11":2.146920453451507,"SUPV3L1":1.4653866369072974,"CCDC90B":3.1548884154055377,"WDR48":3.0421750659408215,"BCKDHB":3.7304560267734557,"SCCPDH":4.190914065678339,"SUCLA2":3.0881090991906026,"CCDC127":2.965299131492171,"NADK2":3.6465875253554514,"GCSH":3.8091208071269658,"ETFRF1":1.1500245112474248,"SORD":1.1848544963029906,"TIMM9":2.0171429449173495,"C1QBP":2.584490667622572,"IDH2":2.175404875207585,"NARS2":0.8641370658657284}},"Overall Survival":{"min":-6.0,"max":6.0,"top_text":"High Survival Correlation","bottom_text":"Low Survival Correlation","map":{"AK3":-0.6267699379441689,"ALDH5A1":-0.08801486852021637,"MCUR1":-0.14419706230584944,"WDR48":-0.3295904506547457,"CCDC127":-1.0314936294991004,"DMAC2L":-0.18172463714220094,"SCCPDH":-0.7007357531464966,"SUCLA2":-0.2400035865887175,"TRIM28":0.01712886786621426,"POLG2":-0.5686573609108818,"ETFRF1":0.1972590203242374,"GCSH":-0.271909087116874,"PDPR":0.11151709799658037,"SIRT3":-0.4858746899640898,"VDAC1":-0.1457520103999377,"MCCC1":0.07551423999618008,"PDHA1":-0.12012533797567616,"C1QBP":0.06273721282783516,"CASP6":-0.8922054346379761,"TIMM9":0.0023274163453530397,"PDHX":-2.2261359169813364,"DNAJC19":0.21816422745291122,"DIABLO":-0.0615539665219386,"PARS2":-0.9312340413776774,"NARS2":-0.7358238087051268,"OPA1":0.33062117398421986,"TFAM":-0.17591895583375114,"HSPD1":-0.0004652615701074577,"NADK2":-0.40936409790649125,"OXSM":-0.18965358172006813,"PRDM11":-1.1499828961537002,"DBT":0.21226705615039212,"CDK6":-0.4017557252599916,"MDH2":-0.19550146233629925,"NIPSNAP1":0.11508250930103267,"TARS3":-0.4798912300310266,"CCDC90B":-0.10511461472186254,"ALDH6A1":0.6029810262086153,"POLG":0.028155595260563163,"IQCN":0.0,"SORD":-0.07731187319635259,"BCKDHB":-0.2527910845179937,"ABHD10":-0.5851373513171207,"HSPE1":-0.41347217925722685,"IDH2":0.0785439441274762,"DLST":0.6801123128339451,"HIBCH":-0.20060584802244688,"HSCB":-0.22264712208481363,"SUPV3L1":-0.007635544706009739,"MLYCD":-0.20926634345360207,"EXD2":-0.2750283590380771}},"Mutation FLT3 ITD":{"min":-10.0,"max":10.0,"top_text":"High FLT3 ITD Correlation","bottom_text":"Low FLT3 ITD Correlation","map":{"NADK2":-1.971210469685786,"CASP6":-0.7741989476712904,"HSCB":-0.5613903368243137,"CCDC90B":-0.33046546422165113,"POLG2":0.3559410406510684,"DBT":0.42407709467945737,"BCKDHB":-0.6593641781480372,"SIRT3":1.89250650616781,"DMAC2L":1.3701848913390198,"MCCC1":2.537662500583404,"EXD2":0.8422203438844423,"OPA1":0.9772559597948316,"TIMM9":-0.01167742496346691,"ALDH5A1":0.32480160640014255,"ETFRF1":-0.49714575821367385,"NARS2":-1.077618842175602,"PDHA1":-0.025580503147306685,"WDR48":-0.6327073316695861,"PARS2":0.5004869741239477,"MDH2":1.0763205551916817,"ALDH6A1":1.0294262609331104,"SUPV3L1":0.06649142801165656,"PDHX":-0.15593599363610502,"OXSM":0.5222342929574129,"HIBCH":2.640189000184673,"TRIM28":0.0631033974275213,"DNAJC19":0.6705557258476431,"CCDC127":0.2596572655138178,"IDH2":-0.4032217898275095,"PDPR":0.7710545004377928,"DLST":0.2397656492150843,"C1QBP":1.602391820244794,"NIPSNAP1":-0.19177881164982669,"SCCPDH":-0.17132974185775227,"VDAC1":2.057164490801179,"HSPE1":-0.6900703707038063,"DIABLO":-0.14540332539310752,"CDK6":-0.41547751481253276,"PRDM11":-1.0801601520269162,"SORD":-0.1599604739747368,"MCUR1":0.3684239441701117,"AK3":0.2515151624136202,"TARS3":-0.004312794578377283,"ABHD10":0.37123952801369486,"TFAM":-0.005320517617689102,"IQCN":0.0,"GCSH":2.1523848053278294,"POLG":0.1396108222983303,"HSPD1":-0.25777955961214105,"SUCLA2":-0.011214116311066955,"MLYCD":-1.2314120522975844}},"MuSiC CD14 Mono":{"min":-50.0,"max":50.0,"top_text":"High CD14 Mono Correlation","bottom_text":"Low CD14 Mono Correlation","map":{"ALDH6A1":-8.151215297837135,"CDK6":-15.668546576023608,"MCUR1":-8.144038566009538,"TFAM":-11.739526246300523,"ABHD10":-5.816556695939255,"HSCB":-5.832746614891735,"MCCC1":-7.166779572571604,"PDPR":-7.494514102164344,"SUPV3L1":-13.277869056153726,"TARS3":-11.904734224537867,"WDR48":-15.70547710229715,"HIBCH":-8.23296651418658,"TRIM28":-23.59451698900753,"TIMM9":-8.667177247932297,"BCKDHB":-6.342756705121316,"DMAC2L":-4.849985081138711,"OXSM":-6.1366823417787995,"SORD":-8.518018952538569,"POLG2":-4.136450795498688,"DLST":-7.240087317538189,"NIPSNAP1":-13.566760981485256,"ETFRF1":-6.184146151279433,"HSPE1":-12.415471332813322,"PDHX":-11.429521951321068,"CCDC127":-10.232414551028723,"IQCN":0.0,"OPA1":-5.602828430598222,"C1QBP":-4.8160760207016615,"AK3":-6.626633325462689,"PDHA1":-8.58143238333792,"POLG":-13.149536651189441,"DNAJC19":-9.373236349739138,"PARS2":-10.260703626628407,"PRDM11":-8.274108828826677,"EXD2":-10.302409691624145,"VDAC1":-9.823457122989478,"CASP6":-14.40539680974006,"MDH2":-6.36328508667933,"IDH2":-6.566158631238463,"DIABLO":-9.248444427940258,"MLYCD":-4.331823582784538,"DBT":-10.966735794384915,"CCDC90B":-9.492931793204729,"ALDH5A1":-14.301079621513416,"SIRT3":-6.91463929496764,"SUCLA2":-3.3156659545233285,"NARS2":-7.652778885828515,"GCSH":-13.869445423464411,"HSPD1":-8.597224261864966,"NADK2":-11.072670084748994,"SCCPDH":-4.83479301110754}},"NPM1 Subtype":{"min":-37.0,"max":37.0,"top_text":"Committed NPM1 Subtype","bottom_text":"Primative NPM1 Subtype","map":{"ALDH6A1":-11.141086656667097,"CASP6":-10.770115830931584,"HSPE1":-11.199417137720891,"PDPR":-9.158506940854908,"SCCPDH":-4.812685895238675,"ABHD10":-6.613452332374418,"C1QBP":-3.890608203582633,"NIPSNAP1":-14.181444619784282,"DIABLO":-5.884491916871675,"OPA1":-8.046098903554151,"PRDM11":-10.68794674035231,"DBT":-11.752882342518902,"CDK6":-12.44362094950572,"TIMM9":-10.421479347925612,"IQCN":0.0,"MCUR1":-7.818768020220399,"MLYCD":-4.19613174271615,"SIRT3":-8.30097062999906,"SUPV3L1":-12.33391411906767,"CCDC127":-11.057115627938273,"BCKDHB":-7.6910852708634065,"POLG":-11.919841580054367,"PDHX":-10.914736318563968,"HIBCH":-10.183958316652886,"OXSM":-6.149379938879446,"CCDC90B":-7.745792198969377,"TRIM28":-19.651323646373296,"PARS2":-11.305173626809394,"AK3":-7.522438728286406,"DLST":-7.5465038089841,"GCSH":-15.259691548054095,"ETFRF1":-8.39814916440228,"SUCLA2":-3.5908970568605985,"ALDH5A1":-15.40123957717254,"POLG2":-5.2352910325292115,"HSPD1":-9.76196332872376,"DMAC2L":-6.15360915259867,"DNAJC19":-7.280990134172592,"IDH2":-6.286290148803982,"PDHA1":-8.230889833861031,"HSCB":-6.229036582661704,"MDH2":-10.275203587609337,"MCCC1":-9.300472030950361,"WDR48":-12.078515357278944,"SORD":-6.080454742112036,"VDAC1":-6.944677918230307,"EXD2":-10.166208033190465,"TFAM":-11.00922572682379,"NADK2":-8.254740264962154,"NARS2":-6.273426125727472,"TARS3":-10.412386937069906}},"Mutation NPM1":{"min":-30.0,"max":30.0,"top_text":"High NPM1 Correlation","bottom_text":"Low NPM1 Correlation","map":{"POLG":-0.45373670560036106,"SCCPDH":-0.3737432475564721,"SIRT3":-0.20751854531826613,"MDH2":-0.21848359477808166,"PARS2":0.0956592250907623,"ALDH6A1":-0.4321338052632651,"HSPD1":-0.7552996762779499,"TARS3":-0.30698213918366235,"WDR48":0.0870776357049425,"BCKDHB":-0.1168525016348578,