{"NPM1 Subtype":{"min":-37.0,"max":37.0,"top_text":"Committed NPM1 Subtype","bottom_text":"Primative NPM1 Subtype","map":{"NDUFS8":-2.6833677340449578,"NDUFS4":-2.9082700709316516,"UQCRC2":-1.8442304338365987,"NDUFA12":-1.9854596883933717,"MTCH2":-0.23698763226802888,"ATP5PD":-2.1659398670583334,"CYC1":-2.060847712031401,"MDH2":-10.275203587609337,"GFM1":-2.8753825180029806,"NDUFA5":-1.9307853202106071,"PDHA1":-8.230889833861031,"NDUFV1":-1.7520482734382878,"NDUFS6":-1.1359398584671685,"NDUFV2":-1.2799785275698456,"NDUFS5":0.26757407518544296,"HSPD1":-9.76196332872376,"NDUFS2":-1.729480288302217,"UQCRFS1":-0.49368966531224734,"NDUFB3":-1.5561359883241845,"NDUFA13":-1.1498523983414821,"UQCRC1":-1.7275987899360667,"NDUFS3":-0.740803067109875,"HADHA":-1.5303790193280213,"NDUFB11":-2.05723727766418,"MRPL58":-5.015327601713199,"NDUFB10":-1.7291719620775914,"TSFM":-6.158620513848842,"NDUFB5":-1.5965369910567737,"OCIAD1":-5.0610820953573965,"ATP5F1B":-2.743523157820771,"AIFM1":-3.49353500575545,"NDUFB8":-0.9974989091235397,"UQCRB":-2.5495258250937733,"PMPCA":-4.129359517936568,"NDUFA8":-0.23091593668575483,"NDUFA4":0.14579321933728276,"PHB2":-5.307661876321362,"NDUFS1":-2.453485243529112,"MRPL11":-3.1725315619752568,"MTIF2":-3.8566162450021517,"ATP5PB":-2.0091912803306267,"MRPS26":-3.991807429702246,"NDUFA6":-1.0530871057261728,"TACO1":-1.5085273057321287,"C1QBP":-3.890608203582633,"NDUFA2":-0.9460193570839451,"IMMT":-5.867704958158731,"NDUFS7":-1.709424272502127,"COX4I1":0.2180424024938705,"NDUFA9":-0.6417521186514316,"ATP5F1C":-3.88188581975398}},"MuSiC CD14 Mono":{"min":-50.0,"max":50.0,"top_text":"High CD14 Mono Correlation","bottom_text":"Low CD14 Mono Correlation","map":{"NDUFS7":-1.2164879859577038,"TSFM":-5.825431476818724,"NDUFB3":-1.6741190946204587,"UQCRC1":-0.7886263116838331,"NDUFA2":-0.3521662127917116,"CYC1":-1.8431299542367092,"NDUFB11":-2.05608391777467,"NDUFB5":-0.9258135084103313,"NDUFB10":-0.7150992127227194,"NDUFS8":-1.840015161521226,"NDUFS3":-0.321373718303882,"UQCRB":-2.031372126878803,"OCIAD1":-5.897706755296865,"AIFM1":-1.5647021183548813,"MDH2":-6.36328508667933,"C1QBP":-4.8160760207016615,"NDUFS2":-1.0907173529401304,"ATP5F1C":-3.153129551490307,"NDUFA6":-0.8053353049615342,"ATP5PB":-2.2719248240802288,"NDUFA12":-1.4795312391805453,"MRPL11":-2.9074153510976832,"MRPL58":-6.2897492008187,"HADHA":-0.23637862878544408,"NDUFS5":-0.20198078135584857,"ATP5PD":-1.7154980443050531,"NDUFA9":-0.6782872520528951,"TACO1":-1.283919391615924,"HSPD1":-8.597224261864966,"MTCH2":0.027425364939130337,"NDUFV1":-0.8977056905934436,"MRPS26":-3.9167600315509636,"ATP5F1B":-2.1811653081934237,"IMMT":-4.659992738189688,"PHB2":-5.897443539968027,"NDUFA5":-2.4392664835772395,"NDUFV2":-0.9377782278125646,"NDUFB8":-1.5000622764244003,"NDUFA13":-1.1541998406259066,"UQCRFS1":-0.37053921472764745,"GFM1":-2.329181240232404,"NDUFS4":-1.913098099054146,"MTIF2":-1.926111229889167,"COX4I1":-0.019810555215715165,"PDHA1":-8.58143238333792,"NDUFA4":0.16419466707980762,"PMPCA":-2.752920707877986,"UQCRC2":-1.4991440042830364,"NDUFS6":-0.6040814918277495,"NDUFA8":0.09521464781923404,"NDUFS1":-1.4437980645566444}},"Mutation FLT3 ITD":{"min":-10.0,"max":10.0,"top_text":"High FLT3 ITD Correlation","bottom_text":"Low FLT3 ITD Correlation","map":{"TACO1":0.6862820896342171,"ATP5PD":2.206415632122481,"OCIAD1":1.5506698765456155,"NDUFV2":2.291216763310715,"NDUFS3":1.2962016366007825,"HADHA":2.5432179201004796,"MRPL11":5.162212456489632,"UQCRC1":2.3562767945951473,"MRPL58":3.5611975689514708,"NDUFA4":4.188644210292796,"NDUFS5":0.8921340402334242,"NDUFA12":1.5951187598474696,"MDH2":1.0763205551916817,"UQCRFS1":1.6826617982525498,"TSFM":0.4907041039332716,"ATP5F1B":1.0900039657826093,"IMMT":1.2623923826421979,"NDUFA2":2.0328186731218243,"NDUFS1":1.950128799106952,"NDUFA13":2.0765643470345725,"MRPS26":4.254320139070882,"PHB2":-0.3988876758579072,"NDUFS7":2.460771072600124,"NDUFA8":1.3865415559155463,"CYC1":2.1745486499043913,"NDUFB10":2.1317050473258115,"GFM1":0.8879254539007689,"NDUFS2":1.086289059553873,"PDHA1":-0.025580503147306685,"NDUFB11":0.9876043066263482,"NDUFV1":2.881641435331292,"NDUFA5":1.1360769372262491,"NDUFB3":1.255307926706916,"ATP5F1C":-0.8904482559237966,"C1QBP":1.602391820244794,"PMPCA":2.93171614685268,"NDUFB8":0.6056490877529265,"NDUFA9":0.7766757895263136,"NDUFS8":1.182874687648826,"NDUFA6":0.6488684195726887,"HSPD1":-0.25777955961214105,"NDUFS4":1.9261166927007094,"AIFM1":2.1981150631415396,"UQCRB":2.9803493778743717,"ATP5PB":1.1442371040927228,"UQCRC2":1.2491702650087078,"MTIF2":4.092942711923383,"NDUFS6":3.0176278364191433,"MTCH2":0.932891925443346,"NDUFB5":3.5211885729710346,"COX4I1":1.36647793888403}},"Overall Survival":{"min":-6.0,"max":6.0,"top_text":"High Survival Correlation","bottom_text":"Low Survival Correlation","map":{"MTIF2":-1.158279532185458,"NDUFB10":1.0464713155780048,"NDUFA5":0.5725021296792876,"NDUFA9":0.34123296344196313,"MRPL58":0.08768233626430375,"NDUFA13":0.2820083659000643,"OCIAD1":1.1171405536274979,"NDUFA8":1.136345259323157,"IMMT":0.2961217388877748,"NDUFS8":-0.15002522023820755,"NDUFA12":0.5134587349357858,"NDUFB8":0.5657316904000415,"NDUFS3":-0.9064190572101297,"MRPS26":0.09596775878951923,"PDHA1":-0.12012533797567616,"PHB2":1.065351381531038,"ATP5F1C":0.8731578040329914,"AIFM1":0.056147132912738686,"TSFM":0.29143956406308363,"NDUFV2":1.338644104193422,"NDUFV1":0.29348812674412583,"NDUFA2":0.029712781846648523,"ATP5PB":1.5866491941459848,"UQCRC2":2.4421240097618977,"UQCRFS1":1.0638431467173055,"TACO1":0.1278627765164327,"HADHA":-0.13027475308445272,"HSPD1":-0.0004652615701074577,"NDUFB5":0.33745292967840146,"PMPCA":0.009544137651928178,"COX4I1":0.6448145229405116,"NDUFS5":1.5365901068481385,"GFM1":0.32474043946385844,"UQCRC1":0.9493795692298727,"NDUFA4":0.3978521676703525,"MRPL11":0.02530885136717439,"ATP5PD":1.0617565892578358,"NDUFB3":0.486647019446806,"NDUFS1":0.07934903523488826,"CYC1":0.8662990613516797,"NDUFA6":0.260397687078691,"C1QBP":0.06273721282783516,"NDUFS7":-0.013068226417954874,"UQCRB":2.4868271595342466,"NDUFS2":-0.284970137315923,"NDUFB11":0.2301544428868229,"NDUFS4":0.16586526729267767,"NDUFS6":1.2000641715758629,"ATP5F1B":0.8629482933813148,"MDH2":-0.19550146233629925,"MTCH2":-0.03163266316160394}},"Mutation NPM1":{"min":-30.0,"max":30.0,"top_text":"High NPM1 Correlation","bottom_text":"Low NPM1 Correlation","map":{"OCIAD1":1.0736056301648607,"UQCRFS1":0.7710882611850347,"NDUFS7":1.7536481461324998,"UQCRC1":0.7652394761201871,"C1QBP":-0.41379299397816716,"AIFM1":2.4953571666879704,"CYC1":0.1290006986103178,"NDUFB5":1.0743159207027801,"IMMT":0.046329647326846905,"GFM1":0.36819126807203173,"NDUFS6":2.428055623240043,"COX4I1":0.6647650558440731,"TSFM":-0.923760116744688,"MRPL11":1.0621477161324848,"MDH2":-0.21848359477808166,"PHB2":-0.05758884288836184,"ATP5PB":-0.5154151291243886,"NDUFA5":0.628589691746952,"NDUFA2":3.799715302343987,"NDUFB3":0.8441129220386537,"NDUFA4":3.4305249912687334,"PMPCA":1.3049014522571363,"ATP5F1C":-0.06349722851496921,"NDUFA12":1.1775626870986287,"NDUFV2":3.1842366683564505,"NDUFB10":1.617160660860769,"NDUFA13":1.7328910422442838,"NDUFS5":1.9330054389647775,"PDHA1":-0.38342436450199746,"MTIF2":3.0250646410442332,"HADHA":1.676441980262322,"MRPS26":1.9401182299613426,"TACO1":1.0373869239713016,"ATP5F1B":-0.061231290582044656,"NDUFB8":0.6795855845144829,"NDUFA9":0.4877972436319662,"UQCRB":-0.31150850444539796,"NDUFS2":0.5008906048578818,"NDUFA6":1.1733365089832197,"NDUFB11":-0.1284421544352362,"NDUFS8":1.7183416026256515,"HSPD1":-0.7552996762779499,"NDUFS1":2.0028690417377906,"MRPL58":0.7631247002858834,"UQCRC2":0.46974774100310845,"NDUFA8":2.452350843008108,"NDUFV1":3.128362512523043,"MTCH2":2.446159409206866,"ATP5PD":0.36071403874438,"NDUFS3":1.2485820136720833,"NDUFS4":1.221825860611213}},"Blast Percent":{"min":-11.0,"max":11.0,"top_text":"High Blast Percent Correlation","bottom_text":"Low Blast Percent Correlation","map":{"PHB2":3.8433921062618865,"NDUFB8":0.34145866294400873,