{"Mutation FLT3 ITD":{"min":-10.0,"max":10.0,"top_text":"High FLT3 ITD Correlation","bottom_text":"Low FLT3 ITD Correlation","map":{"PFKFB4":-0.5967447335243807,"TLR8":-0.012883721601115625,"S100A11":-0.5511951233092083,"LILRB3":0.28112948384831904,"FCN1":-0.7948648377190213,"IGSF6":-0.010164300964797873,"HK3":-0.1699695513249297,"NCF1":-0.11780122712114262,"MPEG1":-0.17743093391604256,"MEGF9":-0.1536817351734751,"MNDA":-0.17897922617597087,"NLRP12":0.4437184153818737,"IL17RA":-0.7096851775947619,"EVI2B":-0.13591970749411333,"CYBA":-0.30893191721897395,"LRRK2":-0.30782610109903563,"FPR2":0.49839332849661994,"HCK":-0.028955044486687377,"SIRPA":-0.104814054568485,"FCER1G":-0.6093379137351146,"PADI2":-0.9370348423922321,"PSTPIP1":0.1491471037620563,"PTPRJ":-0.4165288811156053,"CR1":-0.06764524156321385,"CDA":-0.6688823465976622,"MEFV":0.04478905591737681,"CD93":0.04705189363086108,"C19orf38":-0.7881124024586543,"ARAP3":-1.1163220027607053,"NLRC4":-1.391724387427898,"PTAFR":0.3042782800734564,"BST1":-0.3316902226865898,"PILRA":-0.022188155286033448,"ZBTB7B":-0.2106158617788533,"CD101":0.021957487558773154,"SIGLEC7":-0.05829959617712051,"RAB31":0.14350887762950415,"SEMA4A":0.726829183177427,"PLAUR":-0.4241032517028876,"CYBB":-0.2256833878660398,"S100A8":-1.188206156875096,"MCEMP1":-0.88189359207128,"LILRA2":-0.5509731000684766,"P2RY13":-0.2882374793150952,"GRN":-0.7568733586492429,"SIRPB1":-0.20347953977888264,"NFAM1":-0.20382983411872965,"LRRC25":-0.18531249020545637,"FGR":-0.29137794465434275,"S100A9":-1.1137848617687773,"IL1RN":-0.17379238772316602}},"Mutation NPM1":{"min":-30.0,"max":30.0,"top_text":"High NPM1 Correlation","bottom_text":"Low NPM1 Correlation","map":{"CYBB":0.041581724283964526,"S100A9":-2.2988673507799655,"IGSF6":0.1472045840525362,"LILRB3":1.1529114730962569,"ZBTB7B":0.587810211897379,"FPR2":0.3456742823888101,"BST1":-0.3775517322734794,"PTAFR":1.2166529796506305,"CD101":-0.6703330173701291,"PTPRJ":0.2442680160189355,"PADI2":-1.617794215229134,"EVI2B":1.583584885784813,"IL17RA":0.0492420061233107,"HK3":1.5429160809313496,"LRRC25":1.6289088785837058,"PLAUR":3.1898866958245438,"NLRP12":0.0019458995904309683,"CD93":0.278247953404777,"CDA":0.0482885970923996,"PFKFB4":-0.17126062264447067,"MEFV":0.3553036205631615,"S100A11":0.17242026707006483,"MNDA":0.4003844642323933,"C19orf38":-1.1934327672774885,"NFAM1":0.06433902260978457,"PILRA":2.355058838937572,"GRN":0.14563552784451594,"FGR":0.5369833495773482,"HCK":0.4451194347705823,"NCF1":1.3308727683039403,"LRRK2":-0.1844384562449975,"SIRPB1":-0.32755466027085284,"RAB31":-1.589103538268172,"FCER1G":0.13428119093887145,"PSTPIP1":-0.08927199665382755,"CR1":1.2138728080165448,"IL1RN":0.08059816128011264,"S100A8":-1.9797069615275174,"NLRC4":-0.8448238774690455,"P2RY13":-0.004824600234513791,"MPEG1":0.34204262062474017,"FCN1":-0.40823958330144866,"ARAP3":-1.97193893010159,"SEMA4A":-0.004088110821710554,"SIRPA":1.3032660667187508,"LILRA2":0.30656981630765945,"SIGLEC7":0.9519991394934483,"CYBA":0.05964757712619567,"MCEMP1":-0.36351144945271346,"TLR8":1.0227912593891755,"MEGF9":0.4059574307191839}},"Blast Percent":{"min":-11.0,"max":11.0,"top_text":"High Blast Percent Correlation","bottom_text":"Low Blast Percent Correlation","map":{"CR1":-3.0011071806911587,"MPEG1":-4.189472338485521,"PTAFR":-5.9966723689151085,"IGSF6":-6.064146327082331,"P2RY13":-5.197784201214965,"CYBB":-5.773429703618635,"NCF1":-3.8197172140356055,"PILRA":-2.9533395339923807,"LRRC25":-3.1315554529185565,"ARAP3":-3.2018241612260327,"IL1RN":-4.9293391577906505,"MEGF9":-4.605401307293842,"FGR":-5.628540178880434,"S100A8":-9.031405664331206,"HCK":-6.750838701866421,"LILRB3":-5.184022919758817,"ZBTB7B":-2.115936947721485,"TLR8":-4.162279905677805,"NLRP12":-3.0466359977537936,"CYBA":-5.588483321556865,"MNDA":-2.586885983553489,"SIRPA":-4.8762954328109105,"PFKFB4":-2.9048759661485497,"MCEMP1":-8.206782193515835,"PTPRJ":-7.885781062415678,"FPR2":-4.438549623316934,"IL17RA":-0.8399715377597017,"NFAM1":-4.7503099774963,"S100A9":-9.878657917074811,"MEFV":-5.7851330366159885,"CD93":-4.080702630390057,"S100A11":-2.0289796634225974,"EVI2B":-1.488070128053679,"BST1":-4.161992725496231,"CD101":-4.441955676160607,"CDA":-5.4376372914419315,"PADI2":-5.80201069136217,"GRN":-0.9375401688273576,"PSTPIP1":-7.391964736544591,"SIGLEC7":-4.342715312800658,"SIRPB1":-4.261889514888887,"FCN1":-8.131275263035983,"PLAUR":-2.25318790871726,"C19orf38":-6.372762297992655,"SEMA4A":-4.388346387922853,"LRRK2":-4.868075224987361,"HK3":-4.16640944004213,"FCER1G":-5.454966559293315,"LILRA2":-3.7258174592387143,"RAB31":-6.769983385939368,"NLRC4":-6.520024137507555}},"MuSiC CD14 Mono":{"min":-50.0,"max":50.0,"top_text":"High CD14 Mono Correlation","bottom_text":"Low CD14 Mono Correlation","map":{"FCN1":26.25085160507404,"EVI2B":33.380040649790956,"PLAUR":22.58827095172193,"IGSF6":43.77765471171112,"LRRC25":38.15060557847691,"SIGLEC7":23.25004074152844,"NCF1":33.26619383709963,"GRN":6.9470003324956675,"ARAP3":12.793185644386412,"RAB31":16.644785047701646,"HK3":39.45954550729712,"PFKFB4":18.801496772364196,"BST1":14.625381850854964,"CR1":19.117304166451323,"MPEG1":39.589755821071314,"NLRP12":28.940670745204994,"CYBB":42.152402420868604,"S100A9":20.68058472030229,"PILRA":36.29603420228325,"CYBA":29.663173276832143,"S100A8":23.248745794365977,"FCER1G":38.65752229451445,"TLR8":48.240138500737594,"ZBTB7B":27.34153416160199,"CD101":18.968979411925336,"SIRPA":41.34277557359193,"IL1RN":29.974714900199984,"MNDA":29.865323663117714,"FGR":47.92358853616047,"SIRPB1":30.999885866834994,"LILRA2":24.413606672280604,"PTAFR":16.852766872361403,"MEGF9":25.835011700365893,"MEFV":36.143579758867915,"CDA":27.10264250447734,"C19orf38":26.762342568753116,"MCEMP1":27.240662325463923,"SEMA4A":26.13829334607257,"CD93":34.30926016283677,"LILRB3":41.32085737072299,"IL17RA":15.698120922361307,"HCK":39.994003632624164,"LRRK2":25.381118218009846,"PADI2":13.219723661458422,"S100A11":23.74171785541833,"P2RY13":18.803444875330413,"NFAM1":15.116964559925163,"PTPRJ":29.193824204302903,"PSTPIP1":30.10282276304119,"NLRC4":29.309341608595364,"FPR2":20.350907780040927}},"Overall Survival":{"min":-6.0,"max":6.0,"top_text":"High Survival Correlation","bottom_text":"Low Survival Correlation","map":{"MCEMP1":-0.5571530804382967,"FPR2":-0.05601420778451059,"CD93":-0.29062932988391926,"MPEG1":0.046734191493992064,"CD101":0.6780488367538825,"EVI2B":-0.2800704790595527,"MEFV":0.3205624168416945,"MEGF9":0.04478318792785902,"NFAM1":0.979206841875508,"PSTPIP1":0.23123821240747394,"S100A11":-0.050615939888407166,"CDA":-0.2136108371504108,"MNDA":-0.6837059983249677,"ZBTB7B":-0.08099079037879058,"PADI2":-0.2804978989739259,"HCK":0.0812532820905132,"PFKFB4":-0.4036695548178875,"NLRP12":-0.9510304614929809,"GRN":0.393962026382676,"PLAUR":-0.14536965072726493,"CYBB":0.17901640830293714,"FGR":-0.3290928073302311,"PTPRJ":0.5533843058172347,"LRRC25":-0.007597822846789251,"SIRPB1":-0.34383542221321467,"S100A9":-0.23830462424115587,"CR1":-0.28001638353397307,"IL1RN":-0.22981964446160255,"PILRA":-0.1531169381310281,"LRRK2":0.5663779300424407,"RAB31":0.38354154916173155,"CYBA":0.6613508785664775,"SEMA4A":-0.019212789311446935,"SIGLEC7":-0.038041440291895774,"P2RY13":-0.07532616428921103,"C19orf38":-0.021002304930134306,"LILRA2":-0.6691422699462204,"TLR8":-0.1729226712594077,"SIRPA":-0.3662689115378773,"BST1":0.005933080395163951,"ARAP3":-0.10922950519607243,"NCF1":0.60121460535505,"IGSF6":-0.1470602874198284,"FCER1G":-0.17769499604873149,"FCN1":-0.09732649692741746,"PTAFR":0.3197835751627,"NLRC4":-0.21300262035002057,"LILRB3":-0.07583403163275591,"S100A8":-0.4830674302025152,"HK3":-0.02973079096549854,"IL17RA":0.3375888550375257}},"NPM1 Subtype":{"min":-37.0,"max":37.0,"top_text":"Committed NPM1 Subtype","bottom_text":"Primative NPM1 Subtype","map":{"PTAFR":13.11405817090933,"LILRA2":22.07365755775517,"HCK":26.430476455167806,"BST1":10.021586889923153,"S100A8":16.612739689259254,"FCER1G":30.049456950557442,"MNDA":20.684180759458712,