{"NPM1 Subtype":{"min":-37.0,"max":37.0,"top_text":"Committed NPM1 Subtype","bottom_text":"Primative NPM1 Subtype","map":{"BICD2":10.458716068712299,"NFKB2":6.525860148984213,"TNIP1":9.37859281097984,"TAB2":1.1302243970590382,"RIPK1":4.444087080806122,"IKBKG":17.959846590639536,"GAK":12.609927421259536,"CCR1":24.58489212417773,"ZC3H12A":4.433927826508682,"DDX39A":0.8125173641578788,"TNFAIP3":0.5814351412560761,"NFKB1":8.738027640904155,"OSBPL9":9.8032547371231,"TRIM25":11.765828088857688,"FBXW11":8.137745316954936,"SPAG9":0.6842262062707798,"MAP3K8":5.38960788899971,"NFKBIZ":0.0,"CHUK":11.65420024396751,"NFKBIE":6.230923862183753,"TBK1":9.912055914375456,"PPP6R1":4.342246394487838,"USP9X":1.08421215741836,"STAT3":0.5222573403137779,"TNIP2":5.883769652785042,"TICAM1":1.3012768348239958,"TUBB":2.1268177234599466,"BCL3":2.7520389552874316,"TNF":0.0,"IKBKB":11.406536237545891,"BCL10":9.302058255931108,"NFKBIA":1.5135447587686137,"REL":12.004909132411107,"EP300":1.921502290883876,"CSK":12.73926275076637,"GIT2":3.8979345149609586,"PLK3":0.0,"ROCK1":8.9162109144539,"ANKRD44":15.506870081862171,"NFKBIB":5.7377777375422525,"CUL3":0.24580918014352354,"RELA":2.8403198358674584,"ACBD5":7.424185118027729,"CDKN1A":0.49583693558253567,"UBXN6":-0.2601560414573014,"RELB":5.960545371110659,"CBL":18.932964507898838,"TANK":10.625229610009637,"NFKBID":0.0,"STAT6":5.8566276396247785,"GSK3B":3.896163060043158}},"Blast Percent":{"min":-11.0,"max":11.0,"top_text":"High Blast Percent Correlation","bottom_text":"Low Blast Percent Correlation","map":{"NFKBIZ":0.0,"BCL3":-1.7797304175418458,"TBK1":-5.980976055989309,"NFKBIB":-1.041746313528833,"BCL10":-0.9060052088777626,"FBXW11":-2.384946125442287,"NFKB2":-3.8939345317119454,"ROCK1":-1.4079549329783416,"TNIP1":-1.0428430705020804,"CBL":-1.8041329373669555,"SPAG9":-0.359251963932037,"TNF":0.0,"CUL3":-0.6497114066515164,"IKBKB":-1.7778674678024418,"TNFAIP3":0.5421455140521984,"NFKBIE":-0.475682214273142,"DDX39A":-0.0013409017293455276,"PLK3":0.0,"RELB":-0.5050066670138126,"RELA":-0.730335517409501,"BICD2":-0.36605509486614835,"EP300":0.862749302531665,"NFKBIA":1.5343632255791564,"GAK":-1.1131304607714585,"CHUK":-2.5211728747980153,"CSK":-1.382275903739603,"UBXN6":-0.1675794606447112,"USP9X":-4.79815768706717,"OSBPL9":-0.8912669945891394,"ZC3H12A":-0.9285666992391184,"STAT6":-0.1787407877546367,"ANKRD44":-1.9424202107704167,"TAB2":-0.2696872899549689,"RIPK1":-1.2681364626656855,"PPP6R1":-2.4137659055634146,"CCR1":-1.7725283504955869,"TUBB":-0.19695552172979722,"TICAM1":-0.8239019496174644,"TANK":-1.9412578695541638,"REL":-0.7033512157842304,"MAP3K8":-1.8222818035277881,"GSK3B":-0.7226868169595438,"NFKB1":-1.1174215302821393,"GIT2":0.25895047799190113,"TNIP2":-0.6118165287350122,"NFKBID":0.0,"CDKN1A":-0.4913454494876929,"ACBD5":-0.1818090137415808,"IKBKG":-3.5512211459081473,"STAT3":-0.9890547226714489,"TRIM25":-1.2217001839191042}},"Mutation FLT3 ITD":{"min":-10.0,"max":10.0,"top_text":"High FLT3 ITD Correlation","bottom_text":"Low FLT3 ITD Correlation","map":{"GSK3B":-1.104383095504364,"TNIP1":-0.4515159616672599,"TNIP2":-1.5302383212654176,"CCR1":0.3984972074706011,"NFKBID":0.0,"STAT6":0.8026846033932858,"ZC3H12A":-1.8141670239471592,"NFKB1":-0.3844193768902665,"TNF":0.0,"REL":-0.46438658841295605,"IKBKB":-0.13683563680317842,"NFKB2":-0.6497405965005709,"PPP6R1":-1.3101007155029964,"RELA":-0.7702198255456733,"NFKBIZ":0.0,"IKBKG":-0.33592360354730083,"FBXW11":-1.3210958055296773,"RELB":1.1056855594600843,"RIPK1":-0.25312648841323804,"CHUK":-1.1297228861230548,"TBK1":-0.8419287332092773,"CDKN1A":-0.35223566363414166,"BICD2":2.9636323633510426,"STAT3":-1.9018916579132177,"TUBB":-0.4659311484263344,"BCL10":0.22622262262471798,"ANKRD44":-0.1258160925435239,"BCL3":0.02466049134983552,"GAK":-0.07626956672946791,"PLK3":0.0,"UBXN6":-0.4313779842674909,"ACBD5":0.005684613865458901,"DDX39A":0.13321794008043106,"NFKBIB":-1.4676746307034358,"NFKBIA":0.2694893143233065,"EP300":-0.034602454011254884,"TNFAIP3":-0.11478215719379865,"TAB2":-2.520638728235781,"OSBPL9":1.503286421940647,"CUL3":-0.9784886029101236,"TANK":-0.32523550266307666,"CSK":0.25613328241541566,"USP9X":-0.9588847108477531,"TICAM1":0.13487899869586373,"SPAG9":1.3030852367263035,"ROCK1":-2.5583450882601433,"NFKBIE":-0.7718526561373333,"TRIM25":-0.0940043073093102,"CBL":-2.0880097101636164,"GIT2":1.4641574456311843,"MAP3K8":-0.31603005993032074}},"Mutation NPM1":{"min":-30.0,"max":30.0,"top_text":"High NPM1 Correlation","bottom_text":"Low NPM1 Correlation","map":{"NFKB2":-0.3197043800024627,"TICAM1":0.05429850133238968,"TNF":0.0,"TNIP2":-0.525965259246142,"OSBPL9":2.231873481657832,"IKBKB":-0.2530923931801148,"REL":-0.18152626829768903,"TRIM25":-0.009583914399497226,"ACBD5":2.617567066287897,"NFKB1":-0.28195840221434254,"TBK1":0.11185696500901147,"GIT2":1.5895296401904082,"CUL3":-2.2515911466766627,"ROCK1":-3.2460903637053593,"SPAG9":2.9630787044150386,"NFKBIE":0.4216663734893689,"TUBB":-0.2385340365636773,"GSK3B":0.17219019920514167,"CBL":-0.9976313037172426,"CDKN1A":-0.0902321092151261,"MAP3K8":-0.5391631838860109,"TANK":4.519075560973567,"TNFAIP3":-1.1857228633960075,"EP300":1.1861962538320805,"FBXW11":-3.9315969554352326,"ZC3H12A":0.32659013380176505,"CSK":0.9528336097970239,"NFKBIZ":0.0,"IKBKG":-0.016851167492180213,"STAT3":-1.3664060915829441,"CHUK":-0.0977340165306826,"UBXN6":-0.43749083355783586,"PLK3":0.0,"NFKBIB":0.06928897091892453,"ANKRD44":0.14535804217796622,"CCR1":2.355662390331561,"PPP6R1":-1.4191194229269029,"RIPK1":-0.24435933099216947,"STAT6":2.6928395795475524,"USP9X":-2.2693757633917895,"RELA":-0.32743348958358015,"BICD2":6.165405961958559,"NFKBIA":0.27068754926303545,"RELB":4.630007148779181,"GAK":0.40746573747388537,"DDX39A":0.2233712260231235,"TAB2":-3.9867116669686182,"TNIP1":0.07933987049450177,"BCL10":1.1475578079218258,"NFKBID":0.0,"BCL3":-0.4682604224191337}},"Overall Survival":{"min":-6.0,"max":6.0,"top_text":"High Survival Correlation","bottom_text":"Low Survival Correlation","map":{"CDKN1A":-0.1870347693469966,"BICD2":-0.008722051066009533,"OSBPL9":-0.1598461599425973,"TICAM1":-1.109978165800529,"TAB2":0.2136848838220485,"TNIP2":0.11077071142284693,"NFKBIE":0.8646559004080874,"DDX39A":0.14009955999311943,"ANKRD44":0.49619563690570756,"IKBKG":1.1962934655393556,"CHUK":0.6162855795993624,"GIT2":2.213891493691862,"REL":0.30074048211697196,"NFKBID":0.0,"NFKBIA":0.10531355477951128,"USP9X":-0.024976033094742094,"CSK":1.2751334827472744,"FBXW11":1.2361863749837232,"TNIP1":0.28242677848685543,"GSK3B":0.16669222493244187,"TANK":0.04230981833492491,"CBL":-0.055113403728386495,"TUBB":0.32320154661107303,"CUL3":-1.647714267501817,"GAK":2.2793661259127065,"NFKBIZ":0.0,"BCL3":-1.2229776109773778,"SPAG9":-0.3818749495345753,"PLK3":0.0,"TBK1":0.2894680956165346,"NFKBIB":0.40456704476409655,"MAP3K8":-1.1265002479928625,"NFKB2":0.28440382110286905,"IKBKB":0.30403427456258353,"UBXN6":0.5481636457198487,"PPP6R1":-0.16354155910723706,"CCR1":-0.062432581439242456,"RIPK1":1.0867023807296652,"ROCK1":1.2595792487105513,"STAT6":0.57716643019058,"STAT3":-0.516712953913809,"ZC3H12A":0.9138096031166423,"TRIM25":0.2458395830255259,"BCL10":-0.21181874309241977,"EP300":-0.33887591101364556,"TNF":0.0,"RELA":-0.12222903048648386,"RELB":0.4163145642596539,"ACBD5":0.3453433553174945,"NFKB1":0.9414336261886128,"TNFAIP3":0.1720806684392344}},"MuSiC CD14 Mono":{"min":-50.0,"max":50.0,"top_text":"High CD14 Mono Correlation","bottom_text":"Low CD14 Mono Correlation","map":{"NFKBIA":0.9806261649670744,"CBL":19.518588068698016,"FBXW11":5.866786709071725,"BICD2":15.417930178115045,"ACBD5":8.308998654169827,"STAT6":8.176913247899394,"GSK3B":5.631406696089327,"CHUK":13.204791677027456,"RIPK1":5.85979379224655,"IKBKB":13.754981567946231,"IKBKG":17.09949150958655,"TBK1":16.289028014495408,"TNF":0.0,"DDX39A":1.7379411986938256,"BCL3":2.59109517609715,"UBXN6":0.32281604748384135,"EP300":3.2515858328739564,"TUBB":1.8128589362377832,"CCR1":31.732739726773776,"NFKBIE":7.715771488366473,