{"NPM1 Subtype":{"min":-37.0,"max":37.0,"top_text":"Committed NPM1 Subtype","bottom_text":"Primative NPM1 Subtype","map":{"GPNMB":2.1989736893791307,"ENPEP":0.2488044333054889,"CP":0.5901398710980081,"FN1":2.192908963070371,"COL1A1":-0.36655827790759565,"ADAMTS1":0.0,"NNMT":-1.7496895886440058,"C1QA":2.9662589062266282,"SLC25A45":0.0,"PDGFRA":0.0,"TMEM132C":0.0,"MMRN2":0.0,"APOB":0.8282395285596286,"ARHGEF15":0.0,"MXRA5":0.0,"APOE":1.9893087039465482,"IGFBP5":0.0,"TAGLN":0.4780379493834639,"C1QB":3.81809740649633,"FABP3":-0.05564295989817533,"SNAI2":0.0,"COL4A2":0.3348453661190633,"CDH11":0.0,"DCLK1":0.0,"EGFR":0.0,"SIGLEC1":1.07487692461772,"FSTL1":-0.10286795684534265,"VCAM1":-0.02581335489817951,"COL11A1":0.0,"LAMB1":0.0,"FABP4":0.9312806383530625,"CAV1":-0.3465734988006755,"COL4A1":0.0,"ADH1B":1.2394504427825748,"GNG12":-0.1999501867303338,"CD5L":1.3145029412885485,"LAMA4":0.0,"COL3A1":0.0,"TIMD4":0.0,"AKAP12":-0.7957946167314535,"COL1A2":0.3721132665539138,"BGN":0.0,"VGLL3":0.0,"DCN":0.0,"TMEM47":0.0,"ITGAV":-0.14068062194734615,"GFRA1":0.0,"CHST3":0.0,"C7":1.7230025378133942,"TJP1":0.0,"ALPL":0.6988546223650741}},"Overall Survival":{"min":-6.0,"max":6.0,"top_text":"High Survival Correlation","bottom_text":"Low Survival Correlation","map":{"C1QA":-1.2323270927099985,"COL1A2":1.296955019233559,"MXRA5":0.0,"FABP3":-0.5419748974381421,"DCN":0.0,"CD5L":0.3794320069624277,"TMEM47":0.0,"COL3A1":0.0,"AKAP12":0.558470361468454,"MMRN2":0.0,"SNAI2":0.0,"ADAMTS1":0.0,"TIMD4":0.0,"GNG12":0.13499480718515627,"NNMT":0.6992711519381717,"ENPEP":-0.14910496782970956,"COL11A1":0.0,"IGFBP5":0.0,"FSTL1":-0.0935963150189377,"CP":0.055643766131445185,"TJP1":0.0,"APOE":0.5652713053792872,"LAMA4":0.0,"EGFR":0.0,"DCLK1":0.0,"FABP4":-0.2748736579230503,"COL4A2":-1.462578425148857,"CHST3":0.0,"VGLL3":0.0,"GFRA1":0.0,"CDH11":0.0,"SIGLEC1":1.8835718630217866,"C7":-0.08286338736187983,"TAGLN":-0.3892255286073591,"CAV1":-0.14447947551038773,"FN1":0.3259569039583661,"APOB":0.2890629079939418,"SLC25A45":0.0,"GPNMB":-0.3187665963251435,"VCAM1":0.06301235481581237,"ALPL":-0.6860325699419051,"ARHGEF15":0.0,"PDGFRA":0.0,"COL1A1":1.419965954075839,"TMEM132C":0.0,"COL4A1":0.0,"ITGAV":-0.07384263252780114,"ADH1B":0.1028997045145678,"BGN":0.0,"LAMB1":0.0,"C1QB":0.3979142342176656}},"Blast Percent":{"min":-11.0,"max":11.0,"top_text":"High Blast Percent Correlation","bottom_text":"Low Blast Percent Correlation","map":{"TJP1":0.0,"SIGLEC1":-2.6233206147242183,"COL4A2":-0.7064687412384596,"APOB":-3.346941537500115,"DCLK1":0.0,"APOE":-4.3420523841107075,"ARHGEF15":0.0,"NNMT":-0.9306104981110097,"C1QB":-2.1300164794591367,"AKAP12":-1.314004814675303,"C7":-1.8101327548976007,"TMEM132C":0.0,"COL3A1":0.0,"MXRA5":0.0,"FN1":-2.0704883131063676,"PDGFRA":0.0,"EGFR":0.0,"CD5L":-1.084129391149667,"FABP3":-0.6018012533044756,"IGFBP5":0.0,"ALPL":-2.7032012333222317,"ENPEP":-0.48486506746923186,"LAMA4":0.0,"COL1A2":-1.7952954933526935,"CDH11":0.0,"GNG12":-0.9046075223213653,"SLC25A45":0.0,"SNAI2":0.0,"CAV1":-0.1785760131450302,"BGN":0.0,"ADH1B":-1.1481125489373825,"GFRA1":0.0,"CHST3":0.0,"COL4A1":0.0,"LAMB1":0.0,"ADAMTS1":0.0,"COL11A1":0.0,"FABP4":-0.9101581063532107,"TMEM47":0.0,"VCAM1":-1.6754452857927522,"CP":-2.044294599512988,"GPNMB":-0.1512149382102106,"TAGLN":-0.8669282588324247,"DCN":0.0,"TIMD4":0.0,"MMRN2":0.0,"ITGAV":-0.7177769739189781,"COL1A1":-1.2519507095289681,"C1QA":-2.1318487943466984,"VGLL3":0.0,"FSTL1":-2.295404513652364}},"MuSiC CD14 Mono":{"min":-50.0,"max":50.0,"top_text":"High CD14 Mono Correlation","bottom_text":"Low CD14 Mono Correlation","map":{"CD5L":1.7002807055034708,"ADH1B":0.5804522734518397,"CHST3":0.0,"BGN":0.0,"ENPEP":-0.061981655333758344,"FSTL1":0.03155382128284532,"COL4A1":0.0,"APOE":1.1573471922619887,"NNMT":-1.134296206510057,"COL11A1":0.0,"SLC25A45":0.0,"LAMB1":0.0,"ALPL":0.7741894012387005,"AKAP12":-0.3305572384967761,"C1QB":4.012523487325737,"IGFBP5":0.0,"GFRA1":0.0,"TAGLN":0.009925504103997632,"VCAM1":-0.09673777026112758,"COL4A2":0.24316657700418573,"COL1A1":0.030899591692363722,"COL3A1":0.0,"VGLL3":0.0,"DCLK1":0.0,"GPNMB":2.27889958442955,"FABP4":0.7087326277317223,"DCN":0.0,"LAMA4":0.0,"CP":0.5323025054968075,"COL1A2":0.05504844875566271,"MMRN2":0.0,"SNAI2":0.0,"ADAMTS1":0.0,"TMEM47":0.0,"PDGFRA":0.0,"FABP3":-0.06151217697233881,"C7":2.266277806530954,"ARHGEF15":0.0,"SIGLEC1":1.1573678681171158,"ITGAV":-0.16774092476032307,"FN1":1.3030139108881043,"TJP1":0.0,"EGFR":0.0,"MXRA5":0.0,"CAV1":-0.5302430407351745,"APOB":-0.04076714361444173,"TMEM132C":0.0,"GNG12":-0.2710666339294709,"C1QA":3.9311111760578243,"TIMD4":0.0,"CDH11":0.0}},"Mutation FLT3 ITD":{"min":-10.0,"max":10.0,"top_text":"High FLT3 ITD Correlation","bottom_text":"Low FLT3 ITD Correlation","map":{"CDH11":0.0,"COL3A1":0.0,"C1QB":-0.9741246250947276,"GNG12":-1.2792884628260779,"ARHGEF15":0.0,"LAMB1":0.0,"VCAM1":-1.2649255808047393,"LAMA4":0.0,"FSTL1":-0.6735735909578374,"DCN":0.0,"GPNMB":-1.1004940073717022,"ENPEP":-1.8347128548353293,"AKAP12":0.27125514372409887,"NNMT":0.12607314516993398,"FABP3":-1.0249908953331095,"TMEM47":0.0,"GFRA1":0.0,"CP":-2.823009446050214,"CHST3":0.0,"MMRN2":0.0,"BGN":0.0,"TMEM132C":0.0,"TIMD4":0.0,"COL1A2":-0.7590674959536498,"ITGAV":0.09395570647282302,"SLC25A45":0.0,"PDGFRA":0.0,"ALPL":-0.9574063082954167,"COL11A1":0.0,"APOB":-2.6579809621573167,"DCLK1":0.0,"ADH1B":-0.4960972675269791,"VGLL3":0.0,"MXRA5":0.0,"FN1":-1.5910839392438492,"EGFR":0.0,"SIGLEC1":-0.27536241400588496,"COL1A1":-0.5288167954568476,"TAGLN":-1.166933104319748,"IGFBP5":0.0,"SNAI2":0.0,"TJP1":0.0,"C7":-1.772880870689924,"COL4A2":-0.40328702591238197,"COL4A1":0.0,"ADAMTS1":0.0,"C1QA":-0.3518291447513174,"FABP4":-0.8821417171943157,"APOE":-2.5573316519095552,"CAV1":0.43890709235006165,"CD5L":-1.851677677455785}},"Mutation NPM1":{"min":-30.0,"max":30.0,"top_text":"High NPM1 Correlation","bottom_text":"Low NPM1 Correlation","map":{"APOE":-0.7124076466612855,"LAMA4":0.0,"CDH11":0.0,"BGN":0.0,"TMEM132C":0.0,"FABP3":-1.7121916239582988,"FSTL1":-2.4253095331238566,"MMRN2":0.0,"ITGAV":0.5412799114024077,"SNAI2":0.0,"NNMT":-0.8013072646006903,"TIMD4":0.0,"GPNMB":-0.6192480406360142,"PDGFRA":0.0,"C1QB":-0.11833320239608201,"MXRA5":0.0,"LAMB1":0.0,"CAV1":-0.6693585076647097,"CD5L":-0.13713349361802998,"COL11A1":0.0,"COL4A1":0.0,"TAGLN":-0.4704297057643288,"COL1A1":-1.3923944926973608,"TJP1":0.0,"APOB":-1.4457091018465706,"COL3A1":0.0,"VCAM1":-2.1319928075892047,"TMEM47":0.0,"DCLK1":0.0,"CP":-0.5853550230370924,"AKAP12":-0.42840990791567396,"COL1A2":-1.8212602710517567,"FN1":-1.0620318857357531,"ADAMTS1":0.0,"SLC25A45":0.0,"SIGLEC1":-1.4282520478273328,"GFRA1":0.0,"ARHGEF15":0.0,"ALPL":-0.536843881880134,"C7":-0.9295102087352523,"FABP4":-0.2651724847205098,"DCN":0.0,"VGLL3":0.0,"ADH1B":-0.1569192459308473,"C1QA":0.8513770168146075,"COL4A2":0.031724939248614824,"ENPEP":-1.0503390121638427,"CHST3":0.0,"EGFR":0.0,"IGFBP5":0.0,"GNG12":-1.7649016386696357}}}