{"NPM1 Subtype":{"min":-37.0,"max":37.0,"top_text":"Committed NPM1 Subtype","bottom_text":"Primative NPM1 Subtype","map":{"LRP1":31.6657276321637,"ART4":0.0,"GYPA":-0.36244202045057516,"TRIM58":-0.4880913701083341,"S100A9":16.32157484099056,"ITGB3":2.3418651981505696,"KLF1":-1.0117916640871745,"DMTN":-0.22361960897319863,"AQP1":-0.5433283975052574,"STOM":0.5633754876541733,"PECAM1":12.706354427110258,"EPB42":0.06752980069095556,"TFRC":-1.4828612404654282,"LYN":14.423189763765572,"GYPC":-0.01417167627863093,"ALAS2":-0.4919090054775318,"PKLR":-0.3558457125884829,"CR1":16.546507815637604,"ATP6V0A1":11.961193452641124,"KEL":-0.027269446095397318,"CD36":12.841835861531857,"ERMAP":-0.05042046650553701,"TRIM10":-0.305112411587868,"NCEH1":8.842444818734723,"HBB":0.052779343819319265,"RHCE":-0.13814456500111402,"FYN":9.304634828617822,"SLC25A37":-0.16481813278748186,"SLC29A1":-1.4308485412192977,"EPB41":-0.2675812581949203,"SLC4A1":0.03621585096606926,"TMOD1":-0.30701168682008395,"PLXDC2":12.199671522658575,"MYL4":-0.63661957300552,"ADD2":-0.3914166664596935,"MYH10":-0.8764275847257939,"ANK1":-0.12651363830856954,"GUCD1":0.08215780467652868,"SLC2A1":-0.0035470548121659044,"CA1":0.10748741603071639,"SLC30A1":11.801670007318549,"NPL":4.512789082270643,"SPTA1":0.15000786216402123,"USP15":2.095333986342339,"SLC14A1":0.034659058260381355,"AHSP":-0.4821692886546524,"RHAG":-0.2494082306711897,"HBD":0.04251256710393525,"SELENBP1":-0.2998811343057042,"CTSL":11.179435885427079,"HBQ1":0.038303709100155306}},"MuSiC CD14 Mono":{"min":-50.0,"max":50.0,"top_text":"High CD14 Mono Correlation","bottom_text":"Low CD14 Mono Correlation","map":{"HBD":0.14576700965566602,"DMTN":-0.17843029294865387,"CA1":-0.015308317873772967,"GYPA":-0.34097861051761136,"GYPC":0.04796152397778031,"ART4":0.0,"RHCE":-0.07585377564739677,"GUCD1":0.22119205987666649,"TRIM58":-0.8870942219655421,"ERMAP":-0.12940715934049082,"ITGB3":2.180531302343359,"CD36":18.398652884840004,"MYL4":-0.4469583288295205,"NCEH1":13.521221493313954,"KLF1":-0.5810845167002542,"TFRC":-2.8358051621460496,"SPTA1":-0.08996637969519299,"STOM":0.45734796236732145,"LRP1":38.91544560323843,"SLC4A1":-0.004721581977353015,"ALAS2":-0.6480306801299811,"TMOD1":0.30419633812831226,"EPB41":-0.41785979823676433,"MYH10":-0.6415933756540474,"CR1":19.117304166451323,"SLC2A1":0.0227579759535933,"PKLR":-0.5260851081963974,"PECAM1":14.670558968847258,"SLC25A37":0.42425647004304357,"HBB":0.05997336493256027,"USP15":4.959830447578367,"EPB42":-0.0012645100555904636,"SLC29A1":-2.478562272441826,"S100A9":20.68058472030229,"ATP6V0A1":20.76510178670109,"AHSP":-0.26251050737931547,"FYN":11.980012779053814,"SLC30A1":18.60991586745242,"PLXDC2":18.726870998188858,"SLC14A1":-0.17022913495195288,"SELENBP1":-0.06520081528817624,"AQP1":-0.2932609344592707,"KEL":-0.06453213438314692,"HBQ1":0.0474653913162957,"LYN":21.003818451302905,"ANK1":-0.11804111797854876,"ADD2":-0.6582835954956813,"CTSL":17.058372173629426,"NPL":6.133082592699786,"RHAG":-0.6874446338154889,"TRIM10":-0.09087506312546689}},"Mutation NPM1":{"min":-30.0,"max":30.0,"top_text":"High NPM1 Correlation","bottom_text":"Low NPM1 Correlation","map":{"TMOD1":-5.0385268784487325,"KEL":-4.334656393837194,"ALAS2":-5.971472228237738,"HBD":-4.4008919373768745,"TRIM58":-5.319163005614762,"USP15":-1.144319171002313,"CR1":1.2138728080165448,"ERMAP":-5.001310923731788,"NCEH1":1.9471827581083188,"LRP1":0.5698565652854491,"SLC2A1":-5.033925565690486,"SLC4A1":-5.137210697082837,"SLC29A1":-5.149383194350672,"SLC25A37":-5.336130983425408,"CA1":-4.496346096678312,"MYH10":-6.27913658027065,"STOM":-6.307471780725508,"RHAG":-5.18305783574925,"S100A9":-2.2988673507799655,"AHSP":-5.179452388317399,"CD36":2.780733944859725,"EPB42":-5.786828996070951,"NPL":-1.6423846762127685,"MYL4":-7.19455168334244,"TRIM10":-4.715984712794871,"SLC14A1":-4.524160526981714,"PECAM1":0.014290226615576612,"FYN":-0.017499207158208355,"ADD2":-8.035279421764738,"LYN":0.2760667751158326,"DMTN":-4.990928927370866,"RHCE":-3.7814193012235924,"SPTA1":-5.430170400808431,"AQP1":-4.860806999210285,"SELENBP1":-5.220985852152947,"SLC30A1":0.7484364330438482,"HBQ1":-4.863710936221726,"ANK1":-5.899756618779289,"ART4":0.0,"GUCD1":-1.957149498341281,"ATP6V0A1":0.5892568909003797,"PKLR":-8.466370869417043,"CTSL":2.314042421906968,"ITGB3":0.3102989462104769,"EPB41":-6.4537118986131,"GYPA":-5.11531102570187,"KLF1":-2.335139909392419,"HBB":-4.450555262738051,"PLXDC2":6.5218507802504115,"TFRC":-6.842089008452067,"GYPC":-4.351038581183206}},"Mutation FLT3 ITD":{"min":-10.0,"max":10.0,"top_text":"High FLT3 ITD Correlation","bottom_text":"Low FLT3 ITD Correlation","map":{"CTSL":0.00848823697231847,"ITGB3":0.010531068992007205,"FYN":-0.2779477243807064,"TMOD1":-2.1192477938821885,"LYN":-0.2494900342467458,"SPTA1":-1.7043327569392814,"CR1":-0.06764524156321385,"PLXDC2":1.918709633539043,"PECAM1":-0.49830028481706506,"SLC30A1":0.18238691339182408,"AHSP":-1.4480583084125984,"EPB41":-1.637950084855441,"EPB42":-1.8996119024478297,"RHCE":-0.9951043994308717,"ERMAP":-1.3562614306387524,"GYPA":-1.4460665727274855,"DMTN":-1.6425040913243936,"KEL":-1.4589616451025154,"HBQ1":-1.8560427277536373,"SLC25A37":-1.9258598953227837,"HBD":-1.5699704946908264,"STOM":-1.8280613857499852,"NCEH1":0.02447611144120496,"USP15":0.10823428946239996,"ADD2":-2.5689298396497953,"ALAS2":-2.74718770029434,"KLF1":-0.870449294880981,"SLC14A1":-1.3332576093778785,"S100A9":-1.1137848617687773,"LRP1":-0.17524403971057403,"GYPC":-1.0098410116322036,"MYH10":-1.4769544742393115,"AQP1":-1.3735736683591322,"NPL":1.2304161367391775,"PKLR":-3.1202754299175504,"RHAG":-1.3719195758059772,"SLC4A1":-1.2572473094871304,"SLC29A1":-0.8510744024501179,"HBB":-1.4643514725194948,"ART4":0.0,"SLC2A1":-0.9754541686952591,"TRIM58":-1.3160685028836476,"ATP6V0A1":0.9046467395280736,"TRIM10":-2.000609989679705,"CA1":-1.6852406512065254,"CD36":0.9156050730517137,"SELENBP1":-2.0774441250773683,"GUCD1":-1.1330883537891252,"TFRC":-2.8100319129335984,"ANK1":-1.868495534890838,"MYL4":-2.740907080271586}},"Overall Survival":{"min":-6.0,"max":6.0,"top_text":"High Survival Correlation","bottom_text":"Low Survival Correlation","map":{"ATP6V0A1":-0.05537322983087315,"CR1":-0.28001638353397307,"ART4":0.0,"ITGB3":1.2336487670993077,"STOM":-0.3301993251181008,"ANK1":-0.3442621206647322,"ALAS2":-0.13345170476723872,"PLXDC2":0.04142052115104069,"LRP1":-0.12504985072056685,"CA1":-0.4587826745630048,"MYL4":-0.7187118097875516,"ADD2":-0.0785618224730119,"CD36":1.5210672033377601,"TMOD1":-0.6309934461461655,"TRIM58":-0.4391176630017223,"EPB42":-0.0674040338724231,"SPTA1":-0.1584855188943252,"SLC29A1":-0.279675748637068,"RHCE":-0.044051279232806335,"LYN":0.2698452587485424,"PECAM1":0.6271908570894307,"CTSL":-0.5273913759912419,"NCEH1":0.3699907255700808,"SLC30A1":0.6173717106723074,"AHSP":-0.019409560920139922,"SLC25A37":-0.38646033201641794,"HBB":-0.6386468777488546,"AQP1":0.054084712021300524,"GYPA":-0.029080906170927883,"SELENBP1":-0.25084987871681225,"HBQ1":-0.33446275309345797,"GYPC":-0.013832382777679553,"SLC4A1":-0.25333246615206206,"GUCD1":-0.5225053586509375,"ERMAP":-0.08776921714918896,"SLC2A1":-0.4562968490857076,"NPL":0.21370271057371723,"RHAG":-0.18454719919333296,"FYN":1.6366995096623498,"TRIM10":-0.19612592240267107,"USP15":-0.45281930380904195,"HBD":-0.4059713672861655,"DMTN":-0.8890314825445215,"SLC14A1":-0.3289024020031585,"S100A9":-0.23830462424115587,"KEL":-0.32719144776210246,"EPB41":-0.46666784630859914,"PKLR":-0.8713119477490996,"KLF1":0.2199536377058525,"TFRC":-0.008713384120155957,"MYH10":-0.7716926467919801}},"Blast Percent":{"min":-11.0,"max":11.0,"top_text":"High Blast Percent Correlation","bottom_text":"Low Blast Percent Correlation","map":{"NCEH1":-4.934515716155808,"EPB42":-3.3923938160343394,"SLC30A1":-5.145092989741931,"SLC4A1":-3.5850886713232577,"HBD":-3.2935259868143847,"SLC14A1":-3.962936914666202,"HBB":-3.2719383923665055,"SLC29A1":-5.581466220588187,"CA1":-3.3160433310462514,"FYN":-3.0233410102981675,