{"Mutation NPM1":{"min":-30.0,"max":30.0,"top_text":"High NPM1 Correlation","bottom_text":"Low NPM1 Correlation","map":{"RPL11":0.3992493362463557,"PUM3":-3.043304825488322,"RPL17":-1.5680885406769256,"NOP2":-0.16986479373592345,"RPS8":0.2416929718370745,"RPL10A":-0.2709087768490584,"WDR36":-0.3807066547895533,"MYC":-0.10168434394597319,"CEBPZ":-1.9544114269886197,"NPM1":-10.934537178762957,"RPL13A":-2.0801107017826985,"ABT1":-0.3947206801511592,"DDX21":-2.0568335082339075,"GTPBP4":-5.931162078751271,"RPL3":-2.1174415801168673,"RRS1":-6.764646753434744,"RPP30":-0.12565772855011917,"DDX10":-1.4516818751306546,"RSL1D1":-1.2245118755277333,"MAK16":-0.5516947709127192,"LARP7":1.0918054474406005,"RBM34":-3.5145832775478247,"NSA2":-5.7638375639775,"RPP40":-0.2829076279475903,"SURF6":-10.172520681717767,"PPAN":0.0,"FTSJ3":-4.891311934634959,"RPL18":1.451127838979977,"MYBBP1A":-0.5636328747815655,"NOP16":-3.8946262371274902,"RPLP0":-0.5275330805234366,"MRTO4":-2.2425377808686138,"NOC3L":-6.7161735218996155,"RPL4":-0.46807765306186916,"GNL2":-6.924320140840715,"EBNA1BP2":-8.33629018798704,"NOC2L":-2.3524037718843913,"NOL10":-3.3633906309396395,"RBM28":-1.2826211849143154,"BRIX1":-9.09253638108088,"BMS1":-2.283805816651445,"RRP1B":-3.831735811683717,"REXO4":-1.0636358644422221,"RPF2":-5.440102748704609,"DDX56":-1.173798404637634,"NPM3":-1.164904940100829,"BOP1":-0.33289116334484303,"RPL7L1":-1.9643446004175644,"RPS6":-1.2886536925634187,"RPL13":-0.4140033473074155,"NIFK":-2.261789793941134}},"NPM1 Subtype":{"min":-37.0,"max":37.0,"top_text":"Committed NPM1 Subtype","bottom_text":"Primative NPM1 Subtype","map":{"NOC3L":-9.04539024658142,"REXO4":-9.574112687553159,"DDX56":-10.10566714890869,"RBM34":-8.044671331911882,"NPM3":-3.3972579921021238,"BOP1":-7.199055129905211,"RPS8":0.14476340699783075,"NOL10":-12.418154746901372,"NOP16":-8.224233445064948,"RPL7L1":-6.497264288191475,"NPM1":-13.438152303775192,"RPL4":-1.52888610886292,"RRS1":-11.478921217968526,"MYC":-2.814978620299115,"EBNA1BP2":-11.159132587295273,"GTPBP4":-4.3629393222878345,"RSL1D1":-5.528697070183275,"PUM3":-10.264371078119446,"RPP40":-5.479552080952568,"RPL3":0.6710160927774381,"RPP30":-5.222553279661827,"RPF2":-4.618804859800483,"RPLP0":-0.7350553087960351,"MAK16":-6.859329474715265,"RPL11":-0.05061936819540557,"DDX10":-13.698879767747368,"RPL18":0.053670539279468556,"LARP7":-11.33709038402434,"BRIX1":-9.781426274176873,"RBM28":-8.212440511903713,"CEBPZ":-13.857701486723345,"MRTO4":-10.356116977201419,"NOP2":-6.31166900364867,"RRP1B":-7.9678132630183764,"RPL17":-0.33257457418152564,"NSA2":-9.988107755585773,"DDX21":-1.1255676636816119,"NIFK":-6.440812693758712,"MYBBP1A":-10.68510960157813,"SURF6":-12.366320027592076,"NOC2L":-11.761019622264989,"FTSJ3":-11.626232321045588,"ABT1":-8.90912605826267,"GNL2":-4.730747118620033,"PPAN":0.0,"RPL13A":-0.7167229614168447,"WDR36":-13.305100381077693,"RPL10A":0.2555674298972103,"BMS1":-13.564458056377818,"RPL13":-1.2165466715245763,"RPS6":0.007810008892230348}},"Overall Survival":{"min":-6.0,"max":6.0,"top_text":"High Survival Correlation","bottom_text":"Low Survival Correlation","map":{"ABT1":-0.022783924617919702,"LARP7":-0.384015151740743,"PPAN":0.0,"RPL13A":1.221767980202906,"RPS6":1.2495431582095673,"REXO4":-0.7781353219272235,"RPL4":2.092187270185198,"FTSJ3":0.011628932732926523,"NOP2":-0.4143222924376503,"RBM34":-0.2577311208632447,"RPL13":0.45050134360241867,"BMS1":-0.034309487095320154,"GTPBP4":0.25898307673904336,"RPL7L1":-0.21632328193002665,"RPL18":1.6397140612975143,"NOL10":-0.12979627829868923,"EBNA1BP2":-0.0012940062183737144,"RSL1D1":0.2162058356049636,"RRS1":-0.0716894707535641,"MYC":-0.09746207262172309,"MYBBP1A":0.14813471712952658,"RPL3":0.9244568717507486,"BRIX1":-0.02945548902605667,"RPS8":2.581408544530062,"PUM3":-1.1927558889695937,"NPM3":0.9739803346123868,"MRTO4":-0.37404322913649096,"NPM1":0.521776265381839,"RPL11":0.198027705609855,"MAK16":-0.7097483295440539,"DDX21":0.5859588008676385,"RPL10A":0.8670455052621319,"RPLP0":0.8494169791671194,"CEBPZ":-0.024675197107666604,"RBM28":-0.2114554487872429,"RPF2":0.29286878999740135,"DDX56":-0.08502412622525694,"DDX10":-0.15043809812961997,"GNL2":0.9126564190840155,"NOC2L":-0.0018758652511020341,"NSA2":0.2055237789227334,"RPP30":-0.7839965417261809,"RPP40":-0.25098170992884855,"NOC3L":-0.04675026904247916,"NIFK":0.8003144230297862,"NOP16":0.47260992387839273,"SURF6":0.22418623930255233,"WDR36":0.35113986000895786,"RRP1B":-0.48896634392091365,"RPL17":2.1981712405710265,"BOP1":-2.017728796491659}},"Blast Percent":{"min":-11.0,"max":11.0,"top_text":"High Blast Percent Correlation","bottom_text":"Low Blast Percent Correlation","map":{"MYBBP1A":5.993577847191054,"LARP7":5.1093985539321904,"RSL1D1":1.8582584976565182,"DDX21":0.9272585157892512,"NOL10":2.3775115036902275,"RPL11":0.15757727335512622,"BRIX1":1.781838579076157,"NOP2":1.7755402437989636,"NPM3":0.2582010602560986,"RPL17":-0.2766944286065068,"RPL4":1.0571351985337578,"EBNA1BP2":1.9855502582925566,"MRTO4":2.6783626688561952,"RPL7L1":3.3178636416550753,"RPS6":-0.8534169068407181,"RBM34":1.320741331436895,"NOC3L":1.0221008586739337,"RPL3":-0.6913802452549015,"REXO4":1.5708010181628254,"FTSJ3":2.996754582635453,"DDX56":2.2771842509050817,"RPL18":1.2647905958205514,"RPP40":1.9733358831999925,"PPAN":0.0,"NOP16":1.5786405098088638,"RPL10A":-0.15203744000090666,"WDR36":4.5904521477505424,"RPF2":0.8294836512101974,"MAK16":1.8614610504280855,"RRP1B":1.1450001455449053,"BOP1":2.0544434913050322,"NIFK":1.4201465125713717,"RPL13A":-0.630801331705385,"RPL13":0.9841915305531751,"GNL2":0.41360602310403305,"RRS1":1.7794198536521433,"DDX10":2.268925222298891,"PUM3":2.523723060811962,"CEBPZ":3.250060996859164,"RBM28":2.2577033592395326,"RPLP0":-0.04584224920597317,"MYC":0.7481112329162724,"BMS1":7.051611806893314,"NOC2L":2.503228320174259,"ABT1":3.405923999621191,"RPS8":-0.4706099995325852,"NPM1":2.0044213784871614,"RPP30":2.717308770450488,"GTPBP4":0.49028081735385803,"SURF6":2.2762460430407954,"NSA2":1.973476585591646}},"MuSiC CD14 Mono":{"min":-50.0,"max":50.0,"top_text":"High CD14 Mono Correlation","bottom_text":"Low CD14 Mono Correlation","map":{"MYBBP1A":-14.785630708539758,"DDX10":-16.4474764275812,"LARP7":-12.105085096774983,"FTSJ3":-15.421110154460724,"REXO4":-11.888405314522938,"EBNA1BP2":-15.524230339806167,"RRS1":-12.868403292893431,"RPL18":0.10749261810128213,"NOP16":-10.37094869968568,"RPL7L1":-8.452590598392224,"RSL1D1":-7.4660997329294005,"NPM1":-17.855123193602328,"NIFK":-8.18716442599924,"CEBPZ":-16.719284807840733,"ABT1":-12.92928811231637,"NOC3L":-10.889928804235065,"PUM3":-12.407773648544316,"GTPBP4":-6.23803081489971,"NSA2":-11.240283148408857,"MAK16":-5.593746971914235,"RPL13":-1.023164646669976,"RRP1B":-11.568091968497875,"NOC2L":-13.660289017197156,"RPL17":-1.016817508672262,"RBM28":-9.034522810645504,"BMS1":-19.79233884036587,"RPP30":-5.644194663211463,"RPS6":-0.3158886071888914,"MYC":-3.3149980205941003,"GNL2":-6.778218465468891,"NPM3":-4.738977453367207,"RPL3":-1.0051274634680696,"RPF2":-5.026423261862164,"RBM34":-12.125713558834304,"NOL10":-16.084405319161316,"SURF6":-15.631332858690403,"DDX21":-3.782395840795795,"BOP1":-8.659347263268932,"RPL4":-1.6443148504195038,"RPL13A":-1.5480941591333535,"RPS8":-0.08142716620199128,"RPLP0":-0.9407175967597816,"DDX56":-12.14302180514026,"NOP2":-8.546536827716121,"MRTO4":-13.741329797000196,"RPP40":-6.087305236360125,"BRIX1":-12.284823692589734,"PPAN":0.0,"RPL10A":0.22574393918174993,"WDR36":-14.745942327634438,"RPL11":-0.393708227839276}},"Mutation FLT3 ITD":{"min":-10.0,"max":10.0,"top_text":"High FLT3 ITD Correlation","bottom_text":"Low FLT3 ITD Correlation","map":{"NPM1":-1.0520844031272854,"RPL17":0.1404080583186928,"MRTO4":-0.3181949464856772,"RPS8":1.0234877555478759,"RPF2":-0.139128937178699,"GNL2":-0.5654819744855584,"RPP40":1.4160336120791905,"RPLP0":0.9977700667254856,"RSL1D1":0.16166951095204496,"FTSJ3":0.05561420690856889,"RPL4":0.6547763049276585,"PPAN":0.0,