{"Blast Percent":{"min":-11.0,"max":11.0,"top_text":"High Blast Percent Correlation","bottom_text":"Low Blast Percent Correlation","map":{"RSU1":-6.081314832715818,"NRGN":-3.823537568091488,"RHOC":-0.3430171232746848,"MTSS1":-1.0147598994153313,"RHOA":-0.44199059585233197,"TREML1":-2.4804164231506887,"RAB27B":-3.173302605059171,"ARHGEF12":-3.9712379583303012,"CASS4":-5.309711661409038,"FERMT3":-5.153314444109814,"CAVIN2":-4.855208885049094,"CLDN5":-2.4919806445665795,"DIAPH1":-0.9140348801604655,"ILK":-4.518603995524095,"SLC9A9":-6.074452756561058,"STK24":-3.551090497266306,"PARVB":-4.58078158830703,"ICAM2":-0.17769208048358684,"SELP":-5.375892688310932,"MMRN1":-5.271229666471841,"FHOD1":-1.5016493970988158,"ELOVL7":-3.9360768108034287,"LGALSL":-4.865389710155042,"CMIP":-2.2927082451884693,"PEPD":-1.3435125106331904,"PECAM1":-2.5267045809631847,"GP1BB":-3.2791666621575657,"HPSE":-5.304209418414536,"FYN":-3.0233410102981675,"CYFIP1":-0.6691394535492142,"DAB2":-0.9911283759981964,"HGS":-0.7485978509498585,"CAMK1D":-0.4027428839636663,"IFITM3":-0.8360159291810464,"VSIG2":0.0,"DAAM1":-4.052029842600021,"SLC2A3":-5.523991335261287,"CCL5":-3.6756183276383703,"CCR1":-1.7725283504955869,"GP1BA":-3.7451336751125215,"LIMS1":-1.1416978147479895,"RGS10":-4.177229731053472,"GP5":-4.96928565069015,"CMTM5":-4.147935512850159,"RTN1":-8.883854505866669,"INF2":-0.46377829732056036,"IL15":0.0,"MPIG6B":-4.008966995426641,"VCL":-5.467147509366645,"SLC9A3R2":-0.5218465055707904,"RAC1":-0.024146589553351736}},"Overall Survival":{"min":-6.0,"max":6.0,"top_text":"High Survival Correlation","bottom_text":"Low Survival Correlation","map":{"MMRN1":1.5479582482152037,"MTSS1":0.10312749246572556,"GP1BB":1.442549386571268,"ICAM2":1.5710753102825301,"PARVB":0.43681816770951915,"RSU1":0.0069899887001088,"IL15":0.0,"MPIG6B":0.5182583942826252,"STK24":0.13192067232348373,"NRGN":1.6227514032840453,"DAAM1":0.21620604678555605,"HGS":-0.15261306687825335,"INF2":0.9209885379960582,"VSIG2":0.0,"FYN":1.6366995096623498,"LIMS1":0.6008550003605293,"SLC9A3R2":0.5852077986748022,"ARHGEF12":-0.05384439613584164,"DAB2":-0.04058550882762468,"SLC9A9":0.275508661607718,"CCR1":-0.062432581439242456,"DIAPH1":1.8104370794362437,"GP5":1.3197199244074604,"CLDN5":0.013138582810393736,"CAMK1D":0.4554038278649441,"RAB27B":0.4862216282219043,"CAVIN2":0.7261713337463949,"ELOVL7":-0.2212655526639136,"IFITM3":0.4293561821029362,"FERMT3":0.3557132331510595,"CASS4":0.5035571486629168,"RHOA":0.49192030397277065,"RHOC":0.48041929460465493,"LGALSL":0.03496209018664352,"PEPD":-0.13416005860683167,"SLC2A3":0.7452071662671621,"PECAM1":0.6271908570894307,"VCL":-0.09707846071003695,"CMIP":0.9234024399372504,"RGS10":1.5783135476723158,"CCL5":1.5772940115587644,"HPSE":0.41644217955073204,"CMTM5":0.4593855474836417,"RTN1":0.5562187926578561,"GP1BA":0.42248092326678677,"SELP":1.086000517837156,"RAC1":0.41615462991751606,"CYFIP1":0.368169292350974,"ILK":1.7558366470200089,"TREML1":1.0780765581491119,"FHOD1":0.12854303412121643}},"MuSiC CD14 Mono":{"min":-50.0,"max":50.0,"top_text":"High CD14 Mono Correlation","bottom_text":"Low CD14 Mono Correlation","map":{"GP5":1.792315411726357,"ELOVL7":0.2191382087532781,"RTN1":5.047391489612312,"FHOD1":0.4807824289417473,"DAAM1":0.47974677666176446,"RGS10":1.519212565122177,"MTSS1":6.04834529820047,"HGS":2.3218548790265987,"CYFIP1":7.209523433329782,"DAB2":-0.7326614100973259,"CCR1":31.732739726773776,"CMTM5":1.0801401587960262,"SLC9A9":6.346619738396284,"CAMK1D":0.6432406902337515,"NRGN":12.115831738093256,"IFITM3":0.22761345573686367,"LGALSL":0.9227084033611159,"CCL5":2.8332079864423334,"SLC2A3":9.53538099650455,"FERMT3":12.314368081024059,"GP1BB":1.6167437136097456,"ARHGEF12":-0.21013563575511793,"PARVB":1.0728808562038306,"VCL":7.4636412674842685,"RHOC":0.38231858837350297,"SELP":2.6933700274186863,"IL15":0.0,"RSU1":4.312661873231462,"CLDN5":0.4386470012153277,"RHOA":14.64093540558552,"TREML1":1.4844592958821146,"GP1BA":1.4646236115058735,"RAB27B":-0.09562032959556445,"MPIG6B":1.8024175783312126,"MMRN1":1.2523031494729557,"FYN":11.980012779053814,"LIMS1":6.212048553975378,"ICAM2":1.3262588135212345,"VSIG2":0.0,"PEPD":5.097168860570279,"RAC1":6.526918275776695,"CAVIN2":1.1891265077679034,"PECAM1":14.670558968847258,"INF2":0.0511389886677368,"CMIP":11.29483449129268,"CASS4":2.755142505141402,"STK24":1.6781397671289002,"DIAPH1":5.128916329369699,"HPSE":5.043416067605225,"ILK":8.6838750690384,"SLC9A3R2":-0.21598586377990664}},"Mutation NPM1":{"min":-30.0,"max":30.0,"top_text":"High NPM1 Correlation","bottom_text":"Low NPM1 Correlation","map":{"MPIG6B":-0.09503509530683404,"TREML1":-0.014548798991939062,"CMTM5":0.36235588999678947,"RTN1":0.058456618031663715,"SLC9A3R2":-1.2538033230691374,"CYFIP1":0.3789398946800053,"CCL5":0.10712660449829053,"SLC2A3":-0.3275328374377666,"SELP":0.26109695846533676,"IL15":0.0,"STK24":-2.795135634213175,"ARHGEF12":-3.6620812230687267,"IFITM3":-0.7929904853059596,"FYN":-0.017499207158208355,"CASS4":-0.03820275432664149,"GP1BB":0.21390846151730475,"PARVB":-0.2313115004559061,"INF2":1.7120836673202746,"HPSE":0.02162016691107785,"CLDN5":-0.21955979588629979,"CCR1":2.355662390331561,"DAAM1":-3.6126999516475653,"RSU1":-0.7172354712258175,"GP1BA":0.26076389111450027,"ICAM2":4.423984396183286,"GP5":-0.4457710754073297,"CAVIN2":0.7008240041081729,"RHOC":-0.4511210882659641,"CMIP":0.40031574738420256,"PEPD":-1.788703562931972,"NRGN":-1.556745001080252,"VSIG2":0.0,"MTSS1":0.007617517758863979,"FERMT3":-0.18850408058183235,"LIMS1":1.077807651021277,"RAC1":0.261928622075728,"HGS":-0.4000089188896549,"DIAPH1":-1.4098422139944855,"SLC9A9":-0.32299193607105786,"LGALSL":-0.7001508951127718,"PECAM1":0.014290226615576612,"VCL":-0.5214790719296997,"MMRN1":-0.4868748869433082,"ILK":0.20339872062646763,"FHOD1":-1.4005126533064578,"ELOVL7":-1.0204206940923741,"RGS10":-2.280609255979871,"RAB27B":0.3976012682540303,"RHOA":-0.33373037894749846,"CAMK1D":1.545359707990022,"DAB2":-0.03399214605583416}},"Mutation FLT3 ITD":{"min":-10.0,"max":10.0,"top_text":"High FLT3 ITD Correlation","bottom_text":"Low FLT3 ITD Correlation","map":{"GP1BA":0.1260482654742483,"VSIG2":0.0,"CAVIN2":-0.11169419006470875,"CLDN5":-0.0022968737690059996,"MPIG6B":-0.17579995564453985,"SLC9A3R2":0.8563906174926763,"ARHGEF12":-2.231307444387695,"CAMK1D":3.144360171064258,"SLC9A9":-0.766600739965213,"GP5":-0.6559081002092733,"MTSS1":-1.2418276182006225,"RAB27B":0.1408326419199698,"CYFIP1":0.6755100902736236,"IL15":0.0,"SELP":-0.2282162348648115,"HGS":-1.8305867382046899,"PARVB":0.14888920429722152,"IFITM3":-0.14588995902265972,"ELOVL7":0.09318249219673269,"CASS4":0.17403820370860995,"FERMT3":0.4042911705528972,"MMRN1":0.3295963287594584,"RTN1":0.5866907646682804,"HPSE":0.16017948838396787,"CMIP":-0.21597936271448648,"NRGN":-1.1036859479746837,"GP1BB":0.0012369971311391825,"SLC2A3":-1.2745029395136995,"TREML1":0.32268656571026744,"INF2":5.4576115652650685,"LIMS1":0.18713323869344986,"PEPD":-0.36802729489221886,"RHOA":-0.011046250728907378,"RGS10":0.8527996691465135,"PECAM1":-0.49830028481706506,"CCL5":-0.40700579130710757,"ILK":-0.2191117048266166,"CCR1":0.3984972074706011,"DIAPH1":-1.3683314088742755,"VCL":-1.2575632019220189,"FHOD1":-1.2425679608712066,"FYN":-0.2779477243807064,"RSU1":-0.6892590846222271,"DAAM1":-1.404593054631743,"LGALSL":0.05795447719415776,"RHOC":0.05786467929368491,"ICAM2":2.380790857305549,"DAB2":4.693804042256765,"RAC1":0.39423917232674444,"STK24":-2.115886087355607,"CMTM5":-0.7229679094600507}},"NPM1 Subtype":{"min":-37.0,"max":37.0,"top_text":"Committed NPM1 Subtype","bottom_text":"Primative NPM1 Subtype","map":{"HPSE":3.526691839874676,"DAAM1":0.8271954882825051,"SELP":2.657949496817005,"FERMT3":6.472240457132888,"CLDN5":0.583006677820141,"FHOD1":0.3775654282890375,"IFITM3":0.155031144476856,"GP1BB":1.9999731736943678,"MTSS1":6.054960662977952,"VCL":5.482420258449412,"MMRN1":1.6933402292896376,"INF2":-0.1090402557876407,"RAC1":5.536671426265789,"RHOA":12.593986436210397,