{"Mutation NPM1":{"min":-30.0,"max":30.0,"top_text":"High NPM1 Correlation","bottom_text":"Low NPM1 Correlation","map":{"PEAR1":-0.23925990536076686,"NPR3":-7.180154655520966,"LZTS2":1.3154120365349125,"ABLIM1":-4.750885967202861,"GNAI1":-6.400885564179547,"TAOK3":2.196499830448662,"PICK1":1.2845509902952938,"PPP1R16B":0.0,"DAPK3":-0.8753865919687703,"TGFB1I1":-1.24092476031421,"ITGB3":0.3102989462104769,"CD200":-11.863731593143601,"DBN1":0.5557587363030468,"VAV3":1.8824974221787796,"DNMT3B":0.1408634972499533,"RBPMS":-1.630475811984967,"TARDBP":0.8606505945935354,"PROM1":-10.409820145451436,"FHL1":-0.7220277082992055,"CAVIN1":-0.1703478556691099,"ESAM":-0.8205722787407046,"RBFOX2":0.0,"GRAP":-0.07317772931804632,"KCNA5":0.0,"BCAT1":-4.187343170519186,"KIT":-4.747530931416894,"CD34":-13.808069773491024,"TRAF6":0.34286158086840657,"BICD1":-1.0093146549737992,"MAGED4":0.0,"SLC9A7":-0.02483970057100635,"MAGED4B":0.0,"LRBA":-1.5160152653669894,"ITGA9":-8.71100572962661,"NR2C2":-0.02538607330339903,"CMTM5":0.36235588999678947,"NRIP1":-1.9306068796944407,"FHL2":-1.2374270147544288,"EGFL7":-1.6267333782382714,"CD109":-3.45574492352458,"PLEKHG2":-3.0580020317124204,"TRIM47":-3.0152327261633864,"CALCRL":0.0,"TCF7L2":0.010940881704120858,"SPARC":-1.8839029280894943,"MN1":0.0,"ADGRG1":-0.19713805107514615,"EPB41L2":-0.1865481657186139,"NCOA7":-11.789418369141812,"RHOXF2":0.0,"MMRN1":-0.4868748869433082}},"Mutation FLT3 ITD":{"min":-10.0,"max":10.0,"top_text":"High FLT3 ITD Correlation","bottom_text":"Low FLT3 ITD Correlation","map":{"ADGRG1":3.786812349328231,"FHL1":0.5544204169040354,"CALCRL":0.0,"ITGA9":-2.923591809535469,"SLC9A7":1.1059897127887763,"TRIM47":-1.2736342647851882,"CMTM5":-0.7229679094600507,"ITGB3":0.010531068992007205,"TAOK3":0.7559703535827192,"GRAP":0.020608221097389415,"MN1":0.0,"MMRN1":0.3295963287594584,"CD34":-3.16939560889094,"PLEKHG2":-1.1720045901752218,"TCF7L2":0.20591968710740816,"CAVIN1":0.2599485419733589,"EPB41L2":0.4452463938779254,"PPP1R16B":0.0,"DAPK3":-0.3384645789707067,"EGFL7":0.44148943673408275,"SPARC":-0.5311323271946203,"RBFOX2":0.0,"GNAI1":-2.197417666078046,"RBPMS":0.19756506078779912,"VAV3":4.021554998899047,"DNMT3B":1.6860590429637907,"TRAF6":-0.5717655484971595,"KCNA5":0.0,"PICK1":2.235336716584041,"MAGED4B":0.0,"BICD1":-0.609880845430396,"PEAR1":0.07533396514102547,"LZTS2":0.9946666830492488,"CD109":-0.3562409038615358,"NR2C2":-0.07142975049210988,"BCAT1":-0.18120114987418912,"RHOXF2":0.0,"NCOA7":-3.560588767908339,"MAGED4":0.0,"TARDBP":-0.10293793747628331,"LRBA":0.12488051804770521,"DBN1":0.841203168333625,"ABLIM1":-2.6870163111406544,"NPR3":-1.2765964021268996,"TGFB1I1":-0.7679974781271371,"CD200":-0.715102343221767,"NRIP1":-1.1674764188170512,"KIT":-1.8875747622894508,"FHL2":-2.5394779616126266,"ESAM":0.3946168156214917,"PROM1":-2.619598837161547}},"Blast Percent":{"min":-11.0,"max":11.0,"top_text":"High Blast Percent Correlation","bottom_text":"Low Blast Percent Correlation","map":{"BICD1":-0.09275965136600803,"PICK1":-2.8628924084265277,"TARDBP":3.187912959800039,"KCNA5":0.0,"VAV3":0.30262959331337436,"CD109":-1.3982015187651995,"ABLIM1":-4.520000208033542,"ESAM":-2.7743280261541354,"TRIM47":-0.3223382660867264,"DAPK3":1.211081371237452,"ADGRG1":-0.7374618365239408,"DBN1":1.1903615415489683,"FHL2":-3.3663773070169585,"PROM1":-0.41923023733807796,"EGFL7":-0.35387030073464576,"TRAF6":-1.9442807383659093,"PPP1R16B":0.0,"CMTM5":-4.147935512850159,"EPB41L2":-1.1333484064570543,"SLC9A7":0.2983068569468059,"NR2C2":3.9928062806929483,"PEAR1":-2.5582777960372987,"RBPMS":-1.0343032911036156,"SPARC":-1.7576199329436157,"MAGED4B":0.0,"DNMT3B":-0.21460569327911647,"TAOK3":-0.33845404344402424,"CD34":-0.011406656620854348,"LRBA":-2.2676852663450657,"NPR3":-0.24730465601101204,"NCOA7":-0.7951784116226701,"ITGB3":-5.4856001154020015,"BCAT1":-0.17577199461330154,"RHOXF2":0.0,"GNAI1":-0.8048369684166695,"KIT":0.018288227089936895,"CD200":0.1534737911014245,"ITGA9":0.18179159318534624,"FHL1":-0.21405076228632722,"MN1":0.0,"TCF7L2":-0.6440417536415258,"NRIP1":-0.8055271487823402,"PLEKHG2":-0.2612857047971731,"LZTS2":1.337638644816477,"GRAP":2.451963815016807,"CALCRL":0.0,"MAGED4":0.0,"CAVIN1":-2.638990226173233,"MMRN1":-5.271229666471841,"RBFOX2":0.0,"TGFB1I1":-2.38942350796832}},"MuSiC CD14 Mono":{"min":-50.0,"max":50.0,"top_text":"High CD14 Mono Correlation","bottom_text":"Low CD14 Mono Correlation","map":{"RBPMS":-1.6256014180388845,"CAVIN1":-0.16739872060439207,"VAV3":-0.2642234671264003,"MAGED4B":0.0,"RBFOX2":0.0,"LRBA":-3.568338420016155,"TAOK3":0.35090992291540696,"TCF7L2":3.064952714963241,"ADGRG1":-1.711332877252825,"SLC9A7":-5.091489748509935,"PEAR1":0.9266451740866749,"ITGA9":-3.1612373882432805,"CD200":-3.3495297097021983,"FHL2":0.03261943572126782,"DBN1":-8.207365535337079,"DNMT3B":-5.7236339509675895,"BCAT1":-3.4427302256361623,"MMRN1":1.2523031494729557,"NCOA7":-2.305681242230611,"NRIP1":-0.31625278396684664,"EGFL7":-5.615214043935999,"MAGED4":0.0,"PPP1R16B":0.0,"KIT":-7.049220166274433,"PROM1":-1.6480086491297004,"ABLIM1":-0.27824466028749284,"CALCRL":0.0,"EPB41L2":1.9440705371783173,"PLEKHG2":-0.6507149857022478,"CD34":-4.760270017298782,"ESAM":0.31361086470874394,"MN1":0.0,"SPARC":0.4154760923970374,"TGFB1I1":0.28516480657525234,"BICD1":-6.353705941070084,"PICK1":0.9183883551047662,"RHOXF2":0.0,"NR2C2":-7.433160800008668,"ITGB3":2.180531302343359,"DAPK3":-3.8690904417598957,"NPR3":-2.8354098524564355,"LZTS2":-3.344158715995544,"GRAP":-4.580921614690742,"TRAF6":2.6388893798519937,"KCNA5":0.0,"GNAI1":0.2008883209667662,"TARDBP":-4.245821268526845,"FHL1":-0.8344492139113335,"TRIM47":-1.269670259422957,"CD109":-0.15819561122869008,"CMTM5":1.0801401587960262}},"NPM1 Subtype":{"min":-37.0,"max":37.0,"top_text":"Committed NPM1 Subtype","bottom_text":"Primative NPM1 Subtype","map":{"DAPK3":-2.657729986383368,"FHL1":-1.184646289726293,"TGFB1I1":0.6495774682045236,"CD200":-2.744530972107426,"NR2C2":-6.800203977726264,"MMRN1":1.6933402292896376,"TCF7L2":2.534854618883829,"LRBA":-3.080778536731013,"TRIM47":-1.2222186534102608,"TRAF6":3.795976165863826,"MAGED4":0.0,"BICD1":-4.206996495731999,"MN1":0.0,"ITGB3":2.3418651981505696,"ITGA9":-2.927804001142636,"CD34":-3.506080749711841,"NCOA7":-1.5053042683046105,"CMTM5":1.0290616804604809,"KIT":-6.606645542800183,"PLEKHG2":-0.7283921025242824,"PEAR1":0.6017406339048901,"TAOK3":-0.8826488933709854,"NPR3":-2.4154257196568354,"RBPMS":-2.747764738430234,"CAVIN1":-1.1801171280871978,"FHL2":-0.38376845429067263,"SPARC":0.5506218981783737,"CD109":-0.4389735270475904,"DBN1":-6.4113959349357135,"RHOXF2":0.0,"DNMT3B":-7.406540828493902,"PROM1":-1.7069346991872707,"RBFOX2":0.0,"TARDBP":-4.289276304978648,"SLC9A7":-3.996891376979274,"EGFL7":-5.427311479546799,"NRIP1":-0.6047474898966902,"CALCRL":0.0,"ADGRG1":-3.914603580705672,"ESAM":0.4389205140182388,"PPP1R16B":0.0,"EPB41L2":1.5268073173821108,"GNAI1":-0.4940437438642349,"ABLIM1":-0.8698095707874564,"BCAT1":-3.628737842102972,"LZTS2":-4.543920630820445,"MAGED4B":0.0,"KCNA5":0.0,"GRAP":-3.2597923847163464,"PICK1":0.11219721993947208,"VAV3":-0.775921223752538}},"Overall Survival":{"min":-6.0,"max":6.0,"top_text":"High Survival Correlation","bottom_text":"Low Survival Correlation","map":{"TGFB1I1":-0.006379110176032574,"MAGED4B":0.0,"DAPK3":-1.6382217458820605,"NR2C2":0.15160242118184747,"ITGB3":1.2336487670993077,"MN1":0.0,"TCF7L2":-0.06578743234579446,"NCOA7":-0.25805306003265455,"CALCRL":0.0,"ABLIM1":-0.4051571439351852,"TAOK3":-0.4581570963385391,"SLC9A7":-0.29825296003172713,"SPARC":0.6383977073932194,"DBN1":-0.5178524727504311,"MMRN1":1.5479582482152037,"CD34":-0.034974147701158045,"PLEKHG2":0.24972446044867377,"FHL1":0.4093691890217075,"VAV3":-1.4918846659853167,"KIT":0.09060530517058388,"EPB41L2":0.3279870807106132,"MAGED4":0.0,"CAVIN1":-0.30506740973807167,"BCAT1":-1.3933442694805156,"RBPMS":-1.411774503628095,"BICD1":-0.3011309611629979,"GNAI1":-0.3953651227171793,"GRAP":-0.19746794766991407,"NRIP1":-1.7294123732063185,