{"NPM1 Subtype":{"min":-37.0,"max":37.0,"top_text":"Committed NPM1 Subtype","bottom_text":"Primative NPM1 Subtype","map":{"PPIL4":-5.3985836579185245,"NSRP1":-1.4404056275932224,"RBM25":-3.139056372245053,"FBXO25":0.0,"SNW1":-4.426096350846632,"PRPF4B":-5.391258595496522,"MFAP1":-9.272654222988958,"RBM39":-2.2185492597297984,"FAM76B":-4.422422063929815,"LRCH3":-0.2703981721518085,"ANKRD50":-1.0394998179589805,"CDK11B":-3.9604404161304956,"TRDMT1":0.23439917077481676,"PPP1R12A":7.52640803160813,"NPIPB11":0.0,"MT-ND5":-0.3639133374628645,"ZNF638":-7.936781742562216,"ZC3H4":-5.391231907751379,"PRRC2A":-7.356325399776876,"NUDT21":-6.952119960769605,"WDR82":-1.3406646888021063,"THRAP3":-11.60633783958746,"DDX42":-9.421725292725718,"ELAVL1":-6.429291030859147,"MT-ND6":0.0,"YLPM1":-10.687924278915172,"FIP1L1":-11.9378887591368,"ANKUB1":0.0,"PKD2L2":0.0,"C11orf98":-2.362947414073086,"CLMP":0.0,"NONO":-8.776938089453266,"ECT2L":0.0,"CDK12":-4.316557181955826,"MT-ND2":0.0,"SART1":-4.674350560254703,"PPP1R10":-6.763043388550048,"YY1":-2.61413909744744,"RBM15B":-8.857056480090973,"ZFC3H1":-5.223964209740183,"BRD4":-4.638999711906336,"CDK9":-4.852518953926135,"CPSF6":-10.86557905845476,"TOX4":-3.06549635931432,"PHF3":-10.535609558550146,"C1orf35":-1.9328769699788952,"TMEM119":0.0,"ANKRD28":-5.433814270765263,"CPSF7":-5.637737551148636,"ALDOB":0.0,"SNRNP70":-8.614781223729564}},"Mutation NPM1":{"min":-30.0,"max":30.0,"top_text":"High NPM1 Correlation","bottom_text":"Low NPM1 Correlation","map":{"WDR82":2.051825701349562,"ANKRD28":-0.1767253812213667,"C1orf35":0.22398843218230235,"ZC3H4":1.0729714334999474,"YLPM1":1.1389748274698623,"LRCH3":1.4683936843701704,"THRAP3":0.7857285147904123,"PHF3":-0.1830491710438191,"BRD4":-1.0693798516051412,"FIP1L1":1.9420809090344082,"SART1":-2.1650622593949156,"ZNF638":3.2457708215423207,"FAM76B":-0.6162428580103927,"CDK12":3.0438190176650255,"CPSF6":2.072578217767194,"CPSF7":0.8003326671146878,"SNW1":2.8923092369539583,"DDX42":1.7786109176810416,"CLMP":0.0,"PPP1R12A":-1.8323008715403553,"FBXO25":0.0,"NPIPB11":0.0,"ECT2L":0.0,"ANKRD50":-0.5465578329512021,"NSRP1":0.6862280133681777,"C11orf98":-6.229086122710784,"NUDT21":0.5287413408486076,"PPIL4":-0.8514290793940347,"TOX4":2.0708788009260646,"PKD2L2":0.0,"PPP1R10":1.2004047586420037,"MT-ND2":0.0,"RBM25":1.9412976355282492,"NONO":0.8058269801636946,"PRPF4B":1.986065356311129,"TMEM119":0.0,"CDK11B":-0.23447243919267818,"MT-ND6":0.0,"RBM15B":1.1974717179382068,"MFAP1":1.7091483187003957,"MT-ND5":-0.21194483551203452,"YY1":-0.042156714907525754,"ZFC3H1":2.1057140042806934,"PRRC2A":-2.6486381104391308,"RBM39":2.4160233232294743,"ANKUB1":0.0,"SNRNP70":0.7777283309175462,"CDK9":-0.3218842963640235,"TRDMT1":0.07026301226439871,"ELAVL1":0.2530478366993009,"ALDOB":0.0}},"Mutation FLT3 ITD":{"min":-10.0,"max":10.0,"top_text":"High FLT3 ITD Correlation","bottom_text":"Low FLT3 ITD Correlation","map":{"ZC3H4":-0.209756313867547,"YY1":-0.10950975674698453,"WDR82":0.6268840927248962,"BRD4":0.18355071889476207,"NPIPB11":0.0,"ANKRD28":-0.2154213438881941,"CDK9":-1.1032535503344219,"PKD2L2":0.0,"PRRC2A":-0.8477520804900229,"MT-ND5":0.3940698046947303,"NUDT21":0.6337412359782242,"C1orf35":0.19015894068786732,"TMEM119":0.0,"MT-ND6":0.0,"PPP1R10":1.1615657923269254,"CPSF6":1.3403323997702046,"PPP1R12A":-3.0388652432068,"FAM76B":-0.5178893879322344,"PRPF4B":1.1732536587015312,"SNRNP70":0.17394919618031818,"ELAVL1":0.5913233331491544,"SART1":-0.9713503719197278,"ECT2L":0.0,"CPSF7":-0.03220905769987933,"MFAP1":0.7059660165390067,"ALDOB":0.0,"TOX4":2.295480438559188,"RBM39":0.45927342452880515,"LRCH3":0.2638960862255101,"CLMP":0.0,"THRAP3":0.8283870419914378,"YLPM1":0.7971847480772121,"RBM25":0.85211611687584,"ANKUB1":0.0,"C11orf98":-1.2151276091904872,"TRDMT1":0.03868622299620941,"ZFC3H1":2.7038717382987887,"ZNF638":1.5902742190416583,"SNW1":1.1276347081335696,"NSRP1":0.04402300067484267,"RBM15B":-0.3342944852675218,"FBXO25":0.0,"DDX42":1.3780522518063538,"FIP1L1":2.1757539708833122,"PPIL4":-0.9075298355573185,"MT-ND2":0.0,"ANKRD50":-0.6763342234183568,"NONO":0.43918524958309096,"PHF3":0.4354393681810527,"CDK12":2.3639477076488755,"CDK11B":-0.34764693093443894}},"Overall Survival":{"min":-6.0,"max":6.0,"top_text":"High Survival Correlation","bottom_text":"Low Survival Correlation","map":{"FAM76B":0.1371568641385681,"ANKRD28":-2.5994379702287493,"C1orf35":0.0032914091377013606,"FIP1L1":-1.5194548072438245,"PPP1R12A":-0.32910457202160265,"TRDMT1":-0.04442118059149041,"SNRNP70":-1.4833865658861327,"BRD4":-0.7188798649332288,"NONO":-1.2777073178899991,"RBM25":-0.8133498246216017,"CPSF7":-0.8996646462696223,"PRPF4B":-0.7428818393053773,"PRRC2A":-0.29370802712086813,"ECT2L":0.0,"MT-ND2":0.0,"CDK11B":-0.43411233883164757,"CLMP":0.0,"NUDT21":-1.116379713927013,"SART1":0.6174843765513072,"YY1":-0.08483119471032227,"DDX42":-0.5923175549051645,"LRCH3":0.21469646932351072,"THRAP3":-0.8343177302032364,"ELAVL1":-1.1786608147175661,"MT-ND5":0.08304888240271723,"PKD2L2":0.0,"YLPM1":-0.9832477647869127,"CDK9":0.06336165780662453,"PPIL4":-0.269358841670352,"SNW1":-0.2436491751032581,"ZC3H4":-0.21306415088845523,"FBXO25":0.0,"CPSF6":-1.0282833360890327,"C11orf98":0.09840065362451837,"TMEM119":0.0,"MFAP1":-0.5458868460758597,"CDK12":-0.520910087859518,"PPP1R10":-0.9601801989633612,"ANKUB1":0.0,"ZFC3H1":0.15001190514309304,"RBM39":-0.27419244983560614,"TOX4":-0.06842091310736939,"ZNF638":-0.34063941877868564,"WDR82":-0.08611832014264577,"NPIPB11":0.0,"RBM15B":-0.2995976371527079,"ALDOB":0.0,"PHF3":0.23228696044469027,"MT-ND6":0.0,"NSRP1":-0.0551283089294272,"ANKRD50":-0.904021372114105}},"Blast Percent":{"min":-11.0,"max":11.0,"top_text":"High Blast Percent Correlation","bottom_text":"Low Blast Percent Correlation","map":{"TOX4":4.534430564238444,"CPSF7":5.93324468723738,"PKD2L2":0.0,"NONO":5.189981008271852,"ANKUB1":0.0,"FBXO25":0.0,"PPP1R10":7.437196904817182,"ANKRD28":0.7820646639517529,"YLPM1":4.881595689449425,"FAM76B":3.39274361264266,"THRAP3":5.912059964902058,"NPIPB11":0.0,"C1orf35":0.44230294699574213,"RBM25":4.389310156690622,"CDK12":2.4272758271652712,"TRDMT1":-0.10910414850285974,"SNW1":5.74638533385228,"ECT2L":0.0,"PRRC2A":-0.3124382299741674,"CPSF6":6.10010885396347,"PRPF4B":7.126469788032142,"NSRP1":5.34774145532474,"ANKRD50":0.8465595367682801,"TMEM119":0.0,"MT-ND2":0.0,"PPP1R12A":-2.390647790736949,"C11orf98":0.41657618653396333,"SART1":3.2596529437535384,"MFAP1":5.992992386123438,"ZFC3H1":3.263755475966285,"RBM15B":9.214321016474996,"MT-ND5":-0.5685380749919262,"NUDT21":3.3409502473441526,"WDR82":4.1669123344283,"DDX42":7.467351154063203,"FIP1L1":5.233542986970885,"CDK11B":3.2715647682993834,"RBM39":5.153928314461009,"PHF3":4.69491194398458,"ELAVL1":5.4261742330537475,"ZC3H4":5.9960552052220475,"CLMP":0.0,"YY1":3.2149074007067724,"SNRNP70":6.612830368714271,"CDK9":2.7968970447517005,"BRD4":1.288643145429348,"ALDOB":0.0,"PPIL4":5.766661008599944,"MT-ND6":0.0,"ZNF638":3.6622998280564723,"LRCH3":3.299749257813923}},"MuSiC CD14 Mono":{"min":-50.0,"max":50.0,"top_text":"High CD14 Mono Correlation","bottom_text":"Low CD14 Mono Correlation","map":{"ALDOB":0.0,"THRAP3":-13.39729185981493,"YLPM1":-14.303236149967566,"RBM15B":-10.701788052425215,"PHF3":-12.961577679336992,"ECT2L":0.0,"PPP1R10":-9.010933930889156,"NPIPB11":0.0,"FAM76B":-7.479118212554047,"ZNF638":-6.256880027876142,"LRCH3":-0.2569954215906594,"FIP1L1":-11.432717142603371,"NUDT21":-5.878774481909421,"PKD2L2":0.0,"ELAVL1":-5.795188363841036,"C1orf35":-1.936702286247917,"ANKUB1":0.0,"TOX4":-2.466381743824954,"MT-ND5":-0.3638831768998565,"NSRP1":-3.387539636266892,"ZC3H4":-7.541036529902102,"MFAP1":-10.960544020458233,"CLMP":0.0,"SNRNP70":-13.124917924756467,"TMEM119":0.0,"PRPF4B":-5.5020176843031114,"CDK12":-4.4010864399356775,"CDK11B":-7.235472136057355,"CPSF7":-6.589230050288265,"SART1":-5.624934487921993,"PPP1R12A":5.826127903819495,"ZFC3H1":-6.4348717066562475,"RBM25":-3.8854164654378045,"NONO":-9.654966241273916,"PPIL4":-8.423067659710716,