{"Blast Percent":{"min":-11.0,"max":11.0,"top_text":"High Blast Percent Correlation","bottom_text":"Low Blast Percent Correlation","map":{"RPS18":0.06503086571166407,"XRCC6":6.883140844952099,"RPL4":1.0571351985337578,"EEF1B2":-0.9034831359435853,"RPS24":-0.21421447108338434,"RPL15":1.3391871510022568,"PABPC1":-1.8914257017393472,"RPS21":0.22827499753857128,"RPS25":-0.3284359393364456,"RPL27A":-0.06584064583105102,"RPLP0":-0.04584224920597317,"NAP1L1":-0.453522556047383,"RPL6":0.43820290237882087,"HSPA8":-1.2026813871568238,"NCL":3.9478264340707936,"SMS":0.12447574561697045,"CAND1":-0.22250843543020635,"RPS7":-0.4376611815719814,"EIF4B":-1.9485170234957006,"RPS8":-0.4706099995325852,"HNRNPA1":2.296961443750863,"RPLP2":-0.12156194253841612,"RPL13A":-0.630801331705385,"RPS3A":-0.8064195886836895,"G3BP1":2.6976147958316554,"RPL5":-0.5119510400575571,"SERBP1":-0.8653715114081116,"RPL7":-0.010733244397409584,"RPL19":0.8223398554380065,"YWHAQ":0.4517947544020236,"HSP90AA1":-0.26605461016165755,"EIF3D":-0.6266987548373357,"HNRNPK":6.21712012705405,"CCT7":-0.16053739046580848,"CCT5":-0.5179480396568318,"PSMD14":-1.8090078932428866,"RPL23A":-0.2773422748435967,"NPM1":2.0044213784871614,"RPL24":-0.28347127928555255,"PRDX6":-0.39006592865692596,"NUDCD2":-0.05163386068558452,"RPS6":-0.8534169068407181,"YWHAE":0.12413977051627836,"PRMT5":-0.37224185652481384,"FXR1":5.603267652794936,"EEF1A1":-1.1310637948748319,"RPS3":0.8844396978644669,"RPL22":0.412963354840414,"EIF3E":-0.8470790559095668,"RPL11":0.15757727335512622,"RPL14":-0.48971469316017774}},"MuSiC CD14 Mono":{"min":-50.0,"max":50.0,"top_text":"High CD14 Mono Correlation","bottom_text":"Low CD14 Mono Correlation","map":{"XRCC6":-13.768965966431818,"CCT5":-0.7013417170164383,"EIF4B":-1.7763458919694184,"RPL5":-1.0674269207591973,"RPLP0":-0.9407175967597816,"RPLP2":-1.3899107352158273,"SMS":-2.9000311846650164,"FXR1":-5.1350233429049394,"NUDCD2":-2.514460672252489,"RPS7":-1.7320790203311454,"RPL22":-1.463007072043858,"YWHAQ":-3.2745416146455733,"RPS6":-0.3158886071888914,"RPS8":-0.08142716620199128,"NPM1":-17.855123193602328,"RPS18":-0.6154075245123888,"HNRNPA1":-2.61077905937356,"RPS21":-0.2148015157898294,"HSP90AA1":-1.4447769369335224,"RPL13A":-1.5480941591333535,"CAND1":-1.5314979986477768,"RPL27A":-1.965436392244121,"EEF1B2":0.7873745390871904,"G3BP1":-5.008832862582803,"RPL6":-2.9163019759314155,"NAP1L1":0.008383399241541425,"NCL":-12.843596072627255,"RPS3":-1.365415352145276,"RPL15":-1.4786591481210392,"PRMT5":-1.1208584216510455,"PSMD14":1.4541129719867671,"RPS24":-1.1435654983412489,"RPL11":-0.393708227839276,"HNRNPK":-7.103179998141122,"HSPA8":0.21490910916296246,"EEF1A1":2.488939444481099,"RPL4":-1.6443148504195038,"RPL7":-0.15871014344008785,"PABPC1":0.25614577207126155,"RPL24":-0.3955856614832167,"EIF3E":0.7722224622531306,"RPS3A":0.07206333205185576,"RPL14":0.052346234662190835,"RPL19":-1.8504831380635396,"RPL23A":-2.2445821911905264,"RPS25":-0.17752574608722704,"CCT7":-0.26285282457937953,"YWHAE":-0.16466344982753647,"EIF3D":1.54237616767531,"PRDX6":-1.6382457009983484,"SERBP1":-6.54426641769853}},"NPM1 Subtype":{"min":-37.0,"max":37.0,"top_text":"Committed NPM1 Subtype","bottom_text":"Primative NPM1 Subtype","map":{"NCL":-10.484051939043448,"EEF1B2":0.4413371635863573,"FXR1":-5.124068132851216,"RPL15":-0.9155258596943495,"RPL27A":-1.4295143932781587,"RPL22":-0.21705746642491872,"EEF1A1":2.1004485086548934,"NPM1":-13.438152303775192,"RPS8":0.14476340699783075,"RPS3A":-0.09074216102309353,"RPL5":-0.8511400931432301,"RPL14":0.030502565336348993,"RPS25":-0.14594576212123866,"RPL6":-1.4978334532636006,"HSPA8":-0.2149080663792353,"NAP1L1":0.10519319688836364,"HSP90AA1":-0.84375389413137,"EIF3D":1.3665667409255537,"CCT7":-0.0875669214913264,"RPL11":-0.05061936819540557,"PSMD14":0.2422766170007199,"HNRNPA1":-2.4873227205118997,"RPL24":-0.35032874890404864,"RPS7":-0.8103057098037804,"SMS":-2.3374113303663147,"RPL4":-1.52888610886292,"RPL23A":-1.3483789168400075,"PRDX6":-2.2899369346585337,"YWHAQ":-2.5968300139111227,"RPL7":0.12003944000953468,"RPLP0":-0.7350553087960351,"RPL13A":-0.7167229614168447,"SERBP1":-4.06088889862184,"XRCC6":-13.367981289306929,"RPLP2":-0.9440252782650933,"HNRNPK":-7.046078815464744,"EIF3E":0.8232149788392812,"RPS3":-1.136624343790537,"CCT5":-0.4070265472198636,"YWHAE":-0.03670043455846413,"RPL19":-1.2166094036522974,"PRMT5":-1.153649995268762,"EIF4B":-0.6153121073658506,"G3BP1":-2.3607123613288277,"PABPC1":0.5634634771728644,"NUDCD2":-2.360856576331443,"RPS6":0.007810008892230348,"RPS21":-0.04744772811491176,"CAND1":-1.2909473816782353,"RPS24":-0.4246219115757527,"RPS18":-0.637258376623461}},"Mutation NPM1":{"min":-30.0,"max":30.0,"top_text":"High NPM1 Correlation","bottom_text":"Low NPM1 Correlation","map":{"RPS8":0.2416929718370745,"EIF3D":0.13013447232519892,"CAND1":-2.084174301256255,"RPL6":-0.47257343220890424,"CCT5":-1.82544866578662,"NUDCD2":-2.154475877445534,"RPL11":0.3992493362463557,"EIF3E":-1.7097645638703989,"HNRNPA1":3.7789321068814306,"NPM1":-10.934537178762957,"RPL4":-0.46807765306186916,"SERBP1":-6.525408604785954,"YWHAQ":-0.08347603060934672,"XRCC6":0.030032247945212753,"PSMD14":1.1580674389224166,"NCL":0.4885923460163716,"RPL27A":-0.25752935543351524,"RPS3A":-1.1844341097140627,"RPL22":-0.6058999102023154,"CCT7":-1.1839962270374662,"HNRNPK":1.2853741884054384,"YWHAE":0.024387365718097163,"RPL7":-1.1455877326516921,"FXR1":-0.14148894229712425,"PABPC1":-0.46758976898485516,"RPS3":-0.5375414271318218,"EIF4B":-8.866800182193957,"NAP1L1":-0.011848584133965232,"RPL5":-1.5183883371497005,"EEF1A1":0.1786372684644568,"RPS24":-0.6817485308661608,"RPS21":-0.3602331512222622,"RPL13A":-2.0801107017826985,"RPLP2":-0.8771636914805303,"RPS6":-1.2886536925634187,"HSPA8":-1.109637443395507,"RPS7":-3.263902807631704,"HSP90AA1":-0.017310282792451177,"PRMT5":-0.7218467358990457,"RPS18":-0.05199376882202117,"RPL19":-0.5955432359243552,"RPL23A":-4.384144118108442,"SMS":-0.6629035316537358,"EEF1B2":0.13263716898209785,"RPS25":-1.6410842026252916,"G3BP1":0.6858359635465129,"RPLP0":-0.5275330805234366,"RPL15":-0.16925504846216177,"PRDX6":-1.5419040626744187,"RPL14":-0.47963623102621833,"RPL24":0.3167443373160082}},"Overall Survival":{"min":-6.0,"max":6.0,"top_text":"High Survival Correlation","bottom_text":"Low Survival Correlation","map":{"RPL14":0.7911084458520994,"RPS18":0.7721425656623425,"RPL4":2.092187270185198,"RPS3":1.133818486089999,"NPM1":0.521776265381839,"RPL11":0.198027705609855,"RPL23A":0.2723748767967337,"EIF4B":-1.0077942350078506,"RPL24":1.0924361502411284,"SERBP1":1.1054910430520377,"RPS25":2.3826215555057737,"EIF3D":0.627555222163967,"EIF3E":0.7527780812184838,"PRDX6":-1.9691532862952235,"SMS":0.022373100207575696,"RPS7":0.51044872234886,"CCT7":0.5057893757741105,"RPLP0":0.8494169791671194,"PABPC1":0.5440924085831156,"FXR1":-0.7857631971807552,"RPS6":1.2495431582095673,"RPL22":1.98698396328412,"RPS8":2.581408544530062,"HNRNPK":-1.8017630560794289,"RPLP2":0.7847043528593942,"PRMT5":-1.4587397204801271,"YWHAE":-0.5509604084690057,"RPL19":0.6632204382620687,"HNRNPA1":0.11952428214768816,"YWHAQ":-0.09361815362891124,"CAND1":-1.0703811446593767,"RPS24":1.9472202157431464,"RPL13A":1.221767980202906,"RPL27A":0.9105800617289848,"RPS3A":2.570662488862337,"EEF1B2":-0.004701541793401612,"XRCC6":-1.1506252357315108,"RPL15":0.6028471004938082,"EEF1A1":0.40464788995917894,"RPL6":1.996785412891699,"G3BP1":0.12914425646045768,"HSPA8":-0.07295063683679716,"NAP1L1":0.3510698671210509,"HSP90AA1":-0.4395977594417577,"NUDCD2":0.01678533676360758,"RPS21":1.8640383366896658,"RPL7":2.32888681068011,"RPL5":1.9579412496562354,"NCL":-1.082691449791101,"CCT5":0.1448757032423096,"PSMD14":-0.16537730410760274}},"Mutation FLT3 ITD":{"min":-10.0,"max":10.0,"top_text":"High FLT3 ITD Correlation","bottom_text":"Low FLT3 ITD Correlation","map":{"RPS3":0.3923985561432172,"RPS18":1.060550907180567,"XRCC6":0.27268549802145015,"RPL19":-0.3213757510217503,"RPL4":0.6547763049276585,