{"NPM1 Subtype":{"min":-37.0,"max":37.0,"top_text":"Committed NPM1 Subtype","bottom_text":"Primative NPM1 Subtype","map":{"PPFIBP1":-2.5922829929360014,"PPCS":3.185370529765645,"DCTN1":2.586616806911027,"HEATR3":7.320277006080036,"PPA1":2.1190291681427738,"SLC35E2B":0.0,"RAB11B":5.585442620390565,"SDSL":-0.07677753681197269,"HOXA10":-0.28546537965259955,"AP1M1":14.869698530675981,"C1RL":-0.05824161471632537,"C16orf86":-4.522705434134297,"KDM4A":-1.4545776366185532,"STING1":0.8990932018490624,"G6PD":11.003393392123444,"GATD1":4.467110826826411,"HOXB4":0.2485819876138446,"TOM1L2":6.499784950646868,"CRYZL1":2.214003521969506,"FPGT":10.074808762148066,"IRAK4":8.744701064173896,"P4HTM":-0.36127322626479447,"PCBD1":-0.12452913709910038,"MFSD3":0.0,"P4HA1":-0.14716800810388309,"CARD9":7.24001965074688,"IGF2BP2":-0.36207987158779803,"CC2D1A":4.819759451811819,"SH3GLB2":1.447121563661022,"RAB10":9.377040575130113,"ILVBL":2.6341410502205536,"ACTR10":3.146554807783681,"LACTB":10.766741316260394,"SGPL1":2.927563857697708,"IDH1":5.216607427388055,"ENKD1":0.0,"ARHGAP4":2.715614006486543,"NUDT18":2.055124042231676,"EML2":13.344989183021832,"ARHGAP22":-3.4704096773805047,"EVI5L":9.556408065449903,"RNASEL":9.677537105193482,"PPP1R21":11.176693410664658,"PARP4":16.479883409180637,"TRADD":5.484736995919324,"C12orf4":7.702222199190196,"PHKB":8.845785606684426,"CCT4":-0.23818506034900683,"IRF3":3.339142357246347,"PCBP1":1.3990191828221321,"HOXA7":0.027047168076741495}},"Mutation FLT3 ITD":{"min":-10.0,"max":10.0,"top_text":"High FLT3 ITD Correlation","bottom_text":"Low FLT3 ITD Correlation","map":{"C12orf4":0.5907469246768633,"P4HTM":2.583298378201658,"IGF2BP2":5.272551908802557,"PPA1":1.580455988334028,"SLC35E2B":0.0,"RAB11B":-0.3230009901657059,"GATD1":0.6664182604226893,"PHKB":0.3083400728684578,"PCBD1":0.26571796338604015,"DCTN1":-0.5862023561817291,"KDM4A":0.3413164204014961,"PCBP1":0.04929099806153448,"HEATR3":3.3321904504738007,"P4HA1":1.2166590271956095,"LACTB":0.2227042461190962,"HOXA7":0.5650343899094912,"AP1M1":-0.06117188640815473,"ARHGAP4":0.23793450625243256,"ACTR10":0.07119208401455257,"FPGT":-0.2797695631802881,"IDH1":5.324394970632447,"PPP1R21":1.0897838414305776,"SGPL1":5.446481618667068,"SH3GLB2":-1.8412002494290889,"G6PD":0.9497012852317241,"IRAK4":1.0914193020281804,"STING1":2.6349911637495715,"PPFIBP1":1.8599791411906965,"HOXA10":2.1584638145132407,"PARP4":1.3373066621672738,"CRYZL1":1.413190711617555,"RAB10":0.16238001865145227,"HOXB4":7.8846854633909835,"ILVBL":0.8226685473149209,"SDSL":4.103854737421388,"TOM1L2":-0.16161377369759167,"IRF3":-0.22676189695755908,"CCT4":0.08114183036878843,"CARD9":4.506191028072352,"RNASEL":0.4223152628459823,"NUDT18":1.3498413636417963,"EVI5L":-0.12089804258284013,"MFSD3":0.0,"ARHGAP22":3.101138790012723,"PPCS":0.2867628578550184,"CC2D1A":-0.35118323106584076,"C16orf86":2.328583350603142,"EML2":0.05128840404752287,"ENKD1":0.0,"C1RL":0.7135583347067503,"TRADD":0.2473665404527802}},"Mutation NPM1":{"min":-30.0,"max":30.0,"top_text":"High NPM1 Correlation","bottom_text":"Low NPM1 Correlation","map":{"PHKB":3.035690395064647,"SGPL1":6.442437215348467,"CCT4":-1.2285003991115975,"CC2D1A":0.7437340509229596,"MFSD3":0.0,"IGF2BP2":15.75122842663032,"AP1M1":0.7886847934056125,"HOXB4":6.774517761639675,"ARHGAP4":-0.6203407684436311,"IRF3":0.14227423830336283,"ILVBL":2.3450965462198328,"ENKD1":0.0,"PPFIBP1":7.4358767034987725,"C16orf86":3.9015500858501584,"EVI5L":-0.14308085704774456,"KDM4A":4.219049217432837,"SDSL":11.240960834673466,"C1RL":3.880338548324352,"FPGT":0.5579859997582237,"TOM1L2":-0.10720231278919633,"PCBP1":2.769268815023043,"STING1":6.712034553619213,"IDH1":5.744188676703835,"LACTB":4.308141566313279,"HEATR3":9.168307708194192,"RNASEL":0.9100606762983308,"PARP4":5.563727254200283,"EML2":2.35353870240907,"P4HTM":7.725742378369777,"DCTN1":0.3978523496195466,"TRADD":1.8049525497582453,"HOXA7":5.297158268853569,"CRYZL1":3.7250548187958454,"G6PD":-0.9153711333982986,"P4HA1":7.764184526266747,"PPCS":1.4679458297882324,"GATD1":3.9879372849407724,"PPA1":11.483984760682988,"ARHGAP22":4.280301444278866,"PPP1R21":4.929778703710292,"NUDT18":6.1264618741958605,"C12orf4":5.121519509652959,"RAB10":-0.12471911885180761,"CARD9":12.569842198306707,"SLC35E2B":0.0,"SH3GLB2":-1.2631621343184778,"IRAK4":4.730883807025335,"RAB11B":-0.25440979511367456,"HOXA10":20.9338704786964,"ACTR10":0.5297525809936681,"PCBD1":-0.04980877561435394}},"Blast Percent":{"min":-11.0,"max":11.0,"top_text":"High Blast Percent Correlation","bottom_text":"Low Blast Percent Correlation","map":{"NUDT18":-0.7642055631848276,"IRF3":-0.2257971583362443,"TRADD":-0.054076475261669726,"SDSL":-1.016592730373371,"PHKB":-3.5384635947319047,"CC2D1A":-3.8549364591560447,"EML2":-3.1200324648755835,"P4HTM":0.9874762037385502,"DCTN1":-2.6441143119775092,"CARD9":-1.0541470041886243,"ARHGAP4":0.10000243799958387,"RNASEL":-1.2514887464385422,"KDM4A":5.055358719598814,"SGPL1":-0.14550869296959995,"CRYZL1":0.5549975961273659,"IGF2BP2":2.1299431435690366,"LACTB":0.09341300717082612,"P4HA1":0.5405399518688481,"ARHGAP22":-0.18242771566338767,"HOXA10":1.1015887703175535,"EVI5L":-4.358717853819473,"IDH1":-0.36763069031835854,"PCBD1":-2.382163131267581,"C16orf86":4.165367846572817,"PPA1":-1.1003408286475538,"FPGT":-4.691552117173355,"SLC35E2B":0.0,"C1RL":-0.3867935865349082,"HOXB4":0.8716717991220708,"HEATR3":-0.016817061601248833,"AP1M1":-2.79800687613278,"G6PD":-4.788689605862858,"PPP1R21":-2.1851850914451636,"SH3GLB2":-5.083307606536544,"IRAK4":-1.4846399484209731,"PPCS":-2.2687227549603777,"ILVBL":-0.6385837535030083,"RAB10":-4.569603688108176,"ENKD1":0.0,"GATD1":-0.427451627600588,"STING1":0.5818791324184751,"PPFIBP1":0.7421857244663651,"HOXA7":-0.6800356558599988,"C12orf4":-1.2471689424583823,"TOM1L2":-2.9282179650020876,"PARP4":-1.1065180099200356,"PCBP1":0.6491150949401623,"CCT4":-0.5334390025471932,"MFSD3":0.0,"RAB11B":-2.830272244131169,"ACTR10":-1.4041512632760713}},"Overall Survival":{"min":-6.0,"max":6.0,"top_text":"High Survival Correlation","bottom_text":"Low Survival Correlation","map":{"HEATR3":-0.16415992855220923,"SLC35E2B":0.0,"PCBD1":0.06494723260821905,"ARHGAP4":0.7256912695415095,"TRADD":-0.3380901500452151,"AP1M1":0.20217190593659445,"C1RL":-1.97803557276726,"G6PD":-0.08875325335085638,"HOXA7":0.6812860478023222,"CARD9":0.03963465160010186,"ARHGAP22":-1.0593937702841276,"KDM4A":0.031087347744421404,"SH3GLB2":-0.16726890944437844,"CCT4":0.09895864500824407,"PARP4":0.14716687031353728,"TOM1L2":0.4354916890325462,"EML2":0.20459914404404675,"SDSL":0.4272485111482269,"LACTB":0.3258590816716358,"C16orf86":-0.08886652746385469,"DCTN1":0.3831874732093503,"NUDT18":-0.3249988959354875,"IRF3":0.2953396224745949,"IGF2BP2":-0.7156433064950268,"SGPL1":0.046706269273336466,"HOXB4":-0.02186243254013058,"GATD1":0.16862318817562913,"PPCS":-1.3403061537794512,"PPA1":-1.102745083599656,"PPFIBP1":-0.5593729954144518,"FPGT":0.3090803901469987,"PPP1R21":-0.3920708046906941,"CC2D1A":0.36582773492359993,"ILVBL":0.19917996826717443,"P4HA1":-0.6089380404229546,"PHKB":-0.2368639293255753,"EVI5L":-0.15891656768526724,"ENKD1":0.0,"RNASEL":1.1342349105960707,"IDH1":0.24358984711048418,"ACTR10":0.31275085834329674,"CRYZL1":0.7090931798545618,"IRAK4":-0.027005005717025035,"C12orf4":-0.7726884262328848,"MFSD3":0.0,"HOXA10":-0.45467185260040016,"PCBP1":0.2216954769504696,"STING1":0.24065509468991034,"RAB11B":0.15056546594025075,"RAB10":1.2008059883031093,"P4HTM":-0.5614704337937865}},"MuSiC CD14 Mono":{"min":-50.0,"max":50.0,"top_text":"High CD14 Mono Correlation","bottom_text":"Low CD14 Mono Correlation","map":{"HEATR3":7.5611672115175725,"C12orf4":6.182065791631972,"KDM4A":-1.2010030896855883,"EML2":18.056424975664633,"ARHGAP22":-1.2259059423543772,"ENKD1":0.0,"GATD1":5.124339043901065,"SLC35E2B":0.0,"P4HTM":-0.42845882408699465,"HOXA10":0.16401058898499168,"ACTR10":6.590361442393421,"TRADD":8.49908129311183,"AP1M1":21.036598347992545,"SDSL":1.5842774496265832,"G6PD":17.20199494650412,