{"Mutation FLT3 ITD":{"min":-10.0,"max":10.0,"top_text":"High FLT3 ITD Correlation","bottom_text":"Low FLT3 ITD Correlation","map":{"EZH2":0.5942273705318001,"NUP205":1.4414510382606085,"GRSF1":-0.051105415437565256,"TOMM22":0.5098625370506714,"RAE1":1.6767189872419466,"GLE1":1.7504506832522113,"MCM3AP":1.0958261555037385,"H4C8":0.0,"EFTUD2":0.9191797055219539,"SUZ12":0.30468488467435095,"GTF3C3":1.2473955418173996,"NUP214":1.8127581662944896,"NUP54":0.0807229231177568,"PHB2":-0.3988876758579072,"NUP133":0.9460179522159814,"NUP88":1.8918528060214128,"INTS4":2.003929623132366,"RANBP2":2.2061608669910555,"SENP3":-0.1233530529343833,"AAAS":0.21807033388352584,"NUP58":-0.6173851624844335,"NUP188":-0.4995158229205186,"VIRMA":1.7875022321328813,"NDC1":-0.041183744214949775,"NUP35":0.5023021135268527,"NUP155":0.021062656054574292,"POLDIP2":1.3509714994528998,"NUP93":1.2511825722324135,"NUP107":-0.3368086574129879,"CDC5L":0.08920016874934106,"COIL":-0.012601604582235686,"H4C13":0.0,"SEH1L":0.7395373849921161,"RNF2":0.6845526946430179,"H4C1":0.0,"NUP98":1.221136735582642,"NUP153":1.3067811898483195,"POLR2A":-0.26084814200353945,"NUP37":0.6404726485952486,"POLR2B":-0.022452069215934754,"NUP85":0.816154194578308,"EED":0.8535228915343795,"NUP160":0.1735971464274924,"NUP42":1.1014862684808688,"HSPA9":1.4528862874312167,"TPR":1.1702836180426717,"H4C4":0.0,"H4C2":0.0,"NUP62":1.1690212659273505,"ZC3HC1":1.9889482345814424,"INTS8":1.8560230245032083}},"Overall Survival":{"min":-6.0,"max":6.0,"top_text":"High Survival Correlation","bottom_text":"Low Survival Correlation","map":{"COIL":-0.22933944270438317,"NUP205":-0.1916506637215908,"H4C1":0.0,"HSPA9":1.2464076866493112,"POLDIP2":0.14295478272181972,"NUP214":-0.368434995453512,"NUP37":0.38942872536314993,"INTS8":0.2875909834883717,"EFTUD2":0.15223959551260513,"POLR2B":-0.01680366888660566,"NUP93":-0.20278075029149345,"PHB2":1.065351381531038,"GTF3C3":-0.2126072744236417,"EZH2":0.9480268400079277,"RNF2":-2.377289758397529,"H4C13":0.0,"NDC1":0.40331928147116897,"RANBP2":-0.4313066295379568,"AAAS":-0.8225420327454709,"SUZ12":1.7597536697118714,"NUP133":-1.7593434191078234,"H4C4":0.0,"NUP54":-0.790491537141919,"H4C8":0.0,"POLR2A":-0.5351637402494888,"GRSF1":0.1791903021771674,"NUP42":-0.38426262908129316,"NUP107":-2.291939581022961,"CDC5L":0.590713796172442,"TPR":-0.5641190915590656,"MCM3AP":-0.009225675684658348,"INTS4":-0.09924505160699708,"NUP85":-1.3639813665219378,"NUP88":0.4061266141626098,"NUP153":0.03765312967793147,"VIRMA":-1.015630855050422,"NUP98":-1.6544580285012938,"NUP35":-0.9381375198428504,"RAE1":-0.04028800205669969,"H4C2":0.0,"NUP155":-1.0490525431911146,"GLE1":0.04189078982352934,"ZC3HC1":-0.686195104805322,"NUP58":-0.010379203075424942,"NUP160":-1.169884043567801,"SENP3":0.3332337920907203,"NUP188":-0.9492446669793957,"EED":0.19463076160268977,"SEH1L":-0.2933647261773869,"NUP62":-0.21470279916814092,"TOMM22":0.07037825825775135}},"Mutation NPM1":{"min":-30.0,"max":30.0,"top_text":"High NPM1 Correlation","bottom_text":"Low NPM1 Correlation","map":{"H4C8":0.0,"H4C1":0.0,"GLE1":2.2973882109662376,"COIL":-0.7010569967480663,"NUP93":1.8871358805574798,"SUZ12":0.22152510937624229,"EZH2":0.8018698299043637,"NUP133":1.5885574102935733,"TOMM22":-0.19230741435246737,"RANBP2":4.115431308318423,"POLDIP2":-0.13735081638962915,"NUP37":1.2142385295357885,"GTF3C3":3.4432865247271813,"NUP35":0.6321215084649086,"HSPA9":-0.24377381089369762,"RNF2":1.1242591791620595,"H4C13":0.0,"NUP58":-0.2534701495183971,"POLR2B":1.380801561767137,"EED":1.7808666148666763,"NDC1":-1.1610952205697609,"AAAS":0.9977456420912726,"SEH1L":1.3773045155406984,"NUP85":1.8753776055015727,"POLR2A":2.138541531711855,"GRSF1":-0.4332068465280692,"ZC3HC1":4.029250380702699,"NUP88":1.6782679303217183,"NUP42":1.4635688564028513,"NUP155":0.2800119892678315,"RAE1":3.4075633146555404,"VIRMA":3.0942444395048465,"INTS8":2.7910343221248404,"NUP54":0.7628293818019343,"NUP107":0.8496268372500999,"INTS4":3.7085688254256066,"H4C2":0.0,"PHB2":-0.05758884288836184,"NUP98":1.7788267423514068,"NUP153":0.8629674349443621,"NUP214":0.733117622839639,"NUP188":2.017814983291363,"NUP160":1.7655944792322735,"CDC5L":-0.4475152244554471,"SENP3":-0.8070268162384926,"EFTUD2":1.4415749180616486,"NUP205":2.3623256742407475,"H4C4":0.0,"NUP62":2.4493229568334653,"MCM3AP":2.052470537921028,"TPR":1.5941297709051423}},"NPM1 Subtype":{"min":-37.0,"max":37.0,"top_text":"Committed NPM1 Subtype","bottom_text":"Primative NPM1 Subtype","map":{"INTS4":-0.3131220587813696,"GRSF1":-2.6501630445027673,"NUP37":-1.9933158427007065,"RANBP2":-5.046340949877697,"NUP155":-7.916884127824586,"SEH1L":-3.9141487135423185,"MCM3AP":-5.183466142352168,"RNF2":-9.646383838273994,"RAE1":-1.917149982252852,"NUP54":-1.216389245115367,"NUP133":-5.791400177006508,"GLE1":-11.318079000736576,"PHB2":-5.307661876321362,"NUP160":-1.3523803106391903,"H4C4":0.0,"COIL":-3.6217345056053563,"GTF3C3":-5.773194917460165,"CDC5L":-8.499865467451796,"TOMM22":-4.330394928406669,"NUP85":-0.9063684833142788,"POLR2A":-3.2439500843328837,"HSPA9":-2.5132734144160525,"AAAS":-1.1173797276807094,"POLR2B":-1.9164622442487804,"INTS8":-0.1918660693429966,"NUP35":-7.561906794192808,"NUP214":-8.951657971763051,"NUP58":-4.552751528055426,"ZC3HC1":-6.053142232672585,"H4C2":0.0,"SENP3":-12.747338778208059,"NUP88":-6.274846922606791,"NUP93":-4.47715496757365,"EFTUD2":-2.6542317971540643,"POLDIP2":-5.263512382145475,"EZH2":-0.21743580151374722,"H4C13":0.0,"NUP153":-5.266537038683539,"NUP205":-7.563124071015177,"EED":0.12006966694572323,"NUP62":-3.406197113075595,"SUZ12":-1.5155944135070267,"H4C1":0.0,"TPR":-8.806009641137113,"H4C8":0.0,"NUP42":-2.4449491190210835,"NDC1":-3.9791078086945117,"NUP107":-4.730387006736666,"VIRMA":-7.150077191871867,"NUP98":-3.629357145483136,"NUP188":-5.841483460523908}},"MuSiC CD14 Mono":{"min":-50.0,"max":50.0,"top_text":"High CD14 Mono Correlation","bottom_text":"Low CD14 Mono Correlation","map":{"NUP35":-6.561174648157716,"NUP93":-7.151640381720338,"NUP107":-2.7381715666536484,"H4C13":0.0,"PHB2":-5.897443539968027,"POLDIP2":-7.035723785675284,"SEH1L":-3.8282188052286825,"EED":-0.02600055578421358,"CDC5L":-7.248921855788634,"NUP88":-5.115994072124199,"NUP37":-2.441653813926732,"VIRMA":-5.414485281507812,"INTS8":0.10953546813937154,"RAE1":-0.5694056965051193,"HSPA9":-3.170139798242404,"AAAS":-1.1504635345894212,"EFTUD2":-2.301358733881061,"ZC3HC1":-4.477368140212601,"RNF2":-7.987141708151938,"COIL":-3.249142742829067,"GTF3C3":-5.550505321995984,"NUP155":-9.924119320621505,"INTS4":-0.16622274962330186,"H4C1":0.0,"NUP153":-8.366562638117259,"H4C2":0.0,"MCM3AP":-6.474495234324402,"SENP3":-18.298572177244218,"NUP98":-5.271427942323947,"NUP54":-1.893848141547055,"SUZ12":-2.485110699510085,"NUP160":-0.5489959002659291,"NUP62":-3.0691641442265407,"POLR2A":-3.656362333739177,"TOMM22":-3.8445095386909083,"GRSF1":-3.560088429316254,"NUP42":-2.864917911030027,"POLR2B":-1.240789725816863,"GLE1":-11.890123333007406,"TPR":-13.259920383136809,"NUP58":-7.464460695250144,"NUP133":-6.065214100559388,"NUP188":-8.163186210622634,"RANBP2":-5.230588668612438,"NUP85":-0.6407969476960612,"NDC1":-3.700486727398308,"EZH2":-0.5994576735038194,"H4C4":0.0,"NUP205":-7.721639375910688,"H4C8":0.0,"NUP214":-7.995940373489389}},"Blast Percent":{"min":-11.0,"max":11.0,"top_text":"High Blast Percent Correlation","bottom_text":"Low Blast Percent Correlation","map":{"EFTUD2":5.334390697573482,"NUP35":4.215722456252246,"POLR2A":10.002555467432089,"NUP54":3.5896887586440056,"NUP214":2.9244515548448873,"NUP155":5.056410125780504,"NUP37":2.771071914653014,"INTS8":2.5373574247721233,"SUZ12":1.2044569080786325,"SEH1L":4.824627615830416,"H4C8":0.0,"COIL":0.6349423329819548,"H4C1":0.0,"NUP93":4.530952621653364,"NUP107":4.600707421981609,"GLE1":6.420585042772945,"RAE1":3.653890612888209,"SENP3":6.408866170157958,"TOMM22":0.5387610841047338,"ZC3HC1":9.200833545108738,"NUP98":4.570249574108408,"HSPA9":2.00678707596388,"H4C4":0.0,"INTS4":1.121983175017963,