{"NPM1 Subtype":{"min":-37.0,"max":37.0,"top_text":"Committed NPM1 Subtype","bottom_text":"Primative NPM1 Subtype","map":{"SLC25A12":-1.570302634313285,"TIMM23":-2.0553954458528727,"ATP5PB":-2.0091912803306267,"VDAC3":-4.559878542549877,"UQCRC2":-1.8442304338365987,"UQCRC1":-1.7275987899360667,"NDUFV1":-1.7520482734382878,"NDUFA4":0.14579321933728276,"MTCH2":-0.23698763226802888,"COX6C":-0.18430617827594306,"COX15":-0.27327176780261253,"CHCHD3":-2.6954493774917614,"NDUFB9":0.3019043188333158,"AFG3L2":-6.793963293495538,"VDAC1":-6.944677918230307,"OMA1":-0.48285457772663426,"NDUFC2":-1.1524646467305082,"BCAP31":-0.6889417854605071,"NDUFA8":-0.23091593668575483,"SAMM50":-3.5904986849476535,"APOO":-5.790874919618911,"ATP5PD":-2.1659398670583334,"VDAC2":-4.75711659873763,"ATP5F1C":-3.88188581975398,"IMMT":-5.867704958158731,"UQCRQ":-0.728928202625446,"AIFM1":-3.49353500575545,"CCDC90B":-7.745792198969377,"NDUFB8":-0.9974989091235397,"PMPCB":-3.9812484579169944,"APOOL":-5.696044057746641,"NDUFB11":-2.05723727766418,"TOMM22":-4.330394928406669,"NDUFB3":-1.5561359883241845,"COX7C":-0.9310130394063836,"OPA1":-8.046098903554151,"MRPL30":-4.59238342750012,"ATAD3A":-5.868778160489621,"OCIAD1":-5.0610820953573965,"PHB2":-5.307661876321362,"SLC25A3":-1.7532852225463946,"NDUFB5":-1.5965369910567737,"C1QBP":-3.890608203582633,"NDUFA9":-0.6417521186514316,"SLC25A46":-2.459898537895072,"NDUFS3":-0.740803067109875,"COX4I1":0.2180424024938705,"ATP5MG":-1.8414600344534982,"NDUFS2":-1.729480288302217,"UQCRB":-2.5495258250937733,"NDUFS8":-2.6833677340449578}},"MuSiC CD14 Mono":{"min":-50.0,"max":50.0,"top_text":"High CD14 Mono Correlation","bottom_text":"Low CD14 Mono Correlation","map":{"COX7C":-0.6875665644439173,"UQCRC2":-1.4991440042830364,"NDUFA9":-0.6782872520528951,"CCDC90B":-9.492931793204729,"UQCRB":-2.031372126878803,"MTCH2":0.027425364939130337,"C1QBP":-4.8160760207016615,"NDUFC2":-1.0803092657217366,"NDUFS3":-0.321373718303882,"BCAP31":-0.7530936817154861,"OMA1":-0.20305716637743196,"NDUFB9":-0.2499224083051602,"COX4I1":-0.019810555215715165,"ATP5PB":-2.2719248240802288,"UQCRQ":-0.9561178193241483,"APOO":-5.583149618732237,"NDUFV1":-0.8977056905934436,"COX6C":-0.05347276595599138,"PMPCB":-2.191616558157011,"COX15":-0.04694274421905628,"NDUFS8":-1.840015161521226,"OPA1":-5.602828430598222,"VDAC3":-5.154499581679317,"AFG3L2":-5.162157797160243,"NDUFA8":0.09521464781923404,"ATAD3A":-7.959180423439966,"AIFM1":-1.5647021183548813,"TOMM22":-3.8445095386909083,"SLC25A12":-2.3609067620607904,"SLC25A3":-1.2068920719494851,"APOOL":-4.692309807705984,"NDUFB11":-2.05608391777467,"PHB2":-5.897443539968027,"TIMM23":-3.426899325180114,"MRPL30":-5.566051208520734,"CHCHD3":-2.237255675116475,"VDAC2":-2.769441781203919,"ATP5MG":-1.6439796925664825,"NDUFB3":-1.6741190946204587,"NDUFA4":0.16419466707980762,"ATP5PD":-1.7154980443050531,"ATP5F1C":-3.153129551490307,"IMMT":-4.659992738189688,"VDAC1":-9.823457122989478,"UQCRC1":-0.7886263116838331,"NDUFB5":-0.9258135084103313,"SAMM50":-3.204319045801859,"OCIAD1":-5.897706755296865,"SLC25A46":-2.3676886659797463,"NDUFB8":-1.5000622764244003,"NDUFS2":-1.0907173529401304}},"Overall Survival":{"min":-6.0,"max":6.0,"top_text":"High Survival Correlation","bottom_text":"Low Survival Correlation","map":{"NDUFS3":-0.9064190572101297,"AFG3L2":-0.19058937794283695,"ATAD3A":0.019265631188144637,"VDAC3":0.11045213712065217,"SLC25A3":1.4542741958742005,"NDUFB11":0.2301544428868229,"COX4I1":0.6448145229405116,"TIMM23":0.03925592805847368,"ATP5F1C":0.8731578040329914,"NDUFB9":1.0051758487154918,"AIFM1":0.056147132912738686,"NDUFB5":0.33745292967840146,"SAMM50":0.05254136828112006,"NDUFV1":0.29348812674412583,"UQCRQ":-0.04413396151288043,"NDUFB8":0.5657316904000415,"IMMT":0.2961217388877748,"COX15":-0.03335243224586267,"APOO":0.13423426473639058,"VDAC1":-0.1457520103999377,"NDUFS8":-0.15002522023820755,"TOMM22":0.07037825825775135,"SLC25A46":1.5830123490703334,"NDUFS2":-0.284970137315923,"UQCRB":2.4868271595342466,"OCIAD1":1.1171405536274979,"UQCRC2":2.4421240097618977,"NDUFA4":0.3978521676703525,"NDUFA9":0.34123296344196313,"APOOL":1.1018537718250476,"NDUFA8":1.136345259323157,"COX6C":1.095744631190214,"ATP5MG":0.9534440677049134,"VDAC2":-0.08276333548463652,"C1QBP":0.06273721282783516,"OMA1":-0.1416417234040913,"ATP5PD":1.0617565892578358,"ATP5PB":1.5866491941459848,"CCDC90B":-0.10511461472186254,"NDUFC2":1.6754972946931301,"COX7C":1.4740939747235684,"PHB2":1.065351381531038,"SLC25A12":0.922352951006644,"MTCH2":-0.03163266316160394,"PMPCB":-0.3353698281669069,"OPA1":0.33062117398421986,"NDUFB3":0.486647019446806,"MRPL30":1.0454039175445426,"BCAP31":0.2413845383773433,"CHCHD3":0.0816619271888554,"UQCRC1":0.9493795692298727}},"Mutation FLT3 ITD":{"min":-10.0,"max":10.0,"top_text":"High FLT3 ITD Correlation","bottom_text":"Low FLT3 ITD Correlation","map":{"SLC25A3":1.9633199272500041,"COX15":0.4805650285419249,"NDUFB11":0.9876043066263482,"NDUFB8":0.6056490877529265,"NDUFS8":1.182874687648826,"SAMM50":1.3367541663028366,"VDAC2":0.17173165147803596,"MTCH2":0.932891925443346,"SLC25A12":0.15351881222561148,"COX7C":0.5130841298879699,"VDAC3":0.2524948522542097,"C1QBP":1.602391820244794,"TIMM23":0.1968438271514419,"AIFM1":2.1981150631415396,"ATP5MG":-0.7541881170203474,"NDUFA4":4.188644210292796,"TOMM22":0.5098625370506714,"COX4I1":1.36647793888403,"NDUFB9":0.8476627704395648,"ATAD3A":0.23240847595544767,"CCDC90B":-0.33046546422165113,"COX6C":1.4205293105574506,"NDUFS3":1.2962016366007825,"NDUFS2":1.086289059553873,"OMA1":0.67028883211568,"UQCRC1":2.3562767945951473,"ATP5F1C":-0.8904482559237966,"PHB2":-0.3988876758579072,"OCIAD1":1.5506698765456155,"APOO":0.5174072476351274,"ATP5PD":2.206415632122481,"ATP5PB":1.1442371040927228,"UQCRC2":1.2491702650087078,"IMMT":1.2623923826421979,"AFG3L2":1.845695061651842,"NDUFA8":1.3865415559155463,"UQCRB":2.9803493778743717,"VDAC1":2.057164490801179,"NDUFV1":2.881641435331292,"NDUFB5":3.5211885729710346,"UQCRQ":0.7552659313107917,"NDUFA9":0.7766757895263136,"PMPCB":3.219611684608975,"APOOL":0.40360434484810187,"OPA1":0.9772559597948316,"MRPL30":2.3987719619451147,"NDUFC2":0.7402489265388416,"CHCHD3":1.529095665990707,"SLC25A46":1.7626831275005355,"NDUFB3":1.255307926706916,"BCAP31":-0.7502788272345486}},"Blast Percent":{"min":-11.0,"max":11.0,"top_text":"High Blast Percent Correlation","bottom_text":"Low Blast Percent Correlation","map":{"C1QBP":2.584490667622572,"AFG3L2":1.1789656910563853,"IMMT":1.768966323626402,"OCIAD1":0.6310823871686287,"TOMM22":0.5387610841047338,"AIFM1":1.71155764319493,"MRPL30":1.8934890627968033,"COX7C":0.25579397329739717,"NDUFA4":2.3887724357413282,"COX4I1":0.009647545179321345,"VDAC3":0.10821502445202678,"ATP5MG":0.7234258896846969,"NDUFB3":1.0152762620507199,"ATP5PD":1.3066336414931707,"NDUFB11":0.3829612329850596,"NDUFC2":0.40386009946669327,"SLC25A46":0.9611841984443662,"COX15":-0.2970110069091085,"UQCRQ":0.7822708680492283,"CHCHD3":3.0317961027756875,"NDUFB9":1.2173960518274107,"PMPCB":1.631653418320339,"MTCH2":1.217377830213272,"NDUFA8":0.9173323222526215,"VDAC1":1.5105886540069342,"PHB2":3.8433921062618865,"APOOL":0.7823150578820962,"SLC25A12":-0.39630795236538024,"ATP5F1C":2.5853615473496334,"NDUFS3":3.2055766594772437,"NDUFB5":0.4610824838212594,"NDUFS2":1.5107107437539415,"TIMM23":-0.104199141184724,"NDUFS8":4.407757706594103,"CCDC90B":3.1548884154055377,"OMA1":-0.03548407138758812,"SAMM50":1.672533490782469,"APOO":1.7262137805789404,"VDAC2":1.667557680445874,"BCAP31":-0.45050058651424496,"UQCRC2":1.231998926846486,"NDUFA9":1.3246558614923203,"COX6C":0.037685064331382245,"ATAD3A":1.1047290380115367,"SLC25A3":0.005932196358431744,"NDUFB8":0.34145866294400873,"OPA1":4.419920897871041,"NDUFV1":2.637531162461798,"ATP5PB":0.4831931122950851,"UQCRC1":1.117369151011468,"UQCRB":0.985800360678504}},"Mutation NPM1":{"min":-30.0,"max":30.0,"top_text":"High NPM1 Correlation","bottom_text":"Low NPM1 Correlation","map":{"CCDC90B":-2.7219288463785687,"NDUFA8":2.452350843008108,