{"NPM1 Subtype":{"min":-37.0,"max":37.0,"top_text":"Committed NPM1 Subtype","bottom_text":"Primative NPM1 Subtype","map":{"NPHP3":0.0,"MAT2A":-0.7110109351770898,"NR2C2":-6.800203977726264,"DDX47":-7.7752880552899,"HNRNPH1":-2.9290618408915643,"XPO1":-1.6671056804186337,"PDS5A":-4.3324636698785595,"TRMT5":-1.5022054770803765,"PDHA1":-8.230889833861031,"PTK7":-11.159726287965603,"RCN2":-4.219905630868348,"SMAD4":-2.469584552533857,"CDK2":-2.911101288267975,"DCAF8":-1.5472980001531784,"CAND1":-1.2909473816782353,"RBM39":-2.2185492597297984,"ZRANB2":-4.884452147117817,"NPM1":-13.438152303775192,"HIBCH":-10.183958316652886,"BTF3":-1.8134074684220207,"BRD4":-4.638999711906336,"DIDO1":-5.621730738471759,"HSP90AB1":-1.42086727724631,"ADSL":-0.505084046830374,"TBL1XR1":-3.30504116570259,"OGT":-2.7072055199374407,"PRMT5":-1.153649995268762,"SCAI":-6.196209317164601,"WWOX":-5.186629581782101,"CUL3":0.24580918014352354,"CCT6A":-0.3840462213200395,"GLMN":-0.9481712019407977,"LUC7L3":-8.376486373501189,"NAP1L4":-1.490157028602887,"AARSD1":-0.33285239895429314,"THAP6":0.0,"TP53BP1":-19.92905316119152,"SNRNP70":-8.614781223729564,"SNW1":-4.426096350846632,"EIF4A1":3.259617352807469,"DDB1":-1.290449321383976,"RUVBL2":-5.734447525797664,"ALDH7A1":-3.14742751560835,"COPS4":-0.4249972298733191,"CUL4A":-0.7646881963393748,"EFTUD2":-2.6542317971540643,"ELAVL1":-6.429291030859147,"NSUN6":-2.8289096315085835,"RAD23B":0.0696666514235993,"RUVBL1":-7.383628615423563,"DHX30":-9.96371895465405}},"Overall Survival":{"min":-6.0,"max":6.0,"top_text":"High Survival Correlation","bottom_text":"Low Survival Correlation","map":{"TP53BP1":-0.2680013845905171,"PRMT5":-1.4587397204801271,"DDB1":-1.40787067018029,"MAT2A":0.18606584225756037,"NPM1":0.521776265381839,"HSP90AB1":0.5144695241166105,"RCN2":-0.14077438814943863,"NR2C2":0.15160242118184747,"EIF4A1":0.5771420724144517,"CAND1":-1.0703811446593767,"OGT":-0.40734704762155705,"WWOX":-0.19996553463613068,"BTF3":1.2567141881068853,"RUVBL1":0.0317946245619539,"PTK7":-0.5015013169815257,"ADSL":-1.4199608109401802,"BRD4":-0.7188798649332288,"CCT6A":0.038005803352054585,"HIBCH":-0.20060584802244688,"DIDO1":-0.1047381623954305,"LUC7L3":-1.478313684570422,"AARSD1":0.10069568518598986,"SMAD4":-1.0469771847646887,"DCAF8":1.072983587989285,"CUL3":-1.647714267501817,"THAP6":0.0,"HNRNPH1":-0.17368619445462755,"RUVBL2":-0.022029902592081773,"EFTUD2":0.15223959551260513,"NAP1L4":-0.2741661388465819,"NPHP3":0.0,"ZRANB2":-0.7888366352077877,"DDX47":0.3473761673574495,"XPO1":-1.4550714447644295,"SCAI":-0.7116883038387809,"DHX30":0.15605375964527332,"TBL1XR1":0.1374742304477352,"NSUN6":-0.011463668849349587,"ALDH7A1":-0.6137804868501785,"CDK2":-0.9166780132492727,"TRMT5":-0.8229092790397484,"CUL4A":-2.1158721558449303,"COPS4":0.13046193695647001,"SNRNP70":-1.4833865658861327,"ELAVL1":-1.1786608147175661,"PDHA1":-0.12012533797567616,"RBM39":-0.27419244983560614,"SNW1":-0.2436491751032581,"RAD23B":0.4636897442374125,"GLMN":-0.150258204610312,"PDS5A":0.021349340624365352}},"Blast Percent":{"min":-11.0,"max":11.0,"top_text":"High Blast Percent Correlation","bottom_text":"Low Blast Percent Correlation","map":{"CCT6A":-0.39571982277426276,"OGT":0.1658058542059945,"LUC7L3":3.2528530749176108,"EFTUD2":5.334390697573482,"SNW1":5.74638533385228,"COPS4":-0.09383123647910305,"HIBCH":4.7836082087705805,"XPO1":0.5857500169604274,"NR2C2":3.9928062806929483,"PTK7":2.2735340484775777,"SMAD4":3.3204381761589765,"DHX30":5.9569001992756165,"PDHA1":3.833952722002807,"CDK2":-0.11969307808725581,"ADSL":-0.3768192399296622,"RAD23B":-3.4205080399127863,"RUVBL2":0.767955096938985,"DDX47":2.730370846258935,"TBL1XR1":1.9281263553954024,"SNRNP70":6.612830368714271,"WWOX":0.13402087414197614,"RBM39":5.153928314461009,"RCN2":2.451144801686919,"PRMT5":-0.37224185652481384,"CUL4A":-0.23485810842227536,"HSP90AB1":1.433877292544966,"AARSD1":-0.4936226534239831,"NPHP3":0.0,"NPM1":2.0044213784871614,"THAP6":0.0,"DIDO1":7.573384622998107,"TP53BP1":5.981875617955371,"CUL3":-0.6497114066515164,"EIF4A1":-0.8265954946891442,"CAND1":-0.22250843543020635,"HNRNPH1":3.41412104707734,"PDS5A":4.715373079834776,"NSUN6":-0.4686320958649645,"GLMN":-2.0364623231446783,"DDB1":0.09287355584762477,"NAP1L4":-1.721088573737292,"ELAVL1":5.4261742330537475,"DCAF8":-0.3000073141817087,"ALDH7A1":2.1253257669075327,"RUVBL1":1.1283603647834588,"TRMT5":-0.3997544297251414,"BTF3":0.44319419370746266,"ZRANB2":2.9379533712566803,"BRD4":1.288643145429348,"MAT2A":2.0232705245163167,"SCAI":1.5479202224579458}},"MuSiC CD14 Mono":{"min":-50.0,"max":50.0,"top_text":"High CD14 Mono Correlation","bottom_text":"Low CD14 Mono Correlation","map":{"PDS5A":-6.1170802464638605,"NAP1L4":-1.3356078558511861,"PDHA1":-8.58143238333792,"SNRNP70":-13.124917924756467,"SCAI":-8.20310406191692,"ELAVL1":-5.795188363841036,"DIDO1":-6.965174155135761,"RAD23B":0.03962781210929519,"CDK2":-4.151324747386937,"THAP6":0.0,"CUL4A":-0.689018074007474,"PTK7":-11.805880367931314,"NPHP3":0.0,"CCT6A":-0.5961862828579956,"CUL3":-0.05964923269274174,"EFTUD2":-2.301358733881061,"TP53BP1":-24.199875826740755,"HNRNPH1":-4.376710320816772,"NR2C2":-7.433160800008668,"RBM39":-3.743199089917264,"OGT":-5.174102643053753,"LUC7L3":-9.510986370858495,"ZRANB2":-4.323357164740768,"XPO1":-1.4175754679797263,"TRMT5":-1.4072021346481693,"SMAD4":-1.7735972204146644,"COPS4":-0.34124795374069794,"ALDH7A1":-5.706778815684046,"DCAF8":-0.881596112748494,"DDB1":-1.1098978658705614,"MAT2A":-1.7919645774888548,"RUVBL1":-7.204921308923005,"RUVBL2":-6.090350177200606,"DHX30":-14.14799125014886,"AARSD1":-1.4746588786345627,"NSUN6":-2.927906500132472,"RCN2":-7.929578526560057,"DDX47":-10.234844387514988,"NPM1":-17.855123193602328,"EIF4A1":3.7254442182451397,"GLMN":-1.544848552903407,"WWOX":-5.320353052482961,"BTF3":-2.3047761601834353,"ADSL":-0.3255237719118467,"PRMT5":-1.1208584216510455,"SNW1":-3.724848839228281,"HSP90AB1":-1.4802449665652917,"HIBCH":-8.23296651418658,"CAND1":-1.5314979986477768,"BRD4":-3.6745782819782855,"TBL1XR1":-1.7432952990838002}},"Mutation FLT3 ITD":{"min":-10.0,"max":10.0,"top_text":"High FLT3 ITD Correlation","bottom_text":"Low FLT3 ITD Correlation","map":{"RUVBL2":0.1442190704401954,"PDS5A":0.855813981938624,"AARSD1":0.006065211755355589,"ZRANB2":0.30196764191104425,"THAP6":0.0,"TRMT5":2.1551257726184554,"WWOX":1.2590400194093117,"CAND1":-0.6500378395584071,"SMAD4":0.6007956135210275,"PRMT5":0.43008243593926765,"DHX30":-0.2207831023420886,"RUVBL1":0.2621124522534953,"LUC7L3":1.3564570443131863,"PTK7":0.765848527142401,"NR2C2":-0.07142975049210988,"NPHP3":0.0,"GLMN":0.2355110981887897,"PDHA1":-0.025580503147306685,"CUL4A":0.3125751014322365,"CUL3":-0.9784886029101236,"DCAF8":0.08640042507403904,"SNW1":1.1276347081335696,"HSP90AB1":1.357610483532576,"ADSL":-0.3143494574370123,"RBM39":0.45927342452880515,"CCT6A":0.04087730280328649,"DDB1":0.8020223125692515,"OGT":-3.7188778658464,"ALDH7A1":-0.2939090126927817,"SNRNP70":0.17394919618031818,"DDX47":0.19702473132276238,"EIF4A1":-0.23807447999002715,"TP53BP1":1.301258928226229,"RAD23B":-2.981405565307319,"SCAI":0.000697644873443354,"CDK2":-5.617044214489403,"NPM1":-1.0520844031272854,"HNRNPH1":-0.0580429207675711,"RCN2":0.745154215970384,"NAP1L4":-0.9666866592270396,"XPO1":0.2544644500796783,"TBL1XR1":0.9818873157135121,"HIBCH":2.640189000184673,"EFTUD2":0.9191797055219539,"ELAVL1":0.5913233331491544,"BTF3":0.20302576889871052,"DIDO1":1.330839864197135,"MAT2A":0.9108796235336876,"BRD4":0.18355071889476207,"NSUN6":-0.34145558388275987,"COPS4":0.09549876239653987}},"Mutation NPM1":{"min":-30.0,"max":30.0,"top_text":"High NPM1 Correlation","bottom_text":"Low NPM1 Correlation","map":{"RBM39":2.4160233232294743,"BRD4":-1.0693798516051412,"SNW1":2.8923092369539583,"TP53BP1":0.42544576075244883,"TBL1XR1":-0.41383379828974043,"DCAF8":-1.0932065118474483,"SMAD4":2.528879578326301,"RCN2":0.86115447986504,"DDB1":0.6417149698946824,"WWOX":0.3789263126153946,"PTK7":-0.6734690884388081,"CUL3":-2.2515911466766627,