{"Mutation NPM1":{"min":-30.0,"max":30.0,"top_text":"High NPM1 Correlation","bottom_text":"Low NPM1 Correlation","map":{"SLC4A1":-5.137210697082837,"ALAS2":-5.971472228237738,"RHCE":-3.7814193012235924,"MAP3K14":0.0,"TRAF1":-2.134372640118153,"AHSP":-5.179452388317399,"FBXO7":-5.868148557716225,"EPB41":-6.4537118986131,"SLC2A1":-5.033925565690486,"DYRK1A":-4.161333774168971,"TMCC2":-6.503110183546216,"SEC16A":0.8644575379633321,"USP1":-0.9173910276831299,"GYPA":-5.11531102570187,"CA1":-4.496346096678312,"GYPC":-4.351038581183206,"TFRC":-6.842089008452067,"RHAG":-5.18305783574925,"MYL4":-7.19455168334244,"CALCOCO1":-5.296643102995235,"OTUD5":-6.046640914807478,"SELENBP1":-5.220985852152947,"CFLAR":1.4983475878777268,"TRAF3":-3.2059579024645535,"SMURF1":0.0,"FOXO1":-7.277903879083035,"PITHD1":-5.548732651262558,"TRIM10":-4.715984712794871,"NARF":-1.1205368776606885,"HBD":-4.4008919373768745,"MOSPD1":0.0,"MYH10":-6.27913658027065,"CDC34":-6.399253839580926,"KEL":-4.334656393837194,"GATA1":-0.8850657540454211,"PKLR":-8.466370869417043,"PDLIM7":0.8809161841776008,"TNIP1":0.07933987049450177,"DMTN":-4.990928927370866,"SPTA1":-5.430170400808431,"EIF2AK1":-5.009156160948876,"CD27":0.0,"RNF216":-0.4473340546085935,"ANK1":-5.899756618779289,"EPB42":-5.786828996070951,"HBB":-4.450555262738051,"SLC14A1":-4.524160526981714,"SLC25A37":-5.336130983425408,"TRIM58":-5.319163005614762,"BSDC1":-6.376670406425218,"HEMGN":-6.318991227236466}},"NPM1 Subtype":{"min":-37.0,"max":37.0,"top_text":"Committed NPM1 Subtype","bottom_text":"Primative NPM1 Subtype","map":{"CFLAR":14.385067633729387,"SLC2A1":-0.0035470548121659044,"SEC16A":5.554171736582513,"GATA1":-1.6503314818022978,"FOXO1":0.3899517475740849,"RNF216":-1.5186263208753288,"EPB41":-0.2675812581949203,"NARF":-3.311947239479246,"FBXO7":-0.3067639959262162,"GYPC":-0.01417167627863093,"OTUD5":-1.402625381575376,"RHAG":-0.2494082306711897,"HBB":0.052779343819319265,"USP1":0.37946700956452645,"BSDC1":-1.0316416236127617,"AHSP":-0.4821692886546524,"EIF2AK1":-0.7304225755849036,"SLC25A37":-0.16481813278748186,"ANK1":-0.12651363830856954,"EPB42":0.06752980069095556,"SMURF1":0.0,"PKLR":-0.3558457125884829,"TRIM58":-0.4880913701083341,"RHCE":-0.13814456500111402,"MYH10":-0.8764275847257939,"HEMGN":-1.6634002276018283,"SLC4A1":0.03621585096606926,"TNIP1":9.37859281097984,"MYL4":-0.63661957300552,"TRIM10":-0.305112411587868,"SELENBP1":-0.2998811343057042,"KEL":-0.027269446095397318,"ALAS2":-0.4919090054775318,"TFRC":-1.4828612404654282,"SPTA1":0.15000786216402123,"TRAF1":1.3176292130390739,"CDC34":-0.06702304714157256,"GYPA":-0.36244202045057516,"TRAF3":-0.18462955152930602,"HBD":0.04251256710393525,"DMTN":-0.22361960897319863,"SLC14A1":0.034659058260381355,"MOSPD1":0.0,"CALCOCO1":-1.1246763966236673,"DYRK1A":-3.4935634064856744,"TMCC2":-0.7197661592375802,"MAP3K14":0.0,"PITHD1":-0.8122221234493305,"CD27":0.0,"CA1":0.10748741603071639,"PDLIM7":3.2016829873564565}},"Overall Survival":{"min":-6.0,"max":6.0,"top_text":"High Survival Correlation","bottom_text":"Low Survival Correlation","map":{"BSDC1":-0.6037432332841083,"SLC2A1":-0.4562968490857076,"FOXO1":0.17649337025289646,"KEL":-0.32719144776210246,"RHCE":-0.044051279232806335,"DYRK1A":-0.33711459088641854,"USP1":-0.3806178297581305,"PKLR":-0.8713119477490996,"TRAF3":-0.752550069218948,"AHSP":-0.019409560920139922,"NARF":0.2266678144467226,"SELENBP1":-0.25084987871681225,"EIF2AK1":-0.5972985912850018,"HEMGN":-0.2619163171428238,"MAP3K14":0.0,"CFLAR":-0.379705822551164,"SEC16A":0.1657490665031022,"PITHD1":-0.621474355660324,"HBD":-0.4059713672861655,"PDLIM7":0.39358009048523723,"TNIP1":0.28242677848685543,"DMTN":-0.8890314825445215,"RNF216":-0.21439964030475178,"SMURF1":0.0,"SPTA1":-0.1584855188943252,"CA1":-0.4587826745630048,"TRIM10":-0.19612592240267107,"GATA1":0.9225733980245929,"SLC14A1":-0.3289024020031585,"OTUD5":-0.4896279499790693,"CDC34":-0.381032394830566,"TRIM58":-0.4391176630017223,"RHAG":-0.18454719919333296,"SLC25A37":-0.38646033201641794,"SLC4A1":-0.25333246615206206,"MOSPD1":0.0,"EPB41":-0.46666784630859914,"MYH10":-0.7716926467919801,"MYL4":-0.7187118097875516,"GYPA":-0.029080906170927883,"CD27":0.0,"TRAF1":0.5588902253958205,"ALAS2":-0.13345170476723872,"ANK1":-0.3442621206647322,"TFRC":-0.008713384120155957,"TMCC2":-0.22688144647478017,"HBB":-0.6386468777488546,"CALCOCO1":-0.043776605549495334,"GYPC":-0.013832382777679553,"EPB42":-0.0674040338724231,"FBXO7":-1.0505412838441193}},"Mutation FLT3 ITD":{"min":-10.0,"max":10.0,"top_text":"High FLT3 ITD Correlation","bottom_text":"Low FLT3 ITD Correlation","map":{"MOSPD1":0.0,"CALCOCO1":-2.3053140133192858,"GATA1":-0.13522455423885382,"TRIM58":-1.3160685028836476,"TRIM10":-2.000609989679705,"NARF":-1.9167917488111037,"DMTN":-1.6425040913243936,"MYL4":-2.740907080271586,"KEL":-1.4589616451025154,"TMCC2":-2.063717039988007,"EPB42":-1.8996119024478297,"EIF2AK1":-1.796082487696726,"GYPA":-1.4460665727274855,"HBD":-1.5699704946908264,"SELENBP1":-2.0774441250773683,"ANK1":-1.868495534890838,"SMURF1":0.0,"SLC2A1":-0.9754541686952591,"SEC16A":0.8933604868915856,"CDC34":-4.601691509226942,"TRAF3":0.8356063033936308,"PITHD1":-1.7760990519896966,"TNIP1":-0.4515159616672599,"RHCE":-0.9951043994308717,"RHAG":-1.3719195758059772,"EPB41":-1.637950084855441,"TFRC":-2.8100319129335984,"FOXO1":-2.339425764243188,"SPTA1":-1.7043327569392814,"MYH10":-1.4769544742393115,"BSDC1":-2.7461770842514848,"TRAF1":-2.1454801358664453,"SLC25A37":-1.9258598953227837,"GYPC":-1.0098410116322036,"CD27":0.0,"MAP3K14":0.0,"PKLR":-3.1202754299175504,"CFLAR":-0.08205960182156116,"AHSP":-1.4480583084125984,"HEMGN":-2.621711252825069,"ALAS2":-2.74718770029434,"FBXO7":-2.060037191118317,"HBB":-1.4643514725194948,"OTUD5":-3.801961624696898,"SLC4A1":-1.2572473094871304,"USP1":-0.5353121813606124,"DYRK1A":-3.4162324988720525,"PDLIM7":0.45564750711316715,"RNF216":0.26524273455147934,"SLC14A1":-1.3332576093778785,"CA1":-1.6852406512065254}},"Blast Percent":{"min":-11.0,"max":11.0,"top_text":"High Blast Percent Correlation","bottom_text":"Low Blast Percent Correlation","map":{"PKLR":-2.735201001234923,"HBD":-3.2935259868143847,"GATA1":-1.7479818907364875,"ANK1":-3.8295797210259126,"TMCC2":-2.984899583273289,"GYPA":-4.293092626504701,"BSDC1":-3.233832509383382,"FBXO7":-2.2574509679608794,"EPB41":-3.0145133890546214,"MYL4":-3.72030940105292,"PDLIM7":-3.912275993491941,"FOXO1":-2.884062168569018,"TRAF1":-2.1040589218641905,"HEMGN":-2.331118397553374,"SLC4A1":-3.5850886713232577,"RHAG":-2.63076469406695,"TFRC":-2.60019173675419,"CALCOCO1":-3.029085424087374,"TRAF3":-2.42094848192469,"EIF2AK1":-2.8136278892978552,"AHSP":-3.761095538065638,"MOSPD1":0.0,"SELENBP1":-3.673552089920359,"RHCE":-2.9109561614173316,"KEL":-3.5884398201830376,"SMURF1":0.0,"CDC34":-3.1688689923828908,"GYPC":-3.200616924048067,"SPTA1":-3.713598783328491,"OTUD5":-0.5586653665640946,"SLC25A37":-5.568179213753654,"CFLAR":-0.9344163809492096,"CD27":0.0,"HBB":-3.2719383923665055,"SEC16A":-1.1919656611468088,"USP1":-1.0314307277196562,"TRIM58":-3.838123501051849,"EPB42":-3.3923938160343394,"MYH10":-4.400328489836827,"MAP3K14":0.0,"NARF":-0.21713062790464543,"RNF216":1.3750371244114776,"SLC2A1":-3.2215377531880747,"DYRK1A":-0.2746656524904478,"TNIP1":-1.0428430705020804,"TRIM10":-3.4878319736891203,"PITHD1":-1.3074080339806218,"DMTN":-4.307811207812558,"CA1":-3.3160433310462514,"ALAS2":-2.780809116451492,"SLC14A1":-3.962936914666202}},"MuSiC CD14 Mono":{"min":-50.0,"max":50.0,"top_text":"High CD14 Mono Correlation","bottom_text":"Low CD14 Mono Correlation","map":{"EPB42":-0.0012645100555904636,"TRAF1":0.26825729158871253,"GYPC":0.04796152397778031,"TRAF3":0.13139584212434527,"TRIM10":-0.09087506312546689,"RHAG":-0.6874446338154889,"TFRC":-2.8358051621460496,"DMTN":-0.17843029294865387,"CA1":-0.015308317873772967,"TNIP1":9.664285188595336,"MYH10":-0.6415933756540474,"CD27":0.0,"ANK1":-0.11804111797854876,"SEC16A":6.368631383263321,"ALAS2":-0.6480306801299811,"EPB41":-0.41785979823676433,