{"NPM1 Subtype":{"min":-37.0,"max":37.0,"top_text":"Committed NPM1 Subtype","bottom_text":"Primative NPM1 Subtype","map":{"MRPS2":-2.417436450159139,"MRPL47":-3.696410227551046,"NDUFAF4":-3.3843473495904126,"TIMMDC1":-0.008512805529816642,"MRPL58":-5.015327601713199,"TIMM23":-2.0553954458528727,"CYC1":-2.060847712031401,"MRPS31":-3.469562394636098,"MRPL15":-6.187696599445013,"OCIAD1":-5.0610820953573965,"RARS2":-1.1957096539846286,"MRPL17":-4.171529513000963,"MRPS30":-4.751788650925735,"COX18":-1.0504429407126215,"MRPL44":-3.324122237090487,"MRPL2":-2.2366090905764238,"MRPL53":-0.9656125650160887,"FAM162A":-1.4536123146385669,"MRPL42":-2.0662535326369356,"MRPL4":-1.7460875405596334,"MRPS28":-2.445923555942216,"TOMM7":-0.5988035943814526,"HIGD2A":0.0,"CHCHD1":-1.1414792619558145,"MRPL37":-2.8874470291119967,"MRPL39":-5.528627186592574,"CLPX":-6.863845268847604,"MRPL41":-4.092118202275021,"MRPS5":-2.972789418789428,"MRPL52":-1.4038670178512584,"TBRG4":-5.0293486693887015,"MRPL13":-3.962787489225081,"MRPS34":-2.6745161628035654,"ACAD9":0.4414278311057601,"GADD45GIP1":-1.7700531000975035,"COX15":-0.27327176780261253,"TOMM22":-4.330394928406669,"NDUFB11":-2.05723727766418,"OXA1L":-0.6832698167418757,"MRPL18":-1.4072321736617983,"MRPL20":-2.566979376338264,"YME1L1":-0.8503812824056647,"PDSS2":-0.5678124182801557,"GFM1":-2.8753825180029806,"MRPL24":-4.018893937352366,"SLC25A3":-1.7532852225463946,"MRPL45":-5.255638970611691,"MRPL50":-4.481836232189322,"SLC25A6":-0.6841718104134901,"MRPL12":-0.1784949609433073,"MRPL30":-4.59238342750012}},"MuSiC CD14 Mono":{"min":-50.0,"max":50.0,"top_text":"High CD14 Mono Correlation","bottom_text":"Low CD14 Mono Correlation","map":{"MRPL24":-4.870961159785353,"TIMMDC1":0.06216292628172758,"MRPL37":-2.65349760792184,"MRPL2":-1.5578930544709675,"MRPS30":-3.671560443439892,"MRPL4":-1.622063601415243,"CLPX":-9.464869034106277,"GFM1":-2.329181240232404,"HIGD2A":0.0,"MRPL47":-5.382550856686785,"MRPL42":-0.9013284120475913,"CYC1":-1.8431299542367092,"NDUFAF4":-2.9237097488540105,"YME1L1":-1.4341842312096278,"OXA1L":-0.7901995979665206,"GADD45GIP1":-1.5934535010284772,"MRPS2":-2.4932441534587206,"TOMM22":-3.8445095386909083,"SLC25A3":-1.2068920719494851,"TOMM7":-1.5178462343823544,"MRPL58":-6.2897492008187,"MRPL13":-4.336676392100727,"MRPL50":-3.5686609130281477,"FAM162A":-1.3837755246836922,"MRPL52":-3.9518842414691515,"MRPL17":-6.263900984818866,"ACAD9":0.694617689042393,"CHCHD1":-0.4870859924991819,"MRPL45":-5.380977951052405,"MRPL15":-5.960478121978709,"MRPL44":-2.9984957721475696,"MRPS5":-2.506288577238485,"TBRG4":-4.737983194931628,"MRPS34":-2.5731518196945364,"MRPL20":-1.870886354587174,"SLC25A6":-0.17762809028898502,"NDUFB11":-2.05608391777467,"MRPL39":-3.952089795938563,"MRPL12":-0.46123729361953825,"MRPS28":-2.596626166065084,"PDSS2":-1.1199975214325566,"MRPL53":-1.1988296041401822,"MRPL41":-4.549002556182647,"RARS2":-1.6137553140715737,"COX18":-1.4739861182657747,"TIMM23":-3.426899325180114,"COX15":-0.04694274421905628,"OCIAD1":-5.897706755296865,"MRPL30":-5.566051208520734,"MRPS31":-2.3746858237307915,"MRPL18":-1.5188106366899747}},"Mutation FLT3 ITD":{"min":-10.0,"max":10.0,"top_text":"High FLT3 ITD Correlation","bottom_text":"Low FLT3 ITD Correlation","map":{"MRPL39":5.763241828336358,"MRPL41":4.920552216886408,"TOMM22":0.5098625370506714,"CYC1":2.1745486499043913,"MRPS2":2.1018367616885114,"MRPL44":2.355846262940983,"NDUFB11":0.9876043066263482,"RARS2":3.136689899945758,"MRPL17":3.6478083006781725,"TBRG4":0.3993327888058193,"SLC25A6":2.8717686203918955,"TOMM7":0.9394296014593884,"OCIAD1":1.5506698765456155,"COX18":0.5202743708240908,"GADD45GIP1":1.7336327166655106,"HIGD2A":0.0,"MRPL45":2.8693173896673088,"NDUFAF4":0.09335214419040563,"MRPS5":3.9210306758752913,"MRPS28":3.717007902389914,"MRPS34":5.8817182085020665,"CLPX":0.3434020352874948,"MRPL18":2.0022528858935904,"ACAD9":0.7551140308823935,"MRPL47":3.6089286121353057,"TIMMDC1":3.042728496169407,"GFM1":0.8879254539007689,"MRPL30":2.3987719619451147,"MRPS31":4.412338918750167,"FAM162A":0.150071222791074,"TIMM23":0.1968438271514419,"PDSS2":0.4792172014481598,"MRPS30":2.7799265509467994,"MRPL24":3.013123218347638,"CHCHD1":1.0435848976027742,"MRPL2":2.3456383189801184,"MRPL58":3.5611975689514708,"MRPL12":0.587593458917804,"YME1L1":-0.1246432979921585,"MRPL37":3.744493898435307,"OXA1L":1.7215552417482465,"MRPL13":2.016540874681728,"MRPL4":1.6282128230016883,"MRPL20":2.912387892388647,"COX15":0.4805650285419249,"MRPL52":2.8245099498516724,"SLC25A3":1.9633199272500041,"MRPL53":2.7977416546691143,"MRPL50":2.9759153457034566,"MRPL15":3.259800888017047,"MRPL42":1.8096491287745298}},"Mutation NPM1":{"min":-30.0,"max":30.0,"top_text":"High NPM1 Correlation","bottom_text":"Low NPM1 Correlation","map":{"ACAD9":-0.6006761520158459,"GADD45GIP1":0.3591784289115967,"MRPL45":0.7642921514312825,"MRPL2":0.3114655234450475,"MRPL53":1.2794297453688717,"MRPL17":1.7317643456011012,"MRPL18":1.1522709250050305,"MRPL20":1.2799946805421414,"CHCHD1":0.999471521402136,"HIGD2A":0.0,"MRPL15":-0.23501608123634316,"MRPL24":0.4847824974998817,"TOMM22":-0.19230741435246737,"MRPL58":0.7631247002858834,"MRPS28":3.963288825812079,"PDSS2":-0.2719905833392196,"NDUFB11":-0.1284421544352362,"MRPL30":0.977522412921049,"OXA1L":0.23181904439369777,"OCIAD1":1.0736056301648607,"RARS2":-0.31584880805993065,"MRPL44":0.6798909111803294,"FAM162A":-1.1423117266573237,"MRPL42":0.4063467988886651,"TIMM23":-0.2678556880170776,"TIMMDC1":0.20145580026210863,"COX18":0.14704701464855496,"GFM1":0.36819126807203173,"MRPL4":0.08487060796196753,"MRPS31":1.4942503326344354,"MRPL39":1.3422950684863766,"MRPL52":2.522890571121732,"MRPL12":0.6045479581093558,"MRPS2":1.1401979742111295,"CYC1":0.1290006986103178,"MRPS5":2.17267037643857,"SLC25A3":-0.07958858990626201,"MRPS30":0.30167460205182495,"MRPL37":0.9915017636875699,"MRPL41":1.1105453521985043,"COX15":0.026918871389515132,"MRPL13":0.6143128647620961,"CLPX":-1.0426857172490134,"YME1L1":-1.8316138417442982,"MRPL47":0.7497580480668051,"NDUFAF4":-1.3510312611472286,"SLC25A6":0.6572303523727787,"TOMM7":0.999939848206931,"MRPL50":1.3522789071854149,"MRPS34":3.173964823154697,"TBRG4":-1.9210364164709122}},"Blast Percent":{"min":-11.0,"max":11.0,"top_text":"High Blast Percent Correlation","bottom_text":"Low Blast Percent Correlation","map":{"OXA1L":0.018097499473421107,"TIMM23":-0.104199141184724,"SLC25A3":0.005932196358431744,"TOMM22":0.5387610841047338,"CYC1":0.34399769087185506,"TIMMDC1":0.023673885335846884,"MRPL20":0.7572394455860095,"MRPS28":2.599536458151193,"NDUFAF4":3.945809673181137,"NDUFB11":0.3829612329850596,"MRPL24":0.6777734724578087,"RARS2":0.6008049264104655,"YME1L1":-0.5251497639464953,"COX18":0.14163511114209407,"PDSS2":-0.1436679724295352,"MRPL53":1.5942762216708997,"COX15":-0.2970110069091085,"MRPL39":1.2387908826233442,"OCIAD1":0.6310823871686287,"MRPS30":1.3183878571180176,"GFM1":1.6921911680794717,"MRPL12":0.43344205512346917,"MRPL44":2.135300294547394,"MRPL52":2.3289609663826423,"CLPX":2.0045632776453153,"MRPS2":1.8144277797889559,"MRPS5":2.490283328736738,"FAM162A":-1.290237590973945,"HIGD2A":0.0,"MRPL58":1.8040882455502605,"CHCHD1":0.6698948714357553,"SLC25A6":0.5793088758864893,"MRPL47":2.838557979612867,"ACAD9":-0.37656864643158616,"MRPL2":0.7810781748605428,"MRPL13":1.362659651124913,"MRPL4":0.2417683084869882,"TOMM7":1.5068673832111477,"MRPL50":1.8609838868715027,"MRPL15":1.996153355100815,"MRPL42":0.7597665780932147,"MRPS31":0.8927074776025233,"MRPL37":1.0106335866019105,"MRPL30":1.8934890627968033,"MRPL41":1.6719325462200296,"MRPL17":4.945237911983778,"MRPS34":7.04530147633551,"GADD45GIP1":0.19659993261290065,"TBRG4":0.6834873137899475,"MRPL18":1.9335958385905707,"MRPL45":2.1148897370168402}},"Overall Survival":{"min":-6.0,"max":6.0,"top_text":"High Survival Correlation","bottom_text":"Low Survival Correlation","map":{"MRPL52":0.6850334132222596,"PDSS2":-0.160270161016522,"TIMM23":0.03925592805847368,"NDUFB11":0.2301544428868229,