{"Mutation FLT3 ITD":{"min":-10.0,"max":10.0,"top_text":"High FLT3 ITD Correlation","bottom_text":"Low FLT3 ITD Correlation","map":{"PPCS":0.2867628578550184,"UBE2D1":0.0,"QDPR":1.1534099559626325,"P4HTM":2.583298378201658,"NUDT18":1.3498413636417963,"C16orf86":2.328583350603142,"IDH1":5.324394970632447,"MACROH2A2":4.313394547807938,"STING1":2.6349911637495715,"LACTB":0.2227042461190962,"GATD1":0.6664182604226893,"CLNS1A":1.3473766891663728,"GLO1":-2.8225263782488463,"FPGT":-0.2797695631802881,"LRRC20":0.32144329594739285,"MTMR14":-0.2061804632500427,"PLXNB2":0.6798684492442585,"ATP6V1B2":0.8329947436095008,"EML2":0.05128840404752287,"GMPS":0.987616208594753,"UQCRC1":2.3562767945951473,"TRADD":0.2473665404527802,"IRF3":-0.22676189695755908,"CCDC6":2.9391609915077237,"COX5A":2.2103108331551917,"SDSL":4.103854737421388,"STIP1":-3.1492468612805578,"OTUB1":0.4386015424410824,"COX8A":0.4376282038966664,"IGF2BP2":5.272551908802557,"UBE2N":0.2428078233943178,"GSTK1":1.687286429316474,"PCBD1":0.26571796338604015,"MYO1G":0.5754637992244009,"HEATR3":3.3321904504738007,"EVI5L":-0.12089804258284013,"NIT2":4.3738651768052135,"HPRT1":0.16030616286860727,"HEATR5B":3.3296888841081285,"COX4I1":1.36647793888403,"AHNAK":1.936195072061582,"COX5B":1.6705248078394104,"GSTP1":0.7840596002618285,"PPA1":1.580455988334028,"ARHGAP4":0.23793450625243256,"ATXN3":0.780004067839936,"ADAP1":0.31345403945062567,"EIF1B":2.388715502166609,"AK2":2.448540200264255,"PRDX3":4.151124143873073,"CARD9":4.506191028072352}},"Mutation NPM1":{"min":-30.0,"max":30.0,"top_text":"High NPM1 Correlation","bottom_text":"Low NPM1 Correlation","map":{"COX4I1":0.6647650558440731,"SDSL":11.240960834673466,"UQCRC1":0.7652394761201871,"FPGT":0.5579859997582237,"LRRC20":-0.12844690035913447,"NIT2":4.552999601572779,"HEATR5B":7.473255991014345,"GSTK1":5.116382789449968,"LACTB":4.308141566313279,"COX5A":1.4408743086420104,"GATD1":3.9879372849407724,"ARHGAP4":-0.6203407684436311,"MYO1G":2.1101084581139515,"PRDX3":3.4462121417624467,"HPRT1":0.3842373572017571,"COX8A":-0.29969750753842095,"NUDT18":6.1264618741958605,"PPCS":1.4679458297882324,"QDPR":1.0792948019970283,"IDH1":5.744188676703835,"P4HTM":7.725742378369777,"STIP1":-5.822965178151434,"TRADD":1.8049525497582453,"PPA1":11.483984760682988,"IGF2BP2":15.75122842663032,"GSTP1":0.513404677371273,"EIF1B":3.5496613122959575,"ADAP1":2.2205854746473173,"STING1":6.712034553619213,"PLXNB2":2.8661540148948155,"UBE2D1":0.0,"C16orf86":3.9015500858501584,"HEATR3":9.168307708194192,"GLO1":-2.9983885229353224,"UBE2N":-1.4193757026652902,"PCBD1":-0.04980877561435394,"CARD9":12.569842198306707,"EVI5L":-0.14308085704774456,"OTUB1":3.6148980954327676,"MTMR14":-1.0540316570406347,"GMPS":0.33798352111368973,"AHNAK":6.420454649014881,"IRF3":0.14227423830336283,"MACROH2A2":8.158887274779188,"ATP6V1B2":2.0425462879495777,"COX5B":0.7726167536010533,"EML2":2.35353870240907,"ATXN3":0.5094843848576791,"CCDC6":8.69250839590454,"AK2":12.88833722841369,"CLNS1A":0.9293825340955328}},"NPM1 Subtype":{"min":-37.0,"max":37.0,"top_text":"Committed NPM1 Subtype","bottom_text":"Primative NPM1 Subtype","map":{"UQCRC1":-1.7275987899360667,"IDH1":5.216607427388055,"MTMR14":16.058559670358587,"COX5B":-0.07222238224699476,"EIF1B":-0.43526564418375935,"STING1":0.8990932018490624,"CCDC6":1.6667144952208774,"NIT2":-0.15097039537011855,"HEATR5B":4.3210078670262835,"AHNAK":8.715866106867677,"PLXNB2":15.21839217409097,"P4HTM":-0.36127322626479447,"CARD9":7.24001965074688,"LACTB":10.766741316260394,"CLNS1A":-0.9625821579436733,"ARHGAP4":2.715614006486543,"TRADD":5.484736995919324,"ADAP1":15.247703461213998,"GSTK1":1.2477603206302261,"IGF2BP2":-0.36207987158779803,"PPA1":2.1190291681427738,"FPGT":10.074808762148066,"HPRT1":0.9933407704837638,"AK2":2.181329064194846,"COX8A":0.4680638686980566,"EVI5L":9.556408065449903,"ATXN3":0.13093517055610016,"LRRC20":0.5763384471079637,"HEATR3":7.320277006080036,"C16orf86":-4.522705434134297,"COX4I1":0.2180424024938705,"MYO1G":3.993861348781887,"EML2":13.344989183021832,"PPCS":3.185370529765645,"IRF3":3.339142357246347,"UBE2D1":0.0,"SDSL":-0.07677753681197269,"PCBD1":-0.12452913709910038,"NUDT18":2.055124042231676,"STIP1":0.24001474678749496,"MACROH2A2":1.3651603771753877,"COX5A":-0.0912481299382667,"UBE2N":-0.05581377379131052,"GSTP1":2.3037474555855755,"PRDX3":0.6815997034513889,"QDPR":-1.0750680289966452,"GMPS":-1.034501539418509,"OTUB1":5.050596463124636,"ATP6V1B2":12.291190426821952,"GLO1":-2.5503171693905315,"GATD1":4.467110826826411}},"MuSiC CD14 Mono":{"min":-50.0,"max":50.0,"top_text":"High CD14 Mono Correlation","bottom_text":"Low CD14 Mono Correlation","map":{"P4HTM":-0.42845882408699465,"IGF2BP2":0.11620299239318363,"OTUB1":6.975741169799056,"CCDC6":4.674996301802219,"CLNS1A":-0.7362137781052968,"PPCS":8.024958617831423,"SDSL":1.5842774496265832,"LRRC20":0.935568696305598,"STIP1":0.2530565128372497,"COX4I1":-0.019810555215715165,"GLO1":-1.5956796844676873,"PLXNB2":19.826396915504365,"STING1":1.578940996779836,"FPGT":17.757934093609915,"TRADD":8.49908129311183,"EVI5L":10.229985138607471,"HPRT1":1.7847805512298123,"GATD1":5.124339043901065,"UQCRC1":-0.7886263116838331,"C16orf86":-1.9569668579331099,"UBE2D1":0.0,"CARD9":11.784820522369865,"ARHGAP4":2.9880118184741575,"NUDT18":4.157749494050525,"QDPR":0.10638958984785982,"GSTP1":3.759673504721934,"COX8A":-0.126146137004691,"MYO1G":6.839583435298398,"UBE2N":0.15371404614701137,"PCBD1":0.11209487278215531,"LACTB":13.88724844515042,"AK2":3.8722711440610107,"AHNAK":9.114723368547178,"GMPS":-0.4842488842701872,"MTMR14":18.781709990387995,"PRDX3":0.4673414851791056,"ADAP1":23.080259553533388,"ATP6V1B2":21.474732911588134,"PPA1":4.141029396677128,"HEATR5B":7.987248968906412,"IDH1":10.666140746227597,"IRF3":2.2270305679827054,"ATXN3":1.6405882468988553,"EML2":18.056424975664633,"EIF1B":0.2864558798236646,"MACROH2A2":3.928083201485347,"COX5B":-0.18662269394292075,"GSTK1":2.341741469491853,"HEATR3":7.5611672115175725,"NIT2":0.12606426701813203,"COX5A":0.2648524131197143}},"Blast Percent":{"min":-11.0,"max":11.0,"top_text":"High Blast Percent Correlation","bottom_text":"Low Blast Percent Correlation","map":{"EVI5L":-4.358717853819473,"NIT2":1.5781200166846363,"LACTB":0.09341300717082612,"EML2":-3.1200324648755835,"COX5A":0.6845688229481113,"COX8A":-0.768880794484098,"ARHGAP4":0.10000243799958387,"PPCS":-2.2687227549603777,"FPGT":-4.691552117173355,"PPA1":-1.1003408286475538,"CARD9":-1.0541470041886243,"GLO1":-0.1404692564220079,"C16orf86":4.165367846572817,"HPRT1":-0.8512865192324124,"OTUB1":-0.6823511588334613,"PCBD1":-2.382163131267581,"GSTK1":0.7136607009463741,"ATP6V1B2":-3.502846909756223,"UQCRC1":1.117369151011468,"COX5B":-0.059789867525400435,"MTMR14":-3.9525230031535363,"PRDX3":2.8224292872538896,"LRRC20":-0.13499626291322614,"SDSL":-1.016592730373371,"TRADD":-0.054076475261669726,"P4HTM":0.9874762037385502,"QDPR":-0.22410963376826473,"HEATR5B":-0.01534404464528944,"ADAP1":-0.6626993583635679,"IRF3":-0.2257971583362443,"GSTP1":-0.20572044204988585,"AHNAK":0.4641908640782172,"ATXN3":-0.9283273317280136,"NUDT18":-0.7642055631848276,"HEATR3":-0.016817061601248833,"EIF1B":-0.3170470519627663,"AK2":1.0253457203173955,"PLXNB2":-0.7221043258173302,"STING1":0.5818791324184751,"CLNS1A":-0.3078763780420362,"CCDC6":-1.9338045860973672,"MYO1G":0.3930606370497704,"IDH1":-0.36763069031835854,"MACROH2A2":-1.6808941403156055,"GATD1":-0.427451627600588,"STIP1":-1.502014552609409,"UBE2D1":0.0,"COX4I1":0.009647545179321345,"UBE2N":-0.5005158387228695,"GMPS":0.2612894574302468,"IGF2BP2":2.1299431435690366}},"Overall Survival":{"min":-6.0,"max":6.0,"top_text":"High Survival Correlation","bottom_text":"Low Survival Correlation","map":{"PCBD1":0.06494723260821905,"UBE2N":-0.6702398410257597,"LRRC20":-1.3669386344851873,"LACTB":0.3258590816716358,"PPCS":-1.3403061537794512,"AK2":0.10062136945773596,"NUDT18":-0.3249988959354875,"IRF3":0.2953396224745949,"P4HTM":-0.5614704337937865,"HPRT1":-1.4183502751593104,"STING1":0.24065509468991034,