{"Overall Survival":{"min":-6.0,"max":6.0,"top_text":"High Survival Correlation","bottom_text":"Low Survival Correlation","map":{"KAT6B":0.23610503407489,"RNF2":-2.377289758397529,"BCOR":-0.39807770868126163,"PCGF1":-0.17361153335158624,"PATZ1":-0.323458722244866,"RERE":-0.024080419443676997,"BCORL1":-0.795387150161716,"HDAC1":-0.04023659155705505,"PRR12":-0.023419080218383084,"ZNF174":0.032524867308922775,"HMG20A":-0.5705323853403363,"WDR5":-0.5549702440508997,"ING4":0.2781672078032656,"MYC":-0.09746207262172309,"CREBBP":-0.13014199665467036,"KDM2B":-0.012032041977503627,"CBX8":-0.49066026889139736,"ZNF865":0.2766341840231856,"L3MBTL2":0.1817343053937926,"CBX2":-0.7480663997392727,"WIZ":-1.8415182202775933,"ZNF691":0.03236357711308761,"BCL2":0.5677552291718375,"EP300":-0.33887591101364556,"UHRF2":0.04431577490771742,"RBPJ":-0.3842929831406766,"RING1":-1.479382540453587,"RNF169":-1.1079462985328707,"PHC3":-1.5785086873389176,"KDM2A":-0.2166689854494676,"STAG2":-0.5781420587341565,"POGZ":-1.7499935033056957,"CBX4":-0.0176208185702404,"YLPM1":-0.9832477647869127,"BRD4":-0.7188798649332288,"KMT2B":-0.6027248199944916,"DOT1L":0.3142630582623296,"TOR3A":-0.41152803351507705,"MDC1":-0.31806716692383624,"SNAPC4":-0.659504595539839,"PCGF6":0.07264478339516932,"PPM1D":1.2622792120353925,"MGA":-0.1890848924113294,"CHAMP1":-0.48644341635467686,"ZNF768":0.11102154008199912,"PHC2":-1.0226796310989352,"POLR1E":-1.7448081807433278,"ADNP":-0.5935639364265656,"PHC1":-1.1345963329946385,"SAP18":-0.4674504633327721,"CBX3":-0.6915940276568578}},"Blast Percent":{"min":-11.0,"max":11.0,"top_text":"High Blast Percent Correlation","bottom_text":"Low Blast Percent Correlation","map":{"CBX2":2.1821370246020777,"SNAPC4":4.4219314600674124,"KMT2B":1.5384759967454373,"EP300":0.862749302531665,"HMG20A":4.9897150198088385,"RNF2":3.6644621413956906,"CBX8":4.164972800439358,"RNF169":1.4248606334276286,"STAG2":0.5170368309848391,"CREBBP":1.5726914377732641,"PCGF1":0.4667047327125472,"BCORL1":1.357840615798868,"ING4":7.678630667589969,"ZNF691":3.2981536982622,"POGZ":5.5898615690738485,"ZNF865":0.650986146117041,"PCGF6":2.1315813075454155,"RBPJ":-0.7329074367654238,"MGA":5.211465612001093,"PPM1D":0.23814180715699185,"RING1":3.2927759030219765,"L3MBTL2":2.0147706278391544,"POLR1E":2.6228283215015646,"DOT1L":0.38078226741680704,"ADNP":5.426808320522711,"PHC3":2.4285108626788974,"MYC":0.7481112329162724,"KAT6B":0.5887584187272239,"BCL2":2.166857675295965,"WIZ":4.786656647743804,"MDC1":3.5036569781819322,"YLPM1":4.881595689449425,"CBX4":0.6793070698884752,"BCOR":1.2103545135670706,"CBX3":2.5834295058211407,"ZNF768":3.234265482526497,"RERE":3.7769960439905703,"UHRF2":2.7213973676588474,"SAP18":5.7317555385395185,"CHAMP1":4.638800791049467,"KDM2B":1.5359503169201967,"PHC1":1.9525018091977788,"HDAC1":4.408129367480514,"TOR3A":-1.9406071225965646,"PRR12":2.952048261445609,"PHC2":2.8966835686478642,"BRD4":1.288643145429348,"WDR5":4.479767002461924,"KDM2A":0.04030209000668692,"PATZ1":2.675809001044961,"ZNF174":0.5822282311143423}},"Mutation FLT3 ITD":{"min":-10.0,"max":10.0,"top_text":"High FLT3 ITD Correlation","bottom_text":"Low FLT3 ITD Correlation","map":{"MDC1":-1.7276252283964555,"ZNF865":-0.7822594311767712,"SNAPC4":0.135364880535397,"DOT1L":-3.27366758829039,"EP300":-0.034602454011254884,"BCORL1":-3.1444483382159154,"KMT2B":-2.352221175389733,"RBPJ":-0.16080448967666422,"BRD4":0.18355071889476207,"ADNP":0.18408555971675689,"HMG20A":0.26114458119182477,"SAP18":0.32178536912051087,"UHRF2":-0.5938174871089239,"WDR5":-0.23921487223671387,"CBX3":0.478261421403452,"RING1":-0.7401503490888585,"ZNF768":0.32155560537268657,"MGA":0.8230390184230322,"KDM2B":-1.8247042237549218,"PRR12":-1.351232567231665,"ZNF691":-0.5827419118608761,"CHAMP1":0.036937339852431965,"CBX4":-0.3786474175270041,"CREBBP":-0.03150655904984637,"PCGF6":0.9404986483380384,"TOR3A":-1.3600189845500765,"PPM1D":0.6276411493012197,"MYC":0.29382053195509006,"HDAC1":0.25427844551869644,"RNF2":0.6845526946430179,"RNF169":-2.4880415083433705,"BCOR":-1.8822746295808672,"PCGF1":-1.3311944492067571,"CBX2":-1.0187908754632367,"PATZ1":-0.663537595116712,"KAT6B":-1.509382983932571,"PHC1":0.5762172897044564,"PHC2":-0.8552558153053704,"YLPM1":0.7971847480772121,"L3MBTL2":-0.894826877028311,"BCL2":-0.6344549946676774,"PHC3":0.6395322631316498,"KDM2A":-1.8998415272782634,"STAG2":-0.6300289854147939,"POLR1E":0.6898211990312643,"ING4":0.22734929860599162,"ZNF174":-2.180453492061079,"POGZ":0.058755504574832286,"CBX8":-0.33660354539502874,"RERE":0.03380388220272987,"WIZ":-0.7692608908420119}},"Mutation NPM1":{"min":-30.0,"max":30.0,"top_text":"High NPM1 Correlation","bottom_text":"Low NPM1 Correlation","map":{"ADNP":-0.18151071700362442,"BCL2":-2.280867832752229,"RNF2":1.1242591791620595,"ZNF865":-1.9877379477175303,"SNAPC4":0.28977039968059015,"PHC1":0.9009152623075687,"RBPJ":-0.08464462531264881,"CBX2":-3.8666223856323203,"SAP18":0.9087472987652537,"RERE":0.028066808530985695,"PCGF1":-2.265951380430498,"KDM2A":0.34783006688690754,"CBX4":-0.33544061499503924,"YLPM1":1.1389748274698623,"PATZ1":-0.4689286101132556,"KDM2B":-1.2695446655047398,"POLR1E":0.40857927065745425,"DOT1L":-3.2078037678108626,"PRR12":-1.0790970380446245,"L3MBTL2":0.8076123428734295,"MGA":1.7880183952872128,"MYC":-0.10168434394597319,"RING1":-0.1964881819672533,"CBX8":-0.014722469167302403,"PHC3":0.052193017840840426,"UHRF2":-2.7233394944246325,"HMG20A":0.16690610058578387,"PPM1D":0.3690703952835848,"WDR5":-0.03650034802598876,"BCORL1":-2.993303630161304,"EP300":1.1861962538320805,"ING4":0.16538365367139857,"KMT2B":-0.24495083072997828,"CHAMP1":-0.3039858892666016,"STAG2":-0.3317857917536608,"PHC2":-0.8670853591005847,"TOR3A":0.10280295957108032,"BRD4":-1.0693798516051412,"WIZ":-1.2247482815251576,"KAT6B":-8.48553805756178,"MDC1":-0.9598751405064925,"ZNF691":-0.3713077141689094,"ZNF768":0.16034236915301317,"BCOR":-0.3390647721146213,"HDAC1":0.42857678154086615,"ZNF174":-1.1456133843489473,"RNF169":-0.9330103809755217,"POGZ":-0.10583391083901417,"PCGF6":0.183887973334178,"CBX3":-0.18523022540010833,"CREBBP":-0.0055025576709553815}},"NPM1 Subtype":{"min":-37.0,"max":37.0,"top_text":"Committed NPM1 Subtype","bottom_text":"Primative NPM1 Subtype","map":{"RERE":-4.383527135802044,"ADNP":-14.496376424468377,"POGZ":-12.102713427173365,"PPM1D":2.901533076073884,"CBX4":-3.8396050326029547,"PCGF1":-1.9906058393397181,"ING4":-13.108073383836816,"ZNF174":-3.1119401425006896,"CHAMP1":-10.945162710677655,"MDC1":-6.161477820690508,"RING1":-6.355307846742594,"ZNF691":-6.347612097316992,"BCOR":-4.710524236795981,"HMG20A":-16.635650461594825,"ZNF768":-8.75116249597951,"PHC2":-2.467127808113453,"KDM2B":-4.754369717192126,"DOT1L":-1.7942303092086613,"ZNF865":-1.859277896056507,"PRR12":-5.623396576886658,"PHC1":-13.751229375346805,"WIZ":-16.461337163166327,"CBX2":-13.44459899594699,"RNF169":-5.504395875430971,"EP300":1.921502290883876,"RBPJ":4.076277746931665,"BCORL1":-4.998450642400784,"CREBBP":1.29703655263025,"SAP18":-7.323283109103374,"KAT6B":-4.907590094602709,"TOR3A":10.625186985858242,"POLR1E":-10.925333612076162,"CBX8":-8.065239622471069,"WDR5":-3.554046379510762,"RNF2":-9.646383838273994,"KDM2A":7.328023761010458,"KMT2B":-3.204146862490907,"BRD4":-4.638999711906336,"SNAPC4":-8.531536438364435,"L3MBTL2":-2.9972735277406617,"UHRF2":-10.196884231045248,"PATZ1":-10.387851486292423,"STAG2":-0.24052775237201937,"MGA":-8.741331611854589,"PCGF6":-6.029084001031047,"BCL2":-7.180638157906271,"YLPM1":-10.687924278915172,"MYC":-2.814978620299115,"HDAC1":-5.655537515814193,"CBX3":-6.735438819020371,"PHC3":-8.397453557641448}},"MuSiC CD14 Mono":{"min":-50.0,"max":50.0,"top_text":"High CD14 Mono Correlation","bottom_text":"Low CD14 Mono Correlation","map":{"BCOR":-7.962926116928642,"BRD4":-3.6745782819782855,"DOT1L":-5.4060131459323815,"CBX8":-7.019000377219044,"CBX2":-14.176458360017358,"RING1":-4.684863223648771,"PATZ1":-12.040037563092229,"MDC1":-8.248967719141568,"YLPM1":-14.303236149967566,