{"Blast Percent":{"min":-11.0,"max":11.0,"top_text":"High Blast Percent Correlation","bottom_text":"Low Blast Percent Correlation","map":{"FAM53C":0.0,"KMT2D":3.1383594364130416,"XPO7":-3.4234483996875924,"PRKAR1B":-0.7056411062689883,"RNF169":1.4248606334276286,"SLC25A52":0.0,"RICTOR":-0.011834535413421856,"PPP4R2":1.4351055085581041,"FAM117A":0.13427270863601048,"LZTS2":1.337638644816477,"PLEKHA5":3.060926571552136,"LUZP1":1.5147425868464015,"LPIN1":0.44561678297923446,"KIAA0232":-0.20607899453126696,"NUP153":5.2992521352515505,"DDHD2":0.7694601771945097,"WDR26":-2.0703198261757167,"CREBBP":1.5726914377732641,"EP300":0.862749302531665,"PRKACB":0.942789693246557,"UBQLN2":-0.14840803279747314,"DCAF7":2.2017049539085085,"PSMD5":-0.4103514590303919,"PDCD6":0.41363985816098403,"CAND1":-0.22250843543020635,"USP7":-0.17952181335902687,"POM121":1.0098155551783399,"DAZAP2":-0.07612521598388272,"EPS15":-1.5439454438095745,"TRAF3":-2.42094848192469,"OPA1":4.419920897871041,"DOCK7":0.2428330025794907,"MED23":2.8919832692906344,"SEPTIN11":0.033795610509907495,"NUP98":4.570249574108408,"RFX7":2.298210215106387,"DYRK1A":-0.2746656524904478,"LZTS3":0.0,"XRN1":-0.8079886931784954,"LRBA":-2.2676852663450657,"SFPQ":3.2477043252316165,"TNKS1BP1":0.8793004804968344,"CALCOCO2":-0.016961343499446183,"SPTBN1":1.0543506133036973,"CIC":0.5457778152389781,"PEF1":0.05503973919579886,"SPTAN1":1.0856952857683384,"FZR1":-0.6565589440014413,"AKAP8L":4.326601468319486,"SQSTM1":-1.0709752577907659,"DYNLL2":0.513423078618417}},"Overall Survival":{"min":-6.0,"max":6.0,"top_text":"High Survival Correlation","bottom_text":"Low Survival Correlation","map":{"DAZAP2":0.5894402369240079,"PLEKHA5":0.34137677806210615,"XPO7":-1.1131745688244954,"TNKS1BP1":-0.4334996889349773,"RICTOR":0.15954688648374574,"EP300":-0.33887591101364556,"AKAP8L":-0.35452458991396946,"WDR26":0.0015012941901568694,"DOCK7":-0.24130253404159072,"DYNLL2":-0.19161450100808172,"LZTS2":-1.1800159275573285,"CREBBP":-0.13014199665467036,"SLC25A52":0.0,"USP7":-0.21921626275164896,"KMT2D":-0.7175952780378569,"LRBA":-1.464776302549817,"LUZP1":-1.2274238778333009,"SPTAN1":-1.016333057897643,"POM121":0.0010247732768143515,"SPTBN1":-0.7211199948711681,"SFPQ":-1.7834089660420729,"RFX7":-0.06508532119980623,"CAND1":-1.0703811446593767,"CIC":-0.2769441108597269,"LPIN1":-1.189032972264377,"OPA1":0.33062117398421986,"TRAF3":-0.752550069218948,"UBQLN2":-0.07740652235709823,"XRN1":-0.1973261744882887,"NUP153":0.03765312967793147,"LZTS3":0.0,"PPP4R2":0.2655760915827564,"DCAF7":0.025576315871556395,"PSMD5":-1.32288973780023,"SEPTIN11":-0.7387201630361024,"KIAA0232":0.036232056700148334,"PRKACB":-0.18302338836330123,"PRKAR1B":0.26766092172468564,"MED23":0.03315063691660989,"SQSTM1":0.7218164811438149,"NUP98":-1.6544580285012938,"FAM53C":0.0,"FZR1":-0.4894040441681836,"EPS15":-0.047105606174246896,"DDHD2":-0.32566827774752066,"DYRK1A":-0.33711459088641854,"RNF169":-1.1079462985328707,"PDCD6":-1.769872019430935,"PEF1":-1.6177053940605324,"CALCOCO2":-0.0888603426263438,"FAM117A":-0.24919408530550852}},"Mutation NPM1":{"min":-30.0,"max":30.0,"top_text":"High NPM1 Correlation","bottom_text":"Low NPM1 Correlation","map":{"TNKS1BP1":-2.5120491689349236,"RNF169":-0.9330103809755217,"CAND1":-2.084174301256255,"UBQLN2":-3.32861709704915,"EP300":1.1861962538320805,"EPS15":0.13437273436317224,"FAM53C":0.0,"KIAA0232":0.39075791321383535,"PDCD6":-3.3466479163134353,"LZTS3":0.0,"SEPTIN11":-1.0445226121216447,"PPP4R2":2.780370741250556,"CIC":-1.5795653168798245,"FAM117A":0.09634796842820836,"DAZAP2":0.9276318718812017,"CREBBP":-0.0055025576709553815,"AKAP8L":-0.16083567829518003,"LPIN1":5.721223416452479,"WDR26":-1.1557070566366074,"PLEKHA5":-1.421580611957655,"DOCK7":-1.5530440545367767,"LZTS2":1.3154120365349125,"PSMD5":0.18199005254034753,"NUP153":0.8629674349443621,"DCAF7":-0.5874534026997669,"FZR1":0.02603703921379268,"TRAF3":-3.2059579024645535,"SLC25A52":0.0,"LRBA":-1.5160152653669894,"XPO7":-4.138952524586539,"RFX7":-0.12044838952668901,"POM121":-0.38014004452460276,"SQSTM1":2.0558057047611222,"PRKAR1B":-2.2424219971551937,"USP7":1.5848326548981395,"PRKACB":1.2248864099898367,"SFPQ":0.22822304369854943,"NUP98":1.7788267423514068,"KMT2D":-0.31608180172020967,"DYRK1A":-4.161333774168971,"PEF1":-3.7177927089414537,"DYNLL2":-0.766589175571308,"XRN1":-2.934579783418238,"DDHD2":0.29973307434639546,"SPTAN1":-3.7057479924424404,"CALCOCO2":-0.48451489230006306,"OPA1":1.0588051143409076,"SPTBN1":-3.552497252214615,"MED23":0.20176158339097386,"RICTOR":-10.105026364493801,"LUZP1":-1.5884919055463464}},"NPM1 Subtype":{"min":-37.0,"max":37.0,"top_text":"Committed NPM1 Subtype","bottom_text":"Primative NPM1 Subtype","map":{"SFPQ":-7.181083871906167,"FZR1":-0.929417124241057,"SPTBN1":-2.5284204448375616,"PLEKHA5":-7.170521671219666,"DAZAP2":0.9326283906587097,"AKAP8L":-10.383931794562253,"DDHD2":-7.319463648136082,"DCAF7":-8.77202294856486,"KMT2D":-2.9282875863202156,"NUP98":-3.629357145483136,"UBQLN2":-0.9827569287247873,"EPS15":-0.6902018090521044,"PEF1":-1.356791583238814,"RFX7":-14.649334255120129,"CREBBP":1.29703655263025,"TRAF3":-0.18462955152930602,"PRKAR1B":-4.543560847593174,"LZTS3":0.0,"PRKACB":-5.095359294200253,"USP7":-0.14774802264103765,"POM121":-1.638766104245865,"SQSTM1":0.5535871151997752,"FAM53C":0.0,"DOCK7":-5.605742957958063,"PSMD5":0.12280896118743596,"LUZP1":-4.153030879435762,"PDCD6":-1.8631554524702811,"LPIN1":-1.1787517168936201,"CIC":0.6941804164640062,"RNF169":-5.504395875430971,"SPTAN1":-2.1993486908816293,"XRN1":0.8912514839037393,"LRBA":-3.080778536731013,"TNKS1BP1":-9.289484089976408,"DYRK1A":-3.4935634064856744,"CAND1":-1.2909473816782353,"NUP153":-5.266537038683539,"CALCOCO2":1.4316450892887882,"DYNLL2":-3.089191975431689,"KIAA0232":0.4534663562704898,"PPP4R2":-6.332299704818019,"RICTOR":-2.5064783437883857,"OPA1":-8.046098903554151,"LZTS2":-4.543920630820445,"EP300":1.921502290883876,"MED23":-1.7779464334575668,"SEPTIN11":-1.3518597062963615,"XPO7":-0.5517883668343049,"SLC25A52":0.0,"FAM117A":-10.063050124883095,"WDR26":1.575855073361712}},"MuSiC CD14 Mono":{"min":-50.0,"max":50.0,"top_text":"High CD14 Mono Correlation","bottom_text":"Low CD14 Mono Correlation","map":{"CIC":0.008789311224389562,"FZR1":-0.8928244185747809,"RICTOR":-1.860222330021394,"DYNLL2":-2.9095352679293742,"MED23":-2.0833358934614683,"CALCOCO2":0.2296628892008874,"SLC25A52":0.0,"LUZP1":-7.414178687332047,"PSMD5":0.3549566294371989,"DDHD2":-5.047550547015905,"PDCD6":-1.4572581175803059,"SEPTIN11":-1.6079528537402306,"LRBA":-3.568338420016155,"FAM117A":-8.381412594728669,"TNKS1BP1":-12.018511606559004,"DAZAP2":1.1808409480207995,"PLEKHA5":-8.027649145579876,"PRKACB":-3.0538234774380957,"XPO7":-0.18128794301241705,"RFX7":-18.158968330182134,"CAND1":-1.5314979986477768,"USP7":0.7962731218285035,"FAM53C":0.0,"LZTS3":0.0,"EPS15":-0.42042746277745613,"TRAF3":0.13139584212434527,"POM121":-1.867131887276972,"LPIN1":-0.036710079902646416,"WDR26":2.1026482144363925,"EP300":3.2515858328739564,"CREBBP":1.39852344509804,"RNF169":-7.444504430514588,"SQSTM1":1.0106204979758515,"UBQLN2":-0.885556815515554,"PPP4R2":-3.6985760940128545,"PEF1":-1.376164284376069,"SFPQ":-9.17875057507353,"NUP153":-8.366562638117259,"DOCK7":-8.57005227233235,"DCAF7":-12.004081374041544,"KMT2D":-4.32690170861386,"NUP98":-5.271427942323947,"KIAA0232":0.47802886978383924,"SPTBN1":-3.887858720966876,"LZTS2":-3.344158715995544,"PRKAR1B":-5.298846805146362,"DYRK1A":-2.980917986353556,"XRN1":1.2898618310350287,"SPTAN1":-3.8655055577223982,"OPA1":-5.602828430598222,"AKAP8L":-10.113363385980021}},"Mutation FLT3 ITD":{"min":-10.0,"max":10.0,"top_text":"High FLT3 ITD Correlation","bottom_text":"Low FLT3 ITD Correlation","map":{"PPP4R2":0.9547432055626165,"FZR1":-0.7852511264289633,"USP7":2.357916905155225,"SLC25A52":0.0,"RICTOR":-3.9888701782183382,"SPTAN1":-4.205142376223153,"CALCOCO2":-3.226881703992425,"PLEKHA5":1.1050873025646137,"PRKAR1B":0.11186647129237388,"RFX7":0.057713352409644744,