{"MuSiC CD14 Mono":{"min":-50.0,"max":50.0,"top_text":"High CD14 Mono Correlation","bottom_text":"Low CD14 Mono Correlation","map":{"CIC":0.008789311224389562,"PFKFB3":1.859327683549034,"CYTIP":2.0039806538474187,"FCER1G":38.65752229451445,"IFNGR1":23.061245192254635,"NCF4":33.52657798064615,"S100A8":23.248745794365977,"STAT3":1.6690476344231522,"TRAF6":2.6388893798519937,"CDA":27.10264250447734,"FZR1":-0.8928244185747809,"JAK1":2.926238885914246,"TGFBR2":0.0026026150002606777,"CREBBP":1.39852344509804,"VAMP3":10.640187261118777,"FGR":47.92358853616047,"TOM1":25.997680873118075,"LRP10":7.142885361192211,"ALOX5":10.468014285665763,"MCL1":2.6363224565265293,"PTPRJ":29.193824204302903,"CTNNB1":-0.5009367214219028,"NCF2":48.93765806880984,"FYN":11.980012779053814,"HIF1A":0.0,"P2RY13":18.803444875330413,"MYO1F":35.9803479518468,"ARAP1":37.57829757576353,"MEFV":36.143579758867915,"ERMN":0.0,"STX12":18.814768919674385,"RELA":2.6129893009849794,"NCF1":33.26619383709963,"SDCBP":20.89692882911513,"FBXW7":-0.33104197173543726,"SLC20A1":0.0,"ZC3H12A":2.1882437675140136,"BTNL8":0.0,"EGFR":0.0,"DNAJA2":0.6019356003943059,"LITAF":1.6113915584290137,"NLRC4":29.309341608595364,"NFAM1":15.116964559925163,"ACVR1B":0.0,"TAGAP":2.0158753493350376,"PFKFB4":18.801496772364196,"RNF149":0.6870739076683943,"STX6":7.131057574880042,"UBE2D1":0.0,"HK3":39.45954550729712,"C19orf38":26.762342568753116}},"Mutation NPM1":{"min":-30.0,"max":30.0,"top_text":"High NPM1 Correlation","bottom_text":"Low NPM1 Correlation","map":{"EGFR":0.0,"CYTIP":-0.7328805799526077,"SDCBP":0.4816757032533028,"LITAF":-1.2069110658057602,"STAT3":-1.3664060915829441,"PFKFB3":-0.021681470175821435,"STX6":-1.0252416746795006,"RELA":-0.32743348958358015,"FZR1":0.02603703921379268,"ARAP1":1.1360116611991358,"CDA":0.0482885970923996,"C19orf38":-1.1934327672774885,"PFKFB4":-0.17126062264447067,"FYN":-0.017499207158208355,"HK3":1.5429160809313496,"ZC3H12A":0.32659013380176505,"TOM1":1.656218080231841,"S100A8":-1.9797069615275174,"NCF2":0.45457160637262867,"MYO1F":0.06518730630627353,"MEFV":0.3553036205631615,"BTNL8":0.0,"VAMP3":1.6583496368477737,"IFNGR1":2.6436042200176613,"ACVR1B":0.0,"TAGAP":0.24373367660383133,"LRP10":2.07177676673746,"ERMN":0.0,"DNAJA2":0.19011432197994266,"JAK1":-1.0568990482282816,"STX12":0.5799153455234968,"TGFBR2":0.1277246442835394,"ALOX5":0.04376412183641409,"NFAM1":0.06433902260978457,"SLC20A1":0.0,"NCF4":-0.06603614397354492,"CREBBP":-0.0055025576709553815,"CIC":-1.5795653168798245,"NCF1":1.3308727683039403,"NLRC4":-0.8448238774690455,"CTNNB1":0.49678202627901763,"PTPRJ":0.2442680160189355,"TRAF6":0.34286158086840657,"HIF1A":0.0,"FGR":0.5369833495773482,"MCL1":0.6895914126799005,"UBE2D1":0.0,"FBXW7":-0.4292637211251941,"RNF149":-0.9365992816299814,"FCER1G":0.13428119093887145,"P2RY13":-0.004824600234513791}},"Blast Percent":{"min":-11.0,"max":11.0,"top_text":"High Blast Percent Correlation","bottom_text":"Low Blast Percent Correlation","map":{"NCF2":-4.944081293254442,"PFKFB4":-2.9048759661485497,"ALOX5":-3.6304848889865293,"JAK1":-0.26682066514306885,"SDCBP":-5.956989918514914,"TRAF6":-1.9442807383659093,"RELA":-0.730335517409501,"MCL1":-2.8908533266056557,"NLRC4":-6.520024137507555,"HIF1A":0.0,"TGFBR2":-1.3391244648885987,"STAT3":-0.9890547226714489,"TAGAP":-0.21655564420401413,"CREBBP":1.5726914377732641,"RNF149":-1.079198077078502,"HK3":-4.16640944004213,"TOM1":-1.5281815490895754,"PFKFB3":-0.07341847953439422,"CYTIP":-0.7064145182227389,"NFAM1":-4.7503099774963,"NCF1":-3.8197172140356055,"IFNGR1":-0.4560371105402709,"STX6":-4.118337278550534,"CDA":-5.4376372914419315,"NCF4":-6.302999793433967,"UBE2D1":0.0,"FZR1":-0.6565589440014413,"C19orf38":-6.372762297992655,"ZC3H12A":-0.9285666992391184,"CTNNB1":-0.03360939052225017,"PTPRJ":-7.885781062415678,"FYN":-3.0233410102981675,"DNAJA2":0.768028128040136,"P2RY13":-5.197784201214965,"ARAP1":-6.103434695947891,"MYO1F":-2.5945702838273466,"SLC20A1":0.0,"BTNL8":0.0,"S100A8":-9.031405664331206,"ACVR1B":0.0,"VAMP3":-2.260404920081743,"EGFR":0.0,"MEFV":-5.7851330366159885,"FCER1G":-5.454966559293315,"ERMN":0.0,"FGR":-5.628540178880434,"STX12":-3.541723828234016,"LRP10":-0.49234275396910754,"CIC":0.5457778152389781,"FBXW7":-0.9545707790907209,"LITAF":-5.9776034737744785}},"Overall Survival":{"min":-6.0,"max":6.0,"top_text":"High Survival Correlation","bottom_text":"Low Survival Correlation","map":{"DNAJA2":0.1332903364043339,"ARAP1":-0.31392358196143233,"ACVR1B":0.0,"SLC20A1":0.0,"CYTIP":0.6740475339589862,"P2RY13":-0.07532616428921103,"TRAF6":0.6431532893458309,"CREBBP":-0.13014199665467036,"JAK1":0.9953165719917634,"FZR1":-0.4894040441681836,"STX12":-0.1071836128463378,"LRP10":-0.1999388731029078,"MYO1F":-0.04628138924635739,"ZC3H12A":0.9138096031166423,"TAGAP":0.5761938726544367,"SDCBP":-0.06050633736591458,"CTNNB1":-2.132978317636448,"NCF1":0.60121460535505,"FYN":1.6366995096623498,"VAMP3":1.5548677261113388,"HK3":-0.02973079096549854,"EGFR":0.0,"NCF4":0.018447248111252774,"C19orf38":-0.021002304930134306,"HIF1A":0.0,"CDA":-0.2136108371504108,"RELA":-0.12222903048648386,"BTNL8":0.0,"PFKFB4":-0.4036695548178875,"CIC":-0.2769441108597269,"NCF2":-0.019509324057518825,"PFKFB3":0.35807493997650397,"S100A8":-0.4830674302025152,"NFAM1":0.979206841875508,"FCER1G":-0.17769499604873149,"STAT3":-0.516712953913809,"FGR":-0.3290928073302311,"ERMN":0.0,"PTPRJ":0.5533843058172347,"STX6":0.22618398443940446,"UBE2D1":0.0,"FBXW7":0.031557714737777166,"RNF149":0.11173674172005003,"TOM1":-0.02840630210747077,"MCL1":0.4322782951410399,"TGFBR2":0.10779950979173936,"IFNGR1":-0.18727353276100284,"NLRC4":-0.21300262035002057,"ALOX5":0.612744104846452,"MEFV":0.3205624168416945,"LITAF":-0.4976009833981495}},"Mutation FLT3 ITD":{"min":-10.0,"max":10.0,"top_text":"High FLT3 ITD Correlation","bottom_text":"Low FLT3 ITD Correlation","map":{"FBXW7":-0.4157292556785836,"P2RY13":-0.2882374793150952,"NCF4":0.045925508444055255,"FZR1":-0.7852511264289633,"MYO1F":-0.9722689994588645,"SLC20A1":0.0,"SDCBP":-0.9716035739869471,"CTNNB1":-0.4334147898916556,"NLRC4":-1.391724387427898,"ERMN":0.0,"CDA":-0.6688823465976622,"STX12":-0.08834736474224723,"FGR":-0.29137794465434275,"TOM1":-0.02997556532227936,"STAT3":-1.9018916579132177,"CIC":-5.36346154127916,"LITAF":-0.772014097770521,"MCL1":0.5533554942207584,"VAMP3":0.12642889642618788,"LRP10":-0.5317682726560766,"TAGAP":0.3558183011066801,"CYTIP":-0.9099064048303237,"MEFV":0.04478905591737681,"ACVR1B":0.0,"UBE2D1":0.0,"ARAP1":-0.260850600050221,"PTPRJ":-0.4165288811156053,"ZC3H12A":-1.8141670239471592,"IFNGR1":0.893329574741955,"RNF149":-0.5377051247360775,"FYN":-0.2779477243807064,"TRAF6":-0.5717655484971595,"CREBBP":-0.03150655904984637,"S100A8":-1.188206156875096,"NFAM1":-0.20382983411872965,"PFKFB4":-0.5967447335243807,"DNAJA2":0.09052723662168803,"JAK1":-0.709116707417705,"NCF2":-0.08306613204837221,"FCER1G":-0.6093379137351146,"STX6":-1.0189196065917516,"BTNL8":0.0,"C19orf38":-0.7881124024586543,"EGFR":0.0,"RELA":-0.7702198255456733,"PFKFB3":0.3014360749138051,"HIF1A":0.0,"TGFBR2":0.21160227420069894,"ALOX5":1.6636480786875911,"NCF1":-0.11780122712114262,"HK3":-0.1699695513249297}},"NPM1 Subtype":{"min":-37.0,"max":37.0,"top_text":"Committed NPM1 Subtype","bottom_text":"Primative NPM1 Subtype","map":{"PTPRJ":23.81887014323897,"MCL1":3.269928031417748,"EGFR":0.0,"JAK1":3.0263947947053094,"FZR1":-0.929417124241057,"VAMP3":8.046027965629293,"CTNNB1":-0.511473725892018,"TRAF6":3.795976165863826,"C19orf38":19.962227929240754,"UBE2D1":0.0,"STAT3":0.5222573403137779,"TAGAP":1.7268047421997135,"CYTIP":2.576322767072131,"IFNGR1":16.452646769747805,"NLRC4":22.653629592241913,"FBXW7":0.25899083959905866,"ARAP1":28.664373154855607,"CREBBP":1.29703655263025,"NCF1":25.19352991635475,"ERMN":0.0,"HK3":24.388939939022872,"HIF1A":0.0,"NFAM1":13.227933887755528,"RNF149":2.0315276767622947,"PFKFB3":1.2581588485482154,"PFKFB4":14.661035318922654,"ACVR1B":0.0,"NCF2":28.355382136840316,"FGR":28.423210901313855,"LRP10":4.247356888619701,