{"Mutation NPM1":{"min":-30.0,"max":30.0,"top_text":"High NPM1 Correlation","bottom_text":"Low NPM1 Correlation","map":{"ZNF551":-0.024113929557323756,"ZNF2":-0.33036650903741765,"PRKRA":0.1960858906866309,"DDX10":-1.4516818751306546,"ZNF22":-0.5832081969090616,"TIGD2":-1.1600345423203604,"TRIM28":-0.9403655719892402,"ZMAT5":-0.05758969048856206,"ZNF146":-0.7408347364394192,"ZNF696":-0.17161816789345566,"ZBTB48":-0.4214225937415831,"PGBD2":0.07171077254953957,"TAF1D":0.15195344362928753,"ZNF420":0.10789595681231175,"ZNF184":-2.349631780660207,"NPM1":-10.934537178762957,"PRDM15":-3.0101368353339994,"ZNF623":-0.5540838810049507,"ZNF121":0.0,"ZBTB40":0.5293294197716957,"TSN":-3.5402601200517525,"NHEJ1":0.9407642764744258,"C1orf74":0.0,"ZMYM1":-1.3486681786036163,"SURF6":-10.172520681717767,"PARS2":0.0956592250907623,"ZNF136":-0.602874032246046,"RBM12B":0.3252745871461177,"KPTN":0.22144635793014153,"ZNF189":-0.03690239348043525,"CTCF":-0.44908392458058227,"ARMC7":0.0,"KRR1":-8.223669577980502,"ZNF324":-0.5002882515483327,"HINT1":-0.3938896759211769,"ENOPH1":-0.5475430076920437,"ZNF616":-1.5910642036460623,"ZFP62":-1.687646115971949,"RPL17":-1.5680885406769256,"REXO4":-1.0636358644422221,"ZNF691":-0.3713077141689094,"NOP56":0.20947392553763705,"ZNF668":0.31474858600349864,"NOC3L":-6.7161735218996155,"ZNF48":-0.45284627730591653,"FBXL20":2.7630469719702417,"ZNF512":-0.9929750744007148,"ZKSCAN8":0.3919462290367386,"ZNF770":-1.8688831495542817,"GNL3":-6.2279781457928864,"JRKL":-1.9604203205393471}},"Blast Percent":{"min":-11.0,"max":11.0,"top_text":"High Blast Percent Correlation","bottom_text":"Low Blast Percent Correlation","map":{"KPTN":0.6048338908672141,"ZNF691":3.2981536982622,"KRR1":0.46381365454384327,"ZNF512":0.552022578209487,"ENOPH1":-0.8734310693979953,"ZBTB48":0.5284615502118367,"ZNF48":2.0875681829758643,"ZNF420":0.3121255715669514,"PGBD2":0.6509198738827351,"PARS2":4.787712155695418,"DDX10":2.268925222298891,"ZMAT5":1.0285620540283316,"ZNF324":2.2449770407069596,"ZNF770":-0.7652989206874647,"ZNF623":4.306345305308785,"HINT1":0.6886103673421149,"ZNF2":1.0869177995343668,"FBXL20":1.6292603318694026,"ZNF616":1.8538343118688634,"NOC3L":1.0221008586739337,"ZFP62":0.23543716797322678,"C1orf74":0.0,"ZMYM1":0.7063863875239335,"ZKSCAN8":4.634890809716256,"GNL3":2.64907843900881,"NOP56":4.841025110767836,"SURF6":2.2762460430407954,"TSN":0.3622771164061795,"TAF1D":0.7943783405496299,"ZNF146":2.6833351597721937,"NPM1":2.0044213784871614,"ARMC7":0.0,"PRDM15":2.000710287116488,"ZNF696":4.487618399873583,"ZNF184":3.1982278438425342,"ZNF668":2.0427411724129887,"ZNF22":0.6520718902997782,"ZNF121":0.0,"CTCF":0.9130530798459884,"TIGD2":0.9390156837639652,"ZNF189":2.935554349288117,"REXO4":1.5708010181628254,"PRKRA":5.497952119995679,"ZBTB40":3.5221888708861333,"ZNF551":1.2183255357712788,"JRKL":1.8952761280367993,"TRIM28":3.596496680403605,"RBM12B":6.859160585404799,"ZNF136":3.1549493883232196,"RPL17":-0.2766944286065068,"NHEJ1":0.39036391619843397}},"NPM1 Subtype":{"min":-37.0,"max":37.0,"top_text":"Committed NPM1 Subtype","bottom_text":"Primative NPM1 Subtype","map":{"ZKSCAN8":-12.857210854367775,"ZNF121":0.0,"KRR1":-5.596537760572822,"ZNF324":-4.944453715148112,"ZNF136":-7.494148580326533,"ENOPH1":-1.3298758489854514,"JRKL":-4.627136253126336,"PRKRA":-8.652721980244607,"ZNF616":-10.788272452748854,"PGBD2":-0.8302389572837189,"ZNF48":-7.2117309805032574,"ZNF551":-4.511075376366258,"PARS2":-11.305173626809394,"TAF1D":-4.414238047487688,"ZNF146":-9.044752690552128,"NPM1":-13.438152303775192,"TIGD2":-4.8893049803638,"ZNF22":-2.820333178818391,"RPL17":-0.33257457418152564,"SURF6":-12.366320027592076,"DDX10":-13.698879767747368,"REXO4":-9.574112687553159,"ZNF184":-11.16100879979152,"ZNF512":-2.3003357580849717,"GNL3":-12.74489512585038,"ZNF2":-4.688416598235424,"ZNF668":-2.0479545360989446,"TSN":-3.9299185908711807,"ZFP62":-4.022162088235586,"KPTN":-1.769458077805778,"C1orf74":0.0,"NOC3L":-9.04539024658142,"PRDM15":-6.711271289793803,"NHEJ1":-1.3154272613443445,"ZNF696":-9.035460901993693,"ZBTB40":-8.460679086670693,"HINT1":-3.824402418398053,"TRIM28":-19.651323646373296,"ZNF189":-7.963927471585571,"ARMC7":0.0,"CTCF":-1.7848259612682305,"ZMYM1":-7.556586704254595,"ZNF420":-4.939690752752213,"ZNF623":-9.081987976232663,"ZNF770":-0.5379053566700093,"ZNF691":-6.347612097316992,"NOP56":-10.680387656754194,"RBM12B":-12.727653059605558,"ZBTB48":-1.024297668898389,"ZMAT5":-2.1603180199773404,"FBXL20":-0.5740677251360687}},"Overall Survival":{"min":-6.0,"max":6.0,"top_text":"High Survival Correlation","bottom_text":"Low Survival Correlation","map":{"GNL3":0.2095982574186179,"ZBTB48":0.46246983909568873,"ZNF696":-0.6207527514118784,"ZNF121":0.0,"DDX10":-0.15043809812961997,"ZNF48":0.4049404782938524,"ZBTB40":-0.4896096409978518,"ZNF616":-0.059042216050149934,"ZMYM1":-0.24971926086439417,"ZNF420":-0.9147450287124744,"PRKRA":-0.270353730911241,"ZNF184":-0.3433906110092108,"ARMC7":0.0,"HINT1":0.01803042028688815,"ZNF189":-0.6571290648945801,"PRDM15":0.019693017464361414,"KPTN":-0.35065354129773985,"TIGD2":-0.6024358116277999,"JRKL":-0.07788926544665746,"REXO4":-0.7781353219272235,"ZNF146":-0.6747003843268431,"NPM1":0.521776265381839,"ZNF324":-0.7595254570030218,"ZKSCAN8":0.015411158385727559,"ZNF551":-0.3246293768881766,"ZMAT5":0.4703100739923384,"NHEJ1":-0.15005837090904173,"ZNF770":0.9281795078026097,"ZNF691":0.03236357711308761,"CTCF":1.3197742139957889,"KRR1":0.5051985211340179,"ZNF668":0.2175712714521314,"RBM12B":-2.572819095920517,"ZNF512":0.018254201794010046,"RPL17":2.1981712405710265,"ZNF22":0.7360290703725277,"NOC3L":-0.04675026904247916,"ZFP62":0.40495722831583286,"ZNF623":-1.1112003390710152,"PARS2":-0.9312340413776774,"TRIM28":0.01712886786621426,"TSN":-0.6793705619996716,"ZNF2":0.22453276329980945,"TAF1D":-0.10266809614717111,"SURF6":0.22418623930255233,"C1orf74":0.0,"PGBD2":-0.09483164960629561,"NOP56":-0.23643080054952165,"ZNF136":0.11665143893531073,"FBXL20":-0.013598405408070145,"ENOPH1":-0.13358919903240157}},"Mutation FLT3 ITD":{"min":-10.0,"max":10.0,"top_text":"High FLT3 ITD Correlation","bottom_text":"Low FLT3 ITD Correlation","map":{"ZNF121":0.0,"ZFP62":-0.8308568949903365,"C1orf74":0.0,"ZNF551":0.03198307159072823,"ZNF22":-0.5653623864197391,"ZNF2":-0.2815438313737405,"ZNF184":-1.38583030802481,"TRIM28":0.0631033974275213,"HINT1":0.08462941311188053,"KPTN":0.9779077632545506,"ENOPH1":-1.5827309613224174,"ZMAT5":-0.16289737537692936,"CTCF":-0.30967221296562963,"ZNF623":-1.3074436356541999,"NOP56":0.8233828625903099,"ZNF189":-0.05650857158257491,"PARS2":0.5004869741239477,"ZNF420":0.18254167005802086,"GNL3":0.5228039924069167,"PGBD2":-0.7980564181177104,"NHEJ1":0.14410884214719843,"FBXL20":0.0722686125975138,"PRKRA":-0.2073231854087779,"SURF6":-1.7409075589247753,"ZNF691":-0.5827419118608761,"TAF1D":0.4163092343303842,"RPL17":0.1404080583186928,"PRDM15":-2.6065196577891605,"ARMC7":0.0,"ZKSCAN8":0.08306477762648558,"ZNF324":-0.5256212116515646,"JRKL":-0.5799878415350815,"RBM12B":-0.04569122774576654,"NPM1":-1.0520844031272854,"ZBTB48":-0.01441337579681854,"ZNF136":-0.06110018722988127,"ZNF696":0.0388286892237747,"KRR1":-1.1356429124529246,"DDX10":0.26651265990246487,"ZNF146":-0.7135329467935366,"TIGD2":0.3864601421315309,"REXO4":-0.2890586795569987,"ZMYM1":-0.03458199644208707,"TSN":-1.1143471384705392,"ZNF770":0.6453147737509666,"NOC3L":-0.48723743760255767,"ZNF48":-0.3792925762759964,"ZNF668":0.15549365448121152,"ZNF616":-0.6203205900980331,"ZNF512":-0.4701867137922932,"ZBTB40":0.21192404812050938}},"MuSiC CD14 Mono":{"min":-50.0,"max":50.0,"top_text":"High CD14 Mono Correlation","bottom_text":"Low CD14 Mono Correlation","map":{"ZNF691":-6.407896115426227,"RBM12B":-14.210747018689156,"ZNF22":-3.7409438390171807,"ZNF189":-6.823942614538637,"ZKSCAN8":-14.134514578972361,"ZNF668":-1.9159605452848332,"ZNF184":-12.856071036013219,"PRDM15":-8.493148317673912,"ZNF512":-2.451944572612937,"SURF6":-15.631332858690403,"ZNF136":-4.951967481560455,