{"Overall Survival":{"min":-6.0,"max":6.0,"top_text":"High Survival Correlation","bottom_text":"Low Survival Correlation","map":{"ATP5PD":1.0617565892578358,"PDHB":-0.1945238155995662,"SLC25A3":1.4542741958742005,"VDAC1":-0.1457520103999377,"UQCRC1":0.9493795692298727,"NDUFS5":1.5365901068481385,"CS":0.443087791218423,"APOO":0.13423426473639058,"NDUFS3":-0.9064190572101297,"EFTUD2":0.15223959551260513,"COX8A":0.894554036224755,"VDAC2":-0.08276333548463652,"NDUFV1":0.29348812674412583,"PHB2":1.065351381531038,"NDUFS8":-0.15002522023820755,"TOMM22":0.07037825825775135,"COX5A":0.3391024028103507,"AIFM1":0.056147132912738686,"LRPPRC":-0.03014008232093747,"COX4I1":0.6448145229405116,"VDAC3":0.11045213712065217,"NDUFA8":1.136345259323157,"NDUFS1":0.07934903523488826,"CCDC90B":-0.10511461472186254,"PDHA1":-0.12012533797567616,"ATP5F1C":0.8731578040329914,"ATP5F1A":0.26380986137415485,"TBRG4":-0.03692222208608723,"NDUFB10":1.0464713155780048,"CLPP":0.2137204635743449,"MTCH2":-0.03163266316160394,"PMPCA":0.009544137651928178,"TSFM":0.29143956406308363,"HSPA9":1.2464076866493112,"CYC1":0.8662990613516797,"HADHA":-0.13027475308445272,"UQCRC2":2.4421240097618977,"MRPL11":0.02530885136717439,"HSPD1":-0.0004652615701074577,"C1QBP":0.06273721282783516,"IMMT":0.2961217388877748,"MRPL58":0.08768233626430375,"NDUFS2":-0.284970137315923,"MDH2":-0.19550146233629925,"OCIAD1":1.1171405536274979,"ATP5F1B":0.8629482933813148,"HADHB":-0.4562962729356398,"TRUB2":-0.2584629672704425,"UQCRQ":-0.04413396151288043,"AFG3L2":-0.19058937794283695,"TOMM40":0.679610154265953}},"NPM1 Subtype":{"min":-37.0,"max":37.0,"top_text":"Committed NPM1 Subtype","bottom_text":"Primative NPM1 Subtype","map":{"MRPL11":-3.1725315619752568,"HADHA":-1.5303790193280213,"PHB2":-5.307661876321362,"MRPL58":-5.015327601713199,"ATP5F1C":-3.88188581975398,"UQCRC1":-1.7275987899360667,"CYC1":-2.060847712031401,"OCIAD1":-5.0610820953573965,"TOMM22":-4.330394928406669,"CCDC90B":-7.745792198969377,"ATP5F1A":-2.8312426492195897,"VDAC3":-4.559878542549877,"COX5A":-0.0912481299382667,"MDH2":-10.275203587609337,"NDUFS5":0.26757407518544296,"PDHA1":-8.230889833861031,"HSPD1":-9.76196332872376,"CLPP":-0.39062562953059843,"UQCRQ":-0.728928202625446,"TSFM":-6.158620513848842,"COX8A":0.4680638686980566,"TBRG4":-5.0293486693887015,"CS":-1.850068308565346,"ATP5F1B":-2.743523157820771,"VDAC2":-4.75711659873763,"EFTUD2":-2.6542317971540643,"NDUFS2":-1.729480288302217,"PDHB":-2.694497915636894,"NDUFS1":-2.453485243529112,"AIFM1":-3.49353500575545,"TOMM40":-1.5311493720495468,"IMMT":-5.867704958158731,"NDUFS8":-2.6833677340449578,"TRUB2":-10.388962559786796,"HSPA9":-2.5132734144160525,"C1QBP":-3.890608203582633,"COX4I1":0.2180424024938705,"NDUFS3":-0.740803067109875,"HADHB":-4.890183795094341,"PMPCA":-4.129359517936568,"ATP5PD":-2.1659398670583334,"NDUFB10":-1.7291719620775914,"UQCRC2":-1.8442304338365987,"LRPPRC":-4.87031437252102,"MTCH2":-0.23698763226802888,"VDAC1":-6.944677918230307,"AFG3L2":-6.793963293495538,"NDUFV1":-1.7520482734382878,"SLC25A3":-1.7532852225463946,"NDUFA8":-0.23091593668575483,"APOO":-5.790874919618911}},"Blast Percent":{"min":-11.0,"max":11.0,"top_text":"High Blast Percent Correlation","bottom_text":"Low Blast Percent Correlation","map":{"TOMM40":-0.5499250869395563,"CCDC90B":3.1548884154055377,"SLC25A3":0.005932196358431744,"CLPP":1.4695157069569262,"HSPD1":2.18622642975138,"MTCH2":1.217377830213272,"NDUFS8":4.407757706594103,"HADHA":1.582786842810233,"AFG3L2":1.1789656910563853,"MRPL58":1.8040882455502605,"NDUFS1":2.536037908416239,"TOMM22":0.5387610841047338,"PHB2":3.8433921062618865,"UQCRC1":1.117369151011468,"APOO":1.7262137805789404,"ATP5PD":1.3066336414931707,"MDH2":5.543936109602973,"NDUFS3":3.2055766594772437,"MRPL11":1.867556334606802,"COX5A":0.6845688229481113,"NDUFS5":1.1201469254464076,"LRPPRC":0.8560565169515136,"VDAC1":1.5105886540069342,"NDUFS2":1.5107107437539415,"COX8A":-0.768880794484098,"HADHB":2.022652559112142,"CS":1.125905481821006,"TSFM":2.303847092275237,"PDHB":1.9014787864326201,"ATP5F1A":3.6635305909400504,"UQCRQ":0.7822708680492283,"CYC1":0.34399769087185506,"ATP5F1C":2.5853615473496334,"OCIAD1":0.6310823871686287,"PDHA1":3.833952722002807,"HSPA9":2.00678707596388,"AIFM1":1.71155764319493,"EFTUD2":5.334390697573482,"ATP5F1B":0.9368188530501536,"TBRG4":0.6834873137899475,"NDUFA8":0.9173323222526215,"NDUFV1":2.637531162461798,"PMPCA":1.6578218241679659,"VDAC3":0.10821502445202678,"TRUB2":1.8841219797493594,"UQCRC2":1.231998926846486,"C1QBP":2.584490667622572,"VDAC2":1.667557680445874,"NDUFB10":0.7500277660775128,"IMMT":1.768966323626402,"COX4I1":0.009647545179321345}},"MuSiC CD14 Mono":{"min":-50.0,"max":50.0,"top_text":"High CD14 Mono Correlation","bottom_text":"Low CD14 Mono Correlation","map":{"COX4I1":-0.019810555215715165,"MTCH2":0.027425364939130337,"NDUFS1":-1.4437980645566444,"HSPD1":-8.597224261864966,"ATP5F1C":-3.153129551490307,"C1QBP":-4.8160760207016615,"AFG3L2":-5.162157797160243,"MDH2":-6.36328508667933,"HADHB":-1.7783106179153942,"VDAC2":-2.769441781203919,"LRPPRC":-3.750501003342939,"MRPL58":-6.2897492008187,"VDAC1":-9.823457122989478,"NDUFS3":-0.321373718303882,"NDUFV1":-0.8977056905934436,"ATP5PD":-1.7154980443050531,"CCDC90B":-9.492931793204729,"HSPA9":-3.170139798242404,"UQCRC2":-1.4991440042830364,"EFTUD2":-2.301358733881061,"VDAC3":-5.154499581679317,"PMPCA":-2.752920707877986,"UQCRC1":-0.7886263116838331,"HADHA":-0.23637862878544408,"OCIAD1":-5.897706755296865,"MRPL11":-2.9074153510976832,"APOO":-5.583149618732237,"COX5A":0.2648524131197143,"SLC25A3":-1.2068920719494851,"NDUFB10":-0.7150992127227194,"ATP5F1B":-2.1811653081934237,"TRUB2":-10.113490168132186,"COX8A":-0.126146137004691,"TSFM":-5.825431476818724,"PDHA1":-8.58143238333792,"IMMT":-4.659992738189688,"NDUFA8":0.09521464781923404,"CS":-1.4501864816626708,"NDUFS8":-1.840015161521226,"UQCRQ":-0.9561178193241483,"PDHB":-2.8175407980432032,"CYC1":-1.8431299542367092,"TOMM40":-3.420729905460414,"TOMM22":-3.8445095386909083,"ATP5F1A":-1.7883268349096841,"PHB2":-5.897443539968027,"AIFM1":-1.5647021183548813,"NDUFS5":-0.20198078135584857,"NDUFS2":-1.0907173529401304,"CLPP":-0.6394174915155585,"TBRG4":-4.737983194931628}},"Mutation FLT3 ITD":{"min":-10.0,"max":10.0,"top_text":"High FLT3 ITD Correlation","bottom_text":"Low FLT3 ITD Correlation","map":{"C1QBP":1.602391820244794,"CYC1":2.1745486499043913,"CCDC90B":-0.33046546422165113,"APOO":0.5174072476351274,"NDUFS8":1.182874687648826,"MRPL11":5.162212456489632,"HADHA":2.5432179201004796,"VDAC2":0.17173165147803596,"MDH2":1.0763205551916817,"NDUFB10":2.1317050473258115,"NDUFS5":0.8921340402334242,"PHB2":-0.3988876758579072,"MRPL58":3.5611975689514708,"COX4I1":1.36647793888403,"AFG3L2":1.845695061651842,"PMPCA":2.93171614685268,"CS":-1.2075195041230298,"PDHA1":-0.025580503147306685,"ATP5PD":2.206415632122481,"SLC25A3":1.9633199272500041,"ATP5F1C":-0.8904482559237966,"HSPD1":-0.25777955961214105,"UQCRC1":2.3562767945951473,"TBRG4":0.3993327888058193,"COX5A":2.2103108331551917,"NDUFS1":1.950128799106952,"ATP5F1A":1.5331671879942939,"MTCH2":0.932891925443346,"UQCRQ":0.7552659313107917,"COX8A":0.4376282038966664,"NDUFV1":2.881641435331292,"EFTUD2":0.9191797055219539,"IMMT":1.2623923826421979,"AIFM1":2.1981150631415396,"UQCRC2":1.2491702650087078,"OCIAD1":1.5506698765456155,"NDUFS2":1.086289059553873,"PDHB":1.2327329610817965,"HSPA9":1.4528862874312167,"NDUFA8":1.3865415559155463,"TRUB2":1.3258914482501605,"TOMM22":0.5098625370506714,"TOMM40":-0.0679187830463898,"NDUFS3":1.2962016366007825,"VDAC3":0.2524948522542097,"HADHB":2.0846408665868337,"LRPPRC":0.9727068591814294,"TSFM":0.4907041039332716,"CLPP":1.723796926770455,"VDAC1":2.057164490801179,"ATP5F1B":1.0900039657826093}},"Mutation NPM1":{"min":-30.0,"max":30.0,"top_text":"High NPM1 Correlation","bottom_text":"Low NPM1 Correlation","map":{"AIFM1":2.4953571666879704,"ATP5F1C":-0.06349722851496921,"NDUFV1":3.128362512523043,"NDUFS1":2.0028690417377906,"COX4I1":0.6647650558440731,