{"Blast Percent":{"min":-11.0,"max":11.0,"top_text":"High Blast Percent Correlation","bottom_text":"Low Blast Percent Correlation","map":{"SS18L1":0.34612031888380007,"SMARCD2":6.044608791388337,"DPF2":3.4972766167227007,"SS18":3.3162629928636767,"PBRM1":7.742904402897304,"EXOSC9":2.2707731974166925,"SMARCE1":6.251306136295031,"ACTL6A":4.462746460476621,"GATAD2B":7.306468452924173,"RNF2":3.6644621413956906,"BCL7A":4.555446240148829,"SMC5":5.0915891582163235,"SMARCC2":6.8205742081014495,"SMARCD1":4.642827884575543,"NSMCE3":4.969045614915132,"HDAC1":4.408129367480514,"NSMCE1":2.7079684782276137,"TRIM28":3.596496680403605,"DDX50":3.5095900253938894,"VIRMA":8.143531663575498,"MDC1":3.5036569781819322,"BRD4":1.288643145429348,"SMARCC1":4.429979273448409,"BRD7":5.370767358121989,"SMARCA4":4.251591783215105,"HDAC2":8.110049998404987,"CHD4":6.40312949392056,"SMARCB1":6.168500186127005,"SMC6":4.660072700276608,"ARID1A":5.264134938181909,"ARID2":4.782592328587999,"BRD9":3.0731641135277994,"H2AZ1":0.0,"SMARCA2":5.8161362419176035,"EFTUD2":5.334390697573482,"ADNP":5.426808320522711,"NSMCE2":2.0669757042124592,"SIN3A":9.566712249665228,"BRD2":2.9769915539608527,"PHF10":1.5574153210061177,"NOL9":5.016552320408838,"BCL7C":3.2401448700394697,"CDC5L":6.328344057248915,"WDR5":4.479767002461924,"TERF2IP":0.009415235925002948,"CBX3":2.5834295058211407,"SLF2":-0.978071242280655,"CHCHD2":0.49084936002993024,"TP53BP1":5.981875617955371,"NSMCE4A":2.093205841833547,"H4C2":0.0}},"Mutation FLT3 ITD":{"min":-10.0,"max":10.0,"top_text":"High FLT3 ITD Correlation","bottom_text":"Low FLT3 ITD Correlation","map":{"SMC6":-2.07160661425387,"EFTUD2":0.9191797055219539,"TRIM28":0.0631033974275213,"TP53BP1":1.301258928226229,"ACTL6A":1.032785076903713,"BCL7C":0.5180701866467339,"EXOSC9":-0.09817211624308134,"SMC5":-2.0183966799944817,"GATAD2B":0.5557241867833205,"SS18L1":-0.12646053036246263,"SMARCA2":1.2452020752905093,"SMARCD2":0.4793598188832066,"ARID1A":-1.0388814059493547,"NOL9":-0.034493671248996625,"BRD4":0.18355071889476207,"RNF2":0.6845526946430179,"ADNP":0.18408555971675689,"NSMCE3":-1.7156687625651097,"HDAC1":0.25427844551869644,"NSMCE2":-1.8664550404404516,"HDAC2":0.5237603838265383,"VIRMA":1.7875022321328813,"CHD4":0.3289789536256447,"BCL7A":0.19649915782878868,"SS18":1.6390453371757883,"H2AZ1":0.0,"ARID2":0.6727913159582143,"NSMCE1":-1.4619241112365395,"CDC5L":0.08920016874934106,"SMARCC2":0.9989157118609314,"PBRM1":1.0360444939160987,"BRD7":0.46845438894587466,"CBX3":0.478261421403452,"BRD9":-0.331558846988808,"DPF2":0.4731062255913102,"SMARCB1":0.3530088890385257,"SMARCC1":-0.09422128941975079,"BRD2":-0.3100990726836681,"CHCHD2":-0.4489545322962408,"SMARCA4":-0.3005314995868621,"MDC1":-1.7276252283964555,"SIN3A":-1.1779359287275906,"TERF2IP":0.6359385709186924,"SMARCE1":0.5565176724962911,"SMARCD1":0.34796485559634593,"NSMCE4A":-2.308204111156182,"DDX50":2.1827536152424853,"SLF2":-1.7246493854448388,"PHF10":-0.09196008084852353,"WDR5":-0.23921487223671387,"H4C2":0.0}},"Mutation NPM1":{"min":-30.0,"max":30.0,"top_text":"High NPM1 Correlation","bottom_text":"Low NPM1 Correlation","map":{"TRIM28":-0.9403655719892402,"WDR5":-0.03650034802598876,"MDC1":-0.9598751405064925,"SMARCC1":-0.9261258530031201,"BRD4":-1.0693798516051412,"SMARCA2":2.9702193572053925,"SMARCE1":0.8381077399647922,"BRD9":0.0356815001752022,"SMARCB1":1.0197798599639336,"ADNP":-0.18151071700362442,"SS18":2.1447997329225053,"DPF2":1.196884405060146,"SS18L1":-0.17743662918660014,"ARID2":2.3648150432294304,"PBRM1":3.171977485412161,"BRD2":-0.005973119993878607,"TERF2IP":-2.742228168305176,"HDAC1":0.42857678154086615,"BCL7C":1.6745946773095466,"SMARCD1":1.0924050059584112,"ACTL6A":2.0091668307369095,"EFTUD2":1.4415749180616486,"NSMCE2":-1.1690520606287422,"DDX50":1.7695938273019645,"SMC5":-1.135747172385601,"SIN3A":0.09757534152773194,"SMC6":-1.108160730515394,"NSMCE4A":-0.9463651938435477,"GATAD2B":1.1569624577482922,"CHCHD2":1.7051828418782689,"BRD7":0.9536845796788774,"NSMCE1":-1.0384772112182308,"SLF2":-3.1665021820358663,"PHF10":-0.016276639591545204,"CDC5L":-0.4475152244554471,"H4C2":0.0,"CHD4":0.14249840983117837,"SMARCD2":1.1764058759618181,"BCL7A":-0.4059251813016011,"ARID1A":-0.4487279905526509,"CBX3":-0.18523022540010833,"EXOSC9":0.8886140144461018,"H2AZ1":0.0,"NOL9":-0.1341442813256561,"HDAC2":0.6601444824937441,"TP53BP1":0.42544576075244883,"SMARCA4":-1.2352204571014127,"NSMCE3":-0.5794676340140448,"SMARCC2":3.1988717462606737,"VIRMA":3.0942444395048465,"RNF2":1.1242591791620595}},"NPM1 Subtype":{"min":-37.0,"max":37.0,"top_text":"Committed NPM1 Subtype","bottom_text":"Primative NPM1 Subtype","map":{"PHF10":-6.467896695543094,"ACTL6A":-3.650415258801667,"SMARCA2":-6.617373827161054,"H2AZ1":0.0,"DPF2":-7.103873562756072,"NSMCE2":-2.2897703006073398,"TRIM28":-19.651323646373296,"VIRMA":-7.150077191871867,"NSMCE1":-3.6102997474987237,"NOL9":-13.745806178179931,"WDR5":-3.554046379510762,"SMARCA4":-11.004650345434584,"HDAC1":-5.655537515814193,"DDX50":-9.08043146980406,"PBRM1":-6.950231701183314,"ARID1A":-2.8636318742908,"NSMCE4A":-3.825660108222851,"BRD7":-7.12633941258851,"BCL7A":-10.583630351621963,"BRD9":-2.098363545748338,"EXOSC9":-0.7095488178937405,"SS18L1":-2.0280594835465635,"SIN3A":-7.937026904327974,"MDC1":-6.161477820690508,"ARID2":-5.899928940913489,"CHD4":-14.411108575673477,"CHCHD2":-1.2084783218259785,"SMARCC2":-10.83745404825939,"SMARCB1":-5.746633495259363,"HDAC2":-8.44012458482962,"CBX3":-6.735438819020371,"BCL7C":-2.6799626375929644,"ADNP":-14.496376424468377,"CDC5L":-8.499865467451796,"SMC5":-4.578486554244719,"H4C2":0.0,"SLF2":-0.04275760961592846,"TERF2IP":-4.4885786070861196,"SMARCC1":-11.425483867736347,"TP53BP1":-19.92905316119152,"SMC6":-4.181315896578773,"BRD4":-4.638999711906336,"SMARCD2":-8.475812836430265,"BRD2":-6.479974527871316,"RNF2":-9.646383838273994,"EFTUD2":-2.6542317971540643,"NSMCE3":-4.094670883357213,"SS18":-1.4188559902780078,"GATAD2B":-10.781873787287472,"SMARCD1":-6.985411063085492,"SMARCE1":-13.332467919137377}},"Overall Survival":{"min":-6.0,"max":6.0,"top_text":"High Survival Correlation","bottom_text":"Low Survival Correlation","map":{"SS18":0.209199492012452,"NSMCE1":0.029527573178815315,"NSMCE4A":-0.08895130681774918,"CHD4":-0.8250007975486481,"SMARCC1":-0.31922000950622903,"BRD7":-0.4638676335898577,"EFTUD2":0.15223959551260513,"GATAD2B":-0.6436371821236078,"SMARCC2":-0.06700074409711332,"TRIM28":0.01712886786621426,"WDR5":-0.5549702440508997,"BCL7A":0.5493407863299996,"TP53BP1":-0.2680013845905171,"BRD2":-0.007089908610046045,"CDC5L":0.590713796172442,"PBRM1":-0.4794002908415232,"HDAC1":-0.04023659155705505,"H4C2":0.0,"CHCHD2":0.16426608920896743,"ARID1A":-1.5630807160336784,"SMARCD2":-0.10947993722164369,"H2AZ1":0.0,"SS18L1":-0.5968289828794516,"RNF2":-2.377289758397529,"ADNP":-0.5935639364265656,"SMC5":-0.12649261422085825,"BCL7C":-1.2858370188149024,"SMARCD1":-1.008390655723318,"DDX50":-0.2532038794942679,"VIRMA":-1.015630855050422,"ARID2":-0.08179626337571808,"SMC6":-0.3920729424068121,"CBX3":-0.6915940276568578,"NSMCE2":0.1977753015852075,"SLF2":0.04014225155260634,"ACTL6A":0.12643027971195456,"SIN3A":-1.1333410651466098,"SMARCA2":-0.6782018625190359,"SMARCA4":-0.39013198588528264,"DPF2":-0.32317215902754287,"BRD4":-0.7188798649332288,"NOL9":-0.4580243226044319,"PHF10":-1.2337916343240742,"TERF2IP":-0.7591388155963179,"BRD9":0.4410209364300965,"EXOSC9":-0.9605047810947318,"SMARCB1":-0.03778859283987227,"HDAC2":-0.6852899224982528,"MDC1":-0.31806716692383624,"NSMCE3":-0.24283448284123887,"SMARCE1":-0.2453537393057627}},"MuSiC CD14 Mono":{"min":-50.0,"max":50.0,"top_text":"High CD14 Mono Correlation","bottom_text":"Low CD14 Mono Correlation","map":{"VIRMA":-5.414485281507812,"MDC1":-8.248967719141568,"SMC5":-7.811501660785675,"SMARCB1":-7.261583882980662,"PBRM1":-7.136125023371141,"NSMCE4A":-5.8354477319403015,"BRD4":-3.6745782819782855,"HDAC2":-8.660595189361645,"TERF2IP":-9.367478038725217,"RNF2":-7.987141708151938,"ARID1A":-4.506309514494056,