{"Mutation FLT3 ITD":{"min":-10.0,"max":10.0,"top_text":"High FLT3 ITD Correlation","bottom_text":"Low FLT3 ITD Correlation","map":{"WDR7":1.9162878404189916,"TNIP2":-1.5302383212654176,"STUB1":0.11759035184321598,"COMMD7":2.5861602931470458,"ATP6V1E1":0.38473116426003634,"VPS35L":2.7546498592967628,"VPS52":0.3469412571917369,"GAK":-0.07626956672946791,"PHKB":0.3083400728684578,"ROGDI":2.8863282945754825,"PLEKHB2":-0.3627374289629287,"WASHC5":1.0998660997068483,"CHMP1A":-0.017079876776055294,"CHMP4B":-0.6269746267439624,"PPP1R12A":-3.0388652432068,"WASHC4":0.7646489730953373,"TOLLIP":-0.16480579176438198,"CCDC93":2.557064745092291,"WDFY1":-0.3514553674269484,"COMMD5":1.6871014747455966,"ATG7":-0.08094884340709299,"COMTD1":0.8769693002391052,"CAPZB":-1.7324347104746427,"PHKA2":0.04580425509526178,"SRGN":-0.8910107137647496,"PRKAA1":-1.5190317100855217,"DMXL2":4.141320154870101,"PHKG1":0.0,"VPS29":-0.38026168287318907,"ATP6V1B2":0.8329947436095008,"PHKG2":-0.16657618429000912,"SERPINB10":-0.8656745141962935,"LTB4R":-0.5275359936262383,"UBE3C":0.21698717069225265,"LYST":-0.13655246716180647,"MYH9":-0.5011356149612094,"ROCK1":-2.5583450882601433,"AP4M1":-2.5247409539846006,"LTN1":-1.8321755293668247,"NPIPA7":0.0,"PRKAG1":-2.9152374590787056,"GDAP2":0.5066875185950841,"PSEN1":0.20164969851547004,"MON2":-0.6165019324301265,"ATP6V1C1":-0.7681732102378552,"WASHC2C":0.9896204191151298,"DNAJC5":-0.16122570612363318,"DOP1B":0.0679461924613349,"WASHC3":0.5971731316559158,"HDAC4":-1.2514985850453726,"CCDC22":2.157970320683464}},"NPM1 Subtype":{"min":-37.0,"max":37.0,"top_text":"Committed NPM1 Subtype","bottom_text":"Primative NPM1 Subtype","map":{"WDFY1":12.26446779985217,"DOP1B":6.618147147695052,"CCDC93":7.075671947222225,"DNAJC5":10.73333268017894,"LYST":10.582857226872528,"WASHC3":2.778498017992913,"PRKAA1":4.43282959610028,"VPS35L":6.765553514381913,"PRKAG1":2.3874767831580233,"PHKB":8.845785606684426,"DMXL2":8.594686433669906,"COMTD1":2.360096988510821,"ROGDI":7.723673398185917,"PHKG1":0.0,"GAK":12.609927421259536,"PHKG2":6.7879038132987795,"UBE3C":3.355032708189986,"PHKA2":8.915212880459908,"NPIPA7":0.0,"COMMD7":7.085311614100784,"WASHC4":3.9876718217064986,"PSEN1":5.229157374863923,"TNIP2":5.883769652785042,"PPP1R12A":7.52640803160813,"ROCK1":8.9162109144539,"CCDC22":9.755688811882381,"MYH9":13.176780338482924,"STUB1":1.9378563585001845,"PLEKHB2":7.7441584872825935,"ATP6V1E1":10.20912034420029,"CAPZB":12.380136678671906,"SERPINB10":11.672827410288022,"LTB4R":14.802526893139397,"GDAP2":9.028291506052799,"WASHC5":4.045583399404989,"CHMP4B":14.961101394093026,"WASHC2C":5.352336033056843,"VPS29":6.6084231548273165,"ATG7":18.12137069384102,"TOLLIP":16.132187348333584,"COMMD5":6.580719385200754,"ATP6V1B2":12.291190426821952,"HDAC4":17.273339859982656,"MON2":8.260740229747034,"AP4M1":3.841184083587523,"CHMP1A":4.4818537367378,"LTN1":8.507879932388246,"ATP6V1C1":18.133651126575007,"VPS52":4.441751222229924,"WDR7":9.903737351346217,"SRGN":11.63968791582331}},"Mutation NPM1":{"min":-30.0,"max":30.0,"top_text":"High NPM1 Correlation","bottom_text":"Low NPM1 Correlation","map":{"WASHC5":5.661904373312914,"VPS29":1.7572657974100843,"GDAP2":2.4849957463509753,"WASHC4":3.63832193473744,"PSEN1":2.5037732243843234,"DOP1B":0.27566229454562086,"CCDC22":5.757707233759037,"PHKB":3.035690395064647,"DMXL2":11.165133347350414,"PLEKHB2":0.055418023819928754,"CHMP4B":-0.1361769207777706,"LTN1":-0.9445939832795391,"TOLLIP":0.8135880349777384,"TNIP2":-0.525965259246142,"PHKG2":1.7937902343385568,"LTB4R":-0.08776117408484221,"HDAC4":0.16054439084734898,"ROGDI":1.6423935879496214,"PHKA2":4.000778184347211,"GAK":0.40746573747388537,"ATP6V1B2":2.0425462879495777,"NPIPA7":0.0,"MON2":0.024814330014471083,"PRKAG1":-3.97328002681998,"WDR7":3.3475323880067513,"CCDC93":6.870773503356418,"SERPINB10":0.054166503028258595,"UBE3C":-0.6289253996004891,"PRKAA1":-1.744612798883019,"ROCK1":-3.2460903637053593,"WASHC3":3.3514321718658993,"PHKG1":0.0,"ATG7":1.3269031097925,"COMMD5":4.698155549699295,"COMTD1":2.100242345610633,"COMMD7":3.354275172359143,"ATP6V1C1":-0.021239291772117048,"WASHC2C":4.073084875075358,"VPS52":0.31860498444236013,"SRGN":0.9131226827227121,"CAPZB":-1.1931358247090864,"PPP1R12A":-1.8323008715403553,"MYH9":-0.006899456921615533,"WDFY1":1.7606149490308796,"STUB1":1.6680274722186372,"VPS35L":7.998801410093294,"CHMP1A":1.5242064068653285,"LYST":0.3071074538787278,"AP4M1":-0.7740657502854603,"ATP6V1E1":0.8003504811686389,"DNAJC5":-0.08751682033151269}},"Blast Percent":{"min":-11.0,"max":11.0,"top_text":"High Blast Percent Correlation","bottom_text":"Low Blast Percent Correlation","map":{"PPP1R12A":-2.390647790736949,"PHKG2":-1.6814322111180207,"WASHC5":0.2562633434397498,"PSEN1":-0.7921090867068005,"VPS52":-2.7094214600936435,"VPS35L":0.4243839478432036,"CCDC93":0.5049578991494926,"WDR7":-1.744555972940164,"HDAC4":-0.8884674635379312,"NPIPA7":0.0,"COMMD7":0.09677491528878403,"MON2":-6.455305772781064,"GAK":-1.1131304607714585,"AP4M1":-1.9440713809799388,"CAPZB":-5.062033415539668,"ATP6V1C1":-4.827731456994691,"SERPINB10":-2.966005229822383,"GDAP2":-0.9295244633257044,"ROGDI":-3.156870383698021,"LTN1":-1.0656128563646696,"CHMP1A":-0.15432834760056147,"WASHC4":0.10522192482804142,"WDFY1":-0.3160792356422416,"WASHC3":0.06149524636490326,"DNAJC5":-3.616107663485694,"COMMD5":0.49210141286073766,"TOLLIP":-2.080369873448595,"ATG7":-4.937583420429171,"PHKB":-3.5384635947319047,"PHKA2":-1.4972508768340234,"DMXL2":-1.3854457490195784,"UBE3C":-4.585006163087909,"ROCK1":-1.4079549329783416,"CHMP4B":-4.09547560925909,"PRKAA1":-3.60383931907448,"TNIP2":-0.6118165287350122,"WASHC2C":0.4436690361474311,"ATP6V1E1":-5.583575067682057,"LYST":-0.7595776369911179,"CCDC22":0.20373496063370355,"DOP1B":-0.9533307820389493,"PRKAG1":-5.6495040854452165,"PLEKHB2":-1.4233409786799132,"VPS29":0.13246331104539896,"LTB4R":-5.083145307188387,"COMTD1":-0.850199296077008,"SRGN":-3.0212590913650588,"PHKG1":0.0,"STUB1":-0.37973272851019385,"MYH9":-5.129980406574905,"ATP6V1B2":-3.502846909756223}},"MuSiC CD14 Mono":{"min":-50.0,"max":50.0,"top_text":"High CD14 Mono Correlation","bottom_text":"Low CD14 Mono Correlation","map":{"CHMP1A":5.983208660915194,"GAK":11.128647550355916,"COMMD5":8.658326326569387,"WASHC4":6.611693135456282,"CCDC22":13.779260715183959,"ROCK1":6.440071370204859,"MON2":12.123969253543898,"STUB1":1.6459911798216191,"SRGN":12.9335693021442,"WASHC3":7.846310192957928,"PHKB":14.065161869072568,"ATP6V1C1":22.626277834482647,"ATG7":25.61314330732795,"DNAJC5":13.200905355777923,"WASHC5":9.32759946801369,"CCDC93":11.02771661795474,"UBE3C":4.997838548388535,"PHKG1":0.0,"PHKG2":10.75834480486123,"PHKA2":13.99559932941842,"LYST":12.746861789773638,"DMXL2":13.292242017450496,"AP4M1":2.830837833835431,"PRKAG1":3.122727669920737,"TOLLIP":23.3517955875155,"PPP1R12A":5.826127903819495,"PLEKHB2":10.376503158448843,"DOP1B":7.584025929583892,"WDFY1":16.493662016266367,"PSEN1":6.739679765881816,"GDAP2":14.728086091079234,"COMMD7":11.517288687555002,"MYH9":18.85590437042841,"VPS35L":11.227944143351575,"NPIPA7":0.0,"ATP6V1B2":21.474732911588134,"CAPZB":13.388643307772574,"TNIP2":5.860055930304864,"HDAC4":20.259114835304086,"VPS29":8.58030516877181,"PRKAA1":4.66226410395116,"CHMP4B":17.825615272255245,"ROGDI":11.59053888860727,"COMTD1":6.050574884502456,"WDR7":13.54929220159514,"LTN1":8.016998286690033,"LTB4R":21.007328198317047,"VPS52":4.50504882982199,"SERPINB10":13.22019050368066,"ATP6V1E1":18.924436843434066,"WASHC2C":7.116762453605861}},"Overall Survival":{"min":-6.0,"max":6.0,"top_text":"High Survival Correlation","bottom_text":"Low Survival Correlation","map":{"GAK":2.2793661259127065,"AP4M1":0.14580318665379527,"DMXL2":-0.35072941375426964,"CCDC93":0.2202027198144714,"TOLLIP":0.3452178995566885,"COMMD5":-0.1509696890145803,"WASHC4":0.09772827573027977,"WASHC3":-0.5440113431099602,"DNAJC5":-0.1066486579191146,"STUB1":0.3291270649544706,"UBE3C":0.5503234773769867,"CHMP1A":-0.5507769321000356,