{"NPM1 Subtype":{"min":-37.0,"max":37.0,"top_text":"Committed NPM1 Subtype","bottom_text":"Primative NPM1 Subtype","map":{"KIF20A":1.2573136368459923,"KIF4A":0.48856483826291786,"KIF23":0.5010606230705682,"GINS3":-0.12237905993891696,"MAD2L1":-2.818943461035052,"CYB5R1":0.43982530553324806,"RELT":6.485125718067948,"DLG1":4.259311484479376,"SLC30A1":11.801670007318549,"SLC31A1":0.0,"CIT":1.404050365311681,"RAD51":1.4475495633655877,"CIP2A":3.8815941790422515,"NUS1":1.3287349641209516,"NCAPG":2.5506834262899694,"PI4K2A":5.282960594384637,"KLHDC3":0.219531203842765,"ACSL4":15.372562728138638,"NCAPD2":2.691557529684985,"ZWINT":0.9078860125970595,"PDPK1":14.350273605342169,"KIF14":1.1070031297304213,"CLSPN":1.6288494170435353,"SMC2":1.333560512238927,"BUB1B":0.580098670768584,"SNAP47":-1.0484753491246326,"SPC24":1.3496651852104127,"TRIP13":2.086301639653522,"CDC20":2.5144403640762008,"RAB13":-0.3411233778275013,"USP32":5.599344422462163,"MTARC2":0.5674739233923979,"SERPING1":0.0032288193917978355,"CDK1":0.5154729779547357,"ACP2":1.8984752372130227,"ANLN":2.1311214657681146,"PCNA":0.2622775927505329,"MPP7":5.769542828410294,"ESCO2":0.6602003002527173,"LIN54":0.753071233128551,"CDC42BPB":1.3008623498962897,"ARRB2":22.07796781032951,"PUSL1":-0.18206591421242,"CCNB1":0.9424552451088607,"RHBDF2":16.427106147734754,"AURKB":0.9889055167436234,"KIF15":1.0963680850961408,"PI4K2B":2.595847818089729,"SPC25":1.590059313909726,"SAR1B":8.381796024259788,"NCAPH":2.4903183471711947}},"MuSiC CD14 Mono":{"min":-50.0,"max":50.0,"top_text":"High CD14 Mono Correlation","bottom_text":"Low CD14 Mono Correlation","map":{"SLC30A1":18.60991586745242,"GINS3":-1.4119194607953256,"ACSL4":18.99809060894392,"MTARC2":3.0012575889036954,"CDC20":1.1467073022367247,"KIF15":0.3161510032271848,"KIF4A":-0.024869034038375638,"NCAPH":1.6561101253377135,"PDPK1":13.343586394099852,"SNAP47":-0.6809570194727118,"SLC31A1":0.0,"ARRB2":25.24547458172669,"RELT":6.058550384180219,"SAR1B":8.440772794565097,"SPC24":0.5501147138467084,"CDK1":-0.2716668125361053,"SPC25":0.6826470377467391,"KIF23":-0.15114761509259442,"RAD51":0.566355853613537,"MAD2L1":-4.792396137004716,"PCNA":-0.08346901561886266,"MPP7":9.03382152082667,"DLG1":3.9874713321756334,"PI4K2A":6.316583653466619,"USP32":7.248419699919609,"LIN54":-0.35504067222571645,"KIF14":0.11455644680214193,"CDC42BPB":1.2451418142287898,"PI4K2B":1.9914742743550744,"SMC2":0.8700079873042391,"CIT":0.47753721800572124,"BUB1B":-0.12454914346261463,"RHBDF2":18.994263411956897,"ZWINT":0.17360524098255664,"CIP2A":1.9849358284076377,"NCAPD2":1.770981546776416,"CLSPN":0.20481323728598522,"ACP2":4.88949759915631,"ANLN":0.8642865259254615,"NUS1":1.1496887722264613,"CYB5R1":1.6597289556365091,"KLHDC3":0.0530882085839243,"SERPING1":0.11169329145720212,"RAB13":-0.1283279095542712,"PUSL1":-0.22557238058667606,"TRIP13":1.6205248770692837,"ESCO2":-0.0997531951457721,"CCNB1":0.1980939180771828,"AURKB":0.08853922019031443,"NCAPG":1.7340175470067314,"KIF20A":0.20661479760439025}},"Mutation FLT3 ITD":{"min":-10.0,"max":10.0,"top_text":"High FLT3 ITD Correlation","bottom_text":"Low FLT3 ITD Correlation","map":{"MPP7":0.08923171355212699,"NUS1":-0.40627478066320266,"USP32":-0.07556234363559446,"PDPK1":-0.5167591452740345,"CCNB1":1.0633928462710631,"ACP2":0.11866229405186625,"KIF15":-1.79985207716335,"CIT":-0.6348507608881219,"PI4K2A":0.05612598315547031,"SAR1B":1.0556436823422612,"MTARC2":2.2318979991760646,"MAD2L1":-0.9129076925541073,"SLC31A1":0.0,"SPC25":-1.6593444986437926,"BUB1B":-1.815661374978917,"ANLN":-1.8148720539518408,"ZWINT":-1.514244660052344,"LIN54":-3.398225842809562,"CIP2A":-1.7535605482824508,"CDC20":-0.5202472885255106,"AURKB":-1.3211854956046967,"RHBDF2":0.9606590470621218,"ACSL4":-0.13433693733813373,"KIF20A":-0.9935653313266601,"ARRB2":-0.3486707417172833,"KIF14":-3.1164970754261745,"CDC42BPB":1.6314166016327927,"CDK1":-2.6743485490325334,"KIF4A":-1.8418848131597758,"PCNA":0.279872200130861,"NCAPG":-1.4857475672563156,"NCAPH":-1.6808552800479717,"ESCO2":-1.4273250496314842,"KLHDC3":-0.40607106824755335,"NCAPD2":-1.4455603381238178,"SERPING1":-0.4164412000736516,"RAB13":-0.14221243103929704,"RELT":-0.18552968863999994,"SMC2":-1.0853232518267806,"SLC30A1":0.18238691339182408,"RAD51":0.42456244171302704,"SPC24":-2.173190302334768,"CLSPN":-1.2706442714132113,"GINS3":-1.7006938946099683,"TRIP13":-1.8986486163326848,"PI4K2B":-0.45034894300476896,"PUSL1":-1.2983951986062303,"CYB5R1":2.6365337206410473,"SNAP47":2.4684693751014164,"KIF23":-2.4927200100074387,"DLG1":-0.49974561226999065}},"Overall Survival":{"min":-6.0,"max":6.0,"top_text":"High Survival Correlation","bottom_text":"Low Survival Correlation","map":{"MPP7":0.0002360272771784891,"SLC30A1":0.6173717106723074,"SPC25":-0.37546411845604727,"KIF15":0.06748406078580846,"NCAPH":-0.355356929716138,"KIF23":-0.3865782835404145,"CDC20":-0.4429352678808497,"PDPK1":0.6605408717643508,"NCAPD2":-0.13957402866641186,"ARRB2":-0.11336565315549695,"TRIP13":-0.37004401365024153,"NUS1":0.12937265939462997,"ACP2":-0.6877474137103164,"LIN54":-2.294815606755824,"SMC2":-1.0651367997222476,"CIT":-0.5323773144182699,"ZWINT":-0.9661832664344746,"CIP2A":0.11621280894081243,"SERPING1":0.515847311283086,"PUSL1":-0.08369951478941867,"CYB5R1":-0.0816902684880599,"KIF14":-0.7367163576824233,"PI4K2A":1.1943704463019444,"CDC42BPB":1.0158515459792745,"BUB1B":-1.21400712929416,"KIF20A":-0.35756241025303614,"USP32":-0.03283878635883678,"MTARC2":0.27440652813294075,"RELT":-0.09379111021003435,"CDK1":-0.5325623945150357,"GINS3":-0.28593656672893997,"ACSL4":0.3123032449529487,"PCNA":-0.21000837055259727,"PI4K2B":0.5744947327931459,"CLSPN":-0.21497701534882804,"RAB13":-0.8043182849196739,"ESCO2":-0.49718815931937527,"SNAP47":-0.06107100992020344,"KIF4A":-0.4270415291881948,"SAR1B":0.9438170479345216,"DLG1":-0.7573856733601919,"MAD2L1":0.08827643177729277,"RAD51":-0.1441936575627032,"KLHDC3":0.814631798130416,"SLC31A1":0.0,"RHBDF2":0.7020931820920612,"CCNB1":-0.5499195133740654,"AURKB":-0.305928709774209,"NCAPG":-0.04807048723401925,"ANLN":-1.2313299768404802,"SPC24":0.04705416562389378}},"Mutation NPM1":{"min":-30.0,"max":30.0,"top_text":"High NPM1 Correlation","bottom_text":"Low NPM1 Correlation","map":{"SERPING1":-1.043598662859085,"GINS3":-3.2341483652953538,"SNAP47":1.1134077901955277,"KIF15":-3.3755655125632265,"KLHDC3":0.14408356402449826,"CIP2A":-2.5559159099572586,"SLC31A1":0.0,"PI4K2A":0.08645432874576049,"MPP7":2.3421478780911253,"DLG1":-0.16232537373874995,"RELT":-0.4726026324885324,"RHBDF2":1.1046393994765462,"ARRB2":-0.5569538399784084,"USP32":1.2549883213112052,"RAB13":-0.26565278141836074,"SAR1B":0.6413362603887071,"SMC2":-1.1969971140737108,"CYB5R1":-0.03550109598175567,"KIF20A":-0.4428866058486983,"SLC30A1":0.7484364330438482,"CDC42BPB":1.284040161734588,"ANLN":-0.7652132219498247,"ACSL4":1.1287655341522584,"KIF23":-2.375624425833666,"BUB1B":-1.6964179054452235,"PUSL1":-0.9720120706312387,"CDK1":-3.2009679038940413,"ESCO2":-1.2494006941869276,"LIN54":-1.1024834334037878,"NCAPH":-2.1626591421682098,"CDC20":-0.4296976945426112,"PDPK1":-0.5334334073021296,"NCAPD2":-1.9281684032445618,"TRIP13":-2.9670801874398234,"MTARC2":2.035307086574623,"CIT":-0.05638857856792259,"CCNB1":-1.1514116056407238,"SPC24":-2.655727415102937,"MAD2L1":-1.5560262467800043,"PI4K2B":-0.5030722734059477,"NUS1":-0.7841279477497163,"ACP2":4.804121615505402,"KIF14":-1.8993918982643894,"PCNA":1.1298584862887509,"AURKB":-1.4079529910624258,"CLSPN":0.7447947167398818,"SPC25":-1.750842741771455,"KIF4A":-2.4467911502568023,"ZWINT":-0.480644569751237,"RAD51":0.47282479217192724,"NCAPG":-2.19145466862639}},"Blast Percent":{"min":-11.0,"max":11.0,"top_text":"High Blast Percent Correlation","bottom_text":"Low Blast Percent Correlation","map":{"NCAPD2":-4.061078747122759,"SPC25":-1.274170290862513,"CDC42BPB":-0.96022718346656,"RELT":-5.287426178883873,"SERPING1":-1.8465184908616556,"SLC30A1":-5.145092989741931,"ACSL4":-0.8202158565799569,"MPP7":-3.2263844531047967,