{"MuSiC CD14 Mono":{"min":-50.0,"max":50.0,"top_text":"High CD14 Mono Correlation","bottom_text":"Low CD14 Mono Correlation","map":{"RACGAP1":0.15681989481953287,"KCNE3":0.0,"MCM2":-4.109393782613781,"FERMT2":-0.1763692476761179,"H4C8":0.0,"DIAPH3":0.24302043156905428,"MIS18A":-0.48068824207542954,"PRKCD":29.169589852727487,"CIT":0.47753721800572124,"MYADM":-0.5774030130577267,"PXMP2":-0.08699712866017832,"CAV1":-0.5302430407351745,"STX10":11.378214372140155,"H4C5":0.0,"MKI67":0.4243461950440877,"SLC22A15":0.0,"H4C4":0.0,"H4C13":0.0,"MYC":-3.3149980205941003,"MOSPD2":21.631672090985983,"FANCD2":0.4453576103161136,"FANCI":-0.09738153980784418,"STX7":7.278791771582772,"BRCA1":-0.5466122588945166,"SLC22A16":-2.0998652260911825,"AURKB":0.08853922019031443,"STAM2":10.926267644769036,"TLCD4":0.0,"SNX27":35.93603892271557,"TRIQK":0.7942267609483739,"SLC29A1":-2.478562272441826,"H4C9":0.0,"KIF23":-0.15114761509259442,"OSBPL11":29.714322374760247,"CLSPN":0.20481323728598522,"CDK2":-4.151324747386937,"TOP2A":0.4694156670950818,"PRICKLE3":0.0,"KIF20A":0.20661479760439025,"TPX2":0.0008280571182637873,"H4C1":0.0,"KIF2C":0.580223343757911,"CDK1":-0.2716668125361053,"SLC43A1":-2.3911768431675777,"H2AC4":0.0,"PKP4":-0.23041241385206462,"KIF14":0.11455644680214193,"ANLN":0.8642865259254615,"CTNNA1":2.3247333731145003,"CTNNB1":-0.5009367214219028,"H4C2":0.0}},"Overall Survival":{"min":-6.0,"max":6.0,"top_text":"High Survival Correlation","bottom_text":"Low Survival Correlation","map":{"KCNE3":0.0,"H4C13":0.0,"KIF23":-0.3865782835404145,"MOSPD2":-0.1478391449522661,"MYADM":-1.029929147674692,"PRKCD":-1.1287983889413287,"KIF20A":-0.35756241025303614,"CLSPN":-0.21497701534882804,"MIS18A":-0.5113739656443476,"AURKB":-0.305928709774209,"PRICKLE3":0.0,"PKP4":-1.3430776446875186,"H4C5":0.0,"STX10":-0.2698181563201407,"FERMT2":-0.6003765873311542,"KIF2C":-1.43761994314117,"H4C1":0.0,"TPX2":-1.13897847295325,"FANCD2":-0.28458754404517145,"SLC43A1":-1.408707315620522,"KIF14":-0.7367163576824233,"H4C2":0.0,"H4C8":0.0,"CIT":-0.5323773144182699,"CTNNA1":-0.24775182687641803,"H4C9":0.0,"CDK2":-0.9166780132492727,"H4C4":0.0,"TLCD4":0.0,"MCM2":-1.0751882964464419,"ANLN":-1.2313299768404802,"CDK1":-0.5325623945150357,"RACGAP1":-0.8418040978864305,"TOP2A":-0.7521973254776794,"CAV1":-0.14447947551038773,"SLC29A1":-0.279675748637068,"SLC22A16":0.11945032590010582,"SLC22A15":0.0,"STAM2":-0.036636620678676936,"BRCA1":-0.25107120662382854,"H2AC4":0.0,"SNX27":-0.8273533139320461,"TRIQK":-0.6108370084353486,"DIAPH3":-1.005835478441934,"MKI67":-0.9074378830287178,"STX7":0.5813517976991404,"CTNNB1":-2.132978317636448,"PXMP2":-1.7689576747300326,"OSBPL11":0.02269553725888842,"FANCI":-0.20764361258475295,"MYC":-0.09746207262172309}},"Mutation NPM1":{"min":-30.0,"max":30.0,"top_text":"High NPM1 Correlation","bottom_text":"Low NPM1 Correlation","map":{"CDK2":-3.5431707502868006,"MOSPD2":-1.2029704124455622,"TPX2":-1.3974049707206846,"H4C5":0.0,"STX7":-1.4667243273059174,"SLC22A15":0.0,"KIF14":-1.8993918982643894,"CTNNB1":0.49678202627901763,"KIF23":-2.375624425833666,"MCM2":-0.8932231535543373,"ANLN":-0.7652132219498247,"H4C2":0.0,"TRIQK":2.483445807795139,"FERMT2":0.6963824968103091,"H4C9":0.0,"MKI67":-3.758397876139451,"PRICKLE3":0.0,"OSBPL11":0.8564136921969415,"H4C1":0.0,"DIAPH3":-1.3599575619394941,"SLC22A16":-1.1527331912763905,"SLC43A1":-5.352763673595521,"TLCD4":0.0,"MYC":-0.10168434394597319,"PRKCD":4.560967519609574,"H4C4":0.0,"FANCI":-0.8057575861650125,"TOP2A":-0.8058098634877077,"PKP4":-0.8485704021387651,"STAM2":2.5449720198133985,"KIF2C":-1.8948548438584705,"H4C13":0.0,"KIF20A":-0.4428866058486983,"BRCA1":-1.1372533190251854,"CLSPN":0.7447947167398818,"CAV1":-0.6693585076647097,"SLC29A1":-5.149383194350672,"H2AC4":0.0,"FANCD2":-1.0734909049307855,"PXMP2":-0.268633275027707,"CDK1":-3.2009679038940413,"MYADM":-0.5591337505011614,"KCNE3":0.0,"STX10":0.7221867814726826,"CTNNA1":2.7323116875392977,"RACGAP1":-1.7235875774612748,"SNX27":1.0696207839999445,"H4C8":0.0,"CIT":-0.05638857856792259,"AURKB":-1.4079529910624258,"MIS18A":-1.2531981581467517}},"Mutation FLT3 ITD":{"min":-10.0,"max":10.0,"top_text":"High FLT3 ITD Correlation","bottom_text":"Low FLT3 ITD Correlation","map":{"CLSPN":-1.2706442714132113,"KIF20A":-0.9935653313266601,"PRKCD":0.768439903778786,"STX10":-0.6503591633709994,"ANLN":-1.8148720539518408,"H4C5":0.0,"KIF2C":-2.1810710420934067,"FERMT2":-1.8167150160727283,"KCNE3":0.0,"CAV1":0.43890709235006165,"MOSPD2":-1.101697967289197,"H4C8":0.0,"MYC":0.29382053195509006,"TLCD4":0.0,"SLC22A16":-0.2907080699599207,"RACGAP1":-1.6208191072755878,"TRIQK":-0.1217411092453137,"PRICKLE3":0.0,"PKP4":-1.2249252156316397,"SLC29A1":-0.8510744024501179,"KIF14":-3.1164970754261745,"AURKB":-1.3211854956046967,"OSBPL11":-0.130007293192253,"DIAPH3":-1.8684895228900307,"TOP2A":-1.5199453422727545,"STAM2":2.3570794239212716,"H4C1":0.0,"CDK2":-5.617044214489403,"STX7":-0.3143328177525132,"H2AC4":0.0,"PXMP2":-1.1670937970933752,"SLC43A1":-0.23792204837363376,"TPX2":-1.6591680940946956,"MIS18A":-1.5560297510886865,"H4C13":0.0,"H4C4":0.0,"MKI67":-2.080138184792762,"H4C2":0.0,"SLC22A15":0.0,"CTNNA1":-0.9903402933125708,"CTNNB1":-0.4334147898916556,"CIT":-0.6348507608881219,"MYADM":-0.6836240961456104,"H4C9":0.0,"KIF23":-2.4927200100074387,"CDK1":-2.6743485490325334,"MCM2":-0.6530855247902244,"BRCA1":-1.367661228869997,"FANCD2":-1.0496809812675247,"FANCI":-0.895757513905416,"SNX27":-0.10632046912616772}},"NPM1 Subtype":{"min":-37.0,"max":37.0,"top_text":"Committed NPM1 Subtype","bottom_text":"Primative NPM1 Subtype","map":{"TLCD4":0.0,"MCM2":-3.0244445985211,"H4C5":0.0,"DIAPH3":1.090367820385944,"CAV1":-0.3465734988006755,"SLC22A16":-0.8985684477772049,"STX7":7.051363808817316,"PXMP2":0.3091956132094652,"RACGAP1":0.9490055216992039,"MOSPD2":16.34038819760998,"PRKCD":16.491025650638733,"H4C13":0.0,"PRICKLE3":0.0,"FANCD2":1.347717034032873,"KCNE3":0.0,"SLC29A1":-1.4308485412192977,"TRIQK":0.044197298364221566,"H4C2":0.0,"CIT":1.404050365311681,"H4C8":0.0,"SLC43A1":-3.005260545139524,"H4C9":0.0,"OSBPL11":26.98559412340262,"BRCA1":-0.049069322183682255,"KIF23":0.5010606230705682,"FANCI":0.4276539638177887,"MKI67":1.2792450508849282,"CTNNB1":-0.511473725892018,"PKP4":0.35703296588404304,"CDK2":-2.911101288267975,"KIF14":1.1070031297304213,"MYADM":-0.36557319551829215,"SNX27":25.21383093786504,"CLSPN":1.6288494170435353,"CDK1":0.5154729779547357,"TOP2A":1.0548961220309934,"STX10":12.686918001004043,"STAM2":5.698298091606378,"H4C1":0.0,"MIS18A":-0.10787194995109481,"TPX2":-0.36430666740786716,"KIF20A":1.2573136368459923,"H4C4":0.0,"CTNNA1":0.7964508355855082,"MYC":-2.814978620299115,"SLC22A15":0.0,"H2AC4":0.0,"FERMT2":0.06803384308909402,"AURKB":0.9889055167436234,"KIF2C":1.0665650520517223,"ANLN":2.1311214657681146}},"Blast Percent":{"min":-11.0,"max":11.0,"top_text":"High Blast Percent Correlation","bottom_text":"Low Blast Percent Correlation","map":{"TLCD4":0.0,"CTNNB1":-0.03360939052225017,"CAV1":-0.1785760131450302,"H4C5":0.0,"KIF14":-2.3783946645236163,"CDK2":-0.11969307808725581,"MOSPD2":-5.269694041395384,"H4C2":0.0,"KIF23":-1.9003067459822134,"SNX27":-1.25385490500183,"CLSPN":-0.9382946669586997,"TOP2A":-1.253780928400787,"H4C1":0.0,"H4C9":0.0,"FANCI":-1.3141797162121462,"MKI67":-2.8475186116450195,"TRIQK":0.6660393100077928,"AURKB":-1.0354634974696724,"H4C4":0.0,"CIT":-2.4696228016746655,"OSBPL11":-2.6945771384592936,"SLC29A1":-5.581466220588187,"BRCA1":-0.5954160471001715,"H4C8":0.0,"FANCD2":-1.7933124901916129,"SLC22A16":-0.6982989897795192,"PXMP2":0.6143677957352125,"MYADM":-1.826125657472422,"FERMT2":-2.0626989257576005,"RACGAP1":-1.5868344850589668,"STX7":-1.9700777977188588,"MYC":0.7481112329162724,"STAM2":-0.6713380748392511,"H2AC4":0.0,"ANLN":-1.1383473546741258,"H4C13":0.0,"MIS18A":-1.0918491457147812,"TPX2":-1.6156571405625912,"STX10":-2.534126638518659,"KIF2C":-2.5333462112146226,"SLC43A1":-2.751496193378765,"PKP4":-0.6658748776273425,"PRICKLE3":0.0,"KIF20A":-0.5156097650634569,