{"Mutation FLT3 ITD":{"min":-10.0,"max":10.0,"top_text":"High FLT3 ITD Correlation","bottom_text":"Low FLT3 ITD Correlation","map":{"CPN1":0.0,"C1QA":-0.3518291447513174,"PON1":-1.942712850992232,"ORM1":-1.8642050710352924,"A1BG":-2.032355013237839,"DPP6":0.0,"C1S":-1.988623125048063,"SERPINC1":-2.731412589237161,"COQ8A":1.453021160666608,"C3":-2.3442681519315847,"APOH":-1.0773814224346472,"APOB":-2.6579809621573167,"TF":-2.978787661016507,"APOA1":-1.8194175188023785,"F2":-2.4635239256058745,"ALB":-0.8160759256632604,"CMTM5":-0.7229679094600507,"FGB":-2.787752433320642,"APOA2":-1.219593579655549,"THBS1":0.3059665633270309,"SERPIND1":-3.749740904106094,"ITGB3":0.010531068992007205,"ORM2":-1.9772099578414026,"APOC3":-1.923753298866965,"FGA":-2.5817653341314184,"HSPB1":-2.093191401832776,"APOE":-2.5573316519095552,"F12":-2.331092421844487,"PLG":-3.402617100439581,"FGG":-2.5772166843392594,"RBM14-RBM4":0.0,"HPX":-0.8699505497779201,"C4BPA":-1.4539735787271928,"A2M":-1.054884903908333,"C4A":-1.7322644186946818,"C1QC":0.5264794098617065,"C5":-1.7911421271579013,"TIMD4":0.0,"C7":-1.772880870689924,"CD5L":-1.851677677455785,"CLU":0.05704187064070339,"LY6G6F":0.1680965504838837,"GC":-1.577145528856194,"KNG1":-2.141287623502634,"KRTAP6-1":0.0,"SERPINE1":0.06583422137765116,"C1QB":-0.9741246250947276,"SERPINF2":-2.6732539611298685,"AFM":0.10496296125112965,"HRG":-2.457455363634731,"AZGP1":-2.4559216629013556}},"Mutation NPM1":{"min":-30.0,"max":30.0,"top_text":"High NPM1 Correlation","bottom_text":"Low NPM1 Correlation","map":{"C4A":-0.301144556485626,"C1QC":0.2828908596488781,"C4BPA":-0.21304416516576005,"COQ8A":1.0628053992885498,"SERPINF2":-0.578649926959637,"KNG1":0.04739801396143039,"SERPINE1":0.005180954005185568,"SERPINC1":-0.6680063814432631,"APOE":-0.7124076466612855,"HRG":-0.4829213303755763,"PLG":-0.8183695301550417,"PON1":-1.2172937046091676,"APOC3":-0.46537864254294165,"APOH":-0.15980727700055378,"C1QA":0.8513770168146075,"C1QB":-0.11833320239608201,"TF":-1.4430072670509297,"FGA":-1.9145522992873771,"FGG":-1.8847514153728133,"A2M":0.2016823116940358,"F12":-0.051010755601125855,"ALB":0.1403034551825986,"C1S":0.2914460838333025,"AFM":0.5900380669928309,"CPN1":0.0,"HSPB1":-7.172388573300481,"HPX":0.24325509137316556,"APOA2":-0.5621549272938762,"C5":-0.2811102115829944,"ORM2":-0.357371822219691,"TIMD4":0.0,"CLU":0.7426345273346059,"KRTAP6-1":0.0,"THBS1":0.4130123908711984,"C7":-0.9295102087352523,"FGB":-1.857298612304548,"F2":-0.39884953700454207,"APOB":-1.4457091018465706,"SERPIND1":-0.41380606414930887,"CD5L":-0.13713349361802998,"AZGP1":-1.7068076461638244,"GC":-0.0832789897057334,"DPP6":0.0,"CMTM5":0.36235588999678947,"A1BG":-0.34858315066690054,"ITGB3":0.3102989462104769,"LY6G6F":0.32089071411025966,"C3":-0.4381347265818473,"RBM14-RBM4":0.0,"ORM1":-0.6316098093521908,"APOA1":-0.9125918346138866}},"MuSiC CD14 Mono":{"min":-50.0,"max":50.0,"top_text":"High CD14 Mono Correlation","bottom_text":"Low CD14 Mono Correlation","map":{"C5":1.6831833823524787,"C3":0.8319102211576486,"ALB":0.731000662795529,"THBS1":4.714998143749004,"CD5L":1.7002807055034708,"F2":1.2963738346724984,"A2M":1.9114180544455235,"ORM1":1.034161062862445,"C1QA":3.9311111760578243,"RBM14-RBM4":0.0,"DPP6":0.0,"COQ8A":-6.402528366314566,"HSPB1":-0.23545787312771158,"FGG":1.554962199470554,"TF":-0.35093084812114683,"FGA":1.3935216694166261,"APOA2":-0.01732113307668791,"HPX":5.026026659845367,"ITGB3":2.180531302343359,"KNG1":2.0434488380852103,"HRG":1.5591965827219412,"AFM":1.2504752257225609,"C7":2.266277806530954,"PLG":1.7608869543363224,"SERPINC1":2.4558488879807694,"FGB":1.6955506619922678,"C1QC":4.056434341642037,"C4BPA":0.5162092379318575,"CPN1":0.0,"C1QB":4.012523487325737,"ORM2":0.7568905376101286,"TIMD4":0.0,"C4A":0.35181010341802965,"APOC3":0.36384078542068055,"PON1":0.15405200674690953,"A1BG":1.5725087753731646,"APOA1":0.12538516878526001,"F12":2.8777348471889734,"CMTM5":1.0801401587960262,"AZGP1":0.5998632287345891,"C1S":7.058983747245368,"LY6G6F":2.687176040894975,"CLU":1.6741613909447364,"KRTAP6-1":0.0,"APOB":-0.04076714361444173,"APOH":3.425702705724015,"APOE":1.1573471922619887,"SERPINF2":2.575183666333136,"SERPIND1":0.24235196124859554,"GC":3.9820316369975757,"SERPINE1":0.1808956731212171}},"Blast Percent":{"min":-11.0,"max":11.0,"top_text":"High Blast Percent Correlation","bottom_text":"Low Blast Percent Correlation","map":{"C1QC":-1.721044989674092,"C1QB":-2.1300164794591367,"FGB":-4.762380585804137,"RBM14-RBM4":0.0,"KNG1":-3.031259814077712,"SERPIND1":-1.5085749145304579,"C4A":-1.0982451640127318,"C5":-3.238039956768915,"APOC3":-2.4967110974882303,"THBS1":-5.538710115354436,"TIMD4":0.0,"FGG":-5.038595084807831,"C7":-1.8101327548976007,"CMTM5":-4.147935512850159,"CD5L":-1.084129391149667,"C3":-2.142209393203788,"HRG":-1.6561131364125536,"KRTAP6-1":0.0,"ORM1":-3.6864272559022035,"APOH":-2.9700377179641904,"SERPINC1":-4.4395662863635845,"ALB":-2.0394930026178333,"SERPINE1":-2.3288017018925866,"CPN1":0.0,"ORM2":-2.44396516257099,"CLU":-4.701906666975222,"PON1":-2.740268682045374,"PLG":-3.9882560899128645,"F12":-1.7927788983862702,"COQ8A":2.2961206459002903,"HPX":-3.407836677220351,"A1BG":-3.755252811227429,"APOA2":-3.517802246205603,"F2":-2.987114804544224,"A2M":-3.096848807109821,"TF":-2.7468750632611796,"APOB":-3.346941537500115,"APOA1":-3.424919133429988,"ITGB3":-5.4856001154020015,"LY6G6F":-3.940805203568553,"DPP6":0.0,"APOE":-4.3420523841107075,"C4BPA":-0.8026743863531516,"SERPINF2":-4.759731223492702,"AFM":-2.834683297541573,"C1S":-3.4858285311350787,"GC":-4.491937985800478,"FGA":-4.937145104571725,"HSPB1":-0.6732094003578089,"AZGP1":-3.1790544359833475,"C1QA":-2.1318487943466984}},"Overall Survival":{"min":-6.0,"max":6.0,"top_text":"High Survival Correlation","bottom_text":"Low Survival Correlation","map":{"A1BG":0.48974851413158704,"APOA1":0.40273612541208303,"C3":0.1083916317552643,"KRTAP6-1":0.0,"C4A":0.19170116160904668,"C4BPA":0.05266650187553827,"AZGP1":0.17882028921684884,"SERPINC1":0.2926965347699324,"F12":0.5077514995552961,"APOC3":0.41407058339343367,"FGA":0.3156687049179151,"C1QB":0.3979142342176656,"DPP6":0.0,"C7":-0.08286338736187983,"PLG":1.037515798068382,"C1QC":-0.39618783940014246,"F2":0.32221651905713716,"GC":0.24128466254570333,"A2M":0.3158932847368922,"ORM2":0.14360472745295216,"PON1":0.08015799891713869,"APOB":0.2890629079939418,"APOE":0.5652713053792872,"HPX":0.48357888062336296,"LY6G6F":1.0102376530994401,"SERPINF2":0.27093889696605555,"RBM14-RBM4":0.0,"CMTM5":0.4593855474836417,"KNG1":0.21331376577406894,"C1QA":-1.2323270927099985,"TIMD4":0.0,"APOA2":0.05232266975973171,"CPN1":0.0,"COQ8A":-0.15128116237215952,"C1S":0.6644065742815277,"CLU":0.843050588246298,"HSPB1":-0.19746762232534193,"TF":0.0839338809587882,"FGB":0.23540947879006366,"SERPINE1":1.1404588969547416,"SERPIND1":0.5166478967105231,"ORM1":0.4082461670890047,"ALB":0.12188602207902692,"AFM":0.7441405361148287,"HRG":1.8595899666199616,"C5":0.9223877069395927,"CD5L":0.3794320069624277,"ITGB3":1.2336487670993077,"THBS1":0.6082655487966359,"FGG":0.34973379846498,"APOH":0.5309276010939833}},"NPM1 Subtype":{"min":-37.0,"max":37.0,"top_text":"Committed NPM1 Subtype","bottom_text":"Primative NPM1 Subtype","map":{"APOA2":0.5198330057890678,"GC":2.9420776521405534,"C1QA":2.9662589062266282,"PLG":2.0924856934563927,"APOE":1.9893087039465482,"CLU":1.4676931578307708,"ITGB3":2.3418651981505696,"C1S":6.216992341971566,"THBS1":4.3214969941624615,"LY6G6F":3.318419630801492,"C4BPA":-0.7016841034445838,"HRG":1.528429376426627,"DPP6":0.0,"SERPINC1":2.6177142192575547,"CD5L":1.3145029412885485,"PON1":0.5037883954524638,"F12":1.5135459522391685,"SERPINF2":2.645337845555066,"AFM":1.1935148370322834,"CPN1":0.0,"C1QC":3.062103188613029,"KNG1":1.3265767471797247,"C7":1.7230025378133942,"HSPB1":-0.26357908867899216,"ORM2":0.8256950409206523,"C1QB":3.81809740649633,"ORM1":0.9633044124447665,"C5":2.8206493484339794,"C3":0.9028686617170781,"KRTAP6-1":0.0,"CMTM5":1.0290616804604809,