{"MuSiC CD14 Mono":{"min":-50.0,"max":50.0,"top_text":"High CD14 Mono Correlation","bottom_text":"Low CD14 Mono Correlation","map":{"PEBP1":-8.022806641768291,"PLS1":-1.593288663407613,"ARMC8":0.6055311658462774,"HMGN5":-2.8307814153767614,"TBCA":0.37404401820822303,"SLC16A9":0.0,"H3C2":0.0,"PRPS2":0.7952204051705511,"HINT1":-4.49808186707737,"ANKRD49":-0.39565121290672783,"MARK3":0.8009302861963642,"TAGLN":0.009925504103997632,"PLS3":-0.3567861485889593,"SH3BGRL":0.9755607693568039,"BAG2":-1.9977918986225802,"NINL":0.0,"H4C1":0.0,"PRDX6":-1.6382457009983484,"BICC1":0.0,"CUL4A":-0.689018074007474,"FKBPL":-0.563890768454177,"PRPSAP1":3.538228836889811,"PRPS1":-0.32367028748375465,"DTD1":-0.8997484284078784,"ENO1":8.240306864591288,"MDH1":-0.010977398784429397,"PPAT":-8.33172612256193,"RNF150":0.0,"H4C5":0.0,"H4C2":0.0,"H2BC17":0.0,"USP47":0.3660899668065954,"CNN3":-0.988697858603278,"CAPRIN2":0.0,"MOCS1":0.0,"NAE1":-4.673100280250364,"UBA2":-6.597907313012263,"PRPSAP2":-0.5512344735728644,"ZNF268":-5.580184642351871,"LIMA1":-9.541820905761535,"UBE2O":-0.6388077595598092,"CDC37":1.586250217407549,"H4C4":0.0,"ENO2":0.09248739446204755,"UCHL1":-0.3405229673820808,"RAB38":-2.096390875583417,"PKP2":0.5423028552618454,"OTUD3":-1.172594149021184,"NSFL1C":-0.09799996871543488,"DNAJC6":-1.4879884594087178,"FSTL1":0.03155382128284532}},"Blast Percent":{"min":-11.0,"max":11.0,"top_text":"High Blast Percent Correlation","bottom_text":"Low Blast Percent Correlation","map":{"CNN3":-1.3805734488942967,"FKBPL":-4.736626864222138,"H4C1":0.0,"OTUD3":0.08871794123992306,"H2BC17":0.0,"UBE2O":-2.7923749353290046,"MOCS1":0.0,"PPAT":1.43447152282987,"DTD1":-2.2588140657425972,"LIMA1":0.7148056261813527,"RAB38":-0.5916483279716875,"PRPS1":-2.0934964180386,"TBCA":-1.5350883855972821,"PEBP1":2.247493955133236,"H4C4":0.0,"DNAJC6":-2.043840454383044,"ENO2":-1.3188432014749734,"CAPRIN2":0.0,"CDC37":-5.302626103895697,"PRPSAP2":-0.49668289326519155,"TAGLN":-0.8669282588324247,"H4C5":0.0,"USP47":-1.844437566109661,"ANKRD49":-3.6648946945068874,"UCHL1":-0.7261149939253873,"NINL":0.0,"SH3BGRL":-0.7335224426899721,"BAG2":-2.307856210587071,"PLS3":-1.7696740000303368,"PRDX6":-0.39006592865692596,"PRPS2":-0.772430437501643,"PLS1":-0.9096997404967473,"CUL4A":-0.23485810842227536,"H3C2":0.0,"NAE1":0.2560717322002438,"H4C2":0.0,"PKP2":-1.1153254946977724,"HINT1":0.6886103673421149,"MDH1":-0.11411999432760164,"UBA2":5.70592693573365,"ENO1":-1.5928324354961332,"HMGN5":-0.5533889938144851,"ARMC8":-2.355982612932605,"ZNF268":1.92870535390535,"MARK3":-6.396268697753584,"PRPSAP1":-1.7444242782624022,"BICC1":0.0,"SLC16A9":0.0,"RNF150":0.0,"NSFL1C":-1.9849385699660826,"FSTL1":-2.295404513652364}},"Overall Survival":{"min":-6.0,"max":6.0,"top_text":"High Survival Correlation","bottom_text":"Low Survival Correlation","map":{"H4C5":0.0,"CUL4A":-2.1158721558449303,"MOCS1":0.0,"ANKRD49":-0.30822520003855347,"ENO2":-0.05789380090639452,"PEBP1":-0.4996980443025204,"HINT1":0.01803042028688815,"PPAT":0.05889378602893363,"TAGLN":-0.3892255286073591,"PRDX6":-1.9691532862952235,"USP47":-0.6827325919895487,"H4C1":0.0,"FSTL1":-0.0935963150189377,"PRPS2":-0.6640062925098099,"HMGN5":-1.8857515016304038,"BAG2":-0.5276924741187047,"DNAJC6":-1.3238816734815018,"PRPSAP2":-0.27714143808249825,"SH3BGRL":-1.1782336688265103,"ZNF268":-0.25157493216213617,"PKP2":-0.756590265883753,"NSFL1C":-0.26457598108802705,"BICC1":0.0,"PRPS1":-0.7540941258826764,"UBA2":-0.7498191905129501,"ENO1":-0.3687101286350442,"TBCA":-0.330550244468569,"MDH1":-0.1443697921638091,"OTUD3":-0.06707272506664394,"NAE1":-0.798223664667113,"LIMA1":0.43204983089618254,"H4C2":0.0,"H2BC17":0.0,"UCHL1":0.05869138050309752,"H4C4":0.0,"MARK3":0.5592854400052422,"CAPRIN2":0.0,"NINL":0.0,"H3C2":0.0,"CNN3":0.015342356904655834,"PLS3":-0.015417755630324133,"DTD1":-0.30528763808597825,"RAB38":-0.4857734055285727,"UBE2O":-0.5161236002975893,"CDC37":-0.05229350983661489,"SLC16A9":0.0,"FKBPL":0.10717667727624852,"RNF150":0.0,"PRPSAP1":-0.12593332573243018,"ARMC8":-0.9906336515353259,"PLS1":-0.6369715130112462}},"NPM1 Subtype":{"min":-37.0,"max":37.0,"top_text":"Committed NPM1 Subtype","bottom_text":"Primative NPM1 Subtype","map":{"H4C2":0.0,"H4C5":0.0,"CUL4A":-0.7646881963393748,"DTD1":-0.39254634519490333,"SH3BGRL":0.692932237767188,"MARK3":0.4178139264734858,"H4C1":0.0,"DNAJC6":-1.7022805573569801,"FKBPL":0.2195178980644909,"PKP2":0.4724116855734354,"PRPSAP1":2.3246520710536633,"PRPS1":0.08735990524280479,"CDC37":1.1680889435247672,"TAGLN":0.4780379493834639,"UCHL1":-0.4845904341777744,"NAE1":-5.734030115738389,"BICC1":0.0,"SLC16A9":0.0,"UBE2O":-0.6773210840662062,"OTUD3":-0.6820087507033947,"RAB38":-4.072792092784953,"H4C4":0.0,"BAG2":-2.2615936630458613,"HMGN5":-4.785393347286766,"RNF150":0.0,"LIMA1":-6.178631677606213,"FSTL1":-0.10286795684534265,"PRDX6":-2.2899369346585337,"CNN3":-0.8795547039323403,"ZNF268":-5.119844121366398,"CAPRIN2":0.0,"ANKRD49":-0.29652732593307624,"PLS1":-4.141757273692712,"TBCA":0.271944180034598,"PLS3":-1.0401276465382887,"NSFL1C":-0.26745435468251894,"ENO2":-0.1822932164807741,"PRPS2":0.8736661052578496,"PEBP1":-9.426392989618819,"MDH1":-0.08124557198117033,"UBA2":-7.472377500629946,"ARMC8":0.3257399405233099,"USP47":-0.025751979206462102,"PRPSAP2":-0.42802562898863034,"H3C2":0.0,"HINT1":-3.824402418398053,"MOCS1":0.0,"PPAT":-8.795723682358531,"NINL":0.0,"H2BC17":0.0,"ENO1":4.399797345058203}},"Mutation FLT3 ITD":{"min":-10.0,"max":10.0,"top_text":"High FLT3 ITD Correlation","bottom_text":"Low FLT3 ITD Correlation","map":{"CDC37":-3.1480915364053956,"CNN3":-2.5235105821300308,"LIMA1":0.7354254526484341,"PRPSAP1":-0.2541926232249526,"CAPRIN2":0.0,"RAB38":3.8597847570423913,"NINL":0.0,"H3C2":0.0,"FKBPL":-5.556295100502212,"SH3BGRL":-1.2856829604986733,"TAGLN":-1.166933104319748,"UCHL1":-0.89518724934319,"PLS3":0.015115645786355193,"MOCS1":0.0,"NAE1":-0.21935274173931843,"H4C1":0.0,"BICC1":0.0,"H4C4":0.0,"ENO2":-0.6891518662096893,"MDH1":-0.6402590334808038,"PPAT":0.7517822588608217,"ZNF268":0.052633341457787364,"UBA2":0.333637112433682,"RNF150":0.0,"BAG2":0.8723154167053918,"MARK3":-3.017166872668139,"TBCA":-1.4194428863435202,"H4C5":0.0,"NSFL1C":-2.3795261044619562,"HINT1":0.08462941311188053,"ARMC8":-3.112745907035471,"USP47":-0.5105369141269676,"PRPS2":-0.2967323260030193,"PKP2":-2.857182215351659,"OTUD3":0.9411464562875426,"H4C2":0.0,"ENO1":-0.4231615164889338,"UBE2O":-1.4664881970229748,"PLS1":1.0955703621448964,"SLC16A9":0.0,"CUL4A":0.3125751014322365,"DNAJC6":-2.1622673706888005,"HMGN5":0.8065028806431417,"FSTL1":-0.6735735909578374,"H2BC17":0.0,"PRPS1":-2.9909529205636103,"DTD1":-1.0157180323439499,"PRDX6":0.18198507707026035,"PEBP1":0.32859460967595955,"ANKRD49":-3.7575132280353376,"PRPSAP2":-1.9426476972965954}},"Mutation NPM1":{"min":-30.0,"max":30.0,"top_text":"High NPM1 Correlation","bottom_text":"Low NPM1 Correlation","map":{"FSTL1":-2.4253095331238566,"FKBPL":-9.056051093906937,"PRPSAP1":-0.77602174337941,"UBE2O":-5.5603235819998895,"ARMC8":-2.78516259283821,"CUL4A":-1.665032974958335,"UBA2":0.9102973740187278,"H4C4":0.0,"CAPRIN2":0.0,"NINL":0.0,"PRPS2":-0.06019620143560309,"H3C2":0.0,"H4C5":0.0,"CNN3":-4.228246470928368,"PRPS1":-3.9079217436788216,"UCHL1":-7.610519233000733,"PKP2":-0.5165568505270132,"LIMA1":0.32200215725099673,"USP47":-0.30156055835214646,"HINT1":-0.3938896759211769,"SH3BGRL":-0.9448537310605324,"MARK3":-5.543170623960361,"BAG2":0.4134828762490717,"MOCS1":0.0,"MDH1":-1.4044107955137461,"TBCA":-2.9877389950090167,"HMGN5":1.0127798132419892,"PRDX6":-1.5419040626744187,"ZNF268":-0.004676917495395363,"BICC1":0.0,"SLC16A9":0.0,"ENO1":-0.01465603633407539,"PRPSAP2":-3.5130653605305517,"NSFL1C":-6.3515453043590995,"PEBP1":-0.33120552885910237,"H4C2":0.0,"H2BC17":0.0,"TAGLN":-0.4704297057643288,"PPAT":-0.3577914241632495,"H4C1":0.0,"PLS1":0.827792497194342,"DNAJC6":-2.9980320523843744,"DTD1":-2.193017832034302,"PLS3":-1.746918612774971,"ANKRD49":-8.91965633536227,"RNF150":0.0,"CDC37":-10.389063074254384,