{"Overall Survival":{"min":-6.0,"max":6.0,"top_text":"High Survival Correlation","bottom_text":"Low Survival Correlation","map":{"ERG":0.29019636495793544,"CBX2":-0.7480663997392727,"RNF181":0.25880491947897444,"CNOT6L":0.4472083566576935,"KIF24":0.0,"SMG7":-0.08024666350743229,"DVL2":0.9676317867209114,"FGFR3":0.0,"RNF7":-0.9127799446128704,"ME3":-0.16678071762487648,"OGFOD1":-0.07337895943468963,"NPR3":0.17406573779308004,"DDX28":0.1577915111078481,"ITPR2":0.030499798353995404,"CNOT2":0.22650640415036513,"GAMT":-0.46914508297509955,"UBQLN4":0.34005289426153024,"YTHDF2":-0.1947362951964125,"LNP1":0.0,"PM20D2":-0.7127627680369324,"FBXW9":0.08090955383867836,"H3C2":0.0,"ANKRD17":-0.0930329666579842,"PARK7":-0.44266741770899715,"UNG":-0.7848623467034658,"AZIN1":0.0,"CNOT1":-1.91729052280668,"KAT6B":0.23610503407489,"SCMH1":-0.2738015297146106,"TDP2":-0.5281755915508681,"MRPS27":-0.04803201693499192,"EIF4ENIF1":-0.08500097159311452,"SCML2":-0.5456790912070413,"DDX6":-0.49150578421242597,"TRMT1":-0.1518841819898324,"ZKSCAN4":0.75641240239862,"FARS2":0.9247181361884695,"MBLAC2":0.8697887867922722,"CBX3":-0.6915940276568578,"CWC27":-0.1507161906061578,"ANKRD16":0.027535013291899953,"EPDR1":0.18845690387962888,"PRIM2":-0.3389188615517959,"EXTL2":-0.1654863582562158,"RSBN1":-0.20941125191360074,"CD34":-0.034974147701158045,"ELAVL1":-1.1786608147175661,"EGFL7":1.0849649394911254,"RNF2":-2.377289758397529,"PIP4K2B":0.6107105775715027,"B4GALT6":0.0}},"MuSiC CD14 Mono":{"min":-50.0,"max":50.0,"top_text":"High CD14 Mono Correlation","bottom_text":"Low CD14 Mono Correlation","map":{"OGFOD1":-12.873734946920663,"LNP1":0.0,"MRPS27":-3.0938012126368526,"FARS2":-7.365749566494396,"CBX2":-14.176458360017358,"FBXW9":-10.267624625526482,"RSBN1":-5.545357598139267,"PRIM2":-1.1330492764348739,"CBX3":-6.188760738396074,"UBQLN4":-16.89974071123703,"MBLAC2":-13.04419873690739,"TDP2":-12.181780246267241,"YTHDF2":-4.329724133701688,"EXTL2":-6.619065905353411,"UNG":-15.721814775315558,"EGFL7":-5.615214043935999,"PIP4K2B":-5.49211763622897,"DDX6":-2.298697094935558,"SMG7":-2.080007809469699,"EPDR1":-7.0386777251751615,"RNF7":0.7426332462250832,"CNOT6L":-7.879205329446413,"GAMT":-5.233435249502645,"CWC27":-5.180404841545764,"KIF24":0.0,"SCMH1":-15.65905705346827,"KAT6B":-8.04805563042453,"SCML2":-12.119609342718606,"TRMT1":-11.258536249413671,"ME3":-7.206421785554221,"DVL2":-10.524695113377996,"PARK7":0.6610521170524093,"CNOT2":-5.105334490732924,"CNOT1":-1.2718927490672431,"ITPR2":-9.156310674061169,"PM20D2":-6.684521903756734,"CD34":-4.760270017298782,"B4GALT6":0.0,"ELAVL1":-5.795188363841036,"FGFR3":0.0,"ZKSCAN4":-7.036511422177705,"ANKRD16":-5.113118874320117,"DDX28":-7.8804805816469,"RNF181":7.052868128163091,"AZIN1":0.0,"ERG":-13.55008584252855,"H3C2":0.0,"NPR3":-2.8354098524564355,"ANKRD17":-3.1803833904601353,"RNF2":-7.987141708151938,"EIF4ENIF1":-10.060343961603103}},"Blast Percent":{"min":-11.0,"max":11.0,"top_text":"High Blast Percent Correlation","bottom_text":"Low Blast Percent Correlation","map":{"UNG":1.7982164251738613,"CBX3":2.5834295058211407,"PIP4K2B":1.6304884107083821,"TDP2":1.4923535231527412,"SCML2":1.3520693024752972,"UBQLN4":2.993854863159154,"PARK7":-0.5889559001392719,"LNP1":0.0,"NPR3":-0.24730465601101204,"RSBN1":5.011201828811554,"H3C2":0.0,"DDX6":0.4255803692632906,"ERG":0.9351368134676249,"RNF2":3.6644621413956906,"EPDR1":2.91902579345498,"RNF181":-0.34113254171788915,"TRMT1":3.0466849235205546,"PRIM2":-0.017703140190607203,"KAT6B":0.5887584187272239,"ELAVL1":5.4261742330537475,"GAMT":1.1172818549247066,"B4GALT6":0.0,"FBXW9":0.9831743538075212,"FGFR3":0.0,"YTHDF2":1.256241831791291,"ANKRD17":2.759960873750725,"AZIN1":0.0,"OGFOD1":1.103999964247931,"EGFL7":-0.35387030073464576,"ITPR2":2.984545235281376,"DDX28":2.7813572864826783,"CBX2":2.1821370246020777,"SCMH1":2.6103330691895525,"ME3":0.19113640419436054,"EXTL2":0.6985434550780208,"DVL2":1.311169984910499,"PM20D2":0.802197488283394,"CD34":-0.011406656620854348,"CNOT6L":2.577991496708522,"RNF7":0.11863785764499701,"KIF24":0.0,"EIF4ENIF1":0.01622728798005389,"FARS2":0.6624669316064015,"ANKRD16":0.4449378499505078,"MRPS27":2.273027331586123,"CWC27":0.27762708600443764,"MBLAC2":3.058889711843463,"CNOT2":1.0679167304503736,"CNOT1":2.4289050966163273,"ZKSCAN4":0.8954348741477383,"SMG7":0.21440550841348338}},"NPM1 Subtype":{"min":-37.0,"max":37.0,"top_text":"Committed NPM1 Subtype","bottom_text":"Primative NPM1 Subtype","map":{"CBX3":-6.735438819020371,"PIP4K2B":-4.282173685708904,"EIF4ENIF1":-7.009593233351023,"FBXW9":-7.374986263670575,"MRPS27":-4.398442717783536,"CBX2":-13.44459899594699,"LNP1":0.0,"ITPR2":-8.612099718969283,"OGFOD1":-5.748244282492659,"RNF7":0.4671105554033824,"DDX28":-7.264457710025335,"SCML2":-9.513131376539675,"YTHDF2":-2.2071401232124086,"CNOT2":-2.693876383335918,"TDP2":-7.988816053568605,"CD34":-3.506080749711841,"ELAVL1":-6.429291030859147,"AZIN1":0.0,"DVL2":-5.612373851214197,"EXTL2":-6.594391582064014,"PARK7":0.0030620980833007253,"B4GALT6":0.0,"UBQLN4":-18.318494245613046,"PM20D2":-3.624506916394475,"ERG":-10.557557454632004,"ANKRD16":-4.4009887791743285,"H3C2":0.0,"ME3":-7.155974854021125,"RSBN1":-6.666390992881882,"FGFR3":0.0,"RNF181":6.071725598364004,"SCMH1":-13.308920640312556,"CWC27":-4.24677338711362,"ZKSCAN4":-9.648111163720975,"TRMT1":-9.815046036256652,"EPDR1":-6.881552802424869,"CNOT6L":-4.95223306792645,"FARS2":-4.261855285813111,"EGFL7":-5.427311479546799,"DDX6":-1.6461280417402038,"RNF2":-9.646383838273994,"SMG7":-3.290069137520409,"UNG":-11.749285152752929,"MBLAC2":-11.844370768083802,"KIF24":0.0,"KAT6B":-4.907590094602709,"CNOT1":-1.6153419326646392,"GAMT":-3.105151490364337,"NPR3":-2.4154257196568354,"ANKRD17":-3.4085657654263857,"PRIM2":-0.5503445835760065}},"Mutation FLT3 ITD":{"min":-10.0,"max":10.0,"top_text":"High FLT3 ITD Correlation","bottom_text":"Low FLT3 ITD Correlation","map":{"CBX3":0.478261421403452,"EPDR1":1.3108744331552311,"TDP2":-1.1285779107585745,"H3C2":0.0,"MBLAC2":0.43711406636314887,"RSBN1":0.24319755713074523,"CNOT2":-3.2102582375684747,"AZIN1":0.0,"ANKRD16":0.728656434748385,"GAMT":-0.6167171464453656,"ITPR2":2.6900884749866742,"DDX6":-0.7528036117982098,"UNG":-0.9542002295200857,"RNF181":0.756558583277964,"KAT6B":-1.509382983932571,"SCML2":-0.9201513521837081,"CD34":-3.16939560889094,"UBQLN4":0.09164611595931882,"ME3":0.08445865771989874,"EGFL7":0.44148943673408275,"B4GALT6":0.0,"SCMH1":-0.7867701299669725,"ERG":0.027986286118687788,"KIF24":0.0,"DVL2":0.23455330563120322,"PARK7":0.6095517397904873,"OGFOD1":-0.9472199352305642,"CNOT1":-0.7539049743073024,"PM20D2":-1.8364597250840096,"FARS2":1.0969339160305298,"ELAVL1":0.5913233331491544,"FBXW9":0.1626777389721742,"LNP1":0.0,"ZKSCAN4":0.03532540295620807,"CNOT6L":-2.480468287806449,"PRIM2":-0.27959524840598576,"MRPS27":3.0522987776274713,"FGFR3":0.0,"CWC27":-2.471325288333737,"DDX28":1.2136187944304908,"CBX2":-1.0187908754632367,"RNF2":0.6845526946430179,"NPR3":-1.2765964021268996,"TRMT1":0.10237649870617489,"EXTL2":2.593805624444728,"YTHDF2":-0.16883875318817818,"ANKRD17":0.019817623128020122,"EIF4ENIF1":0.5557625542216302,"SMG7":-0.44045033761400726,"RNF7":0.03943335806098147,"PIP4K2B":0.09379227549146352}},"Mutation NPM1":{"min":-30.0,"max":30.0,"top_text":"High NPM1 Correlation","bottom_text":"Low NPM1 Correlation","map":{"CNOT1":-0.43627944564591814,"ELAVL1":0.2530478366993009,"PRIM2":-0.07081569924702717,"CD34":-13.808069773491024,"EGFL7":-1.6267333782382714,"KIF24":0.0,"TRMT1":-1.4067589166502974,"EXTL2":3.3786441485878855,"CWC27":-2.7869797864186925,"ERG":-4.503817327962426,"CBX3":-0.18523022540010833,"KAT6B":-8.48553805756178,"DVL2":-0.22272337956807586,"RNF7":1.6270547114985794,"CBX2":-3.8666223856323203,"FARS2":-0.36514289950770223,"ZKSCAN4":-0.1851675957002163,"ITPR2":1.965105175636678,"PIP4K2B":-0.10188689438794236,"RNF181":1.1758713771118392,"ME3":-2.0044337193526047,"DDX28":-0.10435514669154508,"SCMH1":-1.901597557065614,"SCML2":-4.972897689517438,