{"Blast Percent":{"min":-11.0,"max":11.0,"top_text":"High Blast Percent Correlation","bottom_text":"Low Blast Percent Correlation","map":{"APOA2":-3.517802246205603,"ITIH4":-2.886736851434406,"A2M":-3.096848807109821,"CPN1":0.0,"APOB":-3.346941537500115,"A1BG":-3.755252811227429,"NID2":-1.905260905531269,"VTN":-2.3883558012672954,"APOC2":-0.4794716015266428,"C4B":-1.7479379460883322,"C1R":-1.4340618251016313,"FN1":-2.0704883131063676,"PON1":-2.740268682045374,"C9":-2.1393903776577625,"FGA":-4.937145104571725,"APOC3":-2.4967110974882303,"SAA2-SAA4":-2.6570872421318916,"PPP1R9A":-0.7373849450907694,"ITIH2":-2.563015969178223,"HPX":-3.407836677220351,"ORM1":-3.6864272559022035,"PON3":0.0,"TF":-2.7468750632611796,"AMBP":-1.572275858854018,"APOA1":-3.424919133429988,"APOE":-4.3420523841107075,"ITIH1":-2.7179537566715224,"CLU":-4.701906666975222,"HRG":-1.6561131364125536,"MATN2":0.0,"C4BPA":-0.8026743863531516,"KNG1":-3.031259814077712,"C4A":-1.0982451640127318,"FGB":-4.762380585804137,"APOH":-2.9700377179641904,"C5":-3.238039956768915,"ORM2":-2.44396516257099,"C3":-2.142209393203788,"FGG":-5.038595084807831,"SERPIND1":-1.5085749145304579,"SERPING1":-1.8465184908616556,"ALB":-2.0394930026178333,"F2":-2.987114804544224,"APOA4":-4.877244470568886,"C1S":-3.4858285311350787,"AZGP1":-3.1790544359833475,"PLG":-3.9882560899128645,"SERPINF2":-4.759731223492702,"CD5L":-1.084129391149667,"APOC1":-1.5731486410160953,"SERPINC1":-4.4395662863635845}},"Mutation NPM1":{"min":-30.0,"max":30.0,"top_text":"High NPM1 Correlation","bottom_text":"Low NPM1 Correlation","map":{"F2":-0.39884953700454207,"FGG":-1.8847514153728133,"APOA1":-0.9125918346138866,"KNG1":0.04739801396143039,"HRG":-0.4829213303755763,"CPN1":0.0,"CD5L":-0.13713349361802998,"ORM1":-0.6316098093521908,"C5":-0.2811102115829944,"C1R":1.0126416861211927,"APOE":-0.7124076466612855,"A1BG":-0.34858315066690054,"SERPINF2":-0.578649926959637,"APOB":-1.4457091018465706,"PON3":0.0,"ITIH1":-0.09473262526109102,"VTN":-0.5826377029322074,"A2M":0.2016823116940358,"NID2":0.7966196441642965,"SAA2-SAA4":-1.1007721094845102,"SERPIND1":-0.41380606414930887,"APOC3":-0.46537864254294165,"CLU":0.7426345273346059,"HPX":0.24325509137316556,"APOA2":-0.5621549272938762,"TF":-1.4430072670509297,"APOC2":-0.33110704673748376,"C4BPA":-0.21304416516576005,"AMBP":-0.06814872908656368,"ITIH2":0.13522354435048495,"C4B":-0.15950969330087095,"PLG":-0.8183695301550417,"FGA":-1.9145522992873771,"C1S":0.2914460838333025,"ITIH4":-0.29536261452413487,"SERPINC1":-0.6680063814432631,"APOA4":-0.3635403919135853,"ORM2":-0.357371822219691,"APOH":-0.15980727700055378,"AZGP1":-1.7068076461638244,"MATN2":0.0,"PON1":-1.2172937046091676,"C4A":-0.301144556485626,"SERPING1":-1.043598662859085,"C9":0.08574882157895707,"APOC1":-0.9721010233568409,"C3":-0.4381347265818473,"FN1":-1.0620318857357531,"ALB":0.1403034551825986,"PPP1R9A":-0.07537587739365635,"FGB":-1.857298612304548}},"Overall Survival":{"min":-6.0,"max":6.0,"top_text":"High Survival Correlation","bottom_text":"Low Survival Correlation","map":{"CPN1":0.0,"FGG":0.34973379846498,"SERPIND1":0.5166478967105231,"AMBP":0.01537628710287012,"SERPING1":0.515847311283086,"PON3":0.0,"C5":0.9223877069395927,"A2M":0.3158932847368922,"NID2":1.6478425432459614,"APOA2":0.05232266975973171,"C9":0.9688880153730429,"AZGP1":0.17882028921684884,"ORM1":0.4082461670890047,"KNG1":0.21331376577406894,"HRG":1.8595899666199616,"ITIH4":0.561853067062445,"PPP1R9A":-0.8286745808292458,"C1S":0.6644065742815277,"MATN2":0.0,"F2":0.32221651905713716,"A1BG":0.48974851413158704,"ITIH1":1.9286633381949168,"APOB":0.2890629079939418,"C4B":0.011322248828308927,"SERPINC1":0.2926965347699324,"TF":0.0839338809587882,"APOA1":0.40273612541208303,"ALB":0.12188602207902692,"CD5L":0.3794320069624277,"ITIH2":0.8065517032158295,"APOC2":0.31242570815000603,"FGB":0.23540947879006366,"PON1":0.08015799891713869,"C3":0.1083916317552643,"PLG":1.037515798068382,"SERPINF2":0.27093889696605555,"APOC3":0.41407058339343367,"APOA4":0.8104637217824168,"APOC1":0.12162621698624626,"HPX":0.48357888062336296,"VTN":0.15497760529465723,"C4A":0.19170116160904668,"ORM2":0.14360472745295216,"APOE":0.5652713053792872,"C1R":1.5842734179156102,"FGA":0.3156687049179151,"FN1":0.3259569039583661,"C4BPA":0.05266650187553827,"SAA2-SAA4":0.9504531714695028,"APOH":0.5309276010939833,"CLU":0.843050588246298}},"Mutation FLT3 ITD":{"min":-10.0,"max":10.0,"top_text":"High FLT3 ITD Correlation","bottom_text":"Low FLT3 ITD Correlation","map":{"ORM1":-1.8642050710352924,"CPN1":0.0,"SERPINC1":-2.731412589237161,"APOC3":-1.923753298866965,"FN1":-1.5910839392438492,"KNG1":-2.141287623502634,"AZGP1":-2.4559216629013556,"HPX":-0.8699505497779201,"C4BPA":-1.4539735787271928,"C1S":-1.988623125048063,"ITIH4":-2.9506136460616172,"C4A":-1.7322644186946818,"APOH":-1.0773814224346472,"ORM2":-1.9772099578414026,"APOC1":-1.9203510902173755,"PON1":-1.942712850992232,"MATN2":0.0,"SAA2-SAA4":-3.6215482443517373,"A1BG":-2.032355013237839,"C3":-2.3442681519315847,"PLG":-3.402617100439581,"SERPIND1":-3.749740904106094,"FGB":-2.787752433320642,"APOA1":-1.8194175188023785,"C5":-1.7911421271579013,"SERPINF2":-2.6732539611298685,"APOA2":-1.219593579655549,"A2M":-1.054884903908333,"HRG":-2.457455363634731,"PON3":0.0,"FGG":-2.5772166843392594,"SERPING1":-0.4164412000736516,"C4B":-1.4735112942295434,"FGA":-2.5817653341314184,"ITIH1":-0.9396525300110761,"APOE":-2.5573316519095552,"C9":-2.40194494358429,"ALB":-0.8160759256632604,"TF":-2.978787661016507,"NID2":-0.05081824019351976,"CLU":0.05704187064070339,"APOC2":-1.3018718849931565,"C1R":-1.026848615407284,"ITIH2":-0.8490953437727708,"APOB":-2.6579809621573167,"APOA4":-1.7602331998285856,"VTN":-2.2744555087261062,"F2":-2.4635239256058745,"AMBP":-1.0948297875037312,"PPP1R9A":-0.003356719542608941,"CD5L":-1.851677677455785}},"MuSiC CD14 Mono":{"min":-50.0,"max":50.0,"top_text":"High CD14 Mono Correlation","bottom_text":"Low CD14 Mono Correlation","map":{"PPP1R9A":0.05846694859031341,"ITIH2":1.5361031739645683,"FGB":1.6955506619922678,"SERPINC1":2.4558488879807694,"C4B":2.6614997480854483,"ORM2":0.7568905376101286,"ORM1":1.034161062862445,"C1R":6.042222453012657,"SERPINF2":2.575183666333136,"F2":1.2963738346724984,"CLU":1.6741613909447364,"AZGP1":0.5998632287345891,"APOC3":0.36384078542068055,"FGA":1.3935216694166261,"APOB":-0.04076714361444173,"APOE":1.1573471922619887,"A2M":1.9114180544455235,"APOA1":0.12538516878526001,"APOA4":1.5034584267293944,"APOC2":0.020909020993583872,"C5":1.6831833823524787,"ITIH1":0.8487818134179058,"NID2":1.4854563142184753,"APOA2":-0.01732113307668791,"C4BPA":0.5162092379318575,"C3":0.8319102211576486,"AMBP":1.6494304700662814,"CD5L":1.7002807055034708,"FGG":1.554962199470554,"TF":-0.35093084812114683,"PLG":1.7608869543363224,"C9":1.8195724747289141,"PON3":0.0,"APOH":3.425702705724015,"A1BG":1.5725087753731646,"CPN1":0.0,"FN1":1.3030139108881043,"ITIH4":1.8370809419145844,"HPX":5.026026659845367,"APOC1":0.23294036414707403,"SERPING1":0.11169329145720212,"HRG":1.5591965827219412,"ALB":0.731000662795529,"C1S":7.058983747245368,"SAA2-SAA4":0.04823658815956758,"KNG1":2.0434488380852103,"MATN2":0.0,"C4A":0.35181010341802965,"SERPIND1":0.24235196124859554,"PON1":0.15405200674690953,"VTN":0.9483233701251181}},"NPM1 Subtype":{"min":-37.0,"max":37.0,"top_text":"Committed NPM1 Subtype","bottom_text":"Primative NPM1 Subtype","map":{"APOC2":0.007450398281589223,"A1BG":1.5731576305751158,"SERPIND1":0.8291668687915372,"CD5L":1.3145029412885485,"C4B":2.993151017097313,"TF":-0.15215792474573275,"F2":1.573327516784288,"APOA1":0.3613742287879375,"ITIH4":2.095465762281404,"SAA2-SAA4":0.501013828392601,"FGA":1.223582183809986,"APOA2":0.5198330057890678,"APOC1":0.5584536601110708,"C4BPA":-0.7016841034445838,"KNG1":1.3265767471797247,"ITIH2":1.7133653776640585,"APOA4":1.4368654056396282,"HPX":3.8535608247353963,"APOH":3.413454347156238,"CLU":1.4676931578307708,"C4A":0.9574181941824691,"ORM2":0.8256950409206523,"CPN1":0.0,"ORM1":0.9633044124447665,