{"Blast Percent":{"min":-11.0,"max":11.0,"top_text":"High Blast Percent Correlation","bottom_text":"Low Blast Percent Correlation","map":{"SRP14":1.458424982270246,"LARP7":5.1093985539321904,"NPM1":2.0044213784871614,"NSA2":1.973476585591646,"POP7":0.5879297297036823,"DNAJA2":0.768028128040136,"MYC":0.7481112329162724,"NDUFAB1":1.1492984875190735,"NOC3L":1.0221008586739337,"NEPRO":1.2880993869058501,"RRP1B":1.1450001455449053,"POP5":0.7535862461867447,"WDR46":1.8670783326573703,"RPP38":2.562122244234661,"PYURF":1.4553130919767505,"PRPF4":2.019611762711747,"MYBBP1A":5.993577847191054,"NOP58":4.778959692352506,"DDX10":2.268925222298891,"RPL7L1":3.3178636416550753,"GTPBP4":0.49028081735385803,"RBM4":4.489118836905946,"PDCD11":4.049840132222834,"RPP25":0.10858923332362533,"NIFK":1.4201465125713717,"EBNA1BP2":1.9855502582925566,"RPP40":1.9733358831999925,"POP1":0.9665942367259525,"C18orf21":0.07814179055488353,"H4C2":0.0,"UTP11":0.5001150082512359,"RPP30":2.717308770450488,"GNL2":0.41360602310403305,"APEX1":5.490836922945718,"RBM28":2.2577033592395326,"MRPL51":2.2068456079223746,"RPP14":3.3465945027799515,"RPP25L":0.8288441681680504,"ENOX2":-0.022026567903260977,"NPM3":0.2582010602560986,"BRIX1":1.781838579076157,"SNRPD1":1.6500121811391517,"H4C1":0.0,"AKAP1":0.12031276197350511,"PRPF31":1.4313829130350177,"RRP36":1.620930756711443,"FAM32A":0.6123449142656374,"RPL18A":0.736113739061478,"POP4":1.1363922415205416,"SURF6":2.2762460430407954,"DDX18":2.4523865912868175}},"NPM1 Subtype":{"min":-37.0,"max":37.0,"top_text":"Committed NPM1 Subtype","bottom_text":"Primative NPM1 Subtype","map":{"RPL18A":0.34991167935333917,"NEPRO":-7.614191392526756,"UTP11":-2.7799479963972686,"RPP25L":-2.2470622586121585,"SRP14":-4.273390988380761,"NDUFAB1":-0.9024759999271192,"MYC":-2.814978620299115,"RBM4":-9.340470255465235,"AKAP1":-0.6194353543528118,"DDX10":-13.698879767747368,"MYBBP1A":-10.68510960157813,"SNRPD1":-2.428379642317145,"SURF6":-12.366320027592076,"POP5":-0.7008334642049097,"FAM32A":-2.580281416056117,"H4C2":0.0,"NIFK":-6.440812693758712,"NOC3L":-9.04539024658142,"POP7":0.07801187059642492,"PRPF31":-5.408622446244267,"RBM28":-8.212440511903713,"RPP25":0.300205438231143,"C18orf21":-4.205303986075063,"RPP38":-5.082684000187153,"DDX18":-7.5555396400023636,"PYURF":-4.301025043207477,"H4C1":0.0,"GTPBP4":-4.3629393222878345,"ENOX2":-0.3688464812963492,"RPP30":-5.222553279661827,"NPM1":-13.438152303775192,"APEX1":-10.20635800762673,"PDCD11":-15.399522681894766,"GNL2":-4.730747118620033,"BRIX1":-9.781426274176873,"MRPL51":-2.4328470090450613,"NSA2":-9.988107755585773,"LARP7":-11.33709038402434,"PRPF4":-1.1356515660103972,"DNAJA2":0.7846128332928715,"EBNA1BP2":-11.159132587295273,"NPM3":-3.3972579921021238,"POP1":-2.757020602948465,"POP4":-1.0569130964060105,"RPP40":-5.479552080952568,"RRP36":-9.859617741677814,"RPL7L1":-6.497264288191475,"WDR46":-6.7711579606952705,"RPP14":-4.833785705966269,"NOP58":-11.14136923492275,"RRP1B":-7.9678132630183764}},"Mutation FLT3 ITD":{"min":-10.0,"max":10.0,"top_text":"High FLT3 ITD Correlation","bottom_text":"Low FLT3 ITD Correlation","map":{"SURF6":-1.7409075589247753,"C18orf21":-0.09922101946010606,"PRPF31":-2.684622992584782,"RPL7L1":-0.18123732054306416,"RRP36":0.04543563745525949,"POP5":0.07021460166913372,"MRPL51":0.3595245941486969,"NPM1":-1.0520844031272854,"DDX18":-0.4130255021125189,"PDCD11":0.0770532211302112,"NIFK":-0.0632311811086734,"RPP40":1.4160336120791905,"NEPRO":0.3485600782177066,"RRP1B":-0.07219636185653593,"WDR46":0.09134116677671154,"NOC3L":-0.48723743760255767,"LARP7":1.5135161320764665,"NOP58":0.605083103276683,"SRP14":-0.8808725746725756,"EBNA1BP2":-1.317000488527607,"ENOX2":-2.6291690951985673,"NPM3":0.11002956825976054,"POP7":-0.5816563619810091,"DDX10":0.26651265990246487,"DNAJA2":0.09052723662168803,"APEX1":0.16260193036553675,"AKAP1":0.39108932249656897,"RBM4":2.4158789130439153,"H4C1":0.0,"RPP14":2.298583460619715,"RPP25":0.4962495974035336,"NDUFAB1":1.2736414789289037,"PYURF":2.9145824923870993,"FAM32A":-5.309823800777734,"PRPF4":0.5424811371100671,"RPP30":-0.10413961897937857,"POP4":0.15426751101248273,"RPP25L":0.6921331555999441,"NSA2":-0.2200075727462918,"SNRPD1":-0.4498712284474448,"RPL18A":0.023729394747601714,"H4C2":0.0,"BRIX1":-1.2181140690401187,"RBM28":-0.03760821847459456,"POP1":0.24400007246400063,"RPP38":0.7075618561932353,"UTP11":-0.23813209868235868,"GNL2":-0.5654819744855584,"MYC":0.29382053195509006,"MYBBP1A":0.1016030091511709,"GTPBP4":-0.5062264346097826}},"Mutation NPM1":{"min":-30.0,"max":30.0,"top_text":"High NPM1 Correlation","bottom_text":"Low NPM1 Correlation","map":{"C18orf21":-2.7618151347712154,"H4C2":0.0,"DDX18":-2.259332477172579,"POP4":-0.8022340151122372,"SNRPD1":-0.3986748792727245,"RPL7L1":-1.9643446004175644,"SURF6":-10.172520681717767,"RPP14":0.9499549699240506,"NIFK":-2.261789793941134,"EBNA1BP2":-8.33629018798704,"PRPF31":-3.277005978470527,"RRP36":-0.5117003984170178,"DNAJA2":0.19011432197994266,"GNL2":-6.924320140840715,"ENOX2":-0.7649006086323004,"DDX10":-1.4516818751306546,"POP1":-0.2412646308920349,"BRIX1":-9.09253638108088,"NOP58":-0.4427762362087829,"PDCD11":-1.5393794790680695,"NEPRO":-2.8917323306954814,"RPP25":0.36571680013041047,"PRPF4":0.5156684055240479,"RPP25L":0.5687088354933986,"WDR46":-2.428636619801485,"AKAP1":0.2474253153501272,"MRPL51":-0.24159492975642893,"POP5":-0.16654710612652304,"NPM1":-10.934537178762957,"POP7":-0.022191118165741076,"NDUFAB1":0.19026275638632573,"RPP30":-0.12565772855011917,"FAM32A":-7.218750194152011,"NOC3L":-6.7161735218996155,"RBM4":1.7634592600682413,"NSA2":-5.7638375639775,"NPM3":-1.164904940100829,"LARP7":1.0918054474406005,"H4C1":0.0,"RPP38":0.4122537234795759,"MYC":-0.10168434394597319,"RBM28":-1.2826211849143154,"UTP11":-1.3628375992038968,"GTPBP4":-5.931162078751271,"RRP1B":-3.831735811683717,"APEX1":-0.12706186365657723,"RPL18A":-0.1948329514430269,"MYBBP1A":-0.5636328747815655,"PYURF":1.0363295695402621,"RPP40":-0.2829076279475903,"SRP14":-5.993265005935374}},"MuSiC CD14 Mono":{"min":-50.0,"max":50.0,"top_text":"High CD14 Mono Correlation","bottom_text":"Low CD14 Mono Correlation","map":{"RPP40":-6.087305236360125,"NOC3L":-10.889928804235065,"NOP58":-9.809190773616075,"NDUFAB1":-1.1058569687924324,"MYC":-3.3149980205941003,"RRP1B":-11.568091968497875,"NPM3":-4.738977453367207,"PRPF31":-6.502588017818859,"POP7":-0.2756346004978148,"RRP36":-12.662730052080965,"RPP14":-3.421484995748353,"RPL18A":0.16148863130744104,"LARP7":-12.105085096774983,"PDCD11":-17.938868161944047,"DDX18":-10.654805010568689,"UTP11":-4.3154064312689115,"GNL2":-6.778218465468891,"DDX10":-16.4474764275812,"SRP14":-4.031148898154299,"AKAP1":-1.079903430943315,"DNAJA2":0.6019356003943059,"RPP38":-4.509425069439937,"PRPF4":-0.8327163348329951,"APEX1":-8.554182832038181,"NEPRO":-11.114089244984157,"POP5":-0.9185447103113759,"NIFK":-8.18716442599924,"GTPBP4":-6.23803081489971,"SURF6":-15.631332858690403,"ENOX2":-1.8590529713224184,"RBM28":-9.034522810645504,"H4C1":0.0,"BRIX1":-12.284823692589734,"WDR46":-8.94251754776547,"EBNA1BP2":-15.524230339806167,"RPP25L":-2.2405039190838703,"PYURF":-3.37056872786606,"POP1":-3.245174991698165,"C18orf21":-5.50143007889552,"RPL7L1":-8.452590598392224,"MYBBP1A":-14.785630708539758,"RPP25":0.7192832791055611,"RPP30":-5.644194663211463,"MRPL51":-2.8397345253594786,"H4C2":0.0,"NPM1":-17.855123193602328,"POP4":-2.5184730724218074,"FAM32A":-2.382411298923583,"SNRPD1":-3.3623813843604005,"NSA2":-11.240283148408857,"RBM4":-6.713017854226675}},"Overall Survival":{"min":-6.0,"max":6.0,"top_text":"High Survival Correlation","bottom_text":"Low Survival Correlation","map":{"APEX1":-0.7588543947205122,"ENOX2":-0.5599680935092838,"FAM32A":0.8496266934800624,"EBNA1BP2":-0.0012940062183737144,"RPP25":-0.20254154600074922,"UTP11":0.19366867391424292,"AKAP1":-0.40543465526888034,"RPP40":-0.25098170992884855,"POP1":-0.36336480539642274,"LARP7":-0.384015151740743,"DNAJA2":0.1332903364043339,"MRPL51":0.3617823706530475,