{"Blast Percent":{"min":-11.0,"max":11.0,"top_text":"High Blast Percent Correlation","bottom_text":"Low Blast Percent Correlation","map":{"RTF2":0.6790997375044091,"BOD1L1":2.200759120152571,"SRRM2":3.7561643272941865,"SUPT5H":4.001425140176365,"NXF1":2.69499504994487,"SNRNP40":2.9448055244753175,"CIC":0.5457778152389781,"SF3A1":5.651715979103699,"XAB2":6.10010885396347,"IK":6.331236761098146,"MFAP1":5.992992386123438,"CBFB":3.9842684770295884,"SNW1":5.74638533385228,"PSME3IP1":0.1713461795229567,"FEM1A":-0.7213616174039594,"RNPS1":4.288631825669551,"PRPF8":8.267580667390558,"DDX5":2.435086083257688,"SRCAP":5.7254554201821435,"CWC25":1.0007504544705863,"RNF113A":0.6666972179948625,"ISY1":2.7811020158431172,"BUD13":1.8031498540745101,"SF3A3":6.9727542754164205,"ZC3H18":4.773065165538689,"DNAJA2":0.768028128040136,"SNRNP200":6.091867638732159,"VIRMA":8.143531663575498,"DHX8":1.4932837834035813,"EP300":0.862749302531665,"DHX38":4.258612984449222,"ZNF830":1.4856685708291866,"SF3A2":4.315842382575737,"PPIE":0.6024308755841985,"KMT2B":1.5384759967454373,"HNRNPL":5.340582168427748,"ANKRD11":3.4108663664060876,"CDC5L":6.328344057248915,"ING3":2.8915192785357817,"SETD1A":4.86152102162358,"H4C5":0.0,"EFTUD2":5.334390697573482,"TRIR":0.680842198884439,"RBM39":5.153928314461009,"PPM1G":1.2101183319600552,"SF3B2":5.462434374177221,"AQR":4.3128342145426,"PPIL2":0.5461302674063558,"TERF2IP":0.009415235925002948,"H3C2":0.0,"BRD4":1.288643145429348}},"MuSiC CD14 Mono":{"min":-50.0,"max":50.0,"top_text":"High CD14 Mono Correlation","bottom_text":"Low CD14 Mono Correlation","map":{"ANKRD11":-5.217588070615536,"DNAJA2":0.6019356003943059,"SF3A2":-8.876085170313907,"SNRNP200":-4.58789164062352,"XAB2":-2.5987759097398073,"PPIL2":0.3907459933600213,"HNRNPL":-11.046114642933851,"IK":-6.6255924685163015,"ISY1":-4.402036873484432,"PPIE":-6.41864041371282,"DDX5":-0.6519326382609174,"VIRMA":-5.414485281507812,"RNF113A":-0.8447313762099041,"SNW1":-3.724848839228281,"SRCAP":-10.333932085330014,"SRRM2":-2.0626065722444307,"SUPT5H":-1.7576735897937714,"BOD1L1":-4.325527084814958,"NXF1":-0.9265984110427471,"CBFB":-2.9643260161055367,"RNPS1":-5.81073188721547,"RTF2":-0.5523053504620677,"AQR":-3.252013483089985,"SF3A3":-5.349498073814455,"SF3A1":-8.197642871147563,"DHX38":-0.551682642446943,"PSME3IP1":-0.3229177025179358,"H4C5":0.0,"EP300":3.2515858328739564,"ING3":-8.099661684328657,"SF3B2":-6.5437971525084935,"SETD1A":-13.385499493480857,"TERF2IP":-9.367478038725217,"CWC25":-0.015862252672299175,"TRIR":-4.04746245430603,"CDC5L":-7.248921855788634,"H3C2":0.0,"CIC":0.008789311224389562,"ZC3H18":-1.8285149597911978,"PRPF8":-5.495975636974657,"PPM1G":-0.16484770104824695,"DHX8":1.017737147536668,"RBM39":-3.743199089917264,"FEM1A":-0.6413986542267486,"SNRNP40":-1.5204588952092164,"BUD13":-1.1476391201109046,"KMT2B":-3.1105668139077998,"BRD4":-3.6745782819782855,"MFAP1":-10.960544020458233,"EFTUD2":-2.301358733881061,"ZNF830":-5.52151506215744}},"NPM1 Subtype":{"min":-37.0,"max":37.0,"top_text":"Committed NPM1 Subtype","bottom_text":"Primative NPM1 Subtype","map":{"BOD1L1":-3.557076316523772,"PPIE":-7.248688155049809,"BRD4":-4.638999711906336,"SNW1":-4.426096350846632,"SETD1A":-9.631502486727154,"AQR":-3.4826325295220393,"ISY1":-2.928535894185997,"FEM1A":0.4634760092327544,"CIC":0.6941804164640062,"EFTUD2":-2.6542317971540643,"HNRNPL":-9.676946063383303,"NXF1":-2.195441615983607,"RNPS1":-7.741338951952758,"SNRNP200":-5.908072999785126,"PPIL2":0.2639803276326824,"SF3B2":-7.0227259154992145,"SF3A3":-4.915802309685787,"IK":-5.9618559131710045,"TERF2IP":-4.4885786070861196,"ANKRD11":-2.4368921058487385,"VIRMA":-7.150077191871867,"RTF2":-0.2068143864345607,"SUPT5H":-3.8052727596043208,"MFAP1":-9.272654222988958,"DHX8":0.7043804941670806,"CDC5L":-8.499865467451796,"XAB2":-2.2722059507008048,"CBFB":-2.172014811006021,"PPM1G":0.06066680894495946,"RNF113A":-0.5384129394983181,"DNAJA2":0.7846128332928715,"SRCAP":-7.158102160875452,"SF3A2":-6.231614582517597,"TRIR":-2.3452188680102637,"BUD13":-0.7323007963793979,"PRPF8":-5.604922202679517,"DDX5":-0.2689394105973051,"RBM39":-2.2185492597297984,"ZC3H18":-1.95004062605058,"SF3A1":-6.976783224874729,"EP300":1.921502290883876,"ZNF830":-4.101376236488062,"H4C5":0.0,"SNRNP40":-1.6384712976237736,"CWC25":0.0550173296002465,"DHX38":-0.2385701583805234,"H3C2":0.0,"PSME3IP1":0.1908406413232485,"SRRM2":-2.547109195441349,"ING3":-5.383761560892326,"KMT2B":-3.204146862490907}},"Overall Survival":{"min":-6.0,"max":6.0,"top_text":"High Survival Correlation","bottom_text":"Low Survival Correlation","map":{"PPIE":-1.8346743222893998,"TRIR":-0.01150518606324445,"SF3A3":-0.0041252706651093785,"RTF2":0.25883837991087333,"ANKRD11":-1.0269650650669413,"EP300":-0.33887591101364556,"SUPT5H":-1.6955790556351413,"BRD4":-0.7188798649332288,"FEM1A":-0.9534817872424581,"SF3A2":-1.0997225564224056,"CDC5L":0.590713796172442,"SETD1A":-0.036437438344587694,"SF3B2":-0.8333593651742467,"ISY1":0.03500731253144527,"HNRNPL":0.023529446996418936,"PPM1G":0.45018730971442167,"SRCAP":-0.22856096342299034,"SRRM2":-0.5935049007086609,"ZNF830":0.10006455735208775,"XAB2":-0.2721453119021878,"BOD1L1":-0.31396348040856786,"VIRMA":-1.015630855050422,"CWC25":-0.6912639537592521,"SF3A1":-1.7525024929971134,"SNW1":-0.2436491751032581,"AQR":0.004873184081669285,"PPIL2":0.6893762170550606,"KMT2B":-0.6027248199944916,"DNAJA2":0.1332903364043339,"DHX8":-0.02499527174609372,"RBM39":-0.27419244983560614,"DHX38":0.6011388202740073,"CBFB":-1.0610128352735824,"NXF1":-1.2928141664299437,"TERF2IP":-0.7591388155963179,"MFAP1":-0.5458868460758597,"BUD13":-0.5588519442728291,"PSME3IP1":-0.25026706383784825,"SNRNP40":0.00655419399492964,"DDX5":0.005114026526050246,"SNRNP200":0.07031020780135487,"CIC":-0.2769441108597269,"IK":0.4992400947384742,"ING3":0.08344851704147019,"EFTUD2":0.15223959551260513,"PRPF8":-0.0875995989939786,"RNPS1":-0.3917937604318999,"H3C2":0.0,"RNF113A":-0.1758883282460133,"H4C5":0.0,"ZC3H18":-0.21155997651184122}},"Mutation FLT3 ITD":{"min":-10.0,"max":10.0,"top_text":"High FLT3 ITD Correlation","bottom_text":"Low FLT3 ITD Correlation","map":{"BRD4":0.18355071889476207,"DNAJA2":0.09052723662168803,"DHX8":0.127458679029618,"H3C2":0.0,"VIRMA":1.7875022321328813,"PPIL2":-0.39656420018168087,"NXF1":0.740910274444621,"DHX38":-0.1594399765154168,"RNPS1":0.5682120555806589,"SNRNP200":0.7639394527025368,"PSME3IP1":1.1074289571143965,"EFTUD2":0.9191797055219539,"PPIE":-2.0004847625898723,"SNRNP40":0.2433621034321911,"SF3A3":1.528744477151014,"CWC25":-0.34293874500408417,"SETD1A":-1.6354847504064904,"RTF2":-0.3781142619142152,"FEM1A":-0.7693569195971824,"CIC":-5.36346154127916,"ANKRD11":-2.639504446138441,"ING3":-0.48673901849153506,"PRPF8":-0.6581832590573128,"HNRNPL":-0.006109253806439775,"RBM39":0.45927342452880515,"SUPT5H":0.3592335581400934,"SF3A2":-0.017847984113341247,"SRCAP":-1.9679732634435017,"RNF113A":0.004163885616593627,"ZNF830":-2.566592790268566,"SNW1":1.1276347081335696,"BOD1L1":-2.286405019977157,"SRRM2":3.1434752637985857,"ZC3H18":0.8406114629295045,"TRIR":-1.2173954813513654,"CBFB":-1.1322420733251208,"DDX5":1.0064530093408108,"IK":1.4375465688790936,"H4C5":0.0,"PPM1G":0.5997181687126381,"SF3A1":0.3457384370048998,"TERF2IP":0.6359385709186924,"SF3B2":0.8643812312407538,"KMT2B":-2.352221175389733,"MFAP1":0.7059660165390067,"CDC5L":0.08920016874934106,"EP300":-0.034602454011254884,"XAB2":-0.017154214819576546,"BUD13":-0.3670950723865486,"ISY1":-1.410513816857678,"AQR":-0.4573098609573089}},"Mutation NPM1":{"min":-30.0,"max":30.0,"top_text":"High NPM1 Correlation","bottom_text":"Low NPM1 Correlation","map":{"VIRMA":3.0942444395048465,"AQR":-0.4929618397244041,"SNRNP40":0.9362793251771032,"PRPF8":0.7293307445936306,"CDC5L":-0.4475152244554471,"TERF2IP":-2.742228168305176,"PSME3IP1":0.012566951484752198,"SNW1":2.8923092369539583,"BOD1L1":-0.7412125455095037,"BUD13":0.6685467437507058,"PPM1G":3.0648339237125666,"IK":2.5402320913317067,"CIC":-1.5795653168798245,"SRCAP":-0.42543630411758265,