{"MuSiC CD14 Mono":{"min":-50.0,"max":50.0,"top_text":"High CD14 Mono Correlation","bottom_text":"Low CD14 Mono Correlation","map":{"ITGB1":1.0445824884492307,"PPP2R1A":3.099205687022397,"PPP4C":3.145213507694053,"CSK":13.96531535718625,"GSK3A":3.793152198425134,"CCAR2":-2.366259999910145,"ATG2B":0.5434407619343617,"PPP2R5A":9.383799838671775,"PPP4R1":10.991664033097905,"PPP2R2A":2.0573119640497146,"PPM1A":0.2800860310306806,"MARK3":0.8009302861963642,"PPP2CB":2.2124047579273642,"USP9X":5.374110229014715,"APEH":0.8432589036559576,"PPP2R5C":1.5083398801925079,"CCNG1":0.0,"YWHAZ":4.3884502253372775,"MAP4K4":4.8191666485441775,"NHLRC2":2.475840967817459,"PAPOLA":-0.6892920959557493,"SLC25A52":0.0,"PPP2R5E":1.541971055821583,"SNX33":0.5048644879882104,"CCT8":-1.3745224723524962,"MINK1":6.670636465337613,"CTTNBP2NL":0.22188043987443895,"UACA":0.23316056212302624,"STK24":1.6781397671289002,"RBM7":-0.21072401752628245,"H4C12":0.0,"HERC1":2.226241294597681,"VCP":1.5189312094049967,"PPP2CA":0.0,"FBXO7":-0.4503500246385786,"NIF3L1":1.344499717021926,"ARF6":10.03536031165224,"PPP1CA":5.381309065035854,"API5":-5.124579890114518,"TANC2":0.7044101439062215,"USP15":4.959830447578367,"PPP2R2D":0.15615788751124665,"CDK16":0.9610967452041529,"IGBP1":2.360652013704903,"CTNNA1":2.3247333731145003,"PTPA":0.5633128806778753,"EIF4EBP1":-1.2004328043744228,"ACVR1":2.060431104633156,"AARS1":-2.269930112888841,"SERTAD2":0.0,"RAP2A":0.8843624356070664}},"Mutation FLT3 ITD":{"min":-10.0,"max":10.0,"top_text":"High FLT3 ITD Correlation","bottom_text":"Low FLT3 ITD Correlation","map":{"CSK":0.25613328241541566,"MAP4K4":-2.5299927433422877,"APEH":-0.7433957278088038,"CDK16":0.513854559405891,"CCAR2":1.9189423519026458,"NHLRC2":-2.5041545125388573,"PAPOLA":1.0035928904914448,"SERTAD2":0.0,"PPP2R2A":-0.010816251643875688,"PPP1CA":0.18242560095604346,"ARF6":1.0057614505913428,"CTNNA1":-0.9903402933125708,"CCNG1":0.0,"STK24":-2.115886087355607,"UACA":0.9110221864265637,"RAP2A":-0.5700094184172976,"YWHAZ":0.5432027970071116,"MARK3":-3.017166872668139,"MINK1":-2.0610143297697383,"PTPA":-1.187976834431587,"PPM1A":-4.206385087599029,"RBM7":-0.7010705376242051,"GSK3A":-2.5254654804157823,"TANC2":-1.7868875693510877,"PPP2CA":0.0,"H4C12":0.0,"FBXO7":-2.060037191118317,"PPP2CB":-1.3611094383542919,"USP9X":-0.9588847108477531,"ITGB1":0.20619672493566388,"VCP":0.6465270878514207,"PPP2R2D":-0.35602615723355335,"PPP2R5C":0.18759083347035047,"AARS1":-2.3863013042439984,"HERC1":-1.0242870864855558,"IGBP1":-0.6570751312226423,"EIF4EBP1":-1.2377524637150776,"PPP4R1":-0.17257315326242048,"PPP2R5E":-0.5076782410669807,"CCT8":-1.518624713881993,"NIF3L1":-1.5619998250271268,"PPP4C":0.13556547290521268,"API5":0.038453032864784055,"CTTNBP2NL":1.2793904852478737,"PPP2R5A":0.24555559135698585,"ACVR1":2.521383487421455,"SLC25A52":0.0,"USP15":0.10823428946239996,"ATG2B":-1.9486107726446542,"SNX33":1.01332407670784,"PPP2R1A":-0.7517559486201403}},"Mutation NPM1":{"min":-30.0,"max":30.0,"top_text":"High NPM1 Correlation","bottom_text":"Low NPM1 Correlation","map":{"CDK16":-0.9123357227850262,"PPP2R1A":-1.1218880837134002,"SNX33":3.4887153496105046,"PPP4R1":0.608368156669951,"MINK1":-2.8893814916184883,"RBM7":-0.11139045286492567,"YWHAZ":1.4933724059056337,"SLC25A52":0.0,"PPM1A":-4.126295242623023,"PPP1CA":1.1699425260695409,"CCAR2":3.937991153392173,"UACA":2.225986898056743,"IGBP1":-1.3985504041196402,"TANC2":0.28020792364465036,"ITGB1":-0.10753535177012526,"APEH":-3.3991768182120805,"RAP2A":-1.937063119388514,"PAPOLA":1.8847931025984768,"USP9X":-2.2693757633917895,"PPP2R5C":0.4950397889158053,"NIF3L1":-2.466989974270597,"PTPA":-4.2786584641062255,"STK24":-2.795135634213175,"SERTAD2":0.0,"USP15":-1.144319171002313,"PPP2R2D":-0.09843307209167348,"CTTNBP2NL":3.6628122190347483,"PPP2CB":0.08749019838693216,"CSK":0.9528336097970239,"FBXO7":-5.868148557716225,"CCT8":-4.438826594188499,"ATG2B":-1.3622983097378674,"ACVR1":5.220169208747852,"VCP":0.11302685320097508,"PPP2R5A":0.9263917780305014,"MAP4K4":-2.850507703764969,"EIF4EBP1":-4.643956613907391,"H4C12":0.0,"PPP4C":0.3360308235210196,"PPP2R5E":-1.7703095807642957,"CTNNA1":2.7323116875392977,"GSK3A":-3.0439335502690046,"HERC1":-0.8660451404212468,"PPP2CA":0.0,"NHLRC2":-1.6384188709685843,"CCNG1":0.0,"MARK3":-5.543170623960361,"ARF6":0.02183481721384159,"PPP2R2A":-1.0626734871870123,"AARS1":-4.8544591010953155,"API5":0.8853262111783788}},"Blast Percent":{"min":-11.0,"max":11.0,"top_text":"High Blast Percent Correlation","bottom_text":"Low Blast Percent Correlation","map":{"PPP2R2A":-1.0887097454854975,"CCAR2":3.059488707276296,"NHLRC2":-1.3624088459058852,"PPP2R5E":-2.1631333224756757,"ARF6":-2.332634397680407,"PPP4C":-0.7379200591709782,"PPP1CA":-0.06949978671584128,"YWHAZ":-0.34203753191741926,"API5":2.5579808954655503,"CSK":-1.382275903739603,"CDK16":-0.8041804530088074,"SNX33":0.4389311574103152,"USP15":-6.407596288920305,"PPP2CA":0.0,"ATG2B":-3.7942608589275415,"RAP2A":-1.4333833597109644,"USP9X":-4.79815768706717,"APEH":-3.083654316275392,"SLC25A52":0.0,"HERC1":-5.804701679865617,"PPP2R5C":0.04425012620403272,"NIF3L1":-0.7134911522919984,"PPP2R5A":-1.543698483556037,"H4C12":0.0,"MAP4K4":-2.7311848941083996,"STK24":-3.551090497266306,"ACVR1":-0.47240123094264946,"UACA":-1.8780433465182405,"PPM1A":-2.1145731942107404,"PPP2R2D":0.3066481055964007,"PAPOLA":1.5402637609613334,"PTPA":-1.3687247432682956,"PPP4R1":-1.0957191318440826,"CCT8":-0.08810879798634769,"PPP2R1A":-1.0113817070883602,"FBXO7":-2.2574509679608794,"VCP":-0.7002938526615667,"TANC2":-1.219820747141733,"ITGB1":-0.7872272412064167,"MINK1":-5.67247384823862,"AARS1":-1.551776525596506,"SERTAD2":0.0,"CTNNA1":0.08004687341873822,"PPP2CB":-1.5913475169136309,"IGBP1":-3.38279853079205,"EIF4EBP1":-1.8111792859320666,"CTTNBP2NL":1.553180060863227,"RBM7":3.4662175975476752,"MARK3":-6.396268697753584,"CCNG1":0.0,"GSK3A":-4.157794079017892}},"NPM1 Subtype":{"min":-37.0,"max":37.0,"top_text":"Committed NPM1 Subtype","bottom_text":"Primative NPM1 Subtype","map":{"PPP2R5A":5.378232419831897,"PPP2CB":2.599876017237291,"MARK3":0.4178139264734858,"PPP2CA":0.0,"STK24":0.6868027913962926,"PPP2R5E":1.9397275479513663,"ARF6":7.691799486544673,"ITGB1":1.4731039404768769,"MINK1":6.1986527856289015,"PPP4R1":8.511847500888535,"PPP4C":1.3959381410413025,"PPP1CA":3.269633951130448,"PAPOLA":-1.0311244389815064,"API5":-5.0760053338506665,"CTTNBP2NL":0.6967498827650909,"PPP2R2D":0.34709442800751766,"CCT8":-0.6678265031095335,"EIF4EBP1":-1.2595647395842655,"RBM7":-0.4097851933795685,"CSK":12.73926275076637,"USP15":2.095333986342339,"TANC2":0.19931206842053653,"UACA":-0.29138929379002626,"H4C12":0.0,"NIF3L1":0.46138690697701634,"GSK3A":1.530238736430858,"CCNG1":0.0,"PTPA":-0.11593270501975764,"CDK16":0.42717974392549996,"NHLRC2":2.1501139343667584,"USP9X":1.08421215741836,"VCP":0.2996924545798663,"IGBP1":2.544285495012878,"AARS1":-1.1408152026627216,"RAP2A":1.3147429331953642,"SLC25A52":0.0,"ACVR1":1.0020792036521495,"HERC1":1.6762017584120439,"PPM1A":-0.13470959113943504,"MAP4K4":4.560377308923607,"APEH":0.2580319628394318,"ATG2B":0.22307153864986326,"YWHAZ":3.4909889711548163,"PPP2R1A":1.6328769267655605,"SERTAD2":0.0,"PPP2R5C":1.279603561700418,"FBXO7":-0.3067639959262162,"CTNNA1":0.7964508355855082,"PPP2R2A":2.3113955715294368,"SNX33":0.16563890747215293,"CCAR2":-3.7895498820149967}},"Overall Survival":{"min":-6.0,"max":6.0,"top_text":"High Survival Correlation","bottom_text":"Low Survival Correlation","map":{"RAP2A":0.4832867645627541,"PAPOLA":-0.5593969827114949,"USP15":-0.45281930380904195,"NIF3L1":0.1596487161238583,"PPP2R2A":-1.4127776404871437,"PPP2R2D":0.795439098890695,"PPP2CB":-0.3061158749181915,"PPP2CA":0.0,"ACVR1":0.6748006331762976,"PPP2R5C":0.12225126601233513,"PPP4R1":-0.18643925811022907,"EIF4EBP1":-1.0510671391737514,"CTNNA1":-0.24775182687641803,"APEH":-0.06367889888522639,"PPP2R5E":0.3978865414980546,"CSK":1.2751334827472744,"CDK16":-0.02985145594448518,"CCAR2":-0.7376822352239281,"PPM1A":0.113126590452201,