{"Blast Percent":{"min":-11.0,"max":11.0,"top_text":"High Blast Percent Correlation","bottom_text":"Low Blast Percent Correlation","map":{"ZYX":-3.5794090728358556,"STAT2":-0.8418296053981082,"CAPZA1":-0.6104436424104389,"PAK2":0.052649038376183475,"EEA1":-0.13528102848907306,"RCAN1":-0.042448558741387574,"CAPZA2":-0.4996171869564137,"EP300":0.862749302531665,"SH3BP1":-1.0603487195936083,"FMNL1":-0.8256287817621268,"HSPA8":-1.2026813871568238,"CCT6A":-0.39571982277426276,"VBP1":-0.6037828893313332,"GSK3A":-4.157794079017892,"ECHDC1":-0.23320726805590347,"LDHA":0.24344606356026624,"ROCK1":-1.4079549329783416,"MYL12A":-4.289874717492751,"KRAS":-2.1693013764878573,"PPP3CB":-0.32390990293084815,"CFL1":-0.8393323178695001,"ADSS2":-0.6758827649140914,"TRIM25":-1.2217001839191042,"PPP3CA":0.8809497212522136,"PTEN":0.9825183799085602,"WAS":-1.1282024712377288,"RELA":-0.730335517409501,"IL16":-2.185433004430284,"TRAF6":-1.9442807383659093,"PPIA":-0.3539317205372629,"CBL":-1.8041329373669555,"CRTC2":-0.30633368647063236,"CSK":-1.382275903739603,"PPP2CA":0.0,"ARFIP1":-1.3524921049758003,"PPP1R12A":-2.390647790736949,"H3C2":0.0,"DENND4B":-3.0991717411344344,"PFN1":-3.8154901834730937,"TMOD3":-0.08245788041259487,"ACTR3":-3.685358872591291,"PPP3R1":0.5009775613488489,"PPP1R2":-0.8403064577190333,"PPP3CC":-0.769740589964981,"PPP2R1A":-1.0113817070883602,"DERA":-0.5783414333167857,"TNIP2":-0.6118165287350122,"PSMA7":-0.7852341161687946,"ARMT1":-2.854969302332831,"TCP1":0.03190983356126994,"GSK3B":-0.7226868169595438}},"MuSiC CD14 Mono":{"min":-50.0,"max":50.0,"top_text":"High CD14 Mono Correlation","bottom_text":"Low CD14 Mono Correlation","map":{"PPP2R1A":3.099205687022397,"ACTR3":20.677588883348687,"STAT2":13.50142584956845,"PTEN":0.9449288456648051,"RELA":2.6129893009849794,"WAS":6.6885198637149,"CFL1":9.743388925581412,"CAPZA1":6.9954359038422735,"PPP3R1":1.6459492606141435,"CSK":13.96531535718625,"ROCK1":6.440071370204859,"TRAF6":2.6388893798519937,"MYL12A":12.623228729379143,"SH3BP1":11.542878913563653,"PPP3CA":1.3186616616021394,"ZYX":18.407531849290617,"LDHA":5.393900901920437,"PPP1R2":3.877011243757299,"ARMT1":8.188255498836158,"GSK3A":3.793152198425134,"ECHDC1":5.209148536589038,"CBL":19.518588068698016,"ADSS2":1.668920952057524,"PPP3CB":4.601776023931225,"GSK3B":5.631406696089327,"PPP2CA":0.0,"IL16":4.703645572739251,"H3C2":0.0,"DERA":7.9445303263050295,"VBP1":-0.29754417320614274,"PSMA7":1.7396242061405585,"EEA1":14.844218458881075,"PFN1":20.228860549646154,"CCT6A":-0.5961862828579956,"FMNL1":16.05640101863911,"TNIP2":5.860055930304864,"TMOD3":8.573769365405504,"PPP1R12A":5.826127903819495,"PPIA":-0.7474572748926748,"PAK2":9.7614153648372,"KRAS":10.118181926267097,"DENND4B":23.041220362074743,"HSPA8":0.21490910916296246,"TCP1":-0.3411650710255453,"PPP3CC":0.6123432030715997,"CAPZA2":3.9110376585166415,"CRTC2":2.9607940261675267,"TRIM25":14.73726704406685,"ARFIP1":7.812769416788456,"RCAN1":5.837975307324538,"EP300":3.2515858328739564}},"Mutation FLT3 ITD":{"min":-10.0,"max":10.0,"top_text":"High FLT3 ITD Correlation","bottom_text":"Low FLT3 ITD Correlation","map":{"PPP3R1":-0.6848160570388991,"GSK3A":-2.5254654804157823,"PPP3CA":-2.518155124274077,"VBP1":-2.335700542448014,"ACTR3":-0.7884901191811549,"MYL12A":-0.2718100039380094,"KRAS":0.07625659147457894,"CCT6A":0.04087730280328649,"GSK3B":-1.104383095504364,"H3C2":0.0,"ARFIP1":-0.38426311300291066,"FMNL1":-0.4779161781845655,"CAPZA1":0.15573944860462316,"RCAN1":-1.3299113326360992,"TRAF6":-0.5717655484971595,"PPP3CB":-0.008470669901930223,"TRIM25":-0.0940043073093102,"PPP3CC":-1.5247619554529228,"CSK":0.25613328241541566,"PSMA7":0.2270064004483134,"EP300":-0.034602454011254884,"ROCK1":-2.5583450882601433,"TMOD3":0.28861227045852883,"CAPZA2":0.2815737242385327,"PPP1R2":0.228568542683174,"STAT2":-0.16164498287021364,"SH3BP1":-0.18986278516761168,"TCP1":0.00920955882497939,"PPP2R1A":-0.7517559486201403,"ZYX":-0.5698531627370537,"IL16":-1.7678008249667214,"CBL":-2.0880097101636164,"CRTC2":-2.952978504083312,"ADSS2":-3.000728413729636,"HSPA8":0.001898457853518998,"LDHA":0.006040755034417961,"PPP1R12A":-3.0388652432068,"CFL1":-0.46561843764788385,"WAS":-1.621039045005384,"PFN1":-0.09500223794373736,"PAK2":0.714041225782236,"RELA":-0.7702198255456733,"PPP2CA":0.0,"EEA1":-0.29781369779534406,"TNIP2":-1.5302383212654176,"DERA":-0.012395477365870456,"ARMT1":0.06503176493148531,"DENND4B":-0.8556516554798511,"PPIA":-2.068120997622112,"PTEN":0.07833300844464339,"ECHDC1":-0.04157786713606369}},"Mutation NPM1":{"min":-30.0,"max":30.0,"top_text":"High NPM1 Correlation","bottom_text":"Low NPM1 Correlation","map":{"ECHDC1":0.5227142820227869,"ARFIP1":0.19349497512181446,"CBL":-0.9976313037172426,"KRAS":0.3120119779791907,"PPP3CA":-1.7453989348242172,"CSK":0.9528336097970239,"FMNL1":0.15333205102289163,"ACTR3":-0.3600422328488173,"GSK3B":0.17219019920514167,"TRIM25":-0.009583914399497226,"HSPA8":-1.109637443395507,"PAK2":-0.47543606371018027,"PFN1":-0.05540330155768563,"ZYX":-0.2060228014426895,"PPIA":-0.7966498237459497,"ADSS2":-5.231552823502015,"IL16":-3.5916690898782537,"EP300":1.1861962538320805,"PPP2CA":0.0,"PSMA7":0.08580847906426262,"PTEN":2.291499452398134,"PPP3CC":-1.5005212904843772,"CAPZA2":0.7090482748563051,"TRAF6":0.34286158086840657,"RELA":-0.32743348958358015,"GSK3A":-3.0439335502690046,"DENND4B":-0.8062060868524575,"PPP2R1A":-1.1218880837134002,"TCP1":-0.5331640847710573,"TNIP2":-0.525965259246142,"TMOD3":0.1513608962896283,"STAT2":-0.4519358441979369,"PPP3CB":1.1170975131116816,"CRTC2":-0.5157818484267627,"SH3BP1":2.126417543906806,"EEA1":0.6122196509535499,"CCT6A":1.35268144472197,"PPP1R12A":-1.8323008715403553,"PPP1R2":1.0350597347066337,"WAS":-2.146061617094694,"CAPZA1":0.8131363612802983,"PPP3R1":-0.1905965491863044,"DERA":-0.20790646455404116,"H3C2":0.0,"RCAN1":-1.424334474796691,"CFL1":-0.3460517899669817,"MYL12A":-0.02723399802118444,"ARMT1":0.1357387664213964,"LDHA":0.059355035627668036,"VBP1":-4.480092637465026,"ROCK1":-3.2460903637053593}},"NPM1 Subtype":{"min":-37.0,"max":37.0,"top_text":"Committed NPM1 Subtype","bottom_text":"Primative NPM1 Subtype","map":{"CSK":12.73926275076637,"SH3BP1":8.775555863320365,"PTEN":0.8322727656280428,"ACTR3":16.615931643374278,"ADSS2":2.1984994532558906,"HSPA8":-0.2149080663792353,"PPP3R1":1.971556267483443,"KRAS":6.744270177015504,"PSMA7":1.0422575438406674,"TMOD3":7.939639268735672,"PPP3CB":5.029452802814568,"H3C2":0.0,"CAPZA1":5.230695281339192,"CAPZA2":2.803696047784565,"PPP2CA":0.0,"ARMT1":9.572823450166945,"LDHA":5.308649602016004,"TRIM25":11.765828088857688,"ZYX":13.301714625742589,"ARFIP1":7.539005248481857,"DERA":5.7118549237147125,"RELA":2.8403198358674584,"CCT6A":-0.3840462213200395,"ECHDC1":7.244401562859211,"TCP1":-0.1663420426914179,"WAS":8.333173596211646,"ROCK1":8.9162109144539,"PPP1R2":2.433451786616139,"EP300":1.921502290883876,"FMNL1":13.117845497338253,"MYL12A":9.563232112692178,"TNIP2":5.883769652785042,"RCAN1":4.313213631058325,"CRTC2":3.912711605026654,"PFN1":15.449185277035332,"PPP3CC":1.912329805148508,"TRAF6":3.795976165863826,"VBP1":0.2578659271132476,"PPP3CA":1.7142035484900124,"PAK2":6.492887510911326,"DENND4B":20.090557372245794,"PPP1R12A":7.52640803160813,"STAT2":11.942006814130563,"GSK3A":1.530238736430858,"CFL1":6.696357556106699,"CBL":18.932964507898838,"EEA1":14.480898350871051,"GSK3B":3.896163060043158,"PPP2R1A":1.6328769267655605,"PPIA":-0.8163955890980457,"IL16":5.015933568907444}},"Overall Survival":{"min":-6.0,"max":6.0,"top_text":"High Survival Correlation","bottom_text":"Low Survival Correlation","map":{"WAS":0.9207490630056938,"EP300":-0.33887591101364556,"FMNL1":0.4515410718503309,"TRIM25":0.2458395830255259,"ADSS2":0.1751317154234357,"TMOD3":0.08698592779882972,"RELA":-0.12222903048648386,"PPP2CA":0.0,"PPP2R1A":0.026748844471600832,"CAPZA2":0.8517683520710453,"ARFIP1":-0.05081358950834786,"EEA1":0.1517928673429128,"PPP1R12A":-0.32910457202160265,"DENND4B":0.30664503871972887,"CCT6A":0.038005803352054585,