{"Mutation FLT3 ITD":{"min":-10.0,"max":10.0,"top_text":"High FLT3 ITD Correlation","bottom_text":"Low FLT3 ITD Correlation","map":{"ZNF646":-2.326293689593134,"ZNF787":0.26301870883014045,"KMT2B":-2.352221175389733,"CIC":-5.36346154127916,"YEATS4":-0.8097329343713076,"BPTF":-0.06240474965365866,"HDAC2":0.5237603838265383,"PPM1D":0.6276411493012197,"MLLT6":0.5352150616849813,"NUP50":-0.4273363996191098,"VEZF1":0.15077645610470294,"MBD1":-0.31360348363808993,"PRR12":-1.351232567231665,"HDAC1":0.25427844551869644,"SNW1":1.1276347081335696,"NSD3":0.27173735265557114,"CTCF":-0.30967221296562963,"PARP1":0.7195452093893925,"BOD1L1":-2.286405019977157,"KDM1B":-0.06649534662007953,"H4C5":0.0,"DDX23":0.35256382091366095,"ZFX":-0.7684763922879401,"CHD4":0.3289789536256447,"BRD4":0.18355071889476207,"SPEN":0.2752366798302027,"DAXX":0.8224085100504032,"RNPS1":0.5682120555806589,"DCAF15":-0.6993648344986998,"NR2C2":-0.07142975049210988,"VIRMA":1.7875022321328813,"EP400":0.5282666468868972,"SMARCC1":-0.09422128941975079,"ZNF865":-0.7822594311767712,"ZNF384":-1.244433969933107,"MYC":0.29382053195509006,"ZNF319":-0.11450471905155125,"PRDM10":-1.8126541420077407,"SETD1A":-1.6354847504064904,"CBX3":0.478261421403452,"WDR5":-0.23921487223671387,"H4C2":0.0,"SIN3A":-1.1779359287275906,"SMARCA2":1.2452020752905093,"SF3B2":0.8643812312407538,"SAP130":-0.7899846793371783,"SP3":0.4041493097575454,"ABT1":-0.00611161245790946,"H2AC8":0.0,"HCFC1":0.020878535008102744,"NFIC":0.25811046868423887}},"Mutation NPM1":{"min":-30.0,"max":30.0,"top_text":"High NPM1 Correlation","bottom_text":"Low NPM1 Correlation","map":{"BRD4":-1.0693798516051412,"ZNF865":-1.9877379477175303,"H2AC8":0.0,"EP400":0.16607095559970256,"BPTF":-0.12723355080680612,"DCAF15":-0.7743887091520042,"ZFX":-0.8888289852136599,"H4C2":0.0,"KDM1B":1.8860704732601459,"ZNF646":-1.1160068940390346,"ZNF319":-0.10149627315451958,"SNW1":2.8923092369539583,"KMT2B":-0.24495083072997828,"SMARCA2":2.9702193572053925,"BOD1L1":-0.7412125455095037,"NR2C2":-0.02538607330339903,"NFIC":-0.16278513543068016,"H4C5":0.0,"MBD1":0.1739122924701702,"WDR5":-0.03650034802598876,"DDX23":0.18147845660899323,"YEATS4":-0.30646568322908385,"SIN3A":0.09757534152773194,"ABT1":-0.3947206801511592,"HCFC1":0.4883909760255834,"DAXX":-0.20898521584374558,"CTCF":-0.44908392458058227,"MLLT6":0.9896026037163934,"RNPS1":0.700255369968157,"ZNF384":-2.5386520359732434,"SMARCC1":-0.9261258530031201,"NUP50":-1.2412127236072255,"SP3":0.7292602459726224,"CHD4":0.14249840983117837,"SPEN":1.3078489879188409,"ZNF787":-0.01658505795737814,"PRDM10":-0.8082967270362296,"CBX3":-0.18523022540010833,"PRR12":-1.0790970380446245,"NSD3":2.2737025126019117,"PARP1":0.1597850710969594,"VIRMA":3.0942444395048465,"CIC":-1.5795653168798245,"SF3B2":1.2160269148874354,"PPM1D":0.3690703952835848,"HDAC2":0.6601444824937441,"VEZF1":0.6548025208216874,"MYC":-0.10168434394597319,"SETD1A":-1.5844297839014674,"SAP130":-0.07487417753367284,"HDAC1":0.42857678154086615}},"Overall Survival":{"min":-6.0,"max":6.0,"top_text":"High Survival Correlation","bottom_text":"Low Survival Correlation","map":{"WDR5":-0.5549702440508997,"CIC":-0.2769441108597269,"SAP130":-1.415548193208081,"EP400":-1.7523589498741903,"NR2C2":0.15160242118184747,"CTCF":1.3197742139957889,"ZNF384":0.7007372137995659,"DAXX":-0.3176075671165178,"ZNF646":-0.3775518956217143,"SF3B2":-0.8333593651742467,"NFIC":-0.38035012679822117,"SETD1A":-0.036437438344587694,"PRR12":-0.023419080218383084,"BPTF":-0.2774339721145311,"VEZF1":0.23928724768712634,"HDAC1":-0.04023659155705505,"NSD3":-0.45919600961309154,"H4C5":0.0,"CBX3":-0.6915940276568578,"KMT2B":-0.6027248199944916,"BOD1L1":-0.31396348040856786,"MLLT6":1.0773758970465905,"VIRMA":-1.015630855050422,"CHD4":-0.8250007975486481,"RNPS1":-0.3917937604318999,"MYC":-0.09746207262172309,"SIN3A":-1.1333410651466098,"HDAC2":-0.6852899224982528,"PARP1":-0.346483691553083,"SMARCC1":-0.31922000950622903,"SMARCA2":-0.6782018625190359,"H4C2":0.0,"SNW1":-0.2436491751032581,"H2AC8":0.0,"ZNF865":0.2766341840231856,"MBD1":0.9062815509664106,"NUP50":-3.1186885499037436,"ABT1":-0.022783924617919702,"ZNF319":-0.06392543413823444,"ZFX":1.1100772853202883,"KDM1B":-0.9648940763143535,"DCAF15":-0.293336051948405,"ZNF787":0.06480160530306124,"SP3":0.7684713563119825,"YEATS4":-0.8433020747336613,"SPEN":-1.2009332468379275,"HCFC1":-0.7577733447230063,"PRDM10":-0.45858731972612343,"BRD4":-0.7188798649332288,"PPM1D":1.2622792120353925,"DDX23":-0.5873969871501877}},"NPM1 Subtype":{"min":-37.0,"max":37.0,"top_text":"Committed NPM1 Subtype","bottom_text":"Primative NPM1 Subtype","map":{"PARP1":-17.088509040652458,"HDAC2":-8.44012458482962,"PPM1D":2.901533076073884,"YEATS4":-3.925872265910349,"RNPS1":-7.741338951952758,"SF3B2":-7.0227259154992145,"HDAC1":-5.655537515814193,"ZNF646":-2.8319636787901232,"MBD1":-1.712946909632559,"H4C2":0.0,"BRD4":-4.638999711906336,"SIN3A":-7.937026904327974,"HCFC1":-3.4113075164055173,"CHD4":-14.411108575673477,"NSD3":-0.04280731845396361,"H2AC8":0.0,"DAXX":-5.888284714873641,"VEZF1":-1.9811285358996698,"WDR5":-3.554046379510762,"SAP130":-5.077137410841482,"MLLT6":-2.222256518355471,"SNW1":-4.426096350846632,"SMARCC1":-11.425483867736347,"ZNF319":-0.20278273858915954,"PRDM10":-1.8623877003022413,"DCAF15":-1.7404821645513786,"SP3":-0.1581751770566304,"MYC":-2.814978620299115,"H4C5":0.0,"ZNF384":-2.044709599706024,"NUP50":-1.317324136926952,"BPTF":-10.570371014197079,"CIC":0.6941804164640062,"SPEN":-8.076241060531126,"EP400":-8.505600654747015,"ABT1":-8.90912605826267,"ZNF865":-1.859277896056507,"NFIC":-1.180366386040963,"VIRMA":-7.150077191871867,"DDX23":-4.039778913376542,"ZFX":-1.0239506900441822,"NR2C2":-6.800203977726264,"KMT2B":-3.204146862490907,"SETD1A":-9.631502486727154,"PRR12":-5.623396576886658,"CBX3":-6.735438819020371,"BOD1L1":-3.557076316523772,"ZNF787":-3.029049396130276,"KDM1B":2.9583875041189884,"SMARCA2":-6.617373827161054,"CTCF":-1.7848259612682305}},"Blast Percent":{"min":-11.0,"max":11.0,"top_text":"High Blast Percent Correlation","bottom_text":"Low Blast Percent Correlation","map":{"SETD1A":4.86152102162358,"H4C5":0.0,"DDX23":3.7047517425322534,"VIRMA":8.143531663575498,"SP3":2.593697662128807,"DAXX":2.000048828356883,"VEZF1":3.691872174620409,"MBD1":1.2801999271066526,"ZNF384":0.1990747802069887,"KMT2B":1.5384759967454373,"SMARCC1":4.429979273448409,"CBX3":2.5834295058211407,"SMARCA2":5.8161362419176035,"CHD4":6.40312949392056,"PARP1":3.339563682313568,"SPEN":8.437406839422113,"ABT1":3.405923999621191,"HDAC2":8.110049998404987,"BOD1L1":2.200759120152571,"ZNF865":0.650986146117041,"ZFX":0.6513524964061134,"SAP130":5.209776112596541,"HCFC1":6.958344485696299,"MYC":0.7481112329162724,"NSD3":1.5799525513858008,"SNW1":5.74638533385228,"H2AC8":0.0,"WDR5":4.479767002461924,"PPM1D":0.23814180715699185,"CTCF":0.9130530798459884,"H4C2":0.0,"RNPS1":4.288631825669551,"HDAC1":4.408129367480514,"PRDM10":1.2013958603004296,"ZNF787":1.442168356667396,"CIC":0.5457778152389781,"PRR12":2.952048261445609,"NR2C2":3.9928062806929483,"SF3B2":5.462434374177221,"EP400":9.017872110062978,"ZNF319":0.2848269644500978,"KDM1B":-0.04141213171056988,"ZNF646":0.1312086476495909,"SIN3A":9.566712249665228,"NUP50":0.49108829784272284,"NFIC":1.2932040414360504,"BPTF":6.026422472434247,"MLLT6":2.1890294781586532,"BRD4":1.288643145429348,"YEATS4":4.99677724373085,"DCAF15":1.0969644881644791}},"MuSiC CD14 Mono":{"min":-50.0,"max":50.0,"top_text":"High CD14 Mono Correlation","bottom_text":"Low CD14 Mono Correlation","map":{"PRDM10":-2.2851642110964416,"H2AC8":0.0,"DCAF15":-2.1799461559196414,"RNPS1":-5.81073188721547,"ZNF865":-1.3185495550401731,"SAP130":-6.708342481118298,"VEZF1":-1.6569092756686055,"SMARCC1":-14.722138021838626,"SETD1A":-13.385499493480857,"MBD1":-1.3648067776954704,"H4C2":0.0,"PARP1":-19.567060190214754,"CBX3":-6.188760738396074,"ZNF319":0.10583883254508322,"DAXX":-5.609199510113157,"ZNF384":-2.9513679024162265,"H4C5":0.0,"CHD4":-16.48823355690458,"SPEN":-11.109466250930998,