{"Overall Survival":{"min":-6.0,"max":6.0,"top_text":"High Survival Correlation","bottom_text":"Low Survival Correlation","map":{"APP":0.1022519156374208,"H2BC8":0.0,"CTTN":0.07531775448875362,"CDH5":0.0,"PPP1R14A":0.0,"FGA":0.3156687049179151,"CAMK2D":0.1411152682837813,"ARHGEF12":-0.05384439613584164,"AGPAT3":0.6024781449241957,"SULF1":0.0,"KDR":0.0,"LRIG3":0.0,"GP5":1.3197199244074604,"PEAR1":0.008293720645701995,"YES1":0.39843376424585775,"PRKG1":-0.22213541382865254,"ITGB3":1.2336487670993077,"TGFB1I1":-0.006379110176032574,"PTK2":0.05733610165642171,"CAV1":-0.14447947551038773,"FOLH1":0.0,"PARVB":0.43681816770951915,"STAT1":0.5828403209446623,"BAG2":-0.5276924741187047,"CCND1":0.0,"PHGDH":-2.368098926433838,"ITGAV":-0.07384263252780114,"ESAM":0.6154424866699478,"OPTN":-0.0659999431708364,"SERPINB9":0.9781453686837204,"LIMCH1":0.0,"LCK":1.0729095060745721,"ITGB5":1.3855579214767477,"FLT1":0.0,"PMEPA1":0.0,"CAVIN2":0.7261713337463949,"ARHGAP6":0.5503752824187402,"BIN1":0.4809399880975553,"GNG2":0.47358040842457644,"STK24":0.13192067232348373,"AMOTL2":0.0,"FN1":0.3259569039583661,"PLCG1":-0.31967430879277325,"HES1":-1.0764456937658118,"IL6ST":-0.046749451556666474,"AR":0.0,"ITGB1":1.0638479590049357,"SRC":0.496037201582058,"MAP3K21":0.0,"SNX7":0.0,"CTNNB1":-2.132978317636448}},"MuSiC CD14 Mono":{"min":-50.0,"max":50.0,"top_text":"High CD14 Mono Correlation","bottom_text":"Low CD14 Mono Correlation","map":{"KDR":0.0,"AR":0.0,"FN1":1.3030139108881043,"GP5":1.792315411726357,"LIMCH1":0.0,"PHGDH":-0.14669611348792014,"CAVIN2":1.1891265077679034,"FGA":1.3935216694166261,"HES1":-0.23786412756650646,"SULF1":0.0,"TGFB1I1":0.28516480657525234,"CTNNB1":-0.5009367214219028,"LCK":0.5646197631388029,"FOLH1":0.0,"ITGB1":1.0445824884492307,"MAP3K21":0.0,"SRC":3.932795556240627,"ITGAV":-0.16774092476032307,"ITGB3":2.180531302343359,"YES1":-3.6386139629995666,"CTTN":0.028708692278037556,"OPTN":-0.00918288950325741,"FLT1":0.0,"IL6ST":3.140590797774247,"GNG2":-0.1227860878886808,"CCND1":0.0,"PTK2":1.2785058289035964,"LRIG3":0.0,"H2BC8":0.0,"SERPINB9":1.1752275247475834,"ARHGEF12":-0.21013563575511793,"PEAR1":0.9266451740866749,"BIN1":-1.3166444856586619,"ITGB5":1.4349377754233337,"STAT1":2.619626337696805,"CAV1":-0.5302430407351745,"PPP1R14A":0.0,"PMEPA1":0.0,"PLCG1":-0.45435028135299066,"CDH5":0.0,"ESAM":0.31361086470874394,"APP":-0.7401982384299821,"PARVB":1.0728808562038306,"ARHGAP6":2.121433307746269,"CAMK2D":7.863276581163394,"STK24":1.6781397671289002,"AGPAT3":8.008613540666195,"PRKG1":-0.5940647810323691,"BAG2":-1.9977918986225802,"AMOTL2":0.0,"SNX7":0.0}},"Blast Percent":{"min":-11.0,"max":11.0,"top_text":"High Blast Percent Correlation","bottom_text":"Low Blast Percent Correlation","map":{"CAMK2D":-2.9448055244753175,"KDR":0.0,"CAVIN2":-4.855208885049094,"CTNNB1":-0.03360939052225017,"SULF1":0.0,"H2BC8":0.0,"SNX7":0.0,"LCK":-1.3865356357661618,"GNG2":-0.7317781482707433,"AGPAT3":-1.7800853831004397,"ITGB5":-0.8530226425488036,"LRIG3":0.0,"YES1":0.46862644000154496,"ARHGAP6":-4.698698347340386,"PEAR1":-2.5582777960372987,"PLCG1":-0.031700002750456736,"PRKG1":-0.8577144409640637,"PARVB":-4.58078158830703,"ITGB1":-0.7872272412064167,"TGFB1I1":-2.38942350796832,"HES1":-1.974261927712383,"ARHGEF12":-3.9712379583303012,"OPTN":-3.91175716752275,"ITGAV":-0.7177769739189781,"BAG2":-2.307856210587071,"FLT1":0.0,"MAP3K21":0.0,"ITGB3":-5.4856001154020015,"PPP1R14A":0.0,"BIN1":-1.743700052045911,"LIMCH1":0.0,"PMEPA1":0.0,"CDH5":0.0,"FGA":-4.937145104571725,"SERPINB9":-0.9150330291687112,"PTK2":-5.261812821683099,"ESAM":-2.7743280261541354,"STAT1":-1.217505384388506,"PHGDH":-0.17163808497115637,"FOLH1":0.0,"CTTN":-4.966405696497598,"STK24":-3.551090497266306,"CCND1":0.0,"AMOTL2":0.0,"AR":0.0,"CAV1":-0.1785760131450302,"APP":-1.2295620863803502,"SRC":-2.60095634583234,"IL6ST":-4.391094400144395,"GP5":-4.96928565069015,"FN1":-2.0704883131063676}},"NPM1 Subtype":{"min":-37.0,"max":37.0,"top_text":"Committed NPM1 Subtype","bottom_text":"Primative NPM1 Subtype","map":{"FOLH1":0.0,"FGA":1.223582183809986,"KDR":0.0,"CAV1":-0.3465734988006755,"PPP1R14A":0.0,"BIN1":-1.190743427718478,"PHGDH":-0.40956915760741947,"PEAR1":0.6017406339048901,"ESAM":0.4389205140182388,"ITGB1":1.4731039404768769,"OPTN":-0.14897459560083504,"STAT1":3.6887405710705967,"SNX7":0.0,"ITGAV":-0.14068062194734615,"BAG2":-2.2615936630458613,"AR":0.0,"STK24":0.6868027913962926,"AMOTL2":0.0,"PTK2":1.9202566974727677,"PLCG1":0.8105114739505123,"ARHGEF12":-0.1040645692785013,"PMEPA1":0.0,"AGPAT3":6.629463821914163,"CTNNB1":-0.511473725892018,"CAVIN2":0.8540629303272376,"PRKG1":-0.302746771767138,"LIMCH1":0.0,"PARVB":0.8813544040077177,"YES1":-2.01597131551295,"FLT1":0.0,"ARHGAP6":2.0844387952149845,"APP":-0.15347275784147357,"MAP3K21":0.0,"CCND1":0.0,"TGFB1I1":0.6495774682045236,"LRIG3":0.0,"SRC":3.9006406760282273,"SULF1":0.0,"FN1":2.192908963070371,"GP5":2.8786641879446755,"LCK":-0.8701832001471227,"CAMK2D":6.717131599180914,"GNG2":-0.6096382616605038,"CDH5":0.0,"ITGB3":2.3418651981505696,"IL6ST":2.802755470963668,"SERPINB9":0.6394839934833376,"HES1":-0.0014711848430142204,"ITGB5":1.7638175380690397,"H2BC8":0.0,"CTTN":0.21800149585002038}},"Mutation NPM1":{"min":-30.0,"max":30.0,"top_text":"High NPM1 Correlation","bottom_text":"Low NPM1 Correlation","map":{"H2BC8":0.0,"YES1":-0.17354298252904907,"PEAR1":-0.23925990536076686,"STAT1":-1.1151700475189796,"MAP3K21":0.0,"LCK":-1.2471229313132164,"FGA":-1.9145522992873771,"TGFB1I1":-1.24092476031421,"FOLH1":0.0,"SRC":0.5758016202344075,"ITGB1":-0.10753535177012526,"PRKG1":-3.067469990800884,"CDH5":0.0,"PARVB":-0.2313115004559061,"SERPINB9":-4.298049266196947,"FLT1":0.0,"ITGB5":-0.5180239788163943,"LRIG3":0.0,"AMOTL2":0.0,"ARHGEF12":-3.6620812230687267,"PHGDH":-0.043256689095107444,"ARHGAP6":0.003850883994382178,"ITGB3":0.3102989462104769,"GP5":-0.4457710754073297,"LIMCH1":0.0,"HES1":-2.576448214467624,"SNX7":0.0,"ITGAV":0.5412799114024077,"KDR":0.0,"CAV1":-0.6693585076647097,"FN1":-1.0620318857357531,"OPTN":-6.277273784069056,"CAMK2D":-0.07034421987651394,"CTNNB1":0.49678202627901763,"GNG2":-11.293408324806142,"ESAM":-0.8205722787407046,"STK24":-2.795135634213175,"AR":0.0,"IL6ST":-0.6235921235736196,"CCND1":0.0,"PPP1R14A":0.0,"PTK2":-4.452671700472327,"SULF1":0.0,"PMEPA1":0.0,"APP":-11.981728007130616,"AGPAT3":2.1130731640155593,"BIN1":-4.697039036174506,"CTTN":-1.9186327562526382,"BAG2":0.4134828762490717,"CAVIN2":0.7008240041081729,"PLCG1":-5.032216712728354}},"Mutation FLT3 ITD":{"min":-10.0,"max":10.0,"top_text":"High FLT3 ITD Correlation","bottom_text":"Low FLT3 ITD Correlation","map":{"AR":0.0,"STAT1":-0.8869389490930745,"BAG2":0.8723154167053918,"CDH5":0.0,"CAV1":0.43890709235006165,"TGFB1I1":-0.7679974781271371,"PARVB":0.14888920429722152,"GNG2":-2.7956258037780573,"YES1":0.7988599255053345,"MAP3K21":0.0,"APP":-3.327108979178409,"AGPAT3":-0.18361913248656736,"ESAM":0.3946168156214917,"PLCG1":-2.415364898448426,"PTK2":-1.5438134946218465,"CAMK2D":-0.5530279128014146,"PMEPA1":0.0,"LCK":-1.270434590282464,"PEAR1":0.07533396514102547,"ITGB3":0.010531068992007205,"FOLH1":0.0,"LIMCH1":0.0,"H2BC8":0.0,"FGA":-2.5817653341314184,"BIN1":0.2856284581339851,"STK24":-2.115886087355607,"FLT1":0.0,"ARHGAP6":0.1503919601444519,"LRIG3":0.0,"SULF1":0.0,"KDR":0.0,"ITGB1":0.20619672493566388,"ARHGEF12":-2.231307444387695,"CAVIN2":-0.11169419006470875,"OPTN":-2.9569169362722865,"IL6ST":-0.8780007498387676,"SRC":0.5172885608132106,"AMOTL2":0.0,"PHGDH":0.14527286499266237,"CTTN":-1.4804584971653432,"HES1":-1.741752682539683,"FN1":-1.5910839392438492,"PPP1R14A":0.0,"ITGAV":0.09395570647282302,"PRKG1":-1.4241365828045178,"SERPINB9":-0.9327945504167156,"ITGB5":-1.5412302412493042,"SNX7":0.0,"CCND1":0.0,"CTNNB1":-0.4334147898916556,"GP5":-0.6559081002092733}}}