{"Mutation FLT3 ITD":{"min":-10.0,"max":10.0,"top_text":"High FLT3 ITD Correlation","bottom_text":"Low FLT3 ITD Correlation","map":{"RASSF3":0.05902744553037887,"PTDSS1":-0.7487662438718503,"GNG5":0.5165836591518259,"ENTPD1":-0.8516763565032495,"AKAP13":-0.25161108670234594,"SEC61B":0.13365342418189674,"HMOX1":-0.3636582131269263,"STXBP3":-0.33611643966504134,"C18orf32":-0.12250803358507936,"GNAI3":-0.3788253293528495,"FCGRT":-1.3730511485816697,"NCF2":-0.08306613204837221,"P2RY13":-0.2882374793150952,"CYBB":-0.2256833878660398,"ASAH1":-1.1634906127491755,"CD55":-0.7317963140634188,"GNAQ":2.050496708064717,"KYNU":0.12488460664441582,"PRKCD":0.768439903778786,"DNAJB11":-1.1022619084309395,"PLAUR":-0.4241032517028876,"STK4":0.43998027024343617,"GNG10":-0.08933298760706584,"OSTM1":0.8528198211001823,"IGF2R":-0.16055431162187045,"CTSD":0.3844187046587155,"ITPRIP":-2.2523048944281445,"MVP":0.8443324358089435,"CR1":-0.06764524156321385,"ITGB2":-0.0379677775269902,"LAMP1":0.5877136652067444,"LITAF":-0.772014097770521,"GNB4":-0.3441043708277714,"GRN":-0.7568733586492429,"PTTG1IP":0.03191586286142714,"ZFYVE26":-1.799174014824497,"PTP4A2":1.931936355268343,"THEMIS2":-0.1939155365020615,"GNA13":-1.710736098886156,"SLCO4C1":0.23776374239616818,"NFAM1":-0.20382983411872965,"GNAS":-0.006375559580407112,"SPCS3":-0.26955049241404266,"FTH1":-1.274443320374647,"GNS":-0.2074755341504838,"SH3BGRL3":-0.08016505302252447,"PSAP":-0.6431621760737547,"PDIA3":-0.042765709618138345,"GLT1D1":0.0,"SIRPB1":-0.20347953977888264,"GNAI2":-0.07035701088645917}},"Mutation NPM1":{"min":-30.0,"max":30.0,"top_text":"High NPM1 Correlation","bottom_text":"Low NPM1 Correlation","map":{"C18orf32":1.3417477626594931,"CTSD":2.817803875857812,"SPCS3":0.6598699278526087,"STXBP3":1.5953967845442147,"PTP4A2":1.4236756194014148,"SEC61B":0.37175122495508905,"P2RY13":-0.004824600234513791,"ASAH1":0.24594856970495968,"LAMP1":1.399416682211872,"GNAI3":0.11007641304299048,"ENTPD1":0.07105392339061299,"AKAP13":0.0014025310704271195,"PRKCD":4.560967519609574,"ITPRIP":-1.6815150932522973,"NCF2":0.45457160637262867,"GLT1D1":0.0,"OSTM1":3.520914991485735,"DNAJB11":0.023071156427304375,"FTH1":-2.315047792121742,"RASSF3":0.14402607089179437,"SLCO4C1":0.1507313658194979,"SH3BGRL3":1.6373833701385938,"CR1":1.2138728080165448,"KYNU":-0.00548590837663144,"SIRPB1":-0.32755466027085284,"FCGRT":-1.663544234416137,"LITAF":-1.2069110658057602,"GRN":0.14563552784451594,"ZFYVE26":-0.21669197681375504,"PDIA3":0.6299705644811812,"CD55":-0.3755621562245998,"GNA13":-3.084406624080674,"GNG10":-0.1737467650872278,"ITGB2":1.7772617678875287,"GNAQ":-0.31811738938584866,"MVP":4.8276411136199,"GNAS":-1.1034936059627884,"HMOX1":1.080995634270524,"THEMIS2":0.42740930089672236,"STK4":1.9401933448277442,"PLAUR":3.1898866958245438,"GNS":1.2369362655524874,"PTTG1IP":0.77562172748027,"NFAM1":0.06433902260978457,"GNAI2":-0.16740879578280266,"CYBB":0.041581724283964526,"GNB4":-0.09825661307365754,"PSAP":0.23308784020279136,"PTDSS1":-2.4239697110406646,"IGF2R":2.73985657648162,"GNG5":1.31431349490831}},"MuSiC CD14 Mono":{"min":-50.0,"max":50.0,"top_text":"High CD14 Mono Correlation","bottom_text":"Low CD14 Mono Correlation","map":{"NCF2":48.93765806880984,"CD55":10.482325955785374,"CR1":19.117304166451323,"ITGB2":39.10528101949876,"SIRPB1":30.999885866834994,"STXBP3":5.187520770884699,"SH3BGRL3":6.085425028182152,"GNB4":12.485662575037747,"ASAH1":1.5585040123732248,"KYNU":6.360613034352225,"SEC61B":0.2626436144148487,"LAMP1":2.8056263248899254,"SLCO4C1":9.733061407675121,"GNG10":11.88554237587903,"PDIA3":3.8111644457264897,"MVP":20.026330025147427,"GNAS":1.4939194160932419,"STK4":12.184406468173236,"LITAF":1.6113915584290137,"PTTG1IP":3.2942046961738702,"GNG5":15.046050273540208,"PSAP":10.70363884863997,"FTH1":-0.8720207879439031,"RASSF3":11.52254399819816,"ENTPD1":17.27225854904485,"NFAM1":15.116964559925163,"GLT1D1":0.0,"IGF2R":27.42550162127848,"THEMIS2":37.626263539631175,"PLAUR":22.58827095172193,"FCGRT":21.43507732868572,"CTSD":5.827433847881367,"GNAI3":14.942009725087853,"OSTM1":14.370554824376603,"GNAI2":20.020967711682758,"ZFYVE26":1.3292963946444978,"AKAP13":27.52093227311249,"HMOX1":27.54857752688065,"GRN":6.9470003324956675,"C18orf32":7.334324320890778,"CYBB":42.152402420868604,"PTDSS1":0.9517555248972066,"GNA13":0.8954797535428997,"GNAQ":0.9113343016652171,"DNAJB11":5.231564529970794,"SPCS3":6.889074960072013,"PTP4A2":4.646605491894125,"P2RY13":18.803444875330413,"GNS":10.065270339426933,"PRKCD":29.169589852727487,"ITPRIP":4.973451650920446}},"NPM1 Subtype":{"min":-37.0,"max":37.0,"top_text":"Committed NPM1 Subtype","bottom_text":"Primative NPM1 Subtype","map":{"PTDSS1":1.0961468985413219,"GNG10":7.824339114238895,"ITGB2":26.49989474464419,"LAMP1":2.038364452151814,"ITPRIP":6.9717970415784585,"FCGRT":14.825709079644916,"ASAH1":1.440422626542036,"GNAI3":10.932005404238103,"GNA13":0.8285847129527804,"ENTPD1":16.650573214140326,"CTSD":3.337733908619779,"FTH1":-0.1330326900257589,"PSAP":9.242224494561949,"RASSF3":9.26007099674852,"AKAP13":24.802107010722384,"PTTG1IP":2.4697949198234457,"SH3BGRL3":4.246348104356662,"CD55":8.416903918096303,"GNAI2":13.86449573447355,"CYBB":28.381117913351286,"GNAS":1.3949681002313783,"SLCO4C1":9.858927721736613,"GNB4":10.443507313350377,"HMOX1":21.218849969935185,"NFAM1":13.227933887755528,"GLT1D1":0.0,"KYNU":5.184769212208635,"SPCS3":4.759693819125096,"C18orf32":7.867241131063957,"P2RY13":14.372945190200653,"PRKCD":16.491025650638733,"GRN":5.779800207397377,"OSTM1":9.637450909741881,"PDIA3":4.40374943934458,"IGF2R":18.603819810094432,"DNAJB11":6.66865050618455,"LITAF":2.495786411617275,"NCF2":28.355382136840316,"CR1":16.546507815637604,"STXBP3":2.9380472651965963,"STK4":9.446945091874564,"ZFYVE26":1.176111913179276,"THEMIS2":23.286398030646854,"GNG5":10.34862164341776,"SEC61B":0.25786083423916417,"GNS":6.23463108259876,"PLAUR":16.12149830820665,"MVP":15.937079695635902,"SIRPB1":18.975280389765338,"PTP4A2":3.7009470423203896,"GNAQ":0.7336975902419892}},"Blast Percent":{"min":-11.0,"max":11.0,"top_text":"High Blast Percent Correlation","bottom_text":"Low Blast Percent Correlation","map":{"C18orf32":-0.6249250104222455,"GNB4":-2.4689065963629213,"KYNU":-1.1606575407623165,"GLT1D1":0.0,"LAMP1":0.2801649957712335,"SIRPB1":-4.261889514888887,"STK4":-1.0072288784779213,"P2RY13":-5.197784201214965,"IGF2R":-3.9778024283220157,"PTDSS1":-0.8417229432089621,"GNAI2":-3.1673409912300166,"GNA13":-1.9765030006272282,"CD55":-2.1894761635549225,"PDIA3":-0.4386526109378109,"SH3BGRL3":0.3486607805409356,"ZFYVE26":0.4057732102134205,"PLAUR":-2.25318790871726,"GNG5":-0.40786918808415923,"LITAF":-5.9776034737744785,"PTTG1IP":-0.03778783542351951,"FTH1":-2.4969513180934846,"GNS":-0.07350653326999342,"AKAP13":-1.9127594050232717,"NFAM1":-4.7503099774963,"RASSF3":-1.5567213586713822,"CR1":-3.0011071806911587,"GNG10":-2.276169981488522,"NCF2":-4.944081293254442,"GNAQ":-1.320817285550944,"GNAS":-0.4010246265083162,"STXBP3":0.09934169658369296,"PRKCD":-3.9546810639706367,"FCGRT":-2.674421714842083,"DNAJB11":-0.8410678708448667,"SPCS3":-1.806122322268004,"ITPRIP":-1.0171595665675994,"ASAH1":0.210684243756604,"PTP4A2":-0.11553024958831888,"GNAI3":-1.7370797120723076,"GRN":-0.9375401688273576,"MVP":-1.7389636110226743,"CTSD":0.004934731790388051,"HMOX1":-3.2715025000303757,"PSAP":-0.8989517958165484,"ENTPD1":-1.6794955825214704,"OSTM1":-1.8941312442636158,"CYBB":-5.773429703618635,"SEC61B":0.31896317272431707,"THEMIS2":-6.362598393559543,"SLCO4C1":-4.210975177967711,"ITGB2":-4.235212018982832}},"Overall Survival":{"min":-6.0,"max":6.0,"top_text":"High Survival Correlation","bottom_text":"Low Survival Correlation","map":{"PLAUR":-0.14536965072726493,"GNS":-0.3979707499201582,"FCGRT":-0.22374763397778233,"GNB4":1.3985880316118582,"ENTPD1":0.6120336471656611,"GNG10":0.6195308050191062,"CD55":0.897295975586316,"CYBB":0.17901640830293714,"SLCO4C1":0.1904314460645066,"ITPRIP":0.6122267635724616,"NFAM1":0.979206841875508,