{"MuSiC CD14 Mono":{"min":-50.0,"max":50.0,"top_text":"High CD14 Mono Correlation","bottom_text":"Low CD14 Mono Correlation","map":{"SEPTIN9":1.233914615247589,"CD3E":0.24337345486476233,"GIMAP4":10.520778806403959,"GIMAP7":13.181953235912532,"SYNE2":-0.04814012467194764,"CD2":0.029159333920956244,"KIR3DL2":0.0,"SP140":0.21726195223782777,"CD3G":0.44277828093231747,"PRKCH":0.28989991250423497,"SEPTIN6":-4.566029016994647,"FASLG":0.0,"GIMAP6":15.774829694047794,"PRF1":0.5978081451323354,"DPP4":0.03715060537827001,"SEPTIN1":-0.6513444637862313,"SKAP1":0.5622331470695958,"GZMM":0.8502648592632824,"DGKA":2.9276764521127197,"TTC9":-0.8679973711472425,"GRAP2":0.3214955205632659,"CD3D":0.17651962288654882,"FGA":1.3935216694166261,"GZMK":0.8245228874005724,"PIK3C2G":0.0,"LCK":0.5646197631388029,"CD247":0.10888961258349458,"CAMK4":0.13788886855762975,"EVL":-1.6282261811963052,"PTPRCAP":-3.50501306327865,"ZAP70":-0.3798616035494199,"CD48":6.560516571632372,"LIME1":-0.19669185931444547,"GPRIN3":8.475590222367705,"FYN":11.980012779053814,"PYHIN1":-0.6549305776532256,"CD6":1.1792862117379044,"CTLA4":0.0,"SLFN5":3.940109787135515,"PCED1B":-0.002502403762016421,"SCML4":0.0,"SLAMF6":-0.23562354578301647,"CD8A":0.5710216162225045,"ABLIM1":-0.27824466028749284,"GZMA":2.9235373531730153,"CD5":1.0292006437443846,"TBC1D10C":0.7704639736462545,"CD72":-0.5705930367070648,"LAT":-0.03878691647169236,"SIT1":0.0,"CARD11":-0.4990502065361427}},"Mutation NPM1":{"min":-30.0,"max":30.0,"top_text":"High NPM1 Correlation","bottom_text":"Low NPM1 Correlation","map":{"FGA":-1.9145522992873771,"CD2":-1.221740815708863,"ZAP70":-2.793871658510098,"CD247":-1.0985329018559313,"CD5":-0.7792460069540812,"CD6":0.1451221949328125,"PYHIN1":-4.519925711105892,"DGKA":0.31714082326761567,"CD3D":-0.9415032916994397,"SKAP1":-0.4801015995003054,"LAT":-0.06894194948440029,"CD48":-3.8721834642904405,"PRF1":-0.7902427946452881,"GIMAP7":-0.38672665555767893,"GZMK":-1.5362301684607362,"CARD11":-1.0152666498614913,"SLFN5":0.32542847524293017,"GIMAP4":0.5646259364290553,"CD8A":-0.16944248264991424,"CD3G":-0.8913493325329971,"PTPRCAP":0.1999832148302549,"SEPTIN9":-4.689140444747393,"SYNE2":-4.31923822561551,"GPRIN3":0.3932579044462887,"GZMM":-1.1484446853738441,"SEPTIN6":-0.07919667823352669,"PRKCH":-4.537831279146413,"ABLIM1":-4.750885967202861,"PCED1B":-1.2635040628703127,"TBC1D10C":-3.004181122242567,"SEPTIN1":-0.3999482453036249,"CD72":-1.2983987010463276,"SCML4":0.0,"GIMAP6":0.1886207342970027,"SP140":0.6752545712582351,"SLAMF6":-0.3546835960884444,"LIME1":-1.445622024984973,"LCK":-1.2471229313132164,"KIR3DL2":0.0,"SIT1":0.0,"PIK3C2G":0.0,"TTC9":-5.767243792411696,"GZMA":0.8311992518374536,"GRAP2":-2.0894862588257594,"FYN":-0.017499207158208355,"CTLA4":0.0,"CD3E":0.7924095057224892,"EVL":-3.9572473036120823,"DPP4":-0.2648472832428981,"FASLG":0.0,"CAMK4":0.03804512939547585}},"Blast Percent":{"min":-11.0,"max":11.0,"top_text":"High Blast Percent Correlation","bottom_text":"Low Blast Percent Correlation","map":{"GIMAP6":-2.9859970334796286,"EVL":-0.6931505363340161,"SKAP1":-1.3455436730572063,"CAMK4":-0.07250343032596393,"SP140":-0.7394268529231912,"SLAMF6":-1.36066076234125,"GZMK":-1.561635908348898,"SYNE2":-1.4614835954004486,"TBC1D10C":-0.4832050905179292,"GZMM":-0.8721374714621276,"SCML4":0.0,"GIMAP7":-3.104545482846001,"CD6":-0.6931784310169519,"LCK":-1.3865356357661618,"SLFN5":-1.855263045401556,"SEPTIN1":-0.3365363433528167,"CD3D":-0.7065660774906225,"GIMAP4":-4.686110019556205,"LIME1":-0.03873433439103733,"KIR3DL2":0.0,"CD2":-1.2936361547277622,"DPP4":-4.147912502890218,"GZMA":-1.9854326179922008,"TTC9":-1.1446997379393622,"LAT":-2.1442756900604776,"CARD11":-0.5326164021178018,"CD247":-1.6163738213544965,"CD5":-2.890272513872144,"PTPRCAP":0.10811371604477779,"DGKA":-2.0403764175046653,"SIT1":0.0,"FASLG":0.0,"ZAP70":-0.23182949674898928,"PYHIN1":-0.1512366207093008,"CD48":-4.386456291942712,"CD72":-0.7281917671470723,"SEPTIN6":1.3900223322148375,"PRF1":-0.9984357342904405,"PRKCH":-2.6568937656271245,"CD3G":-1.6015054520080345,"CD3E":-1.1596969734461116,"SEPTIN9":-0.7839951191416048,"FYN":-3.0233410102981675,"PIK3C2G":0.0,"PCED1B":-0.694070353310898,"GRAP2":-1.9203537142679852,"CTLA4":0.0,"ABLIM1":-4.520000208033542,"GPRIN3":-4.034179716447818,"FGA":-4.937145104571725,"CD8A":-1.0234885122528339}},"Overall Survival":{"min":-6.0,"max":6.0,"top_text":"High Survival Correlation","bottom_text":"Low Survival Correlation","map":{"GRAP2":0.8230179519574211,"CAMK4":1.6650787304083923,"DGKA":3.7766648055192684,"SEPTIN6":0.06518167545940728,"CD8A":1.219874216999563,"GZMK":1.1339505737381999,"PRKCH":-0.39954879769667867,"KIR3DL2":0.0,"TBC1D10C":1.1402521621667288,"SEPTIN1":0.2877910559532988,"EVL":1.594665188622394,"PCED1B":1.5289073350500666,"PYHIN1":2.189524567426415,"PRF1":0.39874941880741804,"GZMM":0.23356070159901693,"SKAP1":0.4831682589140188,"CD72":0.06635921825788893,"GZMA":0.8491507091021103,"SYNE2":-0.4774845671902501,"TTC9":0.5236059152374584,"SCML4":0.0,"CD3D":0.9708392084295497,"SEPTIN9":0.46311928592356777,"ZAP70":0.669129908878462,"LAT":0.45721263420935937,"FGA":0.3156687049179151,"CD3G":1.4507429166811445,"CD48":0.5127121395307963,"GIMAP4":1.8454585315003986,"CD2":0.9523452544672719,"SLFN5":0.7015270250520759,"ABLIM1":-0.4051571439351852,"SLAMF6":1.422425557262256,"PTPRCAP":0.6345172115068181,"CARD11":0.3342279004989405,"LIME1":2.17435913163322,"GPRIN3":0.7134987126575488,"DPP4":0.7876469978260779,"FYN":1.6366995096623498,"FASLG":0.0,"GIMAP7":0.025521516647360007,"CD6":1.6983579505408297,"CTLA4":0.0,"SIT1":0.0,"CD3E":2.852438588851441,"SP140":3.9143808158887032,"GIMAP6":0.12524154391624462,"PIK3C2G":0.0,"CD247":0.6560637683363132,"LCK":1.0729095060745721,"CD5":0.1500582535915224}},"Mutation FLT3 ITD":{"min":-10.0,"max":10.0,"top_text":"High FLT3 ITD Correlation","bottom_text":"Low FLT3 ITD Correlation","map":{"GIMAP6":-0.4365101100908466,"PTPRCAP":0.28999476801554835,"FGA":-2.5817653341314184,"GPRIN3":-0.214675377734531,"LCK":-1.270434590282464,"CD8A":-0.5847212901151305,"SEPTIN9":-0.038829016699920976,"CD3E":-1.0931033712314038,"PRF1":-0.2852319583193262,"CAMK4":-0.14738656212404405,"CD3G":-1.3683845904408076,"LIME1":0.013474060349541916,"CARD11":1.4984228910698052,"PYHIN1":-2.7612545687280603,"GZMM":-1.6949557227036234,"CD3D":-0.6844129647236029,"CD2":-0.39494062646124983,"TBC1D10C":-2.0211606692327573,"SLFN5":-0.712325832812621,"EVL":-2.159561535865717,"SEPTIN6":0.46168224500910926,"SEPTIN1":0.19220015416429403,"CTLA4":0.0,"ZAP70":-1.3450515321185652,"PCED1B":-0.34067044308206984,"CD72":-3.198659842486153,"GZMA":-1.0208835683848543,"SLAMF6":0.548543406262613,"GIMAP7":-0.6522871849181766,"PIK3C2G":0.0,"CD5":-1.263531342459111,"GZMK":-1.131363649214753,"GIMAP4":-1.71934501474181,"DPP4":0.9506470136819442,"SKAP1":-1.3267843852803944,"SCML4":0.0,"SP140":1.2053167689572866,"GRAP2":-1.7467481316428495,"CD247":-1.0123558455751644,"LAT":-0.9459070596484593,"SYNE2":-3.1454264308904634,"CD48":-2.2038704446120505,"SIT1":0.0,"DGKA":0.19167387535435287,"CD6":0.31667298736911215,"FYN":-0.2779477243807064,"PRKCH":-0.8251620002391251,"ABLIM1":-2.6870163111406544,"KIR3DL2":0.0,"TTC9":-2.319514696357618,"FASLG":0.0}},"NPM1 Subtype":{"min":-37.0,"max":37.0,"top_text":"Committed NPM1 Subtype","bottom_text":"Primative NPM1 Subtype","map":{"GZMA":1.992126691671905,"LIME1":-0.09273074342517848,"PRF1":0.9057756404631169,"CD5":1.9945655640428115,"GZMM":1.3068428441360695,"TTC9":-0.5212822867683093,"FYN":9.304634828617822,"LAT":0.24759797613108503,"SIT1":0.0,"CARD11":-0.35075600660089645,"LCK":-0.8701832001471227,"CD3E":1.2079971155791482,"CD2":0.9595114627460384,"PRKCH":0.23579136337474632,"PIK3C2G":0.0,"CAMK4":0.5933107558136453,"FASLG":0.0,"SLAMF6":-0.02243890745147111,"ABLIM1":-0.8698095707874564,"TBC1D10C":1.298691976342941,"KIR3DL2":0.0,"DGKA":2.02822557704469,"PYHIN1":0.1961994849936649,"GPRIN3":7.362853349729345,"CD6":1.6947514043483023,"FGA":1.223582183809986,"SEPTIN9":1.3732931305203295,