{"MuSiC CD14 Mono":{"min":-50.0,"max":50.0,"top_text":"High CD14 Mono Correlation","bottom_text":"Low CD14 Mono Correlation","map":{"STX3":14.046518864454777,"STON2":-5.716750480650801,"CAVIN2":1.1891265077679034,"LRBA":-3.568338420016155,"SLC8A3":-0.49480958125537394,"MPO":-0.9831709435434346,"ADGRG1":-1.711332877252825,"GUCY1A1":-5.79163185722425,"MYO5C":-7.154726243375096,"CEBPE":2.0655880451365607,"SVIL":0.2870597493659656,"PIK3CB":-0.2733403240600328,"ABCC4":-0.2648142820285356,"EGFL7":-5.615214043935999,"ATP2A3":-3.3233326510591397,"ELMO1":-3.4409621153433556,"PLD1":0.10873593884243889,"MAST4":-17.514574525930133,"ADAM28":-1.0428863710228347,"MYCN":0.0,"GCSAML":-4.2837639384034425,"SUCNR1":-1.0607469880849976,"CNST":-4.569244504982773,"PRKCQ":-8.272460409941031,"DOCK5":3.1156305142329446,"GATA2":-12.65611469009414,"YES1":-3.6386139629995666,"ABCC1":-4.992465498228638,"GUCY1B1":-5.577135993686749,"NPR3":-2.8354098524564355,"ARHGAP22":-1.2259059423543772,"OSBPL3":-0.9407175967597816,"KDM5B":-13.63458473900804,"PDZD8":-1.7132708043900482,"STAT5A":-4.66908227509038,"PRDM16":2.0431279189679175,"TIE1":-2.5003849203453883,"MCTP2":-1.095241632533007,"SPINK2":0.4024245336010353,"ANGPT1":-0.5958004017916336,"DNMT3B":-5.7236339509675895,"CLC":2.812591686014215,"STXBP5":-0.3562600836698187,"MAP7":-4.6907134998440485,"RAB27B":-0.09562032959556445,"TTC7B":-4.131101215825001,"MEX3B":-3.7370122462762656,"DAPK1":-3.051113958309175,"RAB37":-0.2958837439902757,"MPL":0.0,"SLC9A7":-5.091489748509935}},"NPM1 Subtype":{"min":-37.0,"max":37.0,"top_text":"Committed NPM1 Subtype","bottom_text":"Primative NPM1 Subtype","map":{"EGFL7":-5.427311479546799,"CLC":2.2154428019715438,"TTC7B":-3.8313864929035453,"ARHGAP22":-3.4704096773805047,"ADGRG1":-3.914603580705672,"SLC9A7":-3.996891376979274,"GCSAML":-5.497464772256559,"GUCY1B1":-4.688985159770727,"NPR3":-2.4154257196568354,"YES1":-2.01597131551295,"RAB27B":-0.17214308816990614,"DAPK1":-4.40521857216874,"PDZD8":-1.6931619076926159,"CEBPE":2.6884145482914623,"GUCY1A1":-5.4712893405641845,"OSBPL3":-1.8779552325951752,"MAP7":-6.325295292615108,"PIK3CB":-0.522580741990849,"SVIL":-0.4750601229490078,"CNST":-2.606560715089084,"CAVIN2":0.8540629303272376,"MYO5C":-7.950264471610646,"ABCC4":-0.18683914504692956,"SLC8A3":-0.39438482383725354,"ADAM28":-1.658608484824785,"MEX3B":-2.731910289949152,"STX3":12.107126801000804,"MPL":0.0,"MCTP2":-1.2506055783266048,"TIE1":-1.777243257069489,"LRBA":-3.080778536731013,"MYCN":0.0,"ABCC1":-5.648738804901557,"SUCNR1":-0.1313140875177487,"SPINK2":0.12346689952548794,"DOCK5":3.387535201576421,"PLD1":-0.5378710563342356,"STXBP5":-0.39385965438327536,"GATA2":-10.815560273683571,"MAST4":-14.343658327538924,"PRDM16":0.09700273416603122,"STAT5A":-3.0697400535003805,"RAB37":-0.4583680829256794,"DNMT3B":-7.406540828493902,"ATP2A3":-1.8047743305459245,"PRKCQ":-9.368467195350158,"STON2":-6.0239242878048085,"ELMO1":-2.101087747642233,"KDM5B":-14.47720132262215,"ANGPT1":-0.2994063715365523,"MPO":-0.09738306698069939}},"Overall Survival":{"min":-6.0,"max":6.0,"top_text":"High Survival Correlation","bottom_text":"Low Survival Correlation","map":{"GCSAML":0.20056374944964334,"TTC7B":0.043566907590365356,"SLC8A3":-0.07258305401110714,"PIK3CB":-0.4026277663199958,"ATP2A3":0.06010158585887277,"MEX3B":0.07237444423822328,"MPO":0.050410654753271354,"NPR3":0.17406573779308004,"SUCNR1":0.35316671664192945,"MCTP2":0.0029250911708881013,"PRKCQ":0.26399411240713794,"DAPK1":-0.4276751513116372,"KDM5B":-0.07986453402930387,"SLC9A7":-0.29825296003172713,"GUCY1A1":0.43916059644209093,"MYO5C":-0.14447947350901033,"PRDM16":-0.7290448042248544,"GATA2":0.5009761748483645,"DOCK5":-0.16878965051612127,"MAST4":-0.3074383986507726,"DNMT3B":-0.22396835471948065,"STAT5A":0.5867815443069675,"YES1":0.39843376424585775,"CNST":1.2344481328331083,"GUCY1B1":0.21591796335926855,"EGFL7":1.0849649394911254,"ADGRG1":-1.174074516100083,"LRBA":-1.464776302549817,"ABCC4":-0.5344755120768213,"PLD1":-0.29171300793833466,"SPINK2":-0.23425013354849925,"CLC":-0.07090639544685934,"PDZD8":-0.6369800269664037,"SVIL":-0.8062972005279089,"STON2":0.01938125001449757,"ELMO1":0.4733859253772612,"RAB37":-0.10312103156986321,"TIE1":1.1072548345460684,"ARHGAP22":-1.0593937702841276,"RAB27B":0.4862216282219043,"ADAM28":-0.522112701488177,"MPL":0.0,"STXBP5":0.23564267601538086,"MAP7":-1.0635309817921348,"OSBPL3":0.013412604049288991,"ABCC1":-0.2727391471376989,"CEBPE":-0.40099758706753147,"MYCN":0.0,"STX3":0.16024574319478954,"CAVIN2":0.7261713337463949,"ANGPT1":-0.31997356307784613}},"Blast Percent":{"min":-11.0,"max":11.0,"top_text":"High Blast Percent Correlation","bottom_text":"Low Blast Percent Correlation","map":{"MPL":0.0,"GCSAML":-0.5407405394912563,"CEBPE":-2.027099440183105,"EGFL7":-0.35387030073464576,"GUCY1B1":-0.32862282588107444,"SLC8A3":-0.5481741625500135,"DOCK5":-0.2525633977784128,"STON2":-0.17357285593514518,"CAVIN2":-4.855208885049094,"RAB27B":-3.173302605059171,"SUCNR1":-0.3675229983345413,"LRBA":-2.2676852663450657,"SPINK2":-0.2932944613493727,"MYO5C":0.3862656728047131,"TIE1":0.07817003798018508,"ABCC1":0.15707254838797027,"MCTP2":-0.4948555125441849,"ATP2A3":0.3240339017690355,"MEX3B":0.38185594891893265,"STAT5A":0.314840115544368,"MAST4":2.0315516279764707,"PRKCQ":-0.12893225090134586,"GATA2":2.181443482071388,"YES1":0.46862644000154496,"NPR3":-0.24730465601101204,"MYCN":0.0,"ANGPT1":-2.9962218604145066,"CNST":-0.2503721823787853,"ARHGAP22":-0.18242771566338767,"RAB37":0.6801920023202975,"TTC7B":0.18951486887407237,"SVIL":-0.8645690277827491,"ADAM28":0.04257999286519254,"MPO":-0.06534161899667815,"ADGRG1":-0.7374618365239408,"PRDM16":-2.641685086017212,"MAP7":0.4237691438316091,"PDZD8":-0.4696502469609185,"STX3":-3.1344704022400873,"KDM5B":4.553626321099935,"CLC":-1.075168464899162,"DAPK1":1.008174994470774,"ABCC4":-3.2547152331760714,"STXBP5":-0.1604190784574604,"ELMO1":2.310437363134044,"DNMT3B":-0.21460569327911647,"OSBPL3":-0.7630692268687354,"PIK3CB":-0.27065144652787587,"PLD1":0.5087185955562084,"SLC9A7":0.2983068569468059,"GUCY1A1":-0.12334853758643459}},"Mutation NPM1":{"min":-30.0,"max":30.0,"top_text":"High NPM1 Correlation","bottom_text":"Low NPM1 Correlation","map":{"ELMO1":0.1983318951842198,"CLC":1.9424113513863384,"GUCY1B1":-1.8661481234998556,"SLC8A3":-0.8327652440740961,"MYO5C":-1.9673632290263798,"STON2":-0.20001886611501932,"PRDM16":2.457361470781219,"LRBA":-1.5160152653669894,"EGFL7":-1.6267333782382714,"DAPK1":-0.6923213346704434,"STX3":0.5250882970443058,"RAB37":2.2195390284203986,"ATP2A3":1.333841063481059,"ADAM28":2.7114862653915432,"TTC7B":-0.01641471680445912,"MAST4":-1.2296707639617797,"TIE1":-0.0398501670706457,"MAP7":2.261161400935532,"RAB27B":0.3976012682540303,"KDM5B":0.46748344027834343,"GUCY1A1":-1.2095402388220553,"CAVIN2":0.7008240041081729,"ANGPT1":0.6902339986248217,"STXBP5":2.882962687274359,"MYCN":0.0,"SUCNR1":-0.2177852996238378,"GCSAML":-0.037205797000719715,"MEX3B":-0.0217452600215117,"SVIL":2.1292069596381658,"PDZD8":-1.7962698098772838,"PLD1":-0.2345412145869836,"SLC9A7":-0.02483970057100635,"ARHGAP22":4.280301444278866,"ABCC4":-0.3735438996026219,"SPINK2":4.017758199645848,"PRKCQ":-1.239849032533528,"DOCK5":-1.2253418753586847,"OSBPL3":1.9801153461745702,"CEBPE":-1.5281702056380118,"PIK3CB":2.7938575703263595,"MPO":-2.766932428412947,"NPR3":-7.180154655520966,"MPL":0.0,"CNST":-0.32548391975485025,"ABCC1":0.6515161476121698,"ADGRG1":-0.19713805107514615,"YES1":-0.17354298252904907,"DNMT3B":0.1408634972499533,"MCTP2":-1.500118971881497,"STAT5A":-1.9327240324640855,"GATA2":0.44998353921600787}},"Mutation FLT3 ITD":{"min":-10.0,"max":10.0,"top_text":"High FLT3 ITD Correlation","bottom_text":"Low FLT3 ITD Correlation","map":{"SPINK2":1.0722301184451422,"RAB37":-0.3359464838617755,"MAP7":1.359962380619828,"ARHGAP22":3.101138790012723,"STXBP5":1.093270990350689,"CEBPE":-1.4989363542327905,"DOCK5":-1.937878480837258,"DAPK1":2.079256780479701,"SLC8A3":-0.43014521855430643,"ABCC1":2.808023571528819,