{"Overall Survival":{"min":-6.0,"max":6.0,"top_text":"High Survival Correlation","bottom_text":"Low Survival Correlation","map":{"SCMH1":-0.2738015297146106,"CBX2":-0.7480663997392727,"JUP":-0.943256088668992,"EGFL7":1.0849649394911254,"CARMIL2":-1.2971451528671223,"SSRP1":-0.5263363108886628,"SCML2":-0.5456790912070413,"NEDD4":-1.2844047008982902,"RAVER2":-0.11746979330832481,"ABCC1":-0.2727391471376989,"CCDC171":0.0,"B4GALT6":0.0,"NUMA1":-0.5117053806641975,"MPL":0.0,"ERG":0.29019636495793544,"IGLL1":0.18735690602736335,"INKA1":0.0,"KIT":0.09060530517058388,"GUCY1A1":0.43916059644209093,"SSBP2":0.21310059064137943,"SMIM24":-0.07321557743482275,"AGAP2":0.14375954246151007,"TUT4":1.0189091840548683,"MYOZ3":0.0,"NARS2":-0.7358238087051268,"CD34":-0.034974147701158045,"SCAI":-0.7116883038387809,"SV2A":-0.5954671791522513,"SHANK3":-0.8381917126134508,"TCF12":-0.47388354775117414,"ITGA9":-0.6243000418356848,"MAST4":-0.3074383986507726,"MATK":-0.34278536850345426,"MACROD1":-0.8018283667187632,"BCR":-0.11766660491321289,"PARP2":-1.5986383096776688,"NPM1":0.521776265381839,"ZNF496":-0.7493944597898679,"PTK7":-0.5015013169815257,"DIPK1B":-0.14206546885322605,"AHDC1":0.2499442888207266,"KAT6B":0.23610503407489,"TGFBRAP1":-0.45433166810382264,"GNA15":-0.1253944443251719,"FAHD1":0.22730856606662048,"PRKCQ":0.26399411240713794,"STAT5A":0.5867815443069675,"PARP1":-0.346483691553083,"GUCY1B1":0.21591796335926855,"MYO5C":-0.14447947350901033,"GPSM1":-1.6246597624175922}},"MuSiC CD14 Mono":{"min":-50.0,"max":50.0,"top_text":"High CD14 Mono Correlation","bottom_text":"Low CD14 Mono Correlation","map":{"NUMA1":-15.237938170814136,"MPL":0.0,"DIPK1B":-5.802002837933869,"SCML2":-12.119609342718606,"GPSM1":-10.036116724918061,"SMIM24":-12.70247951070116,"PARP1":-19.567060190214754,"PARP2":-5.32438128618281,"AHDC1":-14.736076651280642,"CD34":-4.760270017298782,"RAVER2":-7.301576304372493,"SCMH1":-15.65905705346827,"B4GALT6":0.0,"GNA15":-11.741794867939172,"MYOZ3":0.0,"ITGA9":-3.1612373882432805,"CCDC171":0.0,"ABCC1":-4.992465498228638,"CARMIL2":-7.709173742035968,"NARS2":-7.652778885828515,"TUT4":-13.40893518524857,"AGAP2":-3.2141408355987413,"SV2A":-2.985468223631256,"INKA1":0.0,"MATK":-7.168474102053128,"MAST4":-17.514574525930133,"SSBP2":-9.451478735316226,"NEDD4":-5.562077629568549,"IGLL1":-8.749749369172017,"KIT":-7.049220166274433,"SSRP1":-4.875785788000624,"GUCY1B1":-5.577135993686749,"EGFL7":-5.615214043935999,"MACROD1":-9.442534151600883,"ZNF496":-4.721337990525015,"SHANK3":-7.76795519471684,"FAHD1":-3.589141959230463,"ERG":-13.55008584252855,"JUP":-4.877109185698079,"PRKCQ":-8.272460409941031,"TGFBRAP1":-2.830894252933414,"CBX2":-14.176458360017358,"MYO5C":-7.154726243375096,"PTK7":-11.805880367931314,"KAT6B":-8.04805563042453,"BCR":-11.108514638116905,"GUCY1A1":-5.79163185722425,"NPM1":-17.855123193602328,"TCF12":-20.65133567957883,"STAT5A":-4.66908227509038,"SCAI":-8.20310406191692}},"Mutation NPM1":{"min":-30.0,"max":30.0,"top_text":"High NPM1 Correlation","bottom_text":"Low NPM1 Correlation","map":{"TGFBRAP1":-0.07333716634446201,"EGFL7":-1.6267333782382714,"RAVER2":-3.158108245436335,"MYO5C":-1.9673632290263798,"NUMA1":-1.869364293687856,"IGLL1":-3.082770850141571,"CD34":-13.808069773491024,"SCAI":-1.2388424723157865,"DIPK1B":-3.271011861953917,"FAHD1":-4.83470169869277,"SHANK3":-13.093764082974468,"PRKCQ":-1.239849032533528,"ZNF496":-1.2768156026618236,"KIT":-4.747530931416894,"NEDD4":-7.941012870948416,"MATK":-5.991652023381434,"SCML2":-4.972897689517438,"SCMH1":-1.901597557065614,"KAT6B":-8.48553805756178,"GPSM1":-0.46397959189913907,"ITGA9":-8.71100572962661,"SSBP2":-0.4296000873406348,"MPL":0.0,"CARMIL2":0.8268750850272304,"SMIM24":-6.216378861619598,"BCR":-4.182508081375444,"NARS2":-2.545487796244504,"ABCC1":0.6515161476121698,"JUP":-4.739246978551705,"MACROD1":-2.1045582975251618,"MYOZ3":0.0,"CBX2":-3.8666223856323203,"TCF12":-0.5928268161740745,"AHDC1":-1.0581778030721833,"PARP2":-1.952419683271963,"ERG":-4.503817327962426,"INKA1":0.0,"GUCY1A1":-1.2095402388220553,"SSRP1":0.3471734566059988,"GNA15":-0.9885053872193656,"STAT5A":-1.9327240324640855,"MAST4":-1.2296707639617797,"PARP1":0.1597850710969594,"B4GALT6":0.0,"TUT4":-2.8477510899917435,"SV2A":-1.96297864828915,"NPM1":-10.934537178762957,"PTK7":-0.6734690884388081,"CCDC171":0.0,"AGAP2":-1.9121551591096029,"GUCY1B1":-1.8661481234998556}},"Mutation FLT3 ITD":{"min":-10.0,"max":10.0,"top_text":"High FLT3 ITD Correlation","bottom_text":"Low FLT3 ITD Correlation","map":{"TCF12":0.08754909322352016,"TUT4":-1.3274516684940905,"MAST4":-0.47082208379142343,"SCAI":0.000697644873443354,"SSBP2":-0.2393560584913123,"MACROD1":-0.5692731515065412,"GUCY1A1":2.006541042729794,"MPL":0.0,"INKA1":0.0,"CCDC171":0.0,"SV2A":-0.2793685844762633,"ZNF496":0.2882854337529248,"EGFL7":0.44148943673408275,"KAT6B":-1.509382983932571,"MYOZ3":0.0,"GUCY1B1":0.8912853401316138,"AGAP2":0.6792954682247432,"SSRP1":0.47136668790871,"NARS2":-1.077618842175602,"B4GALT6":0.0,"ABCC1":2.808023571528819,"NEDD4":-2.517773885421116,"BCR":-0.6438383239351482,"RAVER2":-1.0230622183883507,"ERG":0.027986286118687788,"SCMH1":-0.7867701299669725,"IGLL1":0.22625184494866304,"MATK":-1.2467889072069707,"PARP1":0.7195452093893925,"PARP2":-2.1474777346685485,"CD34":-3.16939560889094,"JUP":-2.791683168728266,"STAT5A":-0.1865119204202089,"SMIM24":-0.9922499492887139,"KIT":-1.8875747622894508,"TGFBRAP1":-0.26554648920188373,"NUMA1":-1.106297109170789,"DIPK1B":-0.7571713816357141,"PRKCQ":0.05286485622728419,"FAHD1":-1.576505809523503,"GNA15":0.554096027695723,"MYO5C":1.3793631766892358,"NPM1":-1.0520844031272854,"CBX2":-1.0187908754632367,"SHANK3":-2.780552929085616,"CARMIL2":0.13135871985309314,"SCML2":-0.9201513521837081,"AHDC1":0.5840196183685886,"ITGA9":-2.923591809535469,"PTK7":0.765848527142401,"GPSM1":0.7066199269718754}},"Blast Percent":{"min":-11.0,"max":11.0,"top_text":"High Blast Percent Correlation","bottom_text":"Low Blast Percent Correlation","map":{"CARMIL2":0.512735913662641,"TCF12":4.074036896273261,"NUMA1":2.7316060072462096,"ABCC1":0.15707254838797027,"TUT4":1.7586117408890016,"MPL":0.0,"AHDC1":4.66088021138726,"DIPK1B":-0.06677264863715092,"STAT5A":0.314840115544368,"GNA15":1.0724804641358165,"B4GALT6":0.0,"SCML2":1.3520693024752972,"SSBP2":2.144764658893192,"AGAP2":-0.301700851640933,"PTK7":2.2735340484775777,"MATK":0.6253249134879346,"FAHD1":1.063226228711145,"GUCY1A1":-0.12334853758643459,"MAST4":2.0315516279764707,"SMIM24":1.0497740577221257,"CD34":-0.011406656620854348,"NEDD4":-0.44437587244183724,"IGLL1":0.23671817380009577,"RAVER2":0.3589842125410534,"JUP":0.11090197206163172,"KAT6B":0.5887584187272239,"BCR":1.4749568097138717,"PARP1":3.339563682313568,"TGFBRAP1":0.8553194979261887,"INKA1":0.0,"MYOZ3":0.0,"MACROD1":1.2771179713526117,"CCDC171":0.0,"ITGA9":0.18179159318534624,"SHANK3":-0.05886067716020973,"PARP2":0.28633350501088933,"CBX2":2.1821370246020777,"EGFL7":-0.35387030073464576,"SCAI":1.5479202224579458,"ZNF496":1.7756445912776484,"NARS2":0.8641370658657284,"SCMH1":2.6103330691895525,"PRKCQ":-0.12893225090134586,"GUCY1B1":-0.32862282588107444,"KIT":0.018288227089936895,"SV2A":-0.4899202484818875,"SSRP1":2.8300717225120606,"GPSM1":1.217159181526681,"ERG":0.9351368134676249,"MYO5C":0.3862656728047131,"NPM1":2.0044213784871614}},"NPM1 Subtype":{"min":-37.0,"max":37.0,"top_text":"Committed NPM1 Subtype","bottom_text":"Primative NPM1 Subtype","map":{"GPSM1":-13.472524192043776,"AGAP2":-3.169458614333855,"CCDC171":0.0,"SHANK3":-7.2303558019927685,"IGLL1":-6.246691677415451,"MACROD1":-8.836607083903736,"RAVER2":-6.333731419951669,"MAST4":-14.343658327538924,"TUT4":-7.479423672307129,"ABCC1":-5.648738804901557,"ERG":-10.557557454632004,"MPL":0.0,"SCMH1":-13.308920640312556,"MYO5C":-7.950264471610646,"ITGA9":-2.927804001142636,"KAT6B":-4.907590094602709,"GUCY1B1":-4.688985159770727,"INKA1":0.0,"NPM1":-13.438152303775192,"CARMIL2":-9.259618202644296,"TGFBRAP1":-2.14065294634868,"PTK7":-11.159726287965603,