{"MuSiC CD14 Mono":{"min":-50.0,"max":50.0,"top_text":"High CD14 Mono Correlation","bottom_text":"Low CD14 Mono Correlation","map":{"CHD1":-5.925650301074886,"LPXN":5.093409007063929,"EP300":3.2515858328739564,"EWSR1":-1.6584660995763874,"AFF4":-0.37425811089219,"TP53BP1":-24.199875826740755,"MBOAT7":-0.6198480941535595,"SLC41A3":-2.7835036172906618,"ESYT2":-1.3830861850753446,"CTBP1":-0.6211567589757032,"HBP1":-0.02228723065119994,"PLEKHO1":2.8334902225984564,"KMT2E":-4.7392834048546,"ARID4A":-1.9416890781140774,"ARID4B":-9.02727801003547,"SLC66A3":1.800416990095127,"VIRMA":-5.414485281507812,"ADGRE2":0.03835594005436459,"SUDS3":-10.856887133741125,"STRN4":0.32206413787491794,"IKZF1":0.7151270702756919,"RAD50":-7.237077192948451,"HCFC1":-3.4124931662663314,"GOT1":0.1497533418590504,"CREBBP":1.39852344509804,"SIKE1":2.5772164130795066,"STRN":1.0319439742846708,"BRD4":-3.6745782819782855,"GTF2I":-21.026993356224295,"FOXK1":-1.0223743207498397,"FGFR1OP2":-0.9371151071770782,"MOB4":1.8251034239453352,"RBL2":0.11127654421131251,"STRIP1":0.009411577416548,"TRAF3IP3":-0.5853451975928918,"RB1CC1":0.7590068295580642,"SIN3A":-9.94226282256284,"RBBP9":-0.38313886579648854,"UBE2H":0.4206063041898712,"STRN3":-0.6271130590277518,"CASP8":0.5101901274834633,"GRAMD4":0.47687983372722026,"SAP130":-6.708342481118298,"METTL7A":2.5633794731224264,"RFXANK":-3.4337688609437147,"ZNF800":-1.3900259034768094,"CREBRF":-0.5333979105940759,"NBN":-8.73341919524666,"CIC":0.008789311224389562,"HMGCL":-0.3105757858090924,"TERF2IP":-9.367478038725217}},"Overall Survival":{"min":-6.0,"max":6.0,"top_text":"High Survival Correlation","bottom_text":"Low Survival Correlation","map":{"GTF2I":-0.29891798918631757,"STRN3":-0.35304735779678287,"RBBP9":0.056257620659490574,"TERF2IP":-0.7591388155963179,"RFXANK":0.485023060343185,"STRIP1":0.07090168702134816,"SAP130":-1.415548193208081,"MBOAT7":0.9087869882478562,"UBE2H":0.2547468879486977,"STRN":0.3687754714070135,"RBL2":0.2849588672646986,"FOXK1":-1.1480109705454795,"SUDS3":-0.6462110211200391,"FGFR1OP2":0.11087817631943468,"METTL7A":1.6496363664291136,"ARID4A":-0.6492854371415936,"CASP8":-0.451653571470131,"KMT2E":0.9783997923708209,"ESYT2":0.17118944437289535,"GOT1":-1.230547695057882,"BRD4":-0.7188798649332288,"EWSR1":-1.2123183838520055,"CIC":-0.2769441108597269,"HBP1":0.17911102101005594,"CREBRF":1.8442779205502295,"SLC66A3":0.8064768982453254,"CREBBP":-0.13014199665467036,"RB1CC1":-0.18711890269440104,"SIKE1":-0.08030660968855287,"NBN":-0.36135215234365925,"TRAF3IP3":2.3102468552168998,"EP300":-0.33887591101364556,"CHD1":0.2369413557607784,"PLEKHO1":1.5302455599457498,"TP53BP1":-0.2680013845905171,"HMGCL":0.008627356270592032,"HCFC1":-0.7577733447230063,"LPXN":1.2336959499234486,"MOB4":0.5900252539869284,"VIRMA":-1.015630855050422,"ARID4B":-0.010554292242572764,"STRN4":0.3740218939398403,"ZNF800":1.0474519314797486,"IKZF1":0.4037002730316505,"AFF4":1.5621446719492074,"SIN3A":-1.1333410651466098,"SLC41A3":0.12212055307984881,"CTBP1":-1.494709500182299,"RAD50":-0.1706679345210626,"GRAMD4":0.2976362034053785,"ADGRE2":0.2702845710088986}},"Mutation FLT3 ITD":{"min":-10.0,"max":10.0,"top_text":"High FLT3 ITD Correlation","bottom_text":"Low FLT3 ITD Correlation","map":{"ADGRE2":1.1062360017785788,"SIKE1":1.043286534425983,"GRAMD4":0.616178685602636,"VIRMA":1.7875022321328813,"HBP1":-0.004888674544145611,"PLEKHO1":0.353456095374363,"SLC66A3":0.18343011354435884,"FOXK1":0.5615469151814111,"CREBBP":-0.03150655904984637,"CREBRF":-0.12415625785634042,"CHD1":-0.18136553850247264,"BRD4":0.18355071889476207,"TERF2IP":0.6359385709186924,"ARID4B":-0.9283440755384452,"CTBP1":0.576229900866164,"STRIP1":1.1558813959655918,"TRAF3IP3":0.6519822426969666,"RBBP9":0.22608741455706477,"ARID4A":-0.28995436645233624,"CIC":-5.36346154127916,"UBE2H":-2.0012973889539727,"SAP130":-0.7899846793371783,"RBL2":1.6724188165834535,"HCFC1":0.020878535008102744,"METTL7A":0.49249745510680615,"NBN":2.7428275279235894,"EWSR1":0.6321388890805669,"RFXANK":-0.017221218546786005,"MOB4":1.3218032040820737,"FGFR1OP2":0.49845014959962886,"SUDS3":-0.28202036410007875,"SIN3A":-1.1779359287275906,"AFF4":0.024752851723889916,"STRN4":1.2999026566592662,"RAD50":2.5819517643277576,"MBOAT7":1.214954564770524,"HMGCL":0.3327501443163649,"GOT1":0.19554836845027207,"STRN3":1.3310669382767115,"GTF2I":0.5237514797903631,"CASP8":2.3797816842065624,"IKZF1":-0.023280559947501157,"KMT2E":-1.0664066217466717,"TP53BP1":1.301258928226229,"SLC41A3":0.8858874144351842,"EP300":-0.034602454011254884,"ESYT2":-0.13811760761790098,"LPXN":1.117513368281519,"RB1CC1":-5.256562446540706,"ZNF800":-0.12598935741104628,"STRN":0.08316206000234996}},"Blast Percent":{"min":-11.0,"max":11.0,"top_text":"High Blast Percent Correlation","bottom_text":"Low Blast Percent Correlation","map":{"UBE2H":-1.9434666391581532,"GRAMD4":0.5878128723761058,"MOB4":0.28813080399448027,"PLEKHO1":-0.6943783742641442,"HMGCL":2.407824372416447,"RBBP9":1.762096448450569,"CREBBP":1.5726914377732641,"RBL2":2.5126737491816242,"RB1CC1":-1.7499819940393617,"TP53BP1":5.981875617955371,"ZNF800":0.34187962471457906,"NBN":4.121298501627182,"TERF2IP":0.009415235925002948,"FGFR1OP2":0.20838786713457247,"STRN4":1.1850881960883821,"SUDS3":5.868147810008543,"SAP130":5.209776112596541,"STRIP1":0.5513904543789959,"ARID4B":3.179668804940298,"HBP1":3.1304627504038507,"RFXANK":3.5161134392824325,"METTL7A":0.9454921432661189,"SIKE1":1.1951590888046533,"ARID4A":5.003082308124782,"EWSR1":3.3042567894306294,"HCFC1":6.958344485696299,"SLC41A3":1.9880922105681538,"ADGRE2":1.0976566539446067,"GOT1":-1.7462026025762065,"CREBRF":0.7434592691153543,"STRN":0.5567096603723963,"CHD1":8.860513539806487,"GTF2I":7.091061394068611,"ESYT2":4.093769397975092,"SLC66A3":-0.34473404145908093,"FOXK1":3.839902029917195,"EP300":0.862749302531665,"CASP8":0.20733239893886912,"VIRMA":8.143531663575498,"AFF4":2.1283545384719966,"TRAF3IP3":5.288389633933284,"MBOAT7":1.9385626848723572,"RAD50":2.75166534257937,"CIC":0.5457778152389781,"STRN3":0.3234140689312301,"BRD4":1.288643145429348,"IKZF1":1.6436040723533651,"LPXN":-0.2360446918974687,"KMT2E":1.3803330574365622,"CTBP1":5.069969276212054,"SIN3A":9.566712249665228}},"Mutation NPM1":{"min":-30.0,"max":30.0,"top_text":"High NPM1 Correlation","bottom_text":"Low NPM1 Correlation","map":{"HMGCL":0.7008960843156211,"BRD4":-1.0693798516051412,"FOXK1":2.802141892282042,"TERF2IP":-2.742228168305176,"SIN3A":0.09757534152773194,"VIRMA":3.0942444395048465,"ARID4A":-0.024310679701024986,"METTL7A":3.8320350744347746,"NBN":3.3459099831740686,"RFXANK":-0.31242511421520214,"STRN":2.3651362035474524,"RAD50":3.6862673531625134,"SUDS3":-0.23038885458982525,"HBP1":-0.4117378937660505,"ZNF800":-0.16954380478034256,"PLEKHO1":-0.28103935862075896,"RB1CC1":-4.937947397807086,"SLC66A3":1.2204868829207374,"HCFC1":0.4883909760255834,"EP300":1.1861962538320805,"CHD1":0.986989264091173,"AFF4":-0.0831969643519807,"CASP8":4.49775958519116,"CTBP1":1.2511838915843874,"CREBBP":-0.0055025576709553815,"MOB4":5.550766120535803,"KMT2E":-0.9521890478193396,"ARID4B":-1.353023515409164,"RBBP9":1.4467591754045512,"STRN3":4.888171000153664,"FGFR1OP2":1.2643127577944517,"STRIP1":3.1307506827286073,"SAP130":-0.07487417753367284,"EWSR1":1.976791210665847,"STRN4":3.7741226150799663,"SIKE1":10.4206127218852,"MBOAT7":4.398643023181122,"UBE2H":-3.0450737363680145,"ADGRE2":5.185926970415261,"LPXN":4.777227490363068,"CREBRF":-0.1685076137612463,"SLC41A3":3.3360751417716648,"ESYT2":-0.9970141933862502,"CIC":-1.5795653168798245,"GTF2I":-0.04528160929836776,"TP53BP1":0.42544576075244883,"IKZF1":0.46327822543135583,"GRAMD4":0.28330145769058984,"RBL2":6.352507987606535,"TRAF3IP3":3.438893152034926,"GOT1":0.5969841552931514}},"NPM1 Subtype":{"min":-37.0,"max":37.0,"top_text":"Committed NPM1 Subtype","bottom_text":"Primative NPM1 Subtype","map":{"ZNF800":-1.3039056837453333,"EP300":1.921502290883876,"VIRMA":-7.150077191871867,"NBN":-9.559280867990529,"CTBP1":-1.235559992731764,