{"Mutation FLT3 ITD":{"min":-10.0,"max":10.0,"top_text":"High FLT3 ITD Correlation","bottom_text":"Low FLT3 ITD Correlation","map":{"DHX8":0.127458679029618,"RNPS1":0.5682120555806589,"SNRNP70":0.17394919618031818,"CHD4":0.3289789536256447,"PRPF4B":1.1732536587015312,"CPSF6":1.3403323997702046,"THOC2":1.2298238857100545,"TOX4":2.295480438559188,"SF3B1":0.49391841635912165,"CCNT1":0.3750832968363134,"ZC3H18":0.8406114629295045,"RBM17":0.9727672284346867,"PRPF6":0.8737557137878603,"MFAP1":0.7059660165390067,"SRSF7":-0.08430712565274263,"IK":1.4375465688790936,"RBM15":-0.38018036921377446,"SRSF11":0.44359997289694353,"FUS":-0.13103701783618021,"PRPF19":0.8570355578847942,"BRD4":0.18355071889476207,"HNRNPM":1.38675018392378,"PRPF40A":-0.21374639575262983,"BRD7":0.46845438894587466,"FIP1L1":2.1757539708833122,"YY1":-0.10950975674698453,"SRRM2":3.1434752637985857,"RBM25":0.85211611687584,"LUC7L3":1.3564570443131863,"RBM15B":-0.3342944852675218,"U2SURP":0.5157719324899414,"ZC3H13":0.9639522663898021,"THRAP3":0.8283870419914378,"RBM22":1.643100626025834,"SNRPA1":1.33210643914994,"DDX42":1.3780522518063538,"YLPM1":0.7971847480772121,"SNW1":1.1276347081335696,"RBM39":0.45927342452880515,"FAM76B":-0.5178893879322344,"SAFB":1.4227725115112602,"SLTM":0.27301071884159295,"PNN":0.0982632273673764,"SART1":-0.9713503719197278,"PPP1R10":1.1615657923269254,"SNRPB2":1.3285071264565955,"PLRG1":-0.19244020833122252,"PRPF38A":1.252323407210462,"DDX23":0.35256382091366095,"SAP18":0.32178536912051087,"HNRNPH1":-0.0580429207675711}},"Mutation NPM1":{"min":-30.0,"max":30.0,"top_text":"High NPM1 Correlation","bottom_text":"Low NPM1 Correlation","map":{"YY1":-0.042156714907525754,"SAFB":2.818004868600563,"IK":2.5402320913317067,"ZC3H18":2.3739341339076145,"DDX42":1.7786109176810416,"CHD4":0.14249840983117837,"FIP1L1":1.9420809090344082,"SRSF7":0.9487421695873682,"PRPF4B":1.986065356311129,"SNRNP70":0.7777283309175462,"PRPF6":-0.7989401463386973,"SNRPA1":2.4639065549187165,"RBM25":1.9412976355282492,"U2SURP":0.9903234435453268,"SF3B1":1.1929500894852785,"RBM15B":1.1974717179382068,"DHX8":0.6756120729656538,"BRD7":0.9536845796788774,"THRAP3":0.7857285147904123,"HNRNPM":3.0118135193498725,"RBM17":0.3640995500322503,"PNN":0.8054985224773454,"THOC2":2.387298803984392,"PPP1R10":1.2004047586420037,"YLPM1":1.1389748274698623,"RBM22":3.685321625178956,"RBM39":2.4160233232294743,"PLRG1":0.6861555956427342,"SRRM2":4.837747094537221,"MFAP1":1.7091483187003957,"SAP18":0.9087472987652537,"TOX4":2.0708788009260646,"ZC3H13":4.341571461529795,"PRPF19":2.1568263344210705,"SART1":-2.1650622593949156,"BRD4":-1.0693798516051412,"SNW1":2.8923092369539583,"SNRPB2":1.0512781642611446,"CPSF6":2.072578217767194,"FAM76B":-0.6162428580103927,"FUS":1.201718489289372,"CCNT1":0.30192085578755684,"SLTM":1.9970863571068271,"RBM15":-0.14893277662960555,"PRPF38A":1.23089668986775,"HNRNPH1":1.184926616802735,"LUC7L3":1.2943111822895639,"PRPF40A":0.37867112310042056,"RNPS1":0.700255369968157,"DDX23":0.18147845660899323,"SRSF11":1.1541166714052447}},"Overall Survival":{"min":-6.0,"max":6.0,"top_text":"High Survival Correlation","bottom_text":"Low Survival Correlation","map":{"PLRG1":-0.810213115199527,"PRPF4B":-0.7428818393053773,"BRD4":-0.7188798649332288,"FAM76B":0.1371568641385681,"THOC2":-0.657389283903654,"ZC3H18":-0.21155997651184122,"FUS":-0.3752344975212528,"DHX8":-0.02499527174609372,"SART1":0.6174843765513072,"CHD4":-0.8250007975486481,"SNRPA1":-0.2314395882050013,"SNRNP70":-1.4833865658861327,"HNRNPM":-0.6700780167571915,"U2SURP":-1.2285404550175876,"ZC3H13":-1.6563254552100681,"RBM15B":-0.2995976371527079,"CPSF6":-1.0282833360890327,"LUC7L3":-1.478313684570422,"SAP18":-0.4674504633327721,"FIP1L1":-1.5194548072438245,"HNRNPH1":-0.17368619445462755,"MFAP1":-0.5458868460758597,"RBM17":-1.222243704461278,"SF3B1":-1.0082074528948128,"DDX23":-0.5873969871501877,"SAFB":-1.5170437660080043,"SNRPB2":-1.6162138952300258,"CCNT1":0.5419491013901228,"THRAP3":-0.8343177302032364,"SLTM":0.17026766426426848,"RNPS1":-0.3917937604318999,"SRRM2":-0.5935049007086609,"PRPF38A":0.1395117451984451,"YY1":-0.08483119471032227,"PNN":-1.7604372937262915,"BRD7":-0.4638676335898577,"PRPF40A":-0.7772160717814213,"YLPM1":-0.9832477647869127,"SRSF7":-1.008571232476117,"RBM39":-0.27419244983560614,"SNW1":-0.2436491751032581,"IK":0.4992400947384742,"SRSF11":-0.4360169811574944,"PRPF6":0.07830188257135451,"RBM15":-2.1898042503514277,"DDX42":-0.5923175549051645,"RBM22":-0.6357812190312705,"RBM25":-0.8133498246216017,"TOX4":-0.06842091310736939,"PPP1R10":-0.9601801989633612,"PRPF19":-0.3809650118469384}},"Blast Percent":{"min":-11.0,"max":11.0,"top_text":"High Blast Percent Correlation","bottom_text":"Low Blast Percent Correlation","map":{"SLTM":6.138221005575962,"HNRNPM":6.838327635113003,"FUS":6.435713142691511,"PNN":4.224301317695335,"SAFB":8.257816391889605,"SNRNP70":6.612830368714271,"FIP1L1":5.233542986970885,"LUC7L3":3.2528530749176108,"BRD7":5.370767358121989,"SNRPA1":7.5592022750088885,"ZC3H18":4.773065165538689,"DHX8":1.4932837834035813,"RBM17":2.569087089971603,"RBM39":5.153928314461009,"SRSF7":6.214860751170421,"HNRNPH1":3.41412104707734,"CHD4":6.40312949392056,"BRD4":1.288643145429348,"PRPF40A":5.40801693285261,"YY1":3.2149074007067724,"FAM76B":3.39274361264266,"ZC3H13":5.485898060290072,"SNW1":5.74638533385228,"PPP1R10":7.437196904817182,"CPSF6":6.10010885396347,"MFAP1":5.992992386123438,"RBM25":4.389310156690622,"RNPS1":4.288631825669551,"SART1":3.2596529437535384,"PLRG1":5.607668944791222,"PRPF4B":7.126469788032142,"SAP18":5.7317555385395185,"SNRPB2":4.816539853007493,"U2SURP":7.130052439934695,"SRSF11":5.412025125375813,"SF3B1":7.856372888365048,"RBM15":5.19944055679582,"SRRM2":3.7561643272941865,"PRPF6":5.285852906508571,"THOC2":7.62195080180739,"RBM15B":9.214321016474996,"PRPF19":4.058249663552529,"YLPM1":4.881595689449425,"CCNT1":1.8944065007678765,"DDX42":7.467351154063203,"DDX23":3.7047517425322534,"THRAP3":5.912059964902058,"IK":6.331236761098146,"RBM22":7.430968381258073,"TOX4":4.534430564238444,"PRPF38A":4.8933163534126765}},"NPM1 Subtype":{"min":-37.0,"max":37.0,"top_text":"Committed NPM1 Subtype","bottom_text":"Primative NPM1 Subtype","map":{"HNRNPM":-6.981916644066639,"PRPF38A":-7.345376850137405,"RBM22":-5.460402959762077,"PRPF40A":-5.668242511729274,"MFAP1":-9.272654222988958,"DDX23":-4.039778913376542,"SART1":-4.674350560254703,"SNW1":-4.426096350846632,"THRAP3":-11.60633783958746,"FIP1L1":-11.9378887591368,"PRPF4B":-5.391258595496522,"YY1":-2.61413909744744,"FAM76B":-4.422422063929815,"ZC3H18":-1.95004062605058,"SF3B1":-6.1078047150514765,"HNRNPH1":-2.9290618408915643,"PPP1R10":-6.763043388550048,"CPSF6":-10.86557905845476,"YLPM1":-10.687924278915172,"IK":-5.9618559131710045,"SAP18":-7.323283109103374,"RBM15B":-8.857056480090973,"PRPF19":-3.3914694700214394,"SNRPB2":-7.0110728095377794,"RNPS1":-7.741338951952758,"RBM17":-8.014443965620567,"ZC3H13":-6.071557767934487,"BRD7":-7.12633941258851,"RBM39":-2.2185492597297984,"SNRPA1":-7.17782514700732,"SRRM2":-2.547109195441349,"SLTM":-5.838830986431426,"FUS":-3.8572283717073863,"SRSF11":-11.10701397114977,"RBM15":-4.100300550562968,"BRD4":-4.638999711906336,"DDX42":-9.421725292725718,"RBM25":-3.139056372245053,"SAFB":-6.81379768355807,"CCNT1":-4.027422852691703,"CHD4":-14.411108575673477,"SNRNP70":-8.614781223729564,"DHX8":0.7043804941670806,"U2SURP":-12.217774903135405,"PRPF6":-4.508632515829855,"PLRG1":-6.038497820830461,"LUC7L3":-8.376486373501189,"THOC2":-10.284205120453366,"PNN":-8.696142488893386,"SRSF7":-3.0450322350934536,"TOX4":-3.06549635931432}},"MuSiC CD14 Mono":{"min":-50.0,"max":50.0,"top_text":"High CD14 Mono Correlation","bottom_text":"Low CD14 Mono Correlation","map":{"SNW1":-3.724848839228281,"SART1":-5.624934487921993,"SRSF7":-3.290082080288045,"PRPF4B":-5.5020176843031114,"SNRPB2":-7.105558155816705,"U2SURP":-13.914474476031721,"LUC7L3":-9.510986370858495,"SAFB":-8.546536827716121,"SAP18":-9.834135713147598,"PPP1R10":-9.010933930889156,