{"Mutation FLT3 ITD":{"min":-10.0,"max":10.0,"top_text":"High FLT3 ITD Correlation","bottom_text":"Low FLT3 ITD Correlation","map":{"EFTUD2":0.9191797055219539,"HNRNPC":0.7515428816770165,"RPA2":1.3573512947086788,"LSM4":1.1185427664160896,"PUF60":1.4838028033534392,"SNRPD2":0.11645364278808552,"SNRNP200":0.7639394527025368,"SNRPG":-0.09177220611983014,"XRCC6":0.27268549802145015,"MATR3":1.462421111636562,"SNW1":1.1276347081335696,"HNRNPK":0.19156539617136967,"NCL":0.7272485291997494,"HNRNPDL":0.29670616127011545,"SRSF3":0.12295192352285322,"NONO":0.43918524958309096,"HNRNPD":-0.5639437192924687,"HNRNPU":0.9663963958550816,"EIF4A3":1.034831654798893,"RBM45":2.2401978903583486,"RBM4":2.4158789130439153,"SNRPD3":-0.4058956101350522,"DDX5":1.0064530093408108,"SRSF7":-0.08430712565274263,"SNRPD1":-0.4498712284474448,"TOX4":2.295480438559188,"HNRNPH1":-0.0580429207675711,"PTBP1":0.8516074801557473,"PRPF4":0.5424811371100671,"MTREX":0.0013641622608333054,"DDX39B":1.0196451808369114,"DDX46":1.5688424707356303,"LSM2":-0.2377878364417942,"RBMX":0.4327341318224084,"HNRNPA3":-0.3424431219229005,"HNRNPF":1.5802536685885498,"LSM3":0.707355098415282,"SNRPF":0.48433386390978056,"RBM39":0.45927342452880515,"DHX9":-0.45086184655687284,"ELAVL1":0.5913233331491544,"PRPF19":0.8570355578847942,"ILF2":1.3567496037530251,"WDR82":0.6268840927248962,"FUBP3":0.4817224415593858,"TARDBP":-0.10293793747628331,"HNRNPR":-0.1613637039312184,"HNRNPL":-0.006109253806439775,"CDC5L":0.08920016874934106,"HNRNPA0":1.1766526072127133,"SYNCRIP":-0.044745782367156955}},"NPM1 Subtype":{"min":-37.0,"max":37.0,"top_text":"Committed NPM1 Subtype","bottom_text":"Primative NPM1 Subtype","map":{"HNRNPH1":-2.9290618408915643,"PUF60":-4.594537476448507,"LSM4":-0.5924485318063023,"HNRNPF":-0.47271037585436293,"SRSF3":-9.72359668833517,"MTREX":-4.587405540286845,"HNRNPU":-2.6138367478741324,"SNRNP200":-5.908072999785126,"HNRNPA0":-5.705139592308561,"SNRPD3":-0.7295208210158496,"SNRPD1":-2.428379642317145,"SYNCRIP":-6.983909005659014,"PRPF19":-3.3914694700214394,"DHX9":-3.023054690832715,"EFTUD2":-2.6542317971540643,"TARDBP":-4.289276304978648,"EIF4A3":-0.5175284922737422,"MATR3":-12.625873805728718,"TOX4":-3.06549635931432,"FUBP3":-2.080107224643942,"SNRPF":-3.4042251608561425,"HNRNPD":-4.917704931630161,"RBM4":-9.340470255465235,"DDX5":-0.2689394105973051,"HNRNPL":-9.676946063383303,"WDR82":-1.3406646888021063,"RBM39":-2.2185492597297984,"PTBP1":-2.7305261800862697,"RBMX":-6.757810994955108,"SNW1":-4.426096350846632,"HNRNPC":-4.672731507653885,"HNRNPA3":-3.3073714950940873,"LSM2":-2.9912528140670975,"SNRPD2":-2.353344434166591,"RBM45":-3.538605308429872,"HNRNPR":-11.043841337970338,"ILF2":-3.036308898185466,"NONO":-8.776938089453266,"HNRNPK":-7.046078815464744,"XRCC6":-13.367981289306929,"RPA2":-5.094620327580898,"SRSF7":-3.0450322350934536,"DDX46":-1.0787651549270605,"CDC5L":-8.499865467451796,"NCL":-10.484051939043448,"HNRNPDL":-5.774583729060593,"DDX39B":-4.77155300000373,"LSM3":-0.10189630037642743,"PRPF4":-1.1356515660103972,"SNRPG":-4.399981902803712,"ELAVL1":-6.429291030859147}},"MuSiC CD14 Mono":{"min":-50.0,"max":50.0,"top_text":"High CD14 Mono Correlation","bottom_text":"Low CD14 Mono Correlation","map":{"SNRPF":-4.832315466661114,"ELAVL1":-5.795188363841036,"HNRNPH1":-4.376710320816772,"PRPF4":-0.8327163348329951,"RBM39":-3.743199089917264,"MATR3":-14.379717008209445,"EFTUD2":-2.301358733881061,"HNRNPDL":-6.343032585328353,"EIF4A3":-0.43897694274047644,"LSM4":-0.7825506730446029,"TARDBP":-4.245821268526845,"SRSF7":-3.290082080288045,"DDX5":-0.6519326382609174,"HNRNPK":-7.103179998141122,"CDC5L":-7.248921855788634,"RBM4":-6.713017854226675,"HNRNPA0":-5.941504963067788,"SRSF3":-9.58613439255454,"HNRNPF":-0.8293450186262507,"NONO":-9.654966241273916,"RBMX":-9.857135678449355,"HNRNPL":-11.046114642933851,"NCL":-12.843596072627255,"MTREX":-5.130442657726203,"XRCC6":-13.768965966431818,"PRPF19":-3.2001409716731706,"RBM45":-2.9472096887632437,"FUBP3":-1.6259762477894222,"DDX46":-1.518850827041215,"DDX39B":-3.929312186565622,"LSM3":-0.200395470421802,"HNRNPA3":-3.3489420228090037,"HNRNPR":-9.344709581847916,"PTBP1":-3.2711689030316053,"HNRNPD":-3.146232353985944,"SYNCRIP":-9.696583835704184,"HNRNPC":-3.8157257482782216,"WDR82":-0.7393496675225469,"SNRPD3":-0.910026216344858,"SNRPD1":-3.3623813843604005,"SNRPD2":-2.0511757221793205,"LSM2":-2.8228891395397513,"ILF2":-3.3924842248306857,"SNW1":-3.724848839228281,"DHX9":-2.300504815208915,"RPA2":-3.8648293861909546,"SNRNP200":-4.58789164062352,"SNRPG":-4.157255070514375,"TOX4":-2.466381743824954,"HNRNPU":-1.3601709634917534,"PUF60":-4.444641376740773}},"Overall Survival":{"min":-6.0,"max":6.0,"top_text":"High Survival Correlation","bottom_text":"Low Survival Correlation","map":{"HNRNPL":0.023529446996418936,"DDX39B":-0.783286890900662,"LSM3":-1.0694792642942188,"PTBP1":-0.82978777349218,"CDC5L":0.590713796172442,"HNRNPA3":-0.43839123394530005,"WDR82":-0.08611832014264577,"LSM2":-0.47984789529660526,"RBM45":-0.11045377900136046,"SNRNP200":0.07031020780135487,"SNRPD1":-0.25804016002038266,"HNRNPF":-0.021802800128469666,"MTREX":0.27165571259180754,"EIF4A3":-0.04529443881507563,"TARDBP":-0.1632180998388905,"LSM4":-0.9344019474194848,"DHX9":-0.010556155607122003,"SNRPF":-1.3201943511389358,"ELAVL1":-1.1786608147175661,"NCL":-1.082691449791101,"SNRPG":-0.3954015153078339,"PRPF19":-0.3809650118469384,"HNRNPA0":0.7305718559225566,"HNRNPK":-1.8017630560794289,"EFTUD2":0.15223959551260513,"XRCC6":-1.1506252357315108,"SYNCRIP":-0.07728604024445074,"NONO":-1.2777073178899991,"HNRNPC":-0.36796298940989136,"SRSF3":-0.9769920810404777,"SRSF7":-1.008571232476117,"PUF60":-0.10910709651027298,"PRPF4":-0.05338930244022164,"HNRNPH1":-0.17368619445462755,"FUBP3":-0.401793005240595,"SNRPD2":-0.09918576269560482,"HNRNPR":-0.8497308212477572,"RBM39":-0.27419244983560614,"RPA2":0.05646866542986803,"HNRNPDL":0.46367933671443634,"RBMX":-0.6859037233595938,"TOX4":-0.06842091310736939,"DDX46":0.28558594107079643,"HNRNPU":0.10095004746800315,"SNW1":-0.2436491751032581,"RBM4":-0.27651752356654463,"HNRNPD":0.10214525866824742,"MATR3":0.22510120262071898,"SNRPD3":0.05555621214634302,"DDX5":0.005114026526050246,"ILF2":-1.6405279231983587}},"Blast Percent":{"min":-11.0,"max":11.0,"top_text":"High Blast Percent Correlation","bottom_text":"Low Blast Percent Correlation","map":{"HNRNPDL":7.193477109193143,"HNRNPC":3.7610617496038903,"HNRNPA0":5.959188311252434,"SRSF3":4.095795571432106,"HNRNPD":4.826513347022693,"ILF2":4.088759872291156,"DHX9":4.64148528187053,"RBM39":5.153928314461009,"SNRNP200":6.091867638732159,"RBM4":4.489118836905946,"SNRPD3":0.6365536549900216,"SNRPF":6.584783163931188,"FUBP3":5.09305148125218,"CDC5L":6.328344057248915,"SYNCRIP":5.106631080625599,"NCL":3.9478264340707936,"HNRNPH1":3.41412104707734,"PTBP1":4.597732330834949,"HNRNPA3":4.631787264947284,"SNW1":5.74638533385228,"XRCC6":6.883140844952099,"DDX39B":7.385141701755692,"EIF4A3":2.969831602355936,"HNRNPF":1.5743335368290676,"SRSF7":6.214860751170421,"HNRNPR":5.192694384360088,"PUF60":4.340837174285495,"DDX5":2.435086083257688,"EFTUD2":5.334390697573482,"PRPF4":2.019611762711747,"LSM2":3.388483887775444,"TOX4":4.534430564238444,"HNRNPL":5.340582168427748,"ELAVL1":5.4261742330537475,"LSM4":3.2716581719933364,"MTREX":7.249978134213079,"NONO":5.189981008271852,"RBM45":4.07541914370862,"RPA2":2.958889812719193,"PRPF19":4.058249663552529,"SNRPG":5.923808348247078,"MATR3":5.551695184464238,"SNRPD2":3.1795156847378925,"DDX46":7.511482816221787,"TARDBP":3.187912959800039,"RBMX":10.846546445785382,"WDR82":4.1669123344283,"HNRNPK":6.21712012705405,"HNRNPU":4.276068942296207,"LSM3":2.6443072632897198,"SNRPD1":1.6500121811391517}},"Mutation NPM1":{"min":-30.0,"max":30.0,"top_text":"High NPM1 Correlation","bottom_text":"Low NPM1 Correlation","map":{"RBM45":2.410205685631804,"EFTUD2":1.4415749180616486,"WDR82":2.051825701349562,"NONO":0.8058269801636946,"DDX46":4.781968296172078,"SRSF3":0.27222886498456167,