{"Overall Survival":{"min":-6.0,"max":6.0,"top_text":"High Survival Correlation","bottom_text":"Low Survival Correlation","map":{"DDX6":-0.49150578421242597,"ANKRD12":1.1394269272409834,"RC3H1":-0.009653013660425456,"DHX36":-0.049858850327140866,"EIF4ENIF1":-0.08500097159311452,"G3BP1":0.12914425646045768,"SMG7":-0.08024666350743229,"INTS6":0.6906703334224391,"LARP4B":0.2726947970839287,"RC3H2":0.7834371085258801,"WDR82":-0.08611832014264577,"CNOT4":-0.9007461236696136,"YTHDF1":0.09037647469284968,"INTS10":0.6176264780656688,"CNOT3":-0.22974811848443685,"TPP2":-0.24202150765420663,"NPAT":-0.5532502576505659,"ZC3H7A":0.1172450245275365,"KLHL6":0.7765435905173764,"IFI16":0.4379577541009068,"HDAC7":0.3566306849803211,"YTHDF2":-0.1947362951964125,"TNRC6B":-0.4654508469040524,"LSM14A":-0.2767420494842491,"CAND1":-1.0703811446593767,"PUM1":-0.10943985963739979,"CNOT10":-1.250001398741625,"ANKRD17":-0.0930329666579842,"TMEM168":2.928335023326176,"CNOT1":-1.91729052280668,"PABPC1":0.5440924085831156,"NR2C2":0.15160242118184747,"UBAP2L":0.23148290664488536,"GIGYF2":-0.024134775998194274,"CNOT2":0.22650640415036513,"NKAP":0.6676681944466565,"FXR1":-0.7857631971807552,"CNOT6L":0.4472083566576935,"CNST":1.2344481328331083,"TLK1":-0.6412479753132194,"RBM39":-0.27419244983560614,"SEC16A":0.1657490665031022,"RRP8":0.3105833203025478,"OBI1":-0.09815615377972503,"RINT1":-0.34277593637164283,"UNK":0.1509551106028646,"TNRC6A":-0.2983535096942217,"ZNF655":0.3164609471822565,"TDRD3":0.01129078954788414,"CAPRIN1":0.225211619287008,"OTUD4":-0.7095529240644064}},"NPM1 Subtype":{"min":-37.0,"max":37.0,"top_text":"Committed NPM1 Subtype","bottom_text":"Primative NPM1 Subtype","map":{"TMEM168":-0.08326072863106615,"CNOT1":-1.6153419326646392,"CAPRIN1":-4.029387166227504,"OBI1":-3.871137060191534,"KLHL6":0.40138850152953925,"ZNF655":-1.4087396785389101,"RINT1":-4.457465661157144,"YTHDF1":-2.0562450901086815,"INTS6":-1.6607537622465747,"ANKRD12":0.0050296328839957985,"SEC16A":5.554171736582513,"TDRD3":-0.87459559116347,"ZC3H7A":3.2863437342219854,"ANKRD17":-3.4085657654263857,"RC3H1":2.3952128641966133,"CNOT4":-4.968252267612832,"CNST":-2.606560715089084,"DDX6":-1.6461280417402038,"OTUD4":-0.11873560451020909,"G3BP1":-2.3607123613288277,"CNOT3":-2.6359222610601765,"PABPC1":0.5634634771728644,"UBAP2L":-2.126544008758878,"SMG7":-3.290069137520409,"UNK":-6.771170161369924,"TNRC6A":2.3763567647239103,"NPAT":-4.270982675174738,"TPP2":-0.36195043096825275,"IFI16":-0.9473514198005877,"LARP4B":3.9520303374305485,"GIGYF2":0.0835690204474894,"LSM14A":-1.8501855866164507,"CNOT6L":-4.95223306792645,"RC3H2":-0.22379992324546613,"NR2C2":-6.800203977726264,"RBM39":-2.2185492597297984,"RRP8":-5.382267223566811,"YTHDF2":-2.2071401232124086,"HDAC7":-0.7281063611406701,"TLK1":-6.781459364834441,"PUM1":-6.057181674522193,"EIF4ENIF1":-7.009593233351023,"DHX36":-2.997385290677048,"CAND1":-1.2909473816782353,"WDR82":-1.3406646888021063,"NKAP":-0.13223185654161548,"CNOT10":-4.05079009234509,"FXR1":-5.124068132851216,"CNOT2":-2.693876383335918,"TNRC6B":-4.3674731901088615,"INTS10":-0.39905574000925603}},"Blast Percent":{"min":-11.0,"max":11.0,"top_text":"High Blast Percent Correlation","bottom_text":"Low Blast Percent Correlation","map":{"EIF4ENIF1":0.01622728798005389,"CNOT10":1.2847831074481812,"TDRD3":1.315486918523588,"RRP8":2.243014926294887,"TPP2":0.12964174620789035,"CNST":-0.2503721823787853,"ZNF655":1.726672171643922,"PUM1":3.3516443462144037,"WDR82":4.1669123344283,"TLK1":2.1635277894963094,"NPAT":0.5239610940711776,"CNOT4":0.6032576816231177,"DHX36":1.4477359921380055,"FXR1":5.603267652794936,"RINT1":0.03385678325394862,"CNOT1":2.4289050966163273,"UBAP2L":0.9883804146505466,"PABPC1":-1.8914257017393472,"INTS10":2.9213004117650465,"RBM39":5.153928314461009,"ZC3H7A":0.2505339449960463,"OTUD4":1.512420539464966,"G3BP1":2.6976147958316554,"LARP4B":-0.3509846365977245,"NR2C2":3.9928062806929483,"YTHDF2":1.256241831791291,"CNOT3":0.749984417139794,"RC3H1":0.48412776869139296,"NKAP":0.05466413726698935,"CNOT6L":2.577991496708522,"ANKRD17":2.759960873750725,"ANKRD12":0.7540641847160728,"YTHDF1":1.4653265492826013,"CNOT2":1.0679167304503736,"TMEM168":0.49526673978792113,"SEC16A":-1.1919656611468088,"UNK":4.799371374209819,"TNRC6B":-0.7244071063476262,"CAND1":-0.22250843543020635,"INTS6":2.996488214735905,"HDAC7":0.1877212528676472,"TNRC6A":-0.08829095733028072,"IFI16":0.14600482715568094,"OBI1":1.2830423922594794,"LSM14A":0.06293978538652217,"KLHL6":-1.5749989462929292,"DDX6":0.4255803692632906,"RC3H2":0.1802203500837043,"CAPRIN1":2.83809889332757,"SMG7":0.21440550841348338,"GIGYF2":-0.12396385502012729}},"MuSiC CD14 Mono":{"min":-50.0,"max":50.0,"top_text":"High CD14 Mono Correlation","bottom_text":"Low CD14 Mono Correlation","map":{"ANKRD12":-0.06294204279342112,"ZC3H7A":5.425045608431413,"ZNF655":-1.4869945323232179,"OBI1":-6.6562954665516845,"TNRC6A":2.4634968406554623,"CNOT10":-4.375617512719644,"TLK1":-12.079700171307568,"OTUD4":-0.09102416429864285,"RBM39":-3.743199089917264,"GIGYF2":-0.13673995309827416,"PABPC1":0.25614577207126155,"LARP4B":2.6966072558507896,"CNOT1":-1.2718927490672431,"CNOT6L":-7.879205329446413,"EIF4ENIF1":-10.060343961603103,"SEC16A":6.368631383263321,"RRP8":-7.857759757795853,"CNST":-4.569244504982773,"HDAC7":-0.21505259020719275,"CNOT3":-5.365430052333335,"FXR1":-5.1350233429049394,"NPAT":-5.659137253646895,"TNRC6B":-3.823044006616917,"CNOT4":-4.13004586947597,"WDR82":-0.7393496675225469,"YTHDF1":-2.845528335265551,"DDX6":-2.298697094935558,"G3BP1":-5.008832862582803,"UNK":-7.350127022766308,"CAPRIN1":-6.783214164250447,"SMG7":-2.080007809469699,"KLHL6":0.3034393322726663,"LSM14A":-1.1925696098501841,"NKAP":0.12038560440117983,"CNOT2":-5.105334490732924,"INTS6":-1.106370238640714,"INTS10":-0.1754139079221003,"UBAP2L":-3.850646031888466,"NR2C2":-7.433160800008668,"TPP2":-0.6471271130543267,"RC3H1":1.7671489456229206,"YTHDF2":-4.329724133701688,"CAND1":-1.5314979986477768,"DHX36":-2.8351275075804145,"RINT1":-2.2175694430488346,"TDRD3":-2.6783102063154747,"RC3H2":-1.0897777642837247,"ANKRD17":-3.1803833904601353,"TMEM168":-0.2383340943527972,"IFI16":-1.8253691354223585,"PUM1":-6.3171339401873245}},"Mutation FLT3 ITD":{"min":-10.0,"max":10.0,"top_text":"High FLT3 ITD Correlation","bottom_text":"Low FLT3 ITD Correlation","map":{"TDRD3":2.0379884573956675,"DHX36":-0.04256470250668804,"OBI1":-0.3279791063182854,"IFI16":-0.5360255600024397,"CNOT4":0.4661936982044934,"CNOT1":-0.7539049743073024,"CNOT10":-0.7093565650760137,"TNRC6A":-0.05635937040684953,"RC3H2":-0.3699298614661634,"YTHDF1":-1.4703826272968217,"CNST":0.7433006259347996,"SMG7":-0.44045033761400726,"TNRC6B":0.009334541537856997,"LSM14A":-2.172112563559944,"ANKRD12":0.931458270401393,"UNK":-0.5831625065257054,"FXR1":-0.05419574126121839,"CNOT6L":-2.480468287806449,"CAND1":-0.6500378395584071,"PABPC1":-0.4678486933443859,"TLK1":0.2895810707710724,"GIGYF2":-0.00964636044792511,"ZNF655":1.8809597560315214,"SEC16A":0.8933604868915856,"RBM39":0.45927342452880515,"ANKRD17":0.019817623128020122,"G3BP1":1.01560861094159,"TMEM168":0.8557209181867255,"NKAP":-0.2847868227621129,"TPP2":-0.03371961058564392,"KLHL6":-1.625522920018461,"HDAC7":-2.433952047959685,"LARP4B":-0.6150632931172187,"UBAP2L":0.9066254174299238,"RRP8":-0.8236387958681352,"CNOT3":-1.80717729757972,"INTS6":4.8864837276319,"WDR82":0.6268840927248962,"EIF4ENIF1":0.5557625542216302,"YTHDF2":-0.16883875318817818,"OTUD4":0.26266890197312837,"INTS10":2.741434200364931,"CAPRIN1":1.1970206798246439,"PUM1":-0.19006676430068978,"ZC3H7A":0.281179402334788,"NPAT":-0.12328728516264172,"RINT1":0.5342970458854558,"NR2C2":-0.07142975049210988,"CNOT2":-3.2102582375684747,"RC3H1":-0.22498266936224756,"DDX6":-0.7528036117982098}},"Mutation NPM1":{"min":-30.0,"max":30.0,"top_text":"High NPM1 Correlation","bottom_text":"Low NPM1 Correlation","map":{"RINT1":1.6239163422955218,"UBAP2L":-0.6522478022080188,"CAND1":-2.084174301256255,"INTS6":6.339205553284335,