{"Mutation NPM1":{"min":-30.0,"max":30.0,"top_text":"High NPM1 Correlation","bottom_text":"Low NPM1 Correlation","map":{"HNRNPL":-0.19282430039654466,"MAML1":-0.5536747245613745,"AHDC1":-1.0581778030721833,"TUBA1C":-0.07462507408336827,"SMAD4":2.528879578326301,"RCC2":1.4694899267223385,"RTF1":0.5177976222396954,"VPS28":-2.0420757057095438,"REX1BD":0.48694851450638754,"HNRNPA1":3.7789321068814306,"GBF1":0.12249252281180531,"COMTD1":2.100242345610633,"SNRPC":0.7164317782601068,"INTS1":6.310002465236969,"BCLAF1":4.372949355533216,"SIRT1":6.420401841139208,"SEPHS1":0.4989474876512387,"TTYH3":6.29857264803205,"MMS19":-0.28461960098092237,"HTATSF1":1.5132524622288093,"NHP2":0.6914741453566636,"TKFC":0.6824037676186377,"RAI1":-0.8802535196278318,"SNRPB":2.1546465142743676,"PHKG2":1.7937902343385568,"PIAS3":0.0,"C4orf48":0.0,"KIAA2013":-0.8709084038178168,"CBFA2T3":-2.810522341462647,"SUMO2":-1.7582970387614496,"NPEPL1":7.145678560002104,"CHCHD10":0.028657292133512313,"CCNYL1":-0.9592440676745958,"HNRNPF":2.560269914524444,"BRAT1":6.665669696689703,"PPP1R8":-0.10224770910580346,"CLIP2":1.4704273588839156,"ZMIZ1":1.2268342408830601,"CAMK1":1.417345369503566,"ILF2":1.7244790768695348,"SNRPF":0.6719849961109338,"RBM12":0.4057628970797149,"CASP14":0.0,"SYNGR2":0.04695455243598189,"HEATR3":9.168307708194192,"XPO6":-0.2637601038041232,"NCDN":0.06979413523405584,"NOTCH1":0.19849427672829326,"SF3B5":3.847865432050465,"UBE2I":-0.658385173888684,"JOSD2":2.257637793920954}},"Mutation FLT3 ITD":{"min":-10.0,"max":10.0,"top_text":"High FLT3 ITD Correlation","bottom_text":"Low FLT3 ITD Correlation","map":{"CLIP2":2.48229910537944,"RCC2":-0.13501176377326232,"HEATR3":3.3321904504738007,"MAML1":-2.1622961725395644,"PHKG2":-0.16657618429000912,"SUMO2":-1.002986662491293,"MMS19":0.34698902592490355,"HNRNPF":1.5802536685885498,"NPEPL1":2.4954099807923873,"SMAD4":0.6007956135210275,"VPS28":0.07476516888850683,"NHP2":0.16958749026830527,"NCDN":0.6478477059498561,"BRAT1":2.738784605999228,"HNRNPA1":1.9167970952131899,"CCNYL1":0.01866575530176478,"REX1BD":0.32835591165795536,"COMTD1":0.8769693002391052,"SIRT1":1.6666013613684671,"CBFA2T3":0.08024615551748325,"RTF1":0.09996330704986324,"PPP1R8":-0.09775937997577812,"JOSD2":-0.016178165416702837,"SNRPF":0.48433386390978056,"ILF2":1.3567496037530251,"SNRPB":1.1636054103385551,"ZMIZ1":1.019172089628285,"HNRNPL":-0.006109253806439775,"RBM12":0.17322171580486442,"SEPHS1":-0.14063799317735967,"TUBA1C":-0.03621191758555659,"C4orf48":0.0,"GBF1":0.000706485482838861,"HTATSF1":1.5929676531943118,"SF3B5":0.6880365515712731,"TKFC":0.05091585093699603,"XPO6":-1.0300025658139214,"INTS1":2.7502218225547987,"SNRPC":0.08978508180230005,"CHCHD10":0.2699725123647853,"NOTCH1":0.17963880181418676,"PIAS3":0.0,"CASP14":0.0,"RAI1":0.39316055349837314,"KIAA2013":-0.10908175367740228,"CAMK1":0.08011041425524294,"SYNGR2":-0.6922190952568896,"TTYH3":0.4767348186581243,"UBE2I":-0.05420347978693792,"AHDC1":0.5840196183685886,"BCLAF1":2.294229032360333}},"NPM1 Subtype":{"min":-37.0,"max":37.0,"top_text":"Committed NPM1 Subtype","bottom_text":"Primative NPM1 Subtype","map":{"TUBA1C":1.0832089934313536,"MAML1":0.521327906676232,"SMAD4":-2.469584552533857,"NHP2":-4.663413331891001,"RAI1":-12.487600213369026,"GBF1":2.8859602946221474,"PHKG2":6.7879038132987795,"AHDC1":-12.321889390545072,"ILF2":-3.036308898185466,"TTYH3":7.729073949735482,"C4orf48":0.0,"TKFC":0.22894122784175303,"SNRPF":-3.4042251608561425,"NCDN":5.873903700117628,"CCNYL1":0.3035056476865426,"NOTCH1":-0.3835270007495497,"SEPHS1":-1.927311407851714,"BCLAF1":-6.4986936070395505,"UBE2I":-3.8284361881716316,"CLIP2":-4.15862924086915,"XPO6":2.7324422922195533,"INTS1":-0.09981280675970636,"SF3B5":-1.603334234741142,"RCC2":-5.043844998373053,"CAMK1":15.27007920571912,"KIAA2013":1.2041833867593241,"CASP14":0.0,"JOSD2":7.033014452284554,"HNRNPL":-9.676946063383303,"SNRPC":-2.8288961500749616,"CBFA2T3":-9.34577065088099,"RBM12":-11.398049071739667,"SIRT1":0.36559103561158723,"REX1BD":1.1062401151026542,"VPS28":0.17904036296602538,"SYNGR2":1.3929213367885895,"HTATSF1":-7.397984337375092,"COMTD1":2.360096988510821,"RTF1":-9.88966369178225,"PPP1R8":-8.525992289931544,"NPEPL1":2.489925875888606,"CHCHD10":-0.91604181280636,"PIAS3":0.0,"HEATR3":7.320277006080036,"BRAT1":0.7811720359389442,"SNRPB":-2.133559243486118,"ZMIZ1":-3.196371232073834,"MMS19":1.5245417080327972,"HNRNPA1":-2.4873227205118997,"HNRNPF":-0.47271037585436293,"SUMO2":-4.140136976235123}},"MuSiC CD14 Mono":{"min":-50.0,"max":50.0,"top_text":"High CD14 Mono Correlation","bottom_text":"Low CD14 Mono Correlation","map":{"ZMIZ1":-2.0568395913363884,"MAML1":-0.4459747670443279,"AHDC1":-14.736076651280642,"SYNGR2":0.6759761366780356,"KIAA2013":0.5342178034809401,"CHCHD10":1.3528085853120206,"HNRNPF":-0.8293450186262507,"JOSD2":9.955417953421568,"HEATR3":7.5611672115175725,"XPO6":4.79524625161259,"BRAT1":1.1842366504592956,"CASP14":0.0,"GBF1":3.6988395949874597,"RCC2":-4.0857276998524865,"SF3B5":-1.216523863010764,"RTF1":-11.606552629204323,"CAMK1":16.06994031773785,"SIRT1":-0.3459630288485167,"INTS1":0.4457461519337351,"ILF2":-3.3924842248306857,"TTYH3":8.823673387813395,"SMAD4":-1.7735972204146644,"CLIP2":-3.297714357227516,"NCDN":4.794552884373073,"PPP1R8":-6.518395922572921,"CBFA2T3":-9.60065361125869,"HTATSF1":-6.466762695816829,"CCNYL1":0.8134105856518212,"BCLAF1":-7.3037968211568485,"NHP2":-4.979916039942038,"PHKG2":10.75834480486123,"HNRNPL":-11.046114642933851,"PIAS3":0.0,"SNRPF":-4.832315466661114,"TUBA1C":0.7051851050163341,"VPS28":0.7109538674879892,"SNRPB":-1.1119896567593628,"REX1BD":1.7297325522691427,"SEPHS1":-1.6882774873582393,"RBM12":-10.475818856515568,"SNRPC":-6.3677093994432905,"NOTCH1":-0.15551304911410255,"MMS19":1.9047058246868898,"C4orf48":0.0,"SUMO2":-8.566674074301188,"UBE2I":-2.5058671953925273,"NPEPL1":4.535885884666075,"TKFC":2.131004564698657,"HNRNPA1":-2.61077905937356,"RAI1":-13.956533274838018,"COMTD1":6.050574884502456}},"Blast Percent":{"min":-11.0,"max":11.0,"top_text":"High Blast Percent Correlation","bottom_text":"Low Blast Percent Correlation","map":{"CCNYL1":-2.523318093022675,"SNRPB":4.594415350366625,"NOTCH1":0.050388773416137254,"BCLAF1":6.249964122920344,"CBFA2T3":0.6727138260858134,"NHP2":2.387522653484872,"HEATR3":-0.016817061601248833,"SNRPC":4.2803027710170625,"CHCHD10":-2.481320394865344,"SUMO2":1.9225033754633452,"VPS28":-1.05457121154308,"CASP14":0.0,"SIRT1":3.972808650859514,"PHKG2":-1.6814322111180207,"CAMK1":-2.974751166056275,"C4orf48":0.0,"TTYH3":-0.48505114791772125,"COMTD1":-0.850199296077008,"KIAA2013":-2.409106216402829,"XPO6":-1.7135789859386115,"REX1BD":1.545961279583372,"ILF2":4.088759872291156,"CLIP2":1.1422449325010486,"MMS19":-0.3423850171286254,"SMAD4":3.3204381761589765,"TUBA1C":-0.05731329011749368,"HNRNPL":5.340582168427748,"HTATSF1":2.395235436155692,"SF3B5":3.93795713089798,"RTF1":4.963446823596325,"INTS1":2.977315900687764,"NCDN":-0.09672904509488489,"UBE2I":2.6558436032342922,"SEPHS1":2.633954251828491,"ZMIZ1":2.110728051357378,"PIAS3":0.0,"SYNGR2":-2.6516176865443053,"SNRPF":6.584783163931188,"GBF1":-3.271627037256626,"PPP1R8":4.708056485954544,"HNRNPF":1.5743335368290676,"MAML1":0.296589500396006,"AHDC1":4.66088021138726,"TKFC":0.21023165766109964,"RAI1":3.853976499605033,"NPEPL1":0.3901983572332139,"RBM12":4.506464290373722,"RCC2":5.465321395413557,"HNRNPA1":2.296961443750863,"JOSD2":-0.8519946522985268,"BRAT1":1.0249440231004467}},"Overall Survival":{"min":-6.0,"max":6.0,"top_text":"High Survival Correlation","bottom_text":"Low Survival Correlation","map":{"CHCHD10":-0.7238246110830253,"INTS1":0.4420175713318743,"UBE2I":0.42681407910395563,"TKFC":-1.999158282892,"NCDN":0.3085050655421928,"HNRNPF":-0.021802800128469666,"NHP2":-0.7561714772607727,"SMAD4":-1.0469771847646887,"RTF1":-0.6919942480090794,"REX1BD":-0.3720085250414941,"GBF1":0.7602891514962393,"SNRPC":-0.24475407871399169,"NOTCH1":-0.5981470309727424,"BCLAF1":-1.0154935015990825,"SYNGR2":-0.6805668087195272,