{"NPM1 Subtype":{"min":-37.0,"max":37.0,"top_text":"Committed NPM1 Subtype","bottom_text":"Primative NPM1 Subtype","map":{"SLC14A1":0.034659058260381355,"HBD":0.04251256710393525,"KLF1":-1.0117916640871745,"AQP1":-0.5433283975052574,"ANK1":-0.12651363830856954,"RHCE":-0.13814456500111402,"TRIM58":-0.4880913701083341,"HEPACAM2":0.0,"MGAT3":-0.06997740671382334,"HBB":0.052779343819319265,"SLC2A1":-0.0035470548121659044,"PKLR":-0.3558457125884829,"SPTA1":0.15000786216402123,"TNXB":-0.1672224442716263,"GATA1":-1.6503314818022978,"DMTN":-0.22361960897319863,"MYH10":-0.8764275847257939,"HBG1":-0.3674906377131765,"TMOD1":-0.30701168682008395,"ERMAP":-0.05042046650553701,"BCAM":-0.8871778055927574,"FHL2":-0.38376845429067263,"SMIM1":0.0,"GMPR":-0.6472497790357702,"ACHE":0.0,"FECH":-4.697720957075736,"DPF3":0.0,"RHAG":-0.2494082306711897,"GYPB":0.0,"GYPA":-0.36244202045057516,"SLC4A1":0.03621585096606926,"EPB42":0.06752980069095556,"EPB41":-0.2675812581949203,"ALAS2":-0.4919090054775318,"SOX6":-0.7053003264796213,"HBA1":0.009594503971721366,"ART4":0.0,"HBQ1":0.038303709100155306,"XK":-0.30531937804303894,"MYL4":-0.63661957300552,"AHSP":-0.4821692886546524,"C17orf99":0.0,"ACSL6":-0.33578099065575007,"CA1":0.10748741603071639,"TRIM10":-0.305112411587868,"GYPC":-0.01417167627863093,"HEMGN":-1.6634002276018283,"SELENBP1":-0.2998811343057042,"ACKR1":0.0,"TMCC2":-0.7197661592375802,"KEL":-0.027269446095397318}},"Blast Percent":{"min":-11.0,"max":11.0,"top_text":"High Blast Percent Correlation","bottom_text":"Low Blast Percent Correlation","map":{"HBQ1":-3.6794860355083614,"ERMAP":-3.315353020448716,"ANK1":-3.8295797210259126,"TRIM10":-3.4878319736891203,"GMPR":-2.9981458356163753,"SLC2A1":-3.2215377531880747,"FHL2":-3.3663773070169585,"HBB":-3.2719383923665055,"TMOD1":-3.4451310634507157,"TMCC2":-2.984899583273289,"ART4":0.0,"TRIM58":-3.838123501051849,"C17orf99":0.0,"KEL":-3.5884398201830376,"PKLR":-2.735201001234923,"GYPA":-4.293092626504701,"SOX6":-1.4522576427722251,"SMIM1":0.0,"SPTA1":-3.713598783328491,"SELENBP1":-3.673552089920359,"ACKR1":0.0,"GATA1":-1.7479818907364875,"DMTN":-4.307811207812558,"MYL4":-3.72030940105292,"XK":-4.004634353229264,"GYPC":-3.200616924048067,"HBA1":-3.130493100280091,"CA1":-3.3160433310462514,"SLC14A1":-3.962936914666202,"FECH":-0.12727446942170262,"HBD":-3.2935259868143847,"MGAT3":-1.3221084933792633,"BCAM":-2.741048577318472,"SLC4A1":-3.5850886713232577,"EPB42":-3.3923938160343394,"RHAG":-2.63076469406695,"EPB41":-3.0145133890546214,"MYH10":-4.400328489836827,"GYPB":0.0,"DPF3":0.0,"AHSP":-3.761095538065638,"KLF1":-1.107206382596239,"AQP1":-4.342494329749399,"ALAS2":-2.780809116451492,"HBG1":-2.9168396150938958,"HEMGN":-2.331118397553374,"ACHE":0.0,"TNXB":-0.07034115347719279,"HEPACAM2":0.0,"ACSL6":-3.211548988611652,"RHCE":-2.9109561614173316}},"Overall Survival":{"min":-6.0,"max":6.0,"top_text":"High Survival Correlation","bottom_text":"Low Survival Correlation","map":{"SMIM1":0.0,"C17orf99":0.0,"BCAM":-0.14511679079711298,"TNXB":-1.5585631830917788,"CA1":-0.4587826745630048,"GYPA":-0.029080906170927883,"KLF1":0.2199536377058525,"SELENBP1":-0.25084987871681225,"XK":0.17917543401502498,"RHAG":-0.18454719919333296,"KEL":-0.32719144776210246,"SPTA1":-0.1584855188943252,"ANK1":-0.3442621206647322,"HEMGN":-0.2619163171428238,"HBA1":-0.4833726974350413,"ACSL6":0.17162201866773275,"SLC4A1":-0.25333246615206206,"AHSP":-0.019409560920139922,"EPB41":-0.46666784630859914,"TMOD1":-0.6309934461461655,"ART4":0.0,"GMPR":-0.14248745474057745,"HBG1":-0.37213112939045573,"MGAT3":0.010076409842223983,"GATA1":0.9225733980245929,"HBD":-0.4059713672861655,"ERMAP":-0.08776921714918896,"HBB":-0.6386468777488546,"GYPB":0.0,"AQP1":0.054084712021300524,"ACKR1":0.0,"ACHE":0.0,"HEPACAM2":0.0,"TRIM10":-0.19612592240267107,"FHL2":0.08341432400122915,"SLC14A1":-0.3289024020031585,"RHCE":-0.044051279232806335,"TMCC2":-0.22688144647478017,"SOX6":-0.5770513500138708,"TRIM58":-0.4391176630017223,"DMTN":-0.8890314825445215,"MYH10":-0.7716926467919801,"SLC2A1":-0.4562968490857076,"PKLR":-0.8713119477490996,"GYPC":-0.013832382777679553,"ALAS2":-0.13345170476723872,"FECH":0.11969833942114302,"DPF3":0.0,"EPB42":-0.0674040338724231,"HBQ1":-0.33446275309345797,"MYL4":-0.7187118097875516}},"MuSiC CD14 Mono":{"min":-50.0,"max":50.0,"top_text":"High CD14 Mono Correlation","bottom_text":"Low CD14 Mono Correlation","map":{"TMOD1":0.30419633812831226,"AHSP":-0.26251050737931547,"GMPR":-0.7129278209257248,"ACKR1":0.0,"SPTA1":-0.08996637969519299,"MYH10":-0.6415933756540474,"DPF3":0.0,"TRIM58":-0.8870942219655421,"HEMGN":-1.5187302576487762,"GATA1":-0.8060705578818932,"CA1":-0.015308317873772967,"XK":-0.6632531164153991,"HBG1":-0.49206684412674867,"TRIM10":-0.09087506312546689,"GYPB":0.0,"EPB42":-0.0012645100555904636,"SOX6":-0.4046691597014766,"PKLR":-0.5260851081963974,"HBB":0.05997336493256027,"DMTN":-0.17843029294865387,"EPB41":-0.41785979823676433,"ART4":0.0,"GYPC":0.04796152397778031,"MGAT3":-0.06391019490721112,"SLC4A1":-0.004721581977353015,"ERMAP":-0.12940715934049082,"HBA1":-0.0396007169871064,"AQP1":-0.2932609344592707,"FHL2":0.03261943572126782,"RHAG":-0.6874446338154889,"SELENBP1":-0.06520081528817624,"C17orf99":0.0,"TNXB":-0.017767196817530976,"ANK1":-0.11804111797854876,"ALAS2":-0.6480306801299811,"HBQ1":0.0474653913162957,"ACSL6":-0.3031804995584159,"SLC14A1":-0.17022913495195288,"SMIM1":0.0,"RHCE":-0.07585377564739677,"KEL":-0.06453213438314692,"ACHE":0.0,"HEPACAM2":0.0,"FECH":-3.8426899399625674,"TMCC2":-0.677579952947642,"MYL4":-0.4469583288295205,"HBD":0.14576700965566602,"GYPA":-0.34097861051761136,"KLF1":-0.5810845167002542,"SLC2A1":0.0227579759535933,"BCAM":-0.5360621054814227}},"Mutation NPM1":{"min":-30.0,"max":30.0,"top_text":"High NPM1 Correlation","bottom_text":"Low NPM1 Correlation","map":{"GMPR":-3.143643572327807,"HBB":-4.450555262738051,"MYL4":-7.19455168334244,"HBG1":-4.843585786358024,"EPB41":-6.4537118986131,"KLF1":-2.335139909392419,"EPB42":-5.786828996070951,"DMTN":-4.990928927370866,"SELENBP1":-5.220985852152947,"TMCC2":-6.503110183546216,"AQP1":-4.860806999210285,"GYPB":0.0,"ERMAP":-5.001310923731788,"HBQ1":-4.863710936221726,"MGAT3":-0.618437554279532,"RHAG":-5.18305783574925,"C17orf99":0.0,"ACSL6":-6.074754004281782,"SMIM1":0.0,"ACHE":0.0,"RHCE":-3.7814193012235924,"AHSP":-5.179452388317399,"ANK1":-5.899756618779289,"MYH10":-6.27913658027065,"TNXB":-0.25341233604701513,"GATA1":-0.8850657540454211,"GYPA":-5.11531102570187,"FHL2":-1.2374270147544288,"KEL":-4.334656393837194,"DPF3":0.0,"FECH":-2.5225524919067364,"TRIM58":-5.319163005614762,"SLC4A1":-5.137210697082837,"HBD":-4.4008919373768745,"HBA1":-4.657959844294362,"TRIM10":-4.715984712794871,"SLC14A1":-4.524160526981714,"SOX6":-1.5007433269787744,"ACKR1":0.0,"HEPACAM2":0.0,"SPTA1":-5.430170400808431,"ALAS2":-5.971472228237738,"PKLR":-8.466370869417043,"HEMGN":-6.318991227236466,"BCAM":-6.036563642030394,"CA1":-4.496346096678312,"SLC2A1":-5.033925565690486,"TMOD1":-5.0385268784487325,"ART4":0.0,"XK":-5.452937957642154,"GYPC":-4.351038581183206}},"Mutation FLT3 ITD":{"min":-10.0,"max":10.0,"top_text":"High FLT3 ITD Correlation","bottom_text":"Low FLT3 ITD Correlation","map":{"EPB41":-1.637950084855441,"FHL2":-2.5394779616126266,"RHAG":-1.3719195758059772,"FECH":0.31627293037005877,"AQP1":-1.3735736683591322,"SMIM1":0.0,"HBQ1":-1.8560427277536373,"ACHE":0.0,"GYPC":-1.0098410116322036,"SOX6":-0.935495836697527,"SPTA1":-1.7043327569392814,"SLC4A1":-1.2572473094871304,"TMOD1":-2.1192477938821885,"C17orf99":0.0,"BCAM":-0.9653484736764157,"HBG1":-2.5075908974463825,"ANK1":-1.868495534890838,"DPF3":0.0,"ART4":0.0,"AHSP":-1.4480583084125984,"TRIM58":-1.3160685028836476,"TMCC2":-2.063717039988007,"MGAT3":0.6976253051656068,"KLF1":-0.870449294880981,"ERMAP":-1.3562614306387524,"GYPB":0.0,"ACSL6":-2.736260336331384,"GYPA":-1.4460665727274855,"HBD":-1.5699704946908264,"TRIM10":-2.000609989679705,"DMTN":-1.6425040913243936,"HEMGN":-2.621711252825069,"MYL4":-2.740907080271586,