{"NPM1 Subtype":{"min":-37.0,"max":37.0,"top_text":"Committed NPM1 Subtype","bottom_text":"Primative NPM1 Subtype","map":{"FTL":0.1435601728750741,"H3C2":0.0,"PDLIM7":3.2016829873564565,"UBE2O":-0.6773210840662062,"H2BU1":0.0,"YOD1":-0.06380084003293655,"NCOA4":4.828838545639661,"SLC25A52":0.0,"SNCA":-0.3422179136146277,"PLEKHF2":3.4684666546205687,"SIAH2":-1.2475089223237965,"NEDD4L":-0.456173763707137,"SLC2A13":1.1036800507103366,"H3C7":0.0,"H2AC16":0.0,"TRAF6":3.795976165863826,"H4C1":0.0,"COQ10B":3.430973612554499,"TSG101":-1.1320746328348332,"STAU1":0.8516433839956619,"HBD":0.04251256710393525,"MYL4":-0.63661957300552,"H3C13":0.0,"NBR1":5.219536278047204,"CDC42":13.65834530722409,"FTH1":-0.1330326900257589,"H2AC13":0.0,"DMTN":-0.22361960897319863,"H4C12":0.0,"BPGM":0.05285900432249114,"DCAF11":0.05789794312913434,"H2BC10":0.0,"FBXO9":1.7383764518645153,"TAX1BP1":-0.2980965767728475,"UBC":0.0,"GCLC":0.25678395213916233,"FBXO7":-0.3067639959262162,"RNF11":-0.010410506546216461,"H2AC4":0.0,"H3C1":0.0,"UBAP1":6.14931445167458,"ZYX":13.301714625742589,"PINK1":0.0,"H4C2":0.0,"RIOK3":1.3011279380787646,"UBE2D3":0.0,"RNF10":2.5519807085967035,"HAUS2":0.4594389851084579,"RPS24":-0.4246219115757527,"UBE2H":0.13855700205820098,"KAT2B":8.805920141316804}},"Overall Survival":{"min":-6.0,"max":6.0,"top_text":"High Survival Correlation","bottom_text":"Low Survival Correlation","map":{"SNCA":-0.22254629926187602,"TRAF6":0.6431532893458309,"PINK1":0.0,"H2BC10":0.0,"H3C2":0.0,"H4C2":0.0,"UBE2D3":0.0,"HAUS2":-0.45741448189522843,"TSG101":-0.0705812521621043,"HBD":-0.4059713672861655,"FTL":-0.027855635205395638,"SLC25A52":0.0,"MYL4":-0.7187118097875516,"ZYX":0.5578955400032496,"RNF11":0.5166125132523167,"UBE2H":0.2547468879486977,"H2BU1":0.0,"NBR1":0.2454333268128362,"H4C1":0.0,"TAX1BP1":0.2500097601813797,"UBE2O":-0.5161236002975893,"DMTN":-0.8890314825445215,"PLEKHF2":0.0514809852224684,"BPGM":-0.5828078801753879,"FBXO7":-1.0505412838441193,"H2AC13":0.0,"H4C12":0.0,"H3C13":0.0,"H3C7":0.0,"FTH1":0.11486751279929083,"YOD1":-0.9410285759865138,"H3C1":0.0,"KAT2B":-0.35584312981578786,"UBC":0.0,"DCAF11":-0.22462512567412488,"STAU1":-0.3363689657332356,"RPS24":1.9472202157431464,"H2AC4":0.0,"NEDD4L":-0.4778244840024936,"SIAH2":-0.14367306718343648,"FBXO9":1.1146918887038069,"SLC2A13":0.7512884110204711,"PDLIM7":0.39358009048523723,"UBAP1":0.7537592790837491,"COQ10B":1.2522571755755607,"RNF10":0.7489719858971667,"RIOK3":0.03999190479771878,"NCOA4":0.08436662189134064,"CDC42":-0.0539638323949556,"GCLC":-0.12402621634989626,"H2AC16":0.0}},"Mutation NPM1":{"min":-30.0,"max":30.0,"top_text":"High NPM1 Correlation","bottom_text":"Low NPM1 Correlation","map":{"NCOA4":0.9083981485694139,"RIOK3":-2.8711338546763834,"SNCA":-6.509779891714024,"RNF10":-0.6246236086941019,"DCAF11":1.3807184465397382,"H4C12":0.0,"CDC42":0.035887781944392017,"H4C2":0.0,"NEDD4L":-9.248514500986673,"PINK1":0.0,"H3C2":0.0,"BPGM":-4.544093398143466,"ZYX":-0.2060228014426895,"H3C7":0.0,"HBD":-4.4008919373768745,"H3C13":0.0,"YOD1":-6.478504824804754,"KAT2B":2.7712347813029163,"RNF11":-0.9644015832772332,"SLC25A52":0.0,"STAU1":0.261103359607683,"H2AC13":0.0,"DMTN":-4.990928927370866,"GCLC":-4.6193707310813785,"H2BC10":0.0,"NBR1":-0.1847774761877363,"PDLIM7":0.8809161841776008,"UBC":0.0,"SIAH2":-2.042561740131726,"H2AC4":0.0,"RPS24":-0.6817485308661608,"H3C1":0.0,"H2AC16":0.0,"H2BU1":0.0,"UBE2H":-3.0450737363680145,"HAUS2":-1.1261095976073703,"TSG101":-0.8606628443552986,"COQ10B":-1.472871043967836,"FTH1":-2.315047792121742,"MYL4":-7.19455168334244,"UBE2O":-5.5603235819998895,"H4C1":0.0,"TAX1BP1":-0.36401336417580177,"FBXO9":-1.60008517193844,"FBXO7":-5.868148557716225,"UBAP1":-1.434204156424303,"TRAF6":0.34286158086840657,"UBE2D3":0.0,"SLC2A13":2.485984184199575,"PLEKHF2":-2.7462268551630666,"FTL":-2.2322293087073772}},"Blast Percent":{"min":-11.0,"max":11.0,"top_text":"High Blast Percent Correlation","bottom_text":"Low Blast Percent Correlation","map":{"DCAF11":-3.1714064148816172,"UBAP1":-4.712972157120274,"YOD1":-3.922522558275025,"TRAF6":-1.9442807383659093,"H4C1":0.0,"PDLIM7":-3.912275993491941,"COQ10B":-0.5415557429740238,"FBXO7":-2.2574509679608794,"RNF11":-1.6197771169420732,"H3C13":0.0,"H4C2":0.0,"PLEKHF2":-2.6843914425868154,"NEDD4L":-2.7468468991379935,"SLC25A52":0.0,"FBXO9":-3.8063638414191345,"RIOK3":-4.714288699017224,"FTH1":-2.4969513180934846,"NBR1":-2.2480815091444843,"DMTN":-4.307811207812558,"H2AC16":0.0,"UBE2O":-2.7923749353290046,"RNF10":-2.9797343961510556,"H2BU1":0.0,"SNCA":-4.023724463660197,"NCOA4":-1.8558301668405612,"BPGM":-2.7746679193042096,"HBD":-3.2935259868143847,"H3C7":0.0,"H4C12":0.0,"HAUS2":-1.1016581208604086,"RPS24":-0.21421447108338434,"KAT2B":-0.3514521849158013,"TSG101":-0.33074341603136975,"UBC":0.0,"GCLC":-4.346988992744341,"H2AC13":0.0,"ZYX":-3.5794090728358556,"PINK1":0.0,"CDC42":-1.0024550832503853,"TAX1BP1":-0.2460921744253633,"H2BC10":0.0,"SLC2A13":-0.0637350716387135,"H3C2":0.0,"SIAH2":-0.4845114255629354,"H2AC4":0.0,"UBE2D3":0.0,"FTL":-1.760772709139242,"UBE2H":-1.9434666391581532,"STAU1":-0.9533146213376777,"MYL4":-3.72030940105292,"H3C1":0.0}},"MuSiC CD14 Mono":{"min":-50.0,"max":50.0,"top_text":"High CD14 Mono Correlation","bottom_text":"Low CD14 Mono Correlation","map":{"UBE2O":-0.6388077595598092,"TSG101":-0.41785979823676433,"H3C2":0.0,"UBE2H":0.4206063041898712,"PLEKHF2":3.3620699335299444,"H4C12":0.0,"FBXO7":-0.4503500246385786,"H2BU1":0.0,"RNF11":-0.4202556438732753,"FTL":-0.0916060268893495,"DMTN":-0.17843029294865387,"GCLC":1.3770810814175896,"SLC25A52":0.0,"RPS24":-1.1435654983412489,"FBXO9":3.5788605174973545,"PDLIM7":5.904465191950698,"H2AC16":0.0,"BPGM":0.11399824330251458,"YOD1":-0.10038926939348335,"COQ10B":3.8611792757259815,"PINK1":0.0,"HBD":0.14576700965566602,"HAUS2":0.37271763194139496,"CDC42":14.431448766645614,"NCOA4":5.37344857151477,"H3C13":0.0,"SIAH2":-1.7648428083254173,"H4C1":0.0,"MYL4":-0.4469583288295205,"H2BC10":0.0,"SNCA":-0.4286839929632677,"KAT2B":10.781588127238654,"FTH1":-0.8720207879439031,"H4C2":0.0,"RNF10":1.7985048830348667,"SLC2A13":2.0489363310040205,"H3C7":0.0,"NBR1":5.7185396389441285,"UBC":0.0,"RIOK3":4.0435713864587175,"NEDD4L":-0.27091766347901797,"DCAF11":0.818261771663353,"H3C1":0.0,"ZYX":18.407531849290617,"UBAP1":6.50184033690187,"TAX1BP1":-0.4747926738488002,"UBE2D3":0.0,"H2AC4":0.0,"TRAF6":2.6388893798519937,"STAU1":2.33910477319821,"H2AC13":0.0}},"Mutation FLT3 ITD":{"min":-10.0,"max":10.0,"top_text":"High FLT3 ITD Correlation","bottom_text":"Low FLT3 ITD Correlation","map":{"BPGM":-1.380123206947201,"TAX1BP1":0.06964447102288102,"FTH1":-1.274443320374647,"RNF11":-0.08462667641936347,"UBE2H":-2.0012973889539727,"HBD":-1.5699704946908264,"UBC":0.0,"H3C1":0.0,"PDLIM7":0.45564750711316715,"SIAH2":-1.7478927810196303,"H2BC10":0.0,"NCOA4":-0.7480538273879872,"H4C12":0.0,"SLC2A13":0.48684626418835647,"COQ10B":-0.14361292184732813,"HAUS2":-2.378781708914484,"RIOK3":-2.024466109941322,"H2AC16":0.0,"ZYX":-0.5698531627370537,"FBXO9":-1.3593958465239693,"YOD1":-1.853788604897015,"DMTN":-1.6425040913243936,"RPS24":-0.5557047793506158,"KAT2B":0.0772657762280101,"NBR1":-0.963459932956195,"H4C2":0.0,"PLEKHF2":-2.5895838467168124,"SNCA":-1.3572521823150236,"FTL":-1.000977485609854,"UBAP1":-0.39226339018492506,"SLC25A52":0.0,"H3C13":0.0,"DCAF11":0.2975445602654513,"NEDD4L":-2.7078614342017904,"STAU1":-0.11071135705765182,"H3C2":0.0,"H2AC13":0.0,"UBE2D3":0.0,"H3C7":0.0,"UBE2O":-1.4664881970229748,"CDC42":0.10199900252348132,"TSG101":0.21088632115467715,"TRAF6":-0.5717655484971595,"H4C1":0.0,"H2BU1":0.0,"PINK1":0.0,"MYL4":-2.740907080271586,"RNF10":-0.3649366576755507,"H2AC4":0.0,"GCLC":-1.2756455682034065,"FBXO7":-2.060037191118317}}}