{"MuSiC CD14 Mono":{"min":-50.0,"max":50.0,"top_text":"High CD14 Mono Correlation","bottom_text":"Low CD14 Mono Correlation","map":{"TAB2":0.6098631272115994,"RIPK1":5.85979379224655,"ARAF":6.973000551711284,"CCM2":0.26691401316597824,"PLCB3":6.792635740549889,"TAB1":0.11308450620174584,"TNIP1":9.664285188595336,"RALGAPB":2.055895022994473,"ZC3HAV1":0.5778345795123073,"ARHGEF2":2.635908159136158,"SPG11":1.709932820966047,"MAP3K7":3.043287685606537,"IKBKB":13.754981567946231,"IRAK1":10.123255890697893,"SHFL":-0.4434853085391822,"STAT1":2.619626337696805,"HTT":5.916062628475343,"IKBKG":17.09949150958655,"TNIP2":5.860055930304864,"DDX58":0.6823469071381174,"CHMP1A":5.983208660915194,"RBCK1":2.110304577754408,"PIKFYVE":-3.25347995996398,"RABGEF1":2.4023775713993385,"PPARD":0.0,"FIG4":1.3550126820300716,"CLTC":14.896650047471034,"USP34":-5.989586721007896,"PARP9":8.644381976815946,"PFKL":3.8362244011951385,"TBK1":16.289028014495408,"GOLGA3":0.048664003075320116,"UBXN6":0.32281604748384135,"VAC14":0.8163966257895474,"PUM2":-11.68984296401307,"ARHGEF1":24.744850804291993,"TRAF1":0.26825729158871253,"SHARPIN":1.5359010413853507,"TNFRSF1A":6.943876830280477,"TRIM25":14.73726704406685,"ILK":8.6838750690384,"RALGAPA2":5.525554449071086,"RNF31":1.3505074060529592,"GBP1":3.342296167317594,"STK38":3.208682138236035,"CDC37":1.586250217407549,"TAB3":-0.00849752478748999,"USP15":4.959830447578367,"CYLD":11.398854956898514,"TRAFD1":9.332383253727984,"SMAD3":3.0154308748586907}},"Overall Survival":{"min":-6.0,"max":6.0,"top_text":"High Survival Correlation","bottom_text":"Low Survival Correlation","map":{"ILK":1.7558366470200089,"IKBKG":1.1962934655393556,"TRAF1":0.5588902253958205,"TNFRSF1A":0.014733481206052102,"SHFL":0.2114303366672528,"PLCB3":-0.0013437935617619493,"RALGAPA2":-0.0031790334690687716,"USP34":-0.12433040172493862,"ARHGEF1":0.42728744764525145,"TRAFD1":0.5460523736945528,"UBXN6":0.5481636457198487,"IRAK1":-0.15170436063517653,"RBCK1":4.010870965114119,"CYLD":0.8582190529105759,"GOLGA3":1.513482611241695,"HTT":0.5171078604853473,"RALGAPB":0.8266667499448244,"MAP3K7":-0.05869648843474548,"TRIM25":0.2458395830255259,"SMAD3":-0.32221910097793605,"CLTC":0.41841571769312735,"CCM2":1.7159537981830186,"SPG11":0.21823127477192347,"RABGEF1":0.42967422580866055,"SHARPIN":0.7624569406750885,"RNF31":5.1454557999365,"STAT1":0.5828403209446623,"CDC37":-0.05229350983661489,"CHMP1A":-0.5507769321000356,"PPARD":0.0,"PIKFYVE":0.13977473245577313,"PFKL":-0.15672288082076188,"TAB2":0.2136848838220485,"TBK1":0.2894680956165346,"ARAF":0.8497848878996224,"USP15":-0.45281930380904195,"GBP1":0.09634741262011327,"FIG4":-0.12344584516344778,"RIPK1":1.0867023807296652,"IKBKB":0.30403427456258353,"TAB1":-0.8032868514693944,"VAC14":-0.5983689055053666,"STK38":0.3655719214025693,"ARHGEF2":1.1983824766058315,"TAB3":-1.2009539944448737,"TNIP1":0.28242677848685543,"DDX58":0.8423548400468702,"PARP9":1.383453761776606,"PUM2":-0.020862137522724856,"ZC3HAV1":0.11431076194821255,"TNIP2":0.11077071142284693}},"NPM1 Subtype":{"min":-37.0,"max":37.0,"top_text":"Committed NPM1 Subtype","bottom_text":"Primative NPM1 Subtype","map":{"CYLD":10.260379841657418,"SHARPIN":3.502273694869447,"IRAK1":6.022277300320183,"RALGAPB":1.3028373752550173,"PFKL":4.221446334485686,"ZC3HAV1":0.11489955803592812,"PPARD":0.0,"PIKFYVE":-1.8559692599516642,"DDX58":0.2758105784612248,"SMAD3":2.6017548099436345,"TAB3":-0.18868226362066717,"TRAFD1":10.150139278558516,"CHMP1A":4.4818537367378,"MAP3K7":3.079811667552644,"RBCK1":2.9064539404563248,"USP15":2.095333986342339,"SPG11":1.1941704712669998,"TNFRSF1A":4.4984451094653854,"GBP1":5.087706676989508,"CLTC":9.219061812629135,"GOLGA3":0.17726157305734203,"ILK":4.266786791748416,"TNIP1":9.37859281097984,"PLCB3":7.39841581101155,"TRAF1":1.3176292130390739,"ARHGEF2":1.9929995334721449,"RALGAPA2":3.169800737838831,"STAT1":3.6887405710705967,"RNF31":2.2962336889769883,"USP34":-8.03340693952124,"PUM2":-10.498619595176304,"VAC14":0.5354017680941643,"ARHGEF1":17.115980919373545,"UBXN6":-0.2601560414573014,"SHFL":-1.3289168082866525,"FIG4":1.2817607059210323,"IKBKG":17.959846590639536,"IKBKB":11.406536237545891,"RABGEF1":2.782834147151468,"TAB2":1.1302243970590382,"TBK1":9.912055914375456,"ARAF":8.663363655214564,"PARP9":6.8476780553882,"TNIP2":5.883769652785042,"CCM2":0.27979866964276756,"TAB1":0.7595792597693951,"TRIM25":11.765828088857688,"CDC37":1.1680889435247672,"STK38":1.8860854646678518,"HTT":4.222772163262343,"RIPK1":4.444087080806122}},"Mutation FLT3 ITD":{"min":-10.0,"max":10.0,"top_text":"High FLT3 ITD Correlation","bottom_text":"Low FLT3 ITD Correlation","map":{"PIKFYVE":0.07996022808307582,"TRAFD1":-0.9376616915596495,"DDX58":0.12857274942755634,"TRAF1":-2.1454801358664453,"PFKL":-1.9307078635716042,"MAP3K7":-4.406228524318322,"STAT1":-0.8869389490930745,"RIPK1":-0.25312648841323804,"CDC37":-3.1480915364053956,"TBK1":-0.8419287332092773,"RALGAPB":1.2630424946952552,"CLTC":-0.03908201161744767,"UBXN6":-0.4313779842674909,"TNFRSF1A":-0.10935986969242253,"ZC3HAV1":0.35234135766846875,"PUM2":-0.8163110198856518,"CHMP1A":-0.017079876776055294,"ARHGEF1":-0.7090850600520918,"IRAK1":-0.6791258973541175,"TAB3":-2.902480149086991,"PARP9":-0.2384326326618635,"TNIP1":-0.4515159616672599,"USP15":0.10823428946239996,"IKBKB":-0.13683563680317842,"SMAD3":0.13133692401728841,"ARAF":-2.070794192889826,"TAB1":-5.915154716506356,"RALGAPA2":0.5014721349561733,"GOLGA3":-4.165561901120636,"GBP1":-2.0893863586732633,"STK38":-3.4914625829266357,"VAC14":-1.8892109268298356,"USP34":0.4521416522924083,"SHARPIN":-1.7306798991909755,"HTT":-0.3026985381040016,"SHFL":0.20276118208447624,"RNF31":-1.409708810156163,"RABGEF1":-0.04047393989063823,"PPARD":0.0,"TNIP2":-1.5302383212654176,"CCM2":0.46286471183979494,"IKBKG":-0.33592360354730083,"ARHGEF2":0.1026607961497109,"PLCB3":0.2839540934515422,"ILK":-0.2191117048266166,"TRIM25":-0.0940043073093102,"FIG4":-3.5138804426292882,"SPG11":-0.6931600995408873,"CYLD":0.5209011836531567,"RBCK1":-1.2491888723709756,"TAB2":-2.520638728235781}},"Blast Percent":{"min":-11.0,"max":11.0,"top_text":"High Blast Percent Correlation","bottom_text":"Low Blast Percent Correlation","map":{"USP34":0.7588366129366995,"RABGEF1":-0.12687274637817986,"ARHGEF1":-3.2498749077791698,"IRAK1":-0.05263492500513143,"TBK1":-5.980976055989309,"STAT1":-1.217505384388506,"ZC3HAV1":-0.7449492419230062,"TRAF1":-2.1040589218641905,"PLCB3":-2.8073507420946693,"CYLD":-0.25838354960763066,"TNIP1":-1.0428430705020804,"TAB2":-0.2696872899549689,"MAP3K7":-1.6824655624277063,"FIG4":-0.06988601783269008,"VAC14":-0.34299604652370524,"RALGAPA2":-0.004698483269895273,"TAB3":-1.9855032017192682,"SPG11":0.02681187489491069,"CHMP1A":-0.15432834760056147,"PARP9":-1.9310918171501659,"TNFRSF1A":0.017184413515488776,"CLTC":-2.661096756869362,"PUM2":2.7899591597788223,"RBCK1":-0.8358358476063068,"STK38":-0.6302928929313835,"ARAF":-0.8949486708155837,"ARHGEF2":2.44884709548015,"GBP1":-2.8311603656035476,"DDX58":0.7735584549773806,"PFKL":-2.2051417025355073,"SHFL":0.5115097631974309,"GOLGA3":-0.3261236382576265,"SMAD3":0.12518828474768273,"CDC37":-5.302626103895697,"TRIM25":-1.2217001839191042,"UBXN6":-0.1675794606447112,"ILK":-4.518603995524095,"CCM2":1.2091375173907848,"RIPK1":-1.2681364626656855,"TNIP2":-0.6118165287350122,"RNF31":-1.1606219571340455,"IKBKG":-3.5512211459081473,"PPARD":0.0,"SHARPIN":-3.0015811515217576,"IKBKB":-1.7778674678024418,"USP15":-6.407596288920305,"HTT":-4.630370020507357,"TAB1":-0.712474239108756,"RALGAPB":0.8544600178166593,"TRAFD1":-2.9704499737600756,"PIKFYVE":2.503843138648458}},"Mutation NPM1":{"min":-30.0,"max":30.0,"top_text":"High NPM1 Correlation","bottom_text":"Low NPM1 Correlation","map":{"CLTC":0.625315346948538,"USP34":0.2970810811401663,"PUM2":-2.025179455617004,"TAB1":-4.814630887014377,"PLCB3":-0.2825842536766618,"ARHGEF1":0.5026792348531952,"IKBKB":-0.2530923931801148,"GBP1":-1.747242579305211,"RNF31":-1.077293465683543,"RBCK1":-1.4416390469546891,