{"NPM1 Subtype":{"min":-37.0,"max":37.0,"top_text":"Committed NPM1 Subtype","bottom_text":"Primative NPM1 Subtype","map":{"CDC37":1.1680889435247672,"MPL":0.0,"P2RY13":14.372945190200653,"PADI2":9.17436311062147,"CEACAM6":0.5249920900513471,"MCEMP1":20.619876989277646,"MMP8":3.29800699620937,"BPI":2.679713627043162,"TARM1":0.0,"GPR84":8.336950078353135,"SORL1":2.6487696745316724,"CLEC5A":4.005604816669854,"MPO":-0.09738306698069939,"S100P":2.6755853139322197,"ELANE":0.27917510460726175,"AGTPBP1":13.526115126650994,"IPCEF1":0.0,"FCAR":12.26943762499202,"CKAP4":11.458506283049383,"LTF":0.8371867429665191,"S100A9":16.32157484099056,"RCSD1":5.4246647102103145,"IMPA2":3.32760026545703,"ADGRG3":2.2188153227232155,"CEBPE":2.6884145482914623,"NEK6":7.601874620611492,"ARRDC1":8.35727978385124,"S100A12":10.773738300548397,"ATG16L2":6.176435746871812,"OTULINL":6.3595097557501195,"PADI4":7.955709130937751,"S100A8":16.612739689259254,"PRAM1":2.9991750342685632,"SKAP2":6.615108985090976,"APP":-0.15347275784147357,"RETN":2.5762079086218175,"CYP4F3":1.2598221709352875,"RRAGD":-1.1219765352424118,"SERPINB10":11.672827410288022,"NUTM2G":0.0,"VSTM1":3.9450308256110724,"CEACAM4":2.100653462700866,"REEP5":2.313598358383276,"CSF3R":-0.10455822148572474,"SYNGR1":-0.07103938650866982,"KCNAB2":3.067564452367634,"MGAM":3.4984670913872216,"QPCT":3.2407369077842962,"HP":7.781076419679904,"CEACAM8":2.5020257380119126,"RPGR":0.45970063869539823}},"Overall Survival":{"min":-6.0,"max":6.0,"top_text":"High Survival Correlation","bottom_text":"Low Survival Correlation","map":{"CEACAM4":-0.4444439035113053,"ELANE":-0.12665419013909082,"NUTM2G":0.0,"CKAP4":-0.7128373351965334,"KCNAB2":-0.0028735901852577797,"S100P":-0.13656242689248263,"CDC37":-0.05229350983661489,"IPCEF1":0.0,"SKAP2":0.1700731439319859,"PADI2":-0.2804978989739259,"ARRDC1":-0.30182488539385527,"RCSD1":0.503157867786433,"HP":0.12414139404309579,"NEK6":0.4136985951529368,"PRAM1":0.07408869119004002,"CSF3R":0.3355844265298499,"CEBPE":-0.40099758706753147,"S100A12":-0.1696207526049155,"MPO":0.050410654753271354,"MMP8":-0.5138766713610906,"S100A9":-0.23830462424115587,"RPGR":-0.011889569460334976,"SYNGR1":-0.557024576501838,"IMPA2":0.031123394814632156,"S100A8":-0.4830674302025152,"BPI":-0.5194628787204726,"REEP5":0.7766531789663211,"RETN":-0.5766687761056825,"ADGRG3":-0.22597163592051125,"P2RY13":-0.07532616428921103,"CEACAM6":-0.6463171318050627,"SERPINB10":-0.33620563530097763,"SORL1":-0.37384346866653795,"MPL":0.0,"LTF":-0.7744423291359033,"CLEC5A":-0.368774065118409,"OTULINL":0.0854180314963106,"VSTM1":0.5588128808269395,"AGTPBP1":0.6061848616399528,"TARM1":0.0,"CEACAM8":-1.0697673714842675,"FCAR":0.07659138578772037,"PADI4":-0.9489428435109744,"CYP4F3":-1.3740818640047565,"MCEMP1":-0.5571530804382967,"ATG16L2":-0.01865022812643287,"MGAM":-0.6589996346366641,"QPCT":-0.06332245892331655,"RRAGD":-0.00436159019991407,"APP":0.1022519156374208,"GPR84":0.11611947847621211}},"Mutation FLT3 ITD":{"min":-10.0,"max":10.0,"top_text":"High FLT3 ITD Correlation","bottom_text":"Low FLT3 ITD Correlation","map":{"CSF3R":-2.564396597721188,"IMPA2":-1.533162238147894,"S100A9":-1.1137848617687773,"PADI4":0.19230688209070676,"SYNGR1":-1.8110802576350546,"RRAGD":-0.7085393783539022,"NEK6":-0.1289339222289779,"KCNAB2":-0.9816712984228215,"CLEC5A":-2.6286148250293264,"S100P":-1.6472658785911822,"MPO":-1.353320875173933,"CEBPE":-1.4989363542327905,"BPI":-1.1663274018068688,"AGTPBP1":-1.1111563728496565,"REEP5":-0.05690157681493947,"CEACAM4":-1.2080631964938104,"MPL":0.0,"RETN":-1.2650384898432456,"CKAP4":-0.8385968672033979,"CEACAM6":-0.8719417424177989,"IPCEF1":0.0,"VSTM1":-2.619014585906821,"MCEMP1":-0.88189359207128,"RPGR":-1.2372265475676534,"MGAM":-0.9698130567883714,"GPR84":-1.2513844057888648,"LTF":-2.7817610386360796,"RCSD1":-0.07762490462778611,"SERPINB10":-0.8656745141962935,"ATG16L2":-0.45944912665427284,"PADI2":-0.9370348423922321,"QPCT":-1.0906312332307981,"MMP8":-1.740500242931733,"SKAP2":-0.2405352726274052,"TARM1":0.0,"CEACAM8":-1.9023265614058176,"CDC37":-3.1480915364053956,"HP":-1.3851421860172897,"ELANE":-1.1129468065633672,"OTULINL":-2.354207848688825,"S100A8":-1.188206156875096,"CYP4F3":-4.007654959879864,"S100A12":-1.5655865968234972,"P2RY13":-0.2882374793150952,"PRAM1":0.06972686896269609,"FCAR":-1.2104563684904852,"ADGRG3":-0.5887235914347121,"SORL1":-1.3504058330932671,"NUTM2G":0.0,"APP":-3.327108979178409,"ARRDC1":2.4968152175909233}},"Blast Percent":{"min":-11.0,"max":11.0,"top_text":"High Blast Percent Correlation","bottom_text":"Low Blast Percent Correlation","map":{"CEBPE":-2.027099440183105,"MMP8":-6.980165638164019,"AGTPBP1":-0.943834845368686,"S100A12":-8.58183340517275,"CYP4F3":-5.226191125294137,"HP":-3.700399831292657,"ATG16L2":-0.1404222677698274,"TARM1":0.0,"APP":-1.2295620863803502,"RPGR":-1.4880744563118193,"BPI":-6.413900278164161,"SKAP2":-1.357725066304276,"GPR84":-6.7639434839729295,"FCAR":-4.8133620079862345,"PADI2":-5.80201069136217,"QPCT":-5.542110196849449,"ADGRG3":-7.7384765573689815,"S100A9":-9.878657917074811,"CLEC5A":-3.541495554472262,"RCSD1":-0.07687042141193587,"RRAGD":-0.20645197234231505,"CEACAM8":-5.361239076268032,"MCEMP1":-8.206782193515835,"PADI4":-7.805290510546651,"MGAM":-4.799293066097696,"LTF":-3.4348082024464084,"SYNGR1":-0.3825338423872981,"SERPINB10":-2.966005229822383,"CEACAM4":-3.052363875157404,"S100P":-4.618506255879414,"NEK6":-1.7847033721381107,"S100A8":-9.031405664331206,"ELANE":-0.8098734776252696,"REEP5":-2.1784230303551526,"VSTM1":-2.427707292993965,"ARRDC1":0.5398381373539533,"CEACAM6":-2.268508617721645,"NUTM2G":0.0,"IPCEF1":0.0,"SORL1":-1.7897504833520268,"OTULINL":-4.339327655537938,"RETN":-1.388073902767384,"P2RY13":-5.197784201214965,"MPO":-0.06534161899667815,"CKAP4":-6.148425443857611,"CSF3R":-1.0830803475709445,"PRAM1":-1.1251344939698216,"MPL":0.0,"KCNAB2":-0.1043539961820722,"CDC37":-5.302626103895697,"IMPA2":0.11881228185869247}},"MuSiC CD14 Mono":{"min":-50.0,"max":50.0,"top_text":"High CD14 Mono Correlation","bottom_text":"Low CD14 Mono Correlation","map":{"AGTPBP1":11.031232103051156,"PADI2":13.219723661458422,"NUTM2G":0.0,"CLEC5A":3.760139130200997,"VSTM1":3.920537407247059,"CSF3R":-0.18274679721116338,"NEK6":9.393049886992056,"REEP5":1.8747028676300124,"S100P":2.5708002794349136,"CEBPE":2.0655880451365607,"MCEMP1":27.240662325463923,"CKAP4":16.361205608478617,"P2RY13":18.803444875330413,"MGAM":4.372704167281817,"CYP4F3":1.0717013827033308,"RRAGD":-0.9313159324222191,"CEACAM4":2.6276276325328993,"MPL":0.0,"PRAM1":2.992610518489693,"HP":9.87992543994525,"RCSD1":7.296026995300931,"ELANE":0.5637902484140455,"APP":-0.7401982384299821,"KCNAB2":3.978178338300789,"S100A9":20.68058472030229,"SORL1":2.2608166311226086,"MPO":-0.9831709435434346,"ARRDC1":10.78836894839819,"ADGRG3":4.3764188891327125,"S100A12":11.983901576761205,"MMP8":3.6717572143865818,"IPCEF1":0.0,"ATG16L2":5.638929238430326,"GPR84":7.3847631471765665,"SKAP2":9.493052882652819,"QPCT":3.0216222039248968,"CEACAM6":0.6061907467202701,"S100A8":23.248745794365977,"RPGR":-0.10200812330728261,"OTULINL":3.483607090262179,"RETN":1.709120245115449,"PADI4":12.460845040867817,"SYNGR1":-1.1348159613408602,"CDC37":1.586250217407549,"IMPA2":2.107144486744539,"FCAR":14.23022954315972,"CEACAM8":2.370496367310485,"BPI":3.2233113838732175,"LTF":0.6585790199542139,"SERPINB10":13.22019050368066,"TARM1":0.0}},"Mutation NPM1":{"min":-30.0,"max":30.0,"top_text":"High NPM1 Correlation","bottom_text":"Low NPM1 Correlation","map":{"ELANE":-2.681366728857159,"KCNAB2":-0.28212769662907067,"AGTPBP1":-1.6637104615070943,"REEP5":-2.722941117690207,"FCAR":-2.0751507886110385,"TARM1":0.0,"SYNGR1":-4.121940944317125,"SKAP2":-0.7197499262798179,"NEK6":0.39397959500387897,"PRAM1":-0.046924380522362384,"ARRDC1":4.532599070338671,"SORL1":-5.530116770035654,"CEBPE":-1.5281702056380118,"MCEMP1":-0.36351144945271346,"CKAP4":-1.6510757886347813,"RRAGD":-5.776067266372574,"MPO":-2.766932428412947,"QPCT":-3.7380565453592607,