{"Blast Percent":{"min":-11.0,"max":11.0,"top_text":"High Blast Percent Correlation","bottom_text":"Low Blast Percent Correlation","map":{"NPM1":2.0044213784871614,"RPL37A":0.5812199652949561,"RPS7":-0.4376611815719814,"RPL34":0.023866904467281652,"RPL22":0.412963354840414,"RPL13":0.9841915305531751,"RPL12":-0.22997139187720264,"RPS25":-0.3284359393364456,"RPL5":-0.5119510400575571,"RPS20":0.32406490399993687,"RPL31":-0.6855816905156188,"RPL30":0.5508218004482041,"RPS6":-0.8534169068407181,"RPL4":1.0571351985337578,"RPL10A":-0.15203744000090666,"RPS15A":0.45275173294517274,"RPS4X":0.4947587731197227,"RPL18A":0.736113739061478,"RPL21":-0.5713190091009164,"RPLP0":-0.04584224920597317,"RPS16":0.06322052371678182,"RPS3":0.8844396978644669,"RPL7":-0.010733244397409584,"RPL3":-0.6913802452549015,"RPS27A":-0.8478586136261788,"RPS18":0.06503086571166407,"RPS14":-0.4038936337464388,"EEF1A1":-1.1310637948748319,"BTF3":0.44319419370746266,"RPL32":0.2695802277564143,"RPL24":-0.28347127928555255,"RPL23A":-0.2773422748435967,"RPL18":1.2647905958205514,"RPL23":0.29298460445923746,"RPS13":0.09681314319091058,"RPL35":-0.7309781153148557,"EEF1B2":-0.9034831359435853,"RPL15":1.3391871510022568,"RPS8":-0.4706099995325852,"RPL6":0.43820290237882087,"RPL35A":0.4319599898124047,"RPS24":-0.21421447108338434,"RPL19":0.8223398554380065,"RPS23":-1.4727469871822618,"RPS2":-0.4875609983365551,"RPS19":0.023494248909823413,"RPL36":0.47661107670402114,"RPL13A":-0.630801331705385,"RPL11":0.15757727335512622,"RPS3A":-0.8064195886836895,"RPL7A":-0.028328188636819514}},"Overall Survival":{"min":-6.0,"max":6.0,"top_text":"High Survival Correlation","bottom_text":"Low Survival Correlation","map":{"RPL10A":0.8670455052621319,"RPL6":1.996785412891699,"NPM1":0.521776265381839,"RPS24":1.9472202157431464,"RPL30":1.886845087048855,"BTF3":1.2567141881068853,"RPS20":0.36424140998125887,"RPL34":1.2048890299283486,"RPL36":-0.18727523470024215,"RPS19":0.49230103010243115,"RPS15A":0.9138242964303446,"EEF1A1":0.40464788995917894,"RPL3":0.9244568717507486,"RPL13A":1.221767980202906,"EEF1B2":-0.004701541793401612,"RPL12":0.7879147654466109,"RPS16":0.8459128703740174,"RPL7A":0.8793248573133643,"RPLP0":0.8494169791671194,"RPS27A":-0.28321239793660347,"RPL22":1.98698396328412,"RPS23":1.7394717737542404,"RPS7":0.51044872234886,"RPS6":1.2495431582095673,"RPL21":1.911920044910779,"RPL24":1.0924361502411284,"RPL5":1.9579412496562354,"RPL19":0.6632204382620687,"RPL7":2.32888681068011,"RPS13":1.6148860033225105,"RPS25":2.3826215555057737,"RPL23A":0.2723748767967337,"RPS8":2.581408544530062,"RPS2":0.2722678193269886,"RPL15":0.6028471004938082,"RPL13":0.45050134360241867,"RPS18":0.7721425656623425,"RPL32":2.40586951334412,"RPL11":0.198027705609855,"RPL4":2.092187270185198,"RPS3A":2.570662488862337,"RPL37A":1.3389544202784092,"RPS3":1.133818486089999,"RPL35":0.9411548296220251,"RPL35A":1.3455723622337257,"RPL18A":0.5113720619131188,"RPL23":0.32804702203935704,"RPS4X":0.6805547864168043,"RPL31":1.1973036373386845,"RPL18":1.6397140612975143,"RPS14":2.163704662659848}},"Mutation FLT3 ITD":{"min":-10.0,"max":10.0,"top_text":"High FLT3 ITD Correlation","bottom_text":"Low FLT3 ITD Correlation","map":{"RPL18A":0.023729394747601714,"RPL7":0.5176906431277989,"RPL18":1.3125339601253483,"RPL13":0.4885007517912062,"RPL36":1.1164443530320265,"RPS25":0.17239895770802943,"RPS6":-0.20478221392021723,"RPL34":-0.09000924690294367,"RPS24":-0.5557047793506158,"RPL5":0.4256448017827742,"RPL35A":0.4540048784991646,"RPS16":-0.024381277408374914,"RPS20":0.5301074019300802,"RPL15":0.46468019850473075,"RPL19":-0.3213757510217503,"RPL31":0.3432749088827293,"RPL23A":-0.7527369923871818,"RPL30":0.13179925487224775,"RPS19":-0.2053107923135084,"RPL13A":-0.3038038844287885,"RPS23":-0.4022266849108113,"RPS15A":-0.13009264027837955,"RPS4X":0.24669993733112847,"RPL12":-0.6792562035590656,"RPL37A":1.2406313089146948,"RPL10A":0.6744613667051331,"BTF3":0.20302576889871052,"RPL35":-0.04117818933906106,"NPM1":-1.0520844031272854,"EEF1A1":0.19088669193649924,"RPS3":0.3923985561432172,"RPL4":0.6547763049276585,"EEF1B2":0.5865357137726118,"RPL11":0.2031874287847553,"RPL3":-0.1952908748917783,"RPS3A":0.08725812016200506,"RPL22":0.15147916653658852,"RPL7A":0.8956986859365025,"RPL24":0.8775803996521421,"RPLP0":0.9977700667254856,"RPL6":-0.8528957509565693,"RPS13":0.3832273706344661,"RPS2":0.08525345903914054,"RPS7":-0.4898969173078703,"RPL21":-0.15618818140764187,"RPS8":1.0234877555478759,"RPS27A":-3.0776463535416387,"RPL32":-0.40684074475681786,"RPL23":1.0733465256997399,"RPS14":-0.14944637586448772,"RPS18":1.060550907180567}},"MuSiC CD14 Mono":{"min":-50.0,"max":50.0,"top_text":"High CD14 Mono Correlation","bottom_text":"Low CD14 Mono Correlation","map":{"RPL10A":0.22574393918174993,"RPL7A":0.4821725370573606,"RPL31":-1.00636866626139,"RPL24":-0.3955856614832167,"RPS7":-1.7320790203311454,"RPL35A":-1.545902984811401,"RPL12":-0.5577477523637285,"RPS19":-1.0765919162742987,"RPS3A":0.07206333205185576,"RPL21":-0.24190661678996545,"RPL15":-1.4786591481210392,"BTF3":-2.3047761601834353,"RPS8":-0.08142716620199128,"RPL23A":-2.2445821911905264,"RPS23":-0.665147009829049,"EEF1A1":2.488939444481099,"RPS2":0.46139544873759447,"RPS13":-0.8085432756049562,"RPS4X":0.09340004990560297,"RPLP0":-0.9407175967597816,"RPL32":-1.0034954319932106,"RPL34":-0.22224240643584178,"RPS20":-0.19627175432890792,"RPL37A":0.2090492064724451,"RPL23":0.12904191452952737,"RPL18A":0.16148863130744104,"RPL22":-1.463007072043858,"RPL18":0.10749261810128213,"EEF1B2":0.7873745390871904,"RPS27A":-1.6426812959571746,"RPS16":-0.07262590522153932,"RPS3":-1.365415352145276,"RPL6":-2.9163019759314155,"RPL13":-1.023164646669976,"RPL7":-0.15871014344008785,"RPS24":-1.1435654983412489,"RPS18":-0.6154075245123888,"RPL13A":-1.5480941591333535,"RPL19":-1.8504831380635396,"RPL11":-0.393708227839276,"NPM1":-17.855123193602328,"RPL36":-0.059240827772406204,"RPL35":-0.274573470707126,"RPS15A":-3.359890248299732,"RPS14":-0.4113003508891067,"RPL3":-1.0051274634680696,"RPL5":-1.0674269207591973,"RPL30":-0.46250805434786496,"RPS6":-0.3158886071888914,"RPL4":-1.6443148504195038,"RPS25":-0.17752574608722704}},"Mutation NPM1":{"min":-30.0,"max":30.0,"top_text":"High NPM1 Correlation","bottom_text":"Low NPM1 Correlation","map":{"RPS6":-1.2886536925634187,"RPS14":-0.8794457643281471,"RPL12":-3.583597135434484,"RPS25":-1.6410842026252916,"RPL21":-1.9076094675412205,"RPS19":-2.6482914005593914,"RPS7":-3.263902807631704,"RPS18":-0.05199376882202117,"RPS24":-0.6817485308661608,"RPS15A":-1.4876783066662556,"EEF1A1":0.1786372684644568,"RPL35A":-0.7184321437276513,"RPL4":-0.46807765306186916,"RPS20":-0.17558585893109174,"RPL34":-0.6186371186886185,"RPS13":-1.1510881080334008,"RPL10A":-0.2709087768490584,"RPS3":-0.5375414271318218,"RPS2":-0.47212036219495057,"RPL19":-0.5955432359243552,"RPS16":-1.1782763845471567,"RPL11":0.3992493362463557,"RPL13":-0.4140033473074155,"RPS8":0.2416929718370745,"RPL18A":-0.1948329514430269,"RPL18":1.451127838979977,"RPL7A":0.3045067109752096,"RPLP0":-0.5275330805234366,"RPL23A":-4.384144118108442,"RPL3":-2.1174415801168673,"RPS4X":-0.19565639175382207,"BTF3":-0.15713446686623345,"RPL32":-1.0523399959334183,"RPL13A":-2.0801107017826985,"RPL30":-0.3073490718867533,"RPL22":-0.6058999102023154,"RPS3A":-1.1844341097140627,"RPL7":-1.1455877326516921,"RPL37A":1.6532639551867196,"RPL31":-0.37945355641120365,"RPS23":-1.9711522663333279,"RPL24":0.3167443373160082,"RPL36":0.5346117896145334,"RPL35":-0.7033065484162377,"RPL23":0.7875418622263212,"RPL15":-0.16925504846216177,"EEF1B2":0.13263716898209785,"RPS27A":-3.8041555092225954,"NPM1":-10.934537178762957,"RPL5":-1.5183883371497005,"RPL6":-0.47257343220890424}},"NPM1 Subtype":{"min":-37.0,"max":37.0,"top_text":"Committed NPM1 Subtype","bottom_text":"Primative NPM1 Subtype","map":{"RPS19":-0.4157615999859903,"RPL36":-0.40730776957601655,"RPS18":-0.637258376623461,"RPS3":-1.136624343790537,"RPL31":-0.6297047231703583,"RPS15A":-1.7243768137936635,