{"Mutation NPM1":{"min":-30.0,"max":30.0,"top_text":"High NPM1 Correlation","bottom_text":"Low NPM1 Correlation","map":{"SRSF1":1.55029349269049,"MED15":0.10129444050697378,"GTF2B":0.41637134986322244,"SAP18":0.9087472987652537,"RPRD1B":0.6824175132219884,"ACTL6A":2.0091668307369095,"TERF2IP":-2.742228168305176,"DEK":1.5278394368854582,"USP47":-0.30156055835214646,"ELAVL1":0.2530478366993009,"EP300":1.1861962538320805,"H4C2":0.0,"POLR2L":-0.098877938387597,"RPRD2":0.9976635674805417,"MED10":-0.3972684398332326,"TERF2":2.036257033750708,"SUPT6H":4.105573006098607,"FAM98B":1.2249719305908013,"DHX8":0.6756120729656538,"EFTUD2":1.4415749180616486,"IWS1":4.118353097058141,"MED17":0.5267678844528483,"EWSR1":1.976791210665847,"WDR5":-0.03650034802598876,"POLR2B":1.380801561767137,"POLR2J":-0.3745676883916392,"NR2C2":-0.02538607330339903,"CTDP1":-0.49030465804718387,"ZC3H18":2.3739341339076145,"DHX9":1.971873286290523,"SUMO2":-1.7582970387614496,"POLR2D":1.5370499551558432,"POLR2E":1.6392113075111907,"SCAF4":0.2830348890889172,"FUBP1":1.5794666844277117,"MED4":0.39269394633860216,"SF3B2":1.2160269148874354,"POLR2C":0.8683572260888152,"BRD4":-1.0693798516051412,"POLR2K":3.1820556093485584,"RPRD1A":-0.6124710760171093,"SUPT5H":1.01090860642034,"SNRNP27":-1.6013772299210813,"MED1":0.5204256391718037,"MED8":0.6033535254250142,"HNRNPL":-0.19282430039654466,"POLR2H":1.6767834796297627,"SCAF1":-0.11739407794370169,"PHRF1":1.0274087373261718,"DPF2":1.196884405060146,"POLR2G":1.115253614181086}},"Blast Percent":{"min":-11.0,"max":11.0,"top_text":"High Blast Percent Correlation","bottom_text":"Low Blast Percent Correlation","map":{"BRD4":1.288643145429348,"ZC3H18":4.773065165538689,"SUPT5H":4.001425140176365,"ACTL6A":4.462746460476621,"POLR2L":2.741414285664969,"RPRD1B":2.8088337123549554,"PHRF1":2.0803940061744486,"SNRNP27":1.6635741098799226,"MED4":6.4473223887378515,"MED15":2.3788103326632384,"WDR5":4.479767002461924,"MED8":3.837268613522564,"SAP18":5.7317555385395185,"POLR2E":7.092821472506479,"POLR2D":1.517168457080709,"SUPT6H":1.9749777490100113,"FUBP1":4.513134890359641,"SCAF4":7.159465510313858,"DPF2":3.4972766167227007,"USP47":-1.844437566109661,"FAM98B":4.102197969473166,"SCAF1":3.7014373200515935,"POLR2B":8.850381366308552,"EP300":0.862749302531665,"MED17":6.023123770025023,"DEK":1.8449802947550513,"POLR2H":3.4408009497739998,"EFTUD2":5.334390697573482,"TERF2":4.731540773045191,"IWS1":5.878639116054803,"ELAVL1":5.4261742330537475,"SUMO2":1.9225033754633452,"CTDP1":5.292841149942145,"GTF2B":1.9147429777301097,"POLR2K":2.900894321926558,"DHX8":1.4932837834035813,"EWSR1":3.3042567894306294,"TERF2IP":0.009415235925002948,"H4C2":0.0,"HNRNPL":5.340582168427748,"SF3B2":5.462434374177221,"SRSF1":7.110236807587848,"POLR2G":3.2550566959366023,"POLR2J":3.089524568619714,"POLR2C":7.281973619189204,"RPRD2":3.908403083713469,"MED10":3.190121669006801,"NR2C2":3.9928062806929483,"DHX9":4.64148528187053,"MED1":6.648180326609903,"RPRD1A":1.8525421570521243}},"Mutation FLT3 ITD":{"min":-10.0,"max":10.0,"top_text":"High FLT3 ITD Correlation","bottom_text":"Low FLT3 ITD Correlation","map":{"MED4":-0.5742910991582363,"WDR5":-0.23921487223671387,"POLR2L":0.2735948723939484,"PHRF1":-0.24172431159610097,"POLR2K":0.41803667391603455,"GTF2B":-0.7750382989087743,"DHX9":-0.45086184655687284,"POLR2B":-0.022452069215934754,"FAM98B":0.6521254584347743,"DPF2":0.4731062255913102,"MED1":0.0940158490106755,"NR2C2":-0.07142975049210988,"MED8":-0.21775362981524984,"POLR2H":0.3337070836622612,"RPRD1A":-0.2364576970375432,"MED17":-0.05918721466194934,"SAP18":0.32178536912051087,"USP47":-0.5105369141269676,"POLR2J":-0.026590373292882,"POLR2C":-0.09024981397041171,"SNRNP27":-0.29468683489944786,"IWS1":1.9320423138329665,"DHX8":0.127458679029618,"EWSR1":0.6321388890805669,"CTDP1":-0.9032846110772006,"POLR2E":1.330964730129035,"SCAF4":-0.08258232421985182,"MED15":-0.4546759908237,"SF3B2":0.8643812312407538,"H4C2":0.0,"SCAF1":0.28396042758350004,"HNRNPL":-0.006109253806439775,"SUMO2":-1.002986662491293,"POLR2G":0.9543483318181676,"SUPT6H":0.6728109132736286,"EFTUD2":0.9191797055219539,"RPRD1B":-0.4235138882229224,"ZC3H18":0.8406114629295045,"MED10":-1.6080116958953106,"EP300":-0.034602454011254884,"TERF2":2.5616275446079477,"FUBP1":0.6725621506357361,"DEK":0.01969196891017706,"TERF2IP":0.6359385709186924,"ACTL6A":1.032785076903713,"BRD4":0.18355071889476207,"RPRD2":1.3366918281359654,"SUPT5H":0.3592335581400934,"POLR2D":1.610971067854907,"SRSF1":0.2507565751007996,"ELAVL1":0.5913233331491544}},"NPM1 Subtype":{"min":-37.0,"max":37.0,"top_text":"Committed NPM1 Subtype","bottom_text":"Primative NPM1 Subtype","map":{"TERF2IP":-4.4885786070861196,"H4C2":0.0,"POLR2E":-9.498175793682325,"TERF2":-3.5121470938854307,"SUMO2":-4.140136976235123,"SNRNP27":-2.7100853139651604,"RPRD1B":-6.816693779964002,"DPF2":-7.103873562756072,"BRD4":-4.638999711906336,"SCAF1":-3.6357666286364703,"FAM98B":-7.0930723965766935,"MED1":-5.695575771596628,"POLR2G":-0.460068911169721,"EWSR1":-1.601063706853778,"RPRD2":-9.924193503434958,"SUPT6H":-1.7552926517194547,"DHX9":-3.023054690832715,"SF3B2":-7.0227259154992145,"POLR2D":-0.42689527237845015,"POLR2L":-5.096426799361109,"NR2C2":-6.800203977726264,"SUPT5H":-3.8052727596043208,"RPRD1A":-7.69455820492793,"ACTL6A":-3.650415258801667,"EP300":1.921502290883876,"MED8":-2.2057321431127743,"DHX8":0.7043804941670806,"GTF2B":-0.84860226744786,"PHRF1":-1.1516409320553538,"ZC3H18":-1.95004062605058,"POLR2K":-1.1224812948331067,"EFTUD2":-2.6542317971540643,"POLR2J":-1.1942135818488497,"POLR2C":-3.398487888999382,"IWS1":-3.0595958737222393,"FUBP1":-10.058891601987686,"MED4":-3.104467872426334,"SCAF4":-4.378140170912675,"USP47":-0.025751979206462102,"ELAVL1":-6.429291030859147,"WDR5":-3.554046379510762,"SAP18":-7.323283109103374,"HNRNPL":-9.676946063383303,"MED15":-2.718988957181282,"POLR2H":-3.684857747344453,"DEK":0.02294625408238062,"POLR2B":-1.9164622442487804,"SRSF1":-2.178035848595266,"MED10":-2.7886050396100135,"MED17":-2.568653702647346,"CTDP1":-1.0809630201726292}},"Overall Survival":{"min":-6.0,"max":6.0,"top_text":"High Survival Correlation","bottom_text":"Low Survival Correlation","map":{"TERF2":-0.08862127227590054,"POLR2G":0.15982836057925748,"ELAVL1":-1.1786608147175661,"SAP18":-0.4674504633327721,"FAM98B":0.07308478112928884,"MED15":-0.15310901488906298,"RPRD2":0.005252253327097522,"SRSF1":-1.4892728848982988,"ZC3H18":-0.21155997651184122,"DPF2":-0.32317215902754287,"MED4":-2.540218662555218,"BRD4":-0.7188798649332288,"MED17":-2.1324841623984163,"WDR5":-0.5549702440508997,"GTF2B":-0.23379458352244875,"H4C2":0.0,"MED1":-1.3982850493252605,"MED8":-3.0989244456588305,"TERF2IP":-0.7591388155963179,"POLR2B":-0.01680366888660566,"POLR2L":-0.10476023680560366,"SNRNP27":0.6579505026744787,"IWS1":-1.2284264045977284,"HNRNPL":0.023529446996418936,"EFTUD2":0.15223959551260513,"RPRD1B":-0.49550712298622734,"NR2C2":0.15160242118184747,"POLR2E":-0.17023705955432322,"ACTL6A":0.12643027971195456,"FUBP1":-0.5645745193738191,"EWSR1":-1.2123183838520055,"POLR2D":0.2730170922270335,"POLR2C":-0.02462466266757078,"SCAF4":-2.742865101139061,"DHX9":-0.010556155607122003,"SF3B2":-0.8333593651742467,"PHRF1":-1.1339787839328765,"SUMO2":-0.5226655527795606,"RPRD1A":-1.9366579272546598,"CTDP1":-0.006725583452750062,"MED10":-0.4023526382547366,"USP47":-0.6827325919895487,"POLR2J":0.8294225394932297,"POLR2K":0.3919813351013899,"POLR2H":-2.421905632466268,"DHX8":-0.02499527174609372,"SUPT6H":0.2712793803056928,"EP300":-0.33887591101364556,"SUPT5H":-1.6955790556351413,"DEK":-0.609680478611018,"SCAF1":-0.2621172742903527}},"MuSiC CD14 Mono":{"min":-50.0,"max":50.0,"top_text":"High CD14 Mono Correlation","bottom_text":"Low CD14 Mono Correlation","map":{"FAM98B":-6.895484447925019,"NR2C2":-7.433160800008668,"IWS1":-3.113306580181721,"SUPT6H":-0.926818240530498,"SRSF1":-1.893531960356126,"SUMO2":-8.566674074301188,"ELAVL1":-5.795188363841036,"RPRD1B":-5.301470591191386,"TERF2IP":-9.367478038725217,