{"Mutation FLT3 ITD":{"min":-10.0,"max":10.0,"top_text":"High FLT3 ITD Correlation","bottom_text":"Low FLT3 ITD Correlation","map":{"RPL15":0.46468019850473075,"RPL10A":0.6744613667051331,"RPL32":-0.40684074475681786,"RPS15A":-0.13009264027837955,"RPL13A":-0.3038038844287885,"RPS7":-0.4898969173078703,"RPL36":1.1164443530320265,"RPS14":-0.14944637586448772,"RPL29":0.08512022202949474,"RPL35":-0.04117818933906106,"RPS4X":0.24669993733112847,"RPL30":0.13179925487224775,"RPS3A":0.08725812016200506,"RPL7A":0.8956986859365025,"RPL27":0.9025452982484172,"RPS5":0.08220351369051035,"RPS2":0.08525345903914054,"RPS3":0.3923985561432172,"RPS6":-0.20478221392021723,"RPS20":0.5301074019300802,"RPL31":0.3432749088827293,"RPL34":-0.09000924690294367,"RPL23A":-0.7527369923871818,"RPS12":0.8644949371279413,"RPS27A":-3.0776463535416387,"RPLP0":0.9977700667254856,"RPL23":1.0733465256997399,"RPS18":1.060550907180567,"RPL24":0.8775803996521421,"RPS8":1.0234877555478759,"RPS24":-0.5557047793506158,"RPL12":-0.6792562035590656,"BTF3":0.20302576889871052,"RPL6":-0.8528957509565693,"RPL7":0.5176906431277989,"RPL4":0.6547763049276585,"RPS13":0.3832273706344661,"RPS19":-0.2053107923135084,"RPL18A":0.023729394747601714,"EEF1A1":0.19088669193649924,"RPL22":0.15147916653658852,"RPL11":0.2031874287847553,"RPS25":0.17239895770802943,"RPS23":-0.4022266849108113,"RPL21":-0.15618818140764187,"RPL5":0.4256448017827742,"RPL35A":0.4540048784991646,"RPL18":1.3125339601253483,"RPL3":-0.1952908748917783,"RPL19":-0.3213757510217503,"RPL37A":1.2406313089146948}},"NPM1 Subtype":{"min":-37.0,"max":37.0,"top_text":"Committed NPM1 Subtype","bottom_text":"Primative NPM1 Subtype","map":{"RPL22":-0.21705746642491872,"RPS7":-0.8103057098037804,"RPL18":0.053670539279468556,"RPL15":-0.9155258596943495,"RPL6":-1.4978334532636006,"RPL24":-0.35032874890404864,"RPL10A":0.2555674298972103,"RPS4X":0.1990571540349563,"RPL3":0.6710160927774381,"RPS14":-0.2107980709918861,"RPS13":-0.08549654741402879,"RPS20":-0.2972417682189701,"RPL23":-0.5233322894738509,"RPS8":0.14476340699783075,"RPL27":-0.5840530983332192,"BTF3":-1.8134074684220207,"RPS15A":-1.7243768137936635,"RPL23A":-1.3483789168400075,"RPL36":-0.40730776957601655,"RPLP0":-0.7350553087960351,"RPL18A":0.34991167935333917,"RPL7":0.12003944000953468,"RPS19":-0.4157615999859903,"RPL29":-0.001982487144483165,"RPS25":-0.14594576212123866,"RPL32":-0.9377437584674596,"RPL35":-0.40845240936604327,"RPS2":0.1240008543509419,"RPL21":-0.1264018583004363,"RPL19":-1.2166094036522974,"RPL12":-0.19643812787324624,"RPL35A":-0.9277704420398861,"RPL4":-1.52888610886292,"RPS18":-0.637258376623461,"RPS6":0.007810008892230348,"RPS3":-1.136624343790537,"RPL5":-0.8511400931432301,"RPL7A":0.5489403941094042,"RPL37A":0.07904789677190989,"RPS27A":-1.0364596946445923,"RPS24":-0.4246219115757527,"RPL13A":-0.7167229614168447,"RPL31":-0.6297047231703583,"RPS3A":-0.09074216102309353,"RPL30":-0.5525974967518146,"RPL11":-0.05061936819540557,"EEF1A1":2.1004485086548934,"RPS12":0.6120117169751125,"RPL34":-0.28976102733551634,"RPS5":-0.9230505911430116,"RPS23":-0.045864628938369185}},"Overall Survival":{"min":-6.0,"max":6.0,"top_text":"High Survival Correlation","bottom_text":"Low Survival Correlation","map":{"RPS3A":2.570662488862337,"RPS5":0.4931085954767677,"RPS18":0.7721425656623425,"RPS25":2.3826215555057737,"RPL22":1.98698396328412,"RPS27A":-0.28321239793660347,"RPS6":1.2495431582095673,"RPS3":1.133818486089999,"RPL6":1.996785412891699,"RPL35A":1.3455723622337257,"RPL37A":1.3389544202784092,"RPS4X":0.6805547864168043,"RPL3":0.9244568717507486,"RPLP0":0.8494169791671194,"RPL34":1.2048890299283486,"RPL18":1.6397140612975143,"RPL12":0.7879147654466109,"RPL23A":0.2723748767967337,"RPL30":1.886845087048855,"RPS2":0.2722678193269886,"RPS15A":0.9138242964303446,"RPL10A":0.8670455052621319,"RPL27":0.399122612746606,"RPL23":0.32804702203935704,"RPL36":-0.18727523470024215,"RPS8":2.581408544530062,"RPL7":2.32888681068011,"RPS19":0.49230103010243115,"RPL5":1.9579412496562354,"RPL32":2.40586951334412,"RPS7":0.51044872234886,"RPL21":1.911920044910779,"RPL11":0.198027705609855,"RPS14":2.163704662659848,"RPL4":2.092187270185198,"RPS20":0.36424140998125887,"RPS12":0.8754847626294541,"RPL15":0.6028471004938082,"RPL7A":0.8793248573133643,"RPL35":0.9411548296220251,"RPL13A":1.221767980202906,"RPS13":1.6148860033225105,"BTF3":1.2567141881068853,"RPL19":0.6632204382620687,"RPL31":1.1973036373386845,"RPS24":1.9472202157431464,"RPL24":1.0924361502411284,"RPL29":0.1119453765245992,"EEF1A1":0.40464788995917894,"RPS23":1.7394717737542404,"RPL18A":0.5113720619131188}},"Mutation NPM1":{"min":-30.0,"max":30.0,"top_text":"High NPM1 Correlation","bottom_text":"Low NPM1 Correlation","map":{"RPLP0":-0.5275330805234366,"RPL18":1.451127838979977,"RPL23":0.7875418622263212,"RPS3A":-1.1844341097140627,"RPL35":-0.7033065484162377,"RPS24":-0.6817485308661608,"RPS13":-1.1510881080334008,"RPS14":-0.8794457643281471,"RPS12":0.7854055983591526,"RPL13A":-2.0801107017826985,"RPL37A":1.6532639551867196,"RPL34":-0.6186371186886185,"RPL12":-3.583597135434484,"RPS25":-1.6410842026252916,"RPS5":-0.2938457019313969,"EEF1A1":0.1786372684644568,"RPL31":-0.37945355641120365,"RPS27A":-3.8041555092225954,"RPL7A":0.3045067109752096,"RPL32":-1.0523399959334183,"RPL11":0.3992493362463557,"RPL6":-0.47257343220890424,"RPL3":-2.1174415801168673,"RPS7":-3.263902807631704,"RPL24":0.3167443373160082,"RPL15":-0.16925504846216177,"RPS3":-0.5375414271318218,"RPL4":-0.46807765306186916,"RPL18A":-0.1948329514430269,"RPS18":-0.05199376882202117,"RPS4X":-0.19565639175382207,"RPS23":-1.9711522663333279,"RPL36":0.5346117896145334,"RPS8":0.2416929718370745,"RPS15A":-1.4876783066662556,"RPS20":-0.17558585893109174,"RPS19":-2.6482914005593914,"RPL27":0.0003294765947449544,"RPL35A":-0.7184321437276513,"BTF3":-0.15713446686623345,"RPS6":-1.2886536925634187,"RPL29":-0.21866873147552152,"RPL5":-1.5183883371497005,"RPL30":-0.3073490718867533,"RPL22":-0.6058999102023154,"RPL10A":-0.2709087768490584,"RPS2":-0.47212036219495057,"RPL7":-1.1455877326516921,"RPL19":-0.5955432359243552,"RPL23A":-4.384144118108442,"RPL21":-1.9076094675412205}},"MuSiC CD14 Mono":{"min":-50.0,"max":50.0,"top_text":"High CD14 Mono Correlation","bottom_text":"Low CD14 Mono Correlation","map":{"RPL18A":0.16148863130744104,"RPS13":-0.8085432756049562,"RPS23":-0.665147009829049,"EEF1A1":2.488939444481099,"RPS12":0.7483669087817096,"RPL24":-0.3955856614832167,"RPL34":-0.22224240643584178,"RPL4":-1.6443148504195038,"RPL27":-0.6103048470484858,"RPL21":-0.24190661678996545,"RPL7A":0.4821725370573606,"RPS24":-1.1435654983412489,"RPS15A":-3.359890248299732,"RPL5":-1.0674269207591973,"RPL10A":0.22574393918174993,"RPL35A":-1.545902984811401,"RPS3A":0.07206333205185576,"RPLP0":-0.9407175967597816,"RPL18":0.10749261810128213,"RPS7":-1.7320790203311454,"RPL13A":-1.5480941591333535,"RPL35":-0.274573470707126,"RPL31":-1.00636866626139,"RPL15":-1.4786591481210392,"BTF3":-2.3047761601834353,"RPL23A":-2.2445821911905264,"RPL22":-1.463007072043858,"RPS19":-1.0765919162742987,"RPS4X":0.09340004990560297,"RPL29":-0.893225567406284,"RPL19":-1.8504831380635396,"RPS20":-0.19627175432890792,"RPL30":-0.46250805434786496,"RPL12":-0.5577477523637285,"RPL6":-2.9163019759314155,"RPL37A":0.2090492064724451,"RPL11":-0.393708227839276,"RPL3":-1.0051274634680696,"RPS6":-0.3158886071888914,"RPS3":-1.365415352145276,"RPS27A":-1.6426812959571746,"RPL36":-0.059240827772406204,"RPL7":-0.15871014344008785,"RPS14":-0.4113003508891067,"RPS5":-0.9269438685288482,"RPS8":-0.08142716620199128,"RPL23":0.12904191452952737,"RPS25":-0.17752574608722704,"RPS2":0.46139544873759447,"RPL32":-1.0034954319932106,"RPS18":-0.6154075245123888}},"Blast Percent":{"min":-11.0,"max":11.0,"top_text":"High Blast Percent Correlation","bottom_text":"Low Blast Percent Correlation","map":{"RPL4":1.0571351985337578,"RPS25":-0.3284359393364456,"RPS6":-0.8534169068407181,"RPL13A":-0.630801331705385,"RPS19":0.023494248909823413,"RPS18":0.06503086571166407,