{"Mutation NPM1":{"min":-30.0,"max":30.0,"top_text":"High NPM1 Correlation","bottom_text":"Low NPM1 Correlation","map":{"NCOR1":0.5091698643244498,"OTUD4":12.790718507383453,"JMJD1C":0.2528615694337482,"RAF1":0.10798777181321914,"NIPBL":2.725370853783655,"SLU7":0.9748172440294923,"FKBP5":1.956092888261037,"NR3C1":2.703722756347426,"DYNLT1":2.3254350711571377,"BRCC3":-0.9713789623889292,"RPS6KA5":7.112897548513825,"TES":1.038128588421498,"ELAVL1":0.2530478366993009,"RPA1":3.2861834696392243,"VHL":-0.441552206711342,"NCOA3":1.6149447567336372,"NBN":3.3459099831740686,"NCOA2":0.3144529389364432,"TMF1":0.2212623060887112,"RPA2":3.851280051811565,"EP300":1.1861962538320805,"PIAS1":0.4339490932651839,"KDM5A":8.855059545551011,"FNIP1":4.160160506559607,"IRF2BP2":1.2051374536176853,"FNBP1":7.042256885587711,"DDX19B":6.151992647828382,"BABAM2":-0.7351362778125158,"AP3B1":1.607604969796279,"H4C2":0.0,"ZNF143":1.7435327828008214,"FMR1":0.6384806068973332,"CREBBP":-0.0055025576709553815,"STAG2":-0.3317857917536608,"CNOT8":1.9349850382068712,"POU2F1":2.8445108553168623,"TAB2":-3.9867116669686182,"ZFX":-0.8888289852136599,"NCOA6":2.493189179295415,"HECA":0.05186546347861028,"DCK":-0.15616466903363133,"FBXW7":-0.4292637211251941,"SP1":1.1728449890268615,"XRCC5":0.8612641494390821,"ATP2B1":2.0960255841529407,"ITSN2":0.05046734890879779,"RBM22":3.685321625178956,"ARHGEF2":1.8358633271795919,"ATXN7":1.544955911815608,"USP8":-0.703085326404282,"XRCC6":0.030032247945212753}},"Overall Survival":{"min":-6.0,"max":6.0,"top_text":"High Survival Correlation","bottom_text":"Low Survival Correlation","map":{"BRCC3":0.14323457326825412,"NBN":-0.36135215234365925,"CNOT8":-0.18187951220021106,"FNIP1":0.35051742291786997,"FKBP5":-1.024653872136602,"EP300":-0.33887591101364556,"DYNLT1":-0.4108976245436844,"DCK":-0.13078352761075526,"XRCC6":-1.1506252357315108,"ARHGEF2":1.1983824766058315,"KDM5A":-0.21580129805585097,"FNBP1":-0.0347191366612883,"TES":0.18457234482798301,"JMJD1C":-0.042622364921984485,"DDX19B":0.8420535798404676,"H4C2":0.0,"BABAM2":0.6618440165653471,"ZFX":1.1100772853202883,"NCOR1":-0.31043680367642557,"ELAVL1":-1.1786608147175661,"ITSN2":0.2626604274384664,"SP1":0.885280499472992,"CREBBP":-0.13014199665467036,"NCOA6":0.2212400653186401,"NR3C1":0.15427298290668914,"FBXW7":0.031557714737777166,"RPS6KA5":1.1924922308952794,"TAB2":0.2136848838220485,"HECA":1.6076762645891522,"XRCC5":-1.579655683143523,"RBM22":-0.6357812190312705,"USP8":-0.06743965089550524,"NCOA2":-0.6539076322029642,"NIPBL":-0.015443200769900195,"POU2F1":-0.18192645291100049,"TMF1":-0.3524591401133201,"IRF2BP2":-0.6799934976792753,"PIAS1":-0.2127271089135806,"RPA1":0.4725323052191602,"SLU7":-0.06054439633584297,"OTUD4":-0.7095529240644064,"NCOA3":1.5036806500615392,"STAG2":-0.5781420587341565,"ATP2B1":0.13677978151761397,"RAF1":0.11240797236910027,"RPA2":0.05646866542986803,"ATXN7":0.6056834707339218,"VHL":0.29852713076950266,"AP3B1":-0.0899923061616714,"FMR1":0.6287596081602422,"ZNF143":0.20918223168673086}},"Blast Percent":{"min":-11.0,"max":11.0,"top_text":"High Blast Percent Correlation","bottom_text":"Low Blast Percent Correlation","map":{"RPA1":3.762818988260257,"EP300":0.862749302531665,"AP3B1":-2.1997637469573816,"RPA2":2.958889812719193,"NCOA2":-0.0015436608586513426,"NIPBL":3.5826914314325617,"TMF1":0.317340513447178,"BRCC3":-0.22487456821951035,"NR3C1":4.107146156547779,"TES":1.4625438886185032,"FMR1":0.2537949018015712,"ARHGEF2":2.44884709548015,"RBM22":7.430968381258073,"FBXW7":-0.9545707790907209,"IRF2BP2":0.3368085735974543,"TAB2":-0.2696872899549689,"ZNF143":3.195094501357682,"USP8":-1.078631769910517,"ELAVL1":5.4261742330537475,"NBN":4.121298501627182,"OTUD4":1.512420539464966,"SLU7":4.6963412839515435,"CREBBP":1.5726914377732641,"BABAM2":0.5200685101557262,"FKBP5":1.5597731481011763,"STAG2":0.5170368309848391,"JMJD1C":1.6991531101708774,"SP1":0.7127001637099892,"ITSN2":-1.9344772996953419,"VHL":-1.5189790193861246,"RAF1":-0.23111361649059567,"ATP2B1":-0.21749591723322204,"NCOA3":1.8810127876756524,"FNIP1":-0.06242907710273795,"H4C2":0.0,"XRCC6":6.883140844952099,"RPS6KA5":2.9210087374547444,"NCOA6":2.2525828641335237,"FNBP1":0.6927879508428414,"ZFX":0.6513524964061134,"DCK":2.049748623177652,"XRCC5":5.7875988261915445,"POU2F1":7.049658206769567,"PIAS1":3.219100564424669,"ATXN7":2.321777517912787,"KDM5A":2.2672045677348533,"DYNLT1":0.4609296311440334,"CNOT8":0.047083265371048746,"HECA":2.846455132252743,"NCOR1":5.671386985166215,"DDX19B":0.507801801571441}},"NPM1 Subtype":{"min":-37.0,"max":37.0,"top_text":"Committed NPM1 Subtype","bottom_text":"Primative NPM1 Subtype","map":{"RPA2":-5.094620327580898,"NCOR1":-7.971317968150771,"ZNF143":-0.3379780882209104,"KDM5A":0.29247395605561843,"ATXN7":0.1998484310634876,"NBN":-9.559280867990529,"NCOA6":-0.0458773429485822,"SP1":0.44815574376343803,"TAB2":1.1302243970590382,"TES":1.3995782409609443,"USP8":3.931353183388413,"TMF1":0.23661637082281847,"PIAS1":-0.2380397695592762,"NIPBL":-1.3656023600927039,"FNIP1":1.8665839321767148,"VHL":8.728002186056536,"JMJD1C":-0.6056809924860452,"SLU7":-2.8889904555627948,"ITSN2":9.98332300894467,"ZFX":-1.0239506900441822,"XRCC6":-13.367981289306929,"STAG2":-0.24052775237201937,"FNBP1":0.9559421842965105,"FBXW7":0.25899083959905866,"ELAVL1":-6.429291030859147,"H4C2":0.0,"XRCC5":-7.930270166286677,"CREBBP":1.29703655263025,"NCOA2":0.06013703699442939,"AP3B1":14.82272629478956,"DCK":-0.015170483383260826,"NCOA3":0.03875051978320783,"RAF1":7.146514500762419,"NR3C1":0.7036033188158082,"EP300":1.921502290883876,"HECA":0.2591623544320134,"DDX19B":2.1548005342558847,"DYNLT1":2.4776841772765796,"RPS6KA5":0.41590072612669865,"OTUD4":-0.11873560451020909,"BABAM2":-0.7194917720704834,"RPA1":-1.8422682715660856,"BRCC3":0.050184166146018776,"RBM22":-5.460402959762077,"FMR1":0.7981368027299975,"FKBP5":0.8879552249554176,"POU2F1":-3.1116107420844177,"ARHGEF2":1.9929995334721449,"IRF2BP2":0.04881119018748734,"CNOT8":3.4653940949938127,"ATP2B1":3.786339804321688}},"MuSiC CD14 Mono":{"min":-50.0,"max":50.0,"top_text":"High CD14 Mono Correlation","bottom_text":"Low CD14 Mono Correlation","map":{"ZNF143":-0.15382943521335937,"RAF1":8.544738461812583,"XRCC5":-6.575098394431195,"NCOA6":-0.04683278173974408,"STAG2":-1.142695998907737,"NCOA2":0.4766216738118037,"DDX19B":2.491038783351816,"TMF1":-0.2838972533129434,"POU2F1":-2.505445853161771,"JMJD1C":-0.7780587256914444,"USP8":2.9059262073195296,"ELAVL1":-5.795188363841036,"BRCC3":0.11679433524587955,"SP1":0.2655963086652064,"EP300":3.2515858328739564,"ITSN2":11.005291462757592,"ZFX":-1.3889511902319363,"CNOT8":4.214488517027694,"RPA2":-3.8648293861909546,"FNBP1":1.5883888347419746,"DYNLT1":3.7964294688750178,"OTUD4":-0.09102416429864285,"FKBP5":0.36314158083245335,"RPS6KA5":0.6941777761171772,"NIPBL":-1.0395645531080826,"NR3C1":0.672366905700955,"RBM22":-5.0810217357185765,"TES":0.9895453299947247,"FBXW7":-0.33104197173543726,"AP3B1":17.433991339930415,"FNIP1":4.749463211322896,"HECA":-0.5358652552098186,"XRCC6":-13.768965966431818,"H4C2":0.0,"VHL":6.048875891438298,"CREBBP":1.39852344509804,"NCOR1":-10.729707508059045,"SLU7":-3.9149201535147733,"TAB2":0.6098631272115994,"NCOA3":0.05862178267629942,"KDM5A":1.6111013981696645,"ARHGEF2":2.635908159136158,"ATXN7":-0.35750203836729794,"BABAM2":-0.3481307830741593,"RPA1":-1.0926552011171944,"FMR1":0.7481110235878686,"DCK":-0.736919534464653,"ATP2B1":4.167220996632741,"NBN":-8.73341919524666,"IRF2BP2":0.044433307605977516,"PIAS1":-0.3246475007966022}},"Mutation FLT3 ITD":{"min":-10.0,"max":10.0,"top_text":"High FLT3 ITD Correlation","bottom_text":"Low FLT3 ITD Correlation","map":{"AP3B1":-0.2717058341719399,"TMF1":0.8676563708661446,"XRCC6":0.27268549802145015,"OTUD4":0.26266890197312837,"FNBP1":2.049931603408498,"IRF2BP2":-0.2538414752640962,"RPS6KA5":-0.02039990220717543,"VHL":-0.5727388193493081,"FBXW7":-0.4157292556785836,"JMJD1C":-0.3710715300625776,"RBM22":1.643100626025834,"NCOA3":1.249827122267977,"PIAS1":0.2059616354768976,