{"NPM1 Subtype":{"min":-37.0,"max":37.0,"top_text":"Committed NPM1 Subtype","bottom_text":"Primative NPM1 Subtype","map":{"TRIM28":-19.651323646373296,"CAD":-2.4076065711295307,"H4C8":0.0,"BTF3":-1.8134074684220207,"EFTUD2":-2.6542317971540643,"PFAS":-2.1464029751212315,"RPAP3":-3.5707473031271375,"CCT7":-0.0875669214913264,"PA2G4":-1.8032260006433845,"INO80E":-1.2888075743215732,"LARS1":-6.8197041537133956,"PIH1D1":-1.3134139264698825,"H4C4":0.0,"RUVBL1":-7.383628615423563,"ABCE1":-6.051676528102565,"NOC2L":-11.761019622264989,"H2BC7":0.0,"EIF6":-0.7562592216239329,"PDRG1":-8.330326378830483,"IFRD2":-7.334251248278234,"WDR5":-3.554046379510762,"H4C5":0.0,"THOP1":-4.429368174510819,"URI1":-7.002505100406153,"FBL":-10.109692936407185,"MRTO4":-10.356116977201419,"RUVBL2":-5.734447525797664,"ACTL6A":-3.650415258801667,"EBNA1BP2":-11.159132587295273,"H4C13":0.0,"DKC1":-12.58475261131641,"HSPD1":-9.76196332872376,"GRWD1":-7.736483358827166,"POLR3A":-15.647099097264718,"HDAC2":-8.44012458482962,"TOMM40":-1.5311493720495468,"UXT":-2.288856962236149,"TTLL12":-1.6434367362314415,"BOP1":-7.199055129905211,"H4C3":0.0,"RIOK1":-3.340531141121579,"H4C2":0.0,"ARMC6":0.024200394405897732,"ILF2":-3.036308898185466,"POLR2H":-3.684857747344453,"H4C12":0.0,"PRMT5":-1.153649995268762,"PFDN2":-1.126132701657497,"XPO1":-1.6671056804186337,"HSPA8":-0.2149080663792353,"PAICS":-2.863901366189807}},"MuSiC CD14 Mono":{"min":-50.0,"max":50.0,"top_text":"High CD14 Mono Correlation","bottom_text":"Low CD14 Mono Correlation","map":{"RUVBL1":-7.204921308923005,"PDRG1":-11.50946645905596,"TRIM28":-23.59451698900753,"HSPD1":-8.597224261864966,"HDAC2":-8.660595189361645,"URI1":-9.845568653640669,"DKC1":-14.010924546487777,"RIOK1":-6.7407323796619565,"EFTUD2":-2.301358733881061,"PFAS":-3.6671019712019124,"H4C8":0.0,"RPAP3":-5.293110114589008,"POLR3A":-17.9596579437722,"PRMT5":-1.1208584216510455,"H2BC7":0.0,"UXT":-3.2702494226126495,"XPO1":-1.4175754679797263,"FBL":-8.97889053298179,"EIF6":-0.5070590086644529,"ARMC6":-0.00666237676749748,"H4C4":0.0,"THOP1":-7.226849040564387,"NOC2L":-13.660289017197156,"ACTL6A":-4.0583833008250885,"RUVBL2":-6.090350177200606,"PIH1D1":-2.291724653668238,"PFDN2":-2.4278150509758447,"PA2G4":-3.62581714823119,"ABCE1":-6.8885895536956525,"ILF2":-3.3924842248306857,"LARS1":-9.160323363304528,"HSPA8":0.21490910916296246,"GRWD1":-9.99231355019172,"H4C3":0.0,"CAD":-2.3037204793897654,"H4C13":0.0,"IFRD2":-8.668425964838283,"BTF3":-2.3047761601834353,"POLR2H":-5.2595061264406,"H4C12":0.0,"PAICS":-4.471239188888168,"TOMM40":-3.420729905460414,"CCT7":-0.26285282457937953,"INO80E":-1.0423545328480153,"H4C5":0.0,"MRTO4":-13.741329797000196,"EBNA1BP2":-15.524230339806167,"WDR5":-4.611999300436258,"BOP1":-8.659347263268932,"H4C2":0.0,"TTLL12":-2.0449081921399492}},"Mutation FLT3 ITD":{"min":-10.0,"max":10.0,"top_text":"High FLT3 ITD Correlation","bottom_text":"Low FLT3 ITD Correlation","map":{"H2BC7":0.0,"PA2G4":-0.2742817635798133,"RPAP3":0.9617455091788308,"EFTUD2":0.9191797055219539,"TOMM40":-0.0679187830463898,"XPO1":0.2544644500796783,"POLR2H":0.3337070836622612,"FBL":0.6601583046057095,"H4C13":0.0,"HSPA8":0.001898457853518998,"TTLL12":-0.8274579886245731,"PFAS":0.9928358186494758,"RUVBL1":0.2621124522534953,"HSPD1":-0.25777955961214105,"HDAC2":0.5237603838265383,"BOP1":0.7048276756066963,"H4C4":0.0,"PFDN2":-2.0044503520534813,"LARS1":0.6788968027856619,"URI1":1.8509428429398735,"THOP1":-0.20884828295965416,"H4C3":0.0,"EBNA1BP2":-1.317000488527607,"POLR3A":0.4806645428863988,"ACTL6A":1.032785076903713,"EIF6":0.47365306820266123,"CAD":-0.34306255573334105,"PIH1D1":0.3756520319060902,"IFRD2":-0.11132136302190727,"NOC2L":0.10502547105504285,"TRIM28":0.0631033974275213,"UXT":0.6448621817489083,"WDR5":-0.23921487223671387,"ILF2":1.3567496037530251,"BTF3":0.20302576889871052,"ARMC6":0.11794702934298536,"RIOK1":0.8785316973493585,"H4C12":0.0,"CCT7":0.3219961985747694,"MRTO4":-0.3181949464856772,"GRWD1":0.5327726638718074,"H4C2":0.0,"PAICS":-1.3230240309792907,"PRMT5":0.43008243593926765,"H4C8":0.0,"DKC1":0.5444385288202916,"RUVBL2":0.1442190704401954,"PDRG1":0.39643127124666094,"INO80E":-0.34274879670946223,"H4C5":0.0,"ABCE1":-0.0016352740000588483}},"Mutation NPM1":{"min":-30.0,"max":30.0,"top_text":"High NPM1 Correlation","bottom_text":"Low NPM1 Correlation","map":{"MRTO4":-2.2425377808686138,"EBNA1BP2":-8.33629018798704,"WDR5":-0.03650034802598876,"H4C8":0.0,"H2BC7":0.0,"HSPD1":-0.7552996762779499,"PDRG1":-0.19292184941932908,"ILF2":1.7244790768695348,"IFRD2":-1.7243316186545767,"XPO1":0.6703624323215266,"PIH1D1":0.24224614736882538,"FBL":0.3979013124031621,"TTLL12":-2.6485151165849605,"ARMC6":-0.48524082244245326,"H4C3":0.0,"ABCE1":-0.5870454616813623,"RPAP3":0.9112721329008155,"H4C4":0.0,"PA2G4":-3.7609570378674597,"EFTUD2":1.4415749180616486,"HSPA8":-1.109637443395507,"NOC2L":-2.3524037718843913,"UXT":1.3251080476575143,"ACTL6A":2.0091668307369095,"RUVBL1":-0.8498209905229973,"PFAS":0.5397337181505687,"H4C2":0.0,"RIOK1":0.10140719603321295,"EIF6":0.6583130160804401,"POLR3A":0.699939389360341,"BTF3":-0.15713446686623345,"CAD":-2.0809505676962092,"BOP1":-0.33289116334484303,"INO80E":-0.18089767365745418,"LARS1":-0.2153225590472438,"PRMT5":-0.7218467358990457,"H4C5":0.0,"PFDN2":-5.958468323655834,"H4C13":0.0,"TRIM28":-0.9403655719892402,"THOP1":0.02940885591662527,"URI1":1.2017066710911226,"HDAC2":0.6601444824937441,"DKC1":0.1741933865196276,"GRWD1":0.24795821999581685,"RUVBL2":-0.9722641329357236,"POLR2H":1.6767834796297627,"PAICS":-7.303767767255692,"H4C12":0.0,"CCT7":-1.1839962270374662,"TOMM40":-0.49667906420514124}},"Blast Percent":{"min":-11.0,"max":11.0,"top_text":"High Blast Percent Correlation","bottom_text":"Low Blast Percent Correlation","map":{"POLR3A":5.804657558866529,"PFDN2":-0.7250615828626544,"ABCE1":0.3671771881567837,"WDR5":4.479767002461924,"EFTUD2":5.334390697573482,"HSPA8":-1.2026813871568238,"H4C8":0.0,"TTLL12":-0.5674631145001267,"BTF3":0.44319419370746266,"EIF6":0.7156966918882579,"H4C5":0.0,"H4C13":0.0,"H4C2":0.0,"PAICS":-0.7577910213279135,"FBL":4.2505010336902656,"H4C12":0.0,"IFRD2":0.543275603858925,"EBNA1BP2":1.9855502582925566,"CCT7":-0.16053739046580848,"DKC1":4.808970083454023,"PA2G4":-0.2662387888579167,"CAD":-0.8624718753634616,"PDRG1":1.173198858708426,"H4C3":0.0,"H4C4":0.0,"GRWD1":1.544892315901263,"TRIM28":3.596496680403605,"PIH1D1":-0.2920956062943704,"NOC2L":2.503228320174259,"PRMT5":-0.37224185652481384,"ACTL6A":4.462746460476621,"ILF2":4.088759872291156,"INO80E":1.0785974529560174,"POLR2H":3.4408009497739998,"UXT":1.3702915438498435,"TOMM40":-0.5499250869395563,"MRTO4":2.6783626688561952,"ARMC6":-0.23273222897789006,"XPO1":0.5857500169604274,"RPAP3":2.0291225038907785,"RUVBL2":0.767955096938985,"H2BC7":0.0,"LARS1":2.3812531979015903,"RUVBL1":1.1283603647834588,"HSPD1":2.18622642975138,"HDAC2":8.110049998404987,"BOP1":2.0544434913050322,"THOP1":0.6376826348870737,"PFAS":-0.013393871644684205,"URI1":2.5638827785964624,"RIOK1":0.35327132941688766}},"Overall Survival":{"min":-6.0,"max":6.0,"top_text":"High Survival Correlation","bottom_text":"Low Survival Correlation","map":{"ACTL6A":0.12643027971195456,"PIH1D1":-0.45926458497614997,"LARS1":0.17358177757886423,"EFTUD2":0.15223959551260513,"HSPD1":-0.0004652615701074577,"GRWD1":0.08840206773468964,"HDAC2":-0.6852899224982528,"RUVBL2":-0.022029902592081773,"PA2G4":-0.25424517842992916,"POLR3A":-0.6314975662385526,"H2BC7":0.0,"H4C13":0.0,"EIF6":-0.05456045986301329,"BOP1":-2.017728796491659,"H4C8":0.0,"IFRD2":1.0550958273018813,"XPO1":-1.4550714447644295,"TRIM28":0.01712886786621426,"POLR2H":-2.421905632466268,"UXT":-0.2006640226826861,"DKC1":-0.9407539581713261,"EBNA1BP2":-0.0012940062183737144,"H4C12":0.0,"BTF3":1.2567141881068853,"RUVBL1":0.0317946245619539,"PDRG1":-0.6952668891503382,"H4C3":0.0,"RIOK1":0.23075838892184,"CCT7":0.5057893757741105,"ABCE1":-0.16634977162583486,"TOMM40":0.679610154265953,"PFDN2":-0.11086559307130776,"ARMC6":-0.1486924395641358,