{"Blast Percent":{"min":-11.0,"max":11.0,"top_text":"High Blast Percent Correlation","bottom_text":"Low Blast Percent Correlation","map":{"PSMD4":-0.020635984763530523,"PSMC3":-1.4096035255899042,"PSMD11":-2.0829770899652122,"PSMD14":-1.8090078932428866,"DRG1":-0.15841931046490346,"PSMC2":-2.731942924220445,"COPS2":-0.13618497057052079,"PPP2R1A":-1.0113817070883602,"UFM1":-1.292415154020936,"PSMB2":-0.8127794141599517,"EIF2B1":-1.9089337814924119,"PSMC6":-0.37231779965120826,"ETF1":-0.9089729020656836,"PSMC5":-1.740037480759477,"PSMA6":-0.9343683615338271,"DNAJC2":-0.2818313965457103,"DCTN3":-1.6302554617653113,"UBE2M":-0.01971789233558775,"RWDD1":-0.6269523241808689,"PSMB3":-0.38900709502310293,"PSMD3":-3.151596888622102,"PAFAH1B1":-0.8941490594954561,"PSMD7":-0.8665913376249944,"PSMA3":-0.33957706969983037,"PSMD8":-2.119543467118435,"PSMB1":-0.10696155512657993,"PSMD6":-3.2212600448317437,"HSPA8":-1.2026813871568238,"PSMD13":-4.117267271889447,"PSMA4":-0.08968512353078342,"PSMD2":-3.0511986216909186,"HSPA14":-0.9091308869798184,"UBE2K":-1.2559086346456996,"GOT1":-1.7462026025762065,"GDI2":-2.8278378855267867,"USP14":-0.8725166126085377,"PSMA5":-0.20030634305681183,"XPO1":0.5857500169604274,"PSMA7":-0.7852341161687946,"UBE2N":-0.5005158387228695,"DRG2":-0.5992593943060415,"PSMC1":-1.1874804481625492,"PSMA1":-0.4934776922831682,"PSMD10":-0.07267059227717369,"ACP1":-0.24637619035679204,"PSMD1":-2.2681660211921946,"UBE3A":-0.12371605746866794,"PSMC4":-1.0379205162097946,"EIF2S1":-2.613207289842856,"YWHAE":0.12413977051627836,"PSMB4":-0.15500707288721516}},"MuSiC CD14 Mono":{"min":-50.0,"max":50.0,"top_text":"High CD14 Mono Correlation","bottom_text":"Low CD14 Mono Correlation","map":{"PSMC2":3.9774904838243184,"PSMA5":0.36100457589991386,"UBE2M":-5.74647315359,"EIF2B1":4.178901496039217,"UBE3A":-0.04580304149176501,"PSMC3":1.5394606019039132,"PSMA4":0.5324251961299412,"UBE2N":0.15371404614701137,"PSMD1":2.871113388995566,"EIF2S1":2.0725065063446872,"PSMD7":2.0340472622238037,"PSMD14":1.4541129719867671,"PSMD2":1.8932609705089276,"DRG2":1.4002955100791745,"DRG1":-2.219834152962862,"PSMD3":1.6228124477320665,"COPS2":-1.109760767193383,"PSMB1":1.8575837870435175,"PSMD13":2.005657590495357,"ETF1":1.7682373029803882,"PSMD6":2.1798486398915458,"USP14":-1.3858062703127574,"ACP1":-1.3218026152374387,"PSMC5":2.3494073593785254,"RWDD1":0.37839878007009853,"XPO1":-1.4175754679797263,"PSMA3":1.3983308988334737,"PPP2R1A":3.099205687022397,"UFM1":0.33324090018959696,"PSMA7":1.7396242061405585,"PSMA1":1.1725843162233396,"PSMD8":1.0907173529401304,"PSMC6":0.8705567162556247,"PSMD11":1.9293491318653666,"PAFAH1B1":5.488764244279504,"HSPA14":-0.12015075816943724,"GDI2":7.843767394128772,"PSMD4":0.7604382774080172,"PSMB4":2.124845475690792,"PSMA6":2.8946572204263425,"PSMC4":1.2756012843941646,"PSMB2":2.1776064316722787,"PSMD10":-0.028258474088553906,"GOT1":0.1497533418590504,"UBE2K":2.050421181577784,"DNAJC2":-0.972633944268295,"DCTN3":6.024744201255712,"HSPA8":0.21490910916296246,"YWHAE":-0.16466344982753647,"PSMC1":1.8306433569825162,"PSMB3":1.6608238412459608}},"Overall Survival":{"min":-6.0,"max":6.0,"top_text":"High Survival Correlation","bottom_text":"Low Survival Correlation","map":{"PSMC4":0.09306528491929081,"RWDD1":0.1496580013457067,"HSPA8":-0.07295063683679716,"PSMD13":-0.4682574631377838,"PSMA3":-0.05405878126401016,"PSMC2":-0.1897509221436456,"PSMA6":-0.13850451271556555,"UBE2M":-0.9517093549070187,"PSMD3":-0.04159084324827069,"PSMB3":0.22948333757947714,"DRG2":0.18121665902466302,"DRG1":-1.3305773613706058,"HSPA14":0.24377441694367114,"XPO1":-1.4550714447644295,"PSMC3":0.14385731304904725,"GOT1":-1.230547695057882,"PSMC1":-0.021872487916706797,"EIF2S1":0.1529988141370025,"PSMD8":-0.994124988906646,"PSMC6":0.03383536806299971,"ETF1":1.214005067007338,"PSMA4":-0.1277913702582444,"PPP2R1A":0.026748844471600832,"PSMB2":-0.7118698148965443,"ACP1":0.44044665121545823,"PAFAH1B1":0.1368640817184602,"PSMD1":0.17543280244405457,"DCTN3":0.570581338447561,"PSMD2":0.7261992125092539,"UBE2N":-0.6702398410257597,"PSMA5":0.4643476707450346,"GDI2":0.7780504473873987,"PSMD14":-0.16537730410760274,"UBE2K":-1.1064461538761774,"USP14":-0.0949056955005452,"PSMC5":0.355332681980446,"PSMD6":0.24627355896255818,"UBE3A":-0.01911298860480445,"PSMD4":0.601283888840335,"DNAJC2":-0.4974743573525912,"PSMD11":-0.03634128157736263,"UFM1":-2.061019393329971,"PSMA7":0.20163659185461907,"PSMA1":0.09159994296182927,"EIF2B1":-0.4877818494579154,"PSMD7":0.11718995816337002,"PSMB1":-0.07472750596432386,"PSMB4":0.053755969014917304,"PSMD10":-0.8932994461609902,"COPS2":-0.19359062839030816,"YWHAE":-0.5509604084690057}},"Mutation NPM1":{"min":-30.0,"max":30.0,"top_text":"High NPM1 Correlation","bottom_text":"Low NPM1 Correlation","map":{"XPO1":0.6703624323215266,"PSMC2":1.2139266722770805,"PSMD13":-3.176753337836246,"PSMA6":0.04048339783800986,"PSMD10":-0.3644394417745957,"PSMC4":0.13244459801459507,"PSMD11":-1.1605654903205653,"PSMA7":0.08580847906426262,"PSMD8":-0.9196043805216164,"COPS2":-2.1101147376874865,"PSMB1":0.07942577826830313,"UBE2K":-0.10932889437077044,"PSMD14":1.1580674389224166,"DNAJC2":1.5278924185792282,"DRG2":0.027006121159068145,"DCTN3":0.11578318876651465,"ETF1":0.5720134202995705,"PSMB4":0.06330607615928294,"PSMA3":0.022483613565705808,"HSPA8":-1.109637443395507,"PSMB3":0.06644468115503709,"UBE3A":-3.517287949608765,"HSPA14":1.0778646779150132,"RWDD1":0.08562905906735606,"PPP2R1A":-1.1218880837134002,"PSMD3":-1.9540168438234147,"PSMC1":0.4215582740288365,"USP14":-5.551333472536455,"PSMB2":0.5572181188037039,"EIF2S1":-1.3760823939384406,"PSMD2":-2.1061319232346625,"PSMC5":-0.513726097860457,"PSMA5":0.37706269624959127,"UBE2N":-1.4193757026652902,"YWHAE":0.024387365718097163,"ACP1":-0.7577630712230756,"PSMC6":0.039099858289298586,"GDI2":0.0070276663780892415,"UFM1":0.1261931835311956,"PSMD4":1.0390171966197843,"UBE2M":-4.5197693237220395,"PSMC3":-1.3379353698094445,"PSMD6":-2.3736683343591696,"PSMA4":0.2375699496000761,"GOT1":0.5969841552931514,"PSMD1":0.43232886131262993,"EIF2B1":-0.1924289122416995,"DRG1":-0.41594352046413346,"PSMD7":0.2493092946565739,"PSMA1":0.5446826300587723,"PAFAH1B1":-0.04257618258556401}},"Mutation FLT3 ITD":{"min":-10.0,"max":10.0,"top_text":"High FLT3 ITD Correlation","bottom_text":"Low FLT3 ITD Correlation","map":{"GOT1":0.19554836845027207,"HSPA8":0.001898457853518998,"PSMD3":-0.5810032902766465,"PSMD4":1.3795618165961643,"PSMA7":0.2270064004483134,"UBE2M":-4.418356512066106,"PSMA1":1.0774211117185255,"ETF1":2.183183758685524,"PSMD6":-0.6893578839080624,"ACP1":-0.11306046176518997,"HSPA14":-0.22859611549528075,"UBE2N":0.2428078233943178,"PSMD2":0.1956599107665046,"XPO1":0.2544644500796783,"PSMD14":0.42283331310834377,"PSMD13":-1.1571030697763978,"COPS2":-0.7100786347873926,"PSMD1":0.11784702006949077,"PSMC2":0.30683568581840703,"PSMC3":0.3010401983383064,"DRG1":0.14079560371336117,"PSMA5":0.6600605751071296,"PSMC4":0.6883981511442515,"EIF2B1":0.2984209898774911,"PSMB3":0.16251802541836244,"DRG2":0.3536882907406483,"YWHAE":0.6321194024960436,"PSMC1":0.23112092042832388,"DNAJC2":2.122428293731298,"PSMC5":0.005577146424971855,"UBE3A":-1.1099667616777529,"PSMA6":0.18071520900539922,"PSMB4":0.22200772469519983,"RWDD1":0.8453245215277674,"PSMA3":1.059551080447883,"UBE2K":0.07124316285566303,"PSMB1":0.3808800496503802,"PSMA4":0.04806838426178031,"PSMB2":0.17313063906487705,"UFM1":0.1050637028257405,"PAFAH1B1":-0.29075218069417696,"PSMD10":-0.027489521485923214,"PSMD8":0.07317965446696642,"EIF2S1":0.6235279188743552,"PSMD11":0.04860338995874558,"GDI2":0.9983000321419869,"DCTN3":-0.16183341277244528,"PSMD7":0.17019852858388143,"PPP2R1A":-0.7517559486201403,"PSMC6":0.4818727422517625,"USP14":-1.8830628276244739}},"NPM1 Subtype":{"min":-37.0,"max":37.0,"top_text":"Committed NPM1 Subtype","bottom_text":"Primative NPM1 Subtype","map":{"GOT1":-0.5995692294066391,"XPO1":-1.6671056804186337,"HSPA14":0.25086788349298716,"UBE2K":0.7605730538188555,