{"Blast Percent":{"min":-11.0,"max":11.0,"top_text":"High Blast Percent Correlation","bottom_text":"Low Blast Percent Correlation","map":{"PPP1R12C":-2.4371395797572837,"MOB3A":-0.727069351247255,"HCLS1":-1.9933700266897372,"ACTR2":-5.092279667014953,"COTL1":-2.9812391499443787,"DEF6":-1.0024550832503853,"CORO7":-0.5416310181184557,"ARHGAP27":-2.870828028853152,"PREX1":-0.5224768065072679,"CCDC88B":-4.193834479590735,"ARHGEF1":-3.2498749077791698,"SH3BP2":-3.4391659581264373,"SH3BP1":-1.0603487195936083,"ARHGAP9":-2.582558991805526,"SYK":-2.8580218180136763,"SH3KBP1":-2.289756491523073,"APOBR":-2.434217586647966,"SIPA1":-1.7933570392065759,"NCF4":-6.302999793433967,"RNF166":-0.32095696738267604,"ARHGAP30":-1.3207982968138874,"NEDD9":-3.5265136469542804,"FMNL1":-0.8256287817621268,"UBXN6":-0.1675794606447112,"LRRFIP1":-1.9739925408215833,"ANKRD13A":-2.252053523611238,"SH2D3C":-2.079838992100728,"BIN2":-1.2114630591560205,"DENND4B":-3.0991717411344344,"RHOA":-0.44199059585233197,"LRCH4":0.06252255044415629,"IKBKG":-3.5512211459081473,"ARHGAP45":-1.0543336451430547,"STK4":-1.0072288784779213,"STK10":-4.114022607726528,"AKAP13":-1.9127594050232717,"OSTF1":-2.491216247203424,"ARHGAP4":0.10000243799958387,"SBNO2":-0.8154048769420515,"EFHD2":-5.843611383064671,"TYK2":-2.6500442954573025,"TRIM25":-1.2217001839191042,"VAV1":-2.84685750325997,"CBL":-1.8041329373669555,"GMIP":-2.7025237205787116,"PSD4":-3.0799247812540136,"PTK2B":-4.1647932414773505,"FGD3":-2.245530628528978,"PFN1":-3.8154901834730937,"CSK":-1.382275903739603,"ACAP2":-5.86810338087674}},"Overall Survival":{"min":-6.0,"max":6.0,"top_text":"High Survival Correlation","bottom_text":"Low Survival Correlation","map":{"APOBR":0.27192535517379,"COTL1":0.6925282267696662,"PFN1":0.7728410512381187,"AKAP13":0.07614994774970318,"PTK2B":-0.690835640877315,"CBL":-0.055113403728386495,"ARHGAP4":0.7256912695415095,"PREX1":0.6801279886938615,"FGD3":-0.26364532941296254,"DENND4B":0.30664503871972887,"ARHGAP30":0.4556488122426129,"CCDC88B":-0.348710115767677,"NCF4":0.018447248111252774,"RHOA":0.49192030397277065,"ACAP2":-0.14728524994708675,"CORO7":0.24072542455317503,"SYK":-1.2171965336417503,"GMIP":-0.05036303189684937,"SBNO2":-1.1277842905639792,"SH2D3C":0.6633699928777778,"ACTR2":1.0890581337930718,"LRCH4":0.57657607314067,"TRIM25":0.2458395830255259,"STK4":1.2793127834621576,"BIN2":2.1682417082679053,"CSK":1.2751334827472744,"MOB3A":0.048378108780639244,"SH3BP2":-0.8253378273490048,"RNF166":1.361444302277086,"STK10":3.3917774320831833,"ARHGAP27":0.5072628762619831,"ARHGAP9":-0.04185608271033079,"TYK2":-0.2509387737634646,"UBXN6":0.5481636457198487,"ARHGAP45":0.6669417541536772,"DEF6":0.938138295033274,"NEDD9":-0.08858994358281652,"VAV1":-0.25191739821997555,"HCLS1":0.364212631594191,"FMNL1":0.4515410718503309,"EFHD2":0.049421647840428726,"ANKRD13A":-0.13859231270849257,"SH3KBP1":0.5826056003025487,"LRRFIP1":0.25084021368941056,"ARHGEF1":0.42728744764525145,"PSD4":2.401997506163094,"SIPA1":0.9491718197982356,"SH3BP1":0.7749091994819717,"OSTF1":-0.006172834229140574,"IKBKG":1.1962934655393556,"PPP1R12C":0.0008347486246957841}},"Mutation NPM1":{"min":-30.0,"max":30.0,"top_text":"High NPM1 Correlation","bottom_text":"Low NPM1 Correlation","map":{"SH2D3C":-0.44360020095038094,"UBXN6":-0.43749083355783586,"LRRFIP1":0.025975482205049392,"PFN1":-0.05540330155768563,"ARHGEF1":0.5026792348531952,"ARHGAP4":-0.6203407684436311,"APOBR":0.9081217848544987,"NCF4":-0.06603614397354492,"ANKRD13A":-0.5263331828049226,"SBNO2":-0.7376710648229391,"ARHGAP9":-0.41609374198423604,"LRCH4":1.5934344376857894,"SH3BP2":0.6080902528711812,"STK4":1.9401933448277442,"SIPA1":-0.20209628049621878,"PSD4":0.3151335745812089,"GMIP":1.7590989183687868,"SH3KBP1":-0.37910257304798384,"CBL":-0.9976313037172426,"CORO7":1.1815703688672576,"NEDD9":-0.30024424500673824,"PPP1R12C":-0.5821218063492997,"SYK":-0.42070828319837483,"VAV1":-0.20662010535342815,"ARHGAP27":0.03979593038792623,"ARHGAP45":0.8361432517201013,"FMNL1":0.15333205102289163,"COTL1":-0.11576972222694863,"DENND4B":-0.8062060868524575,"ACAP2":-0.0659120169545002,"TYK2":0.7299182684218118,"MOB3A":1.3634208273921122,"IKBKG":-0.016851167492180213,"PTK2B":-2.9874212761273538,"SH3BP1":2.126417543906806,"TRIM25":-0.009583914399497226,"CCDC88B":2.022921263002982,"AKAP13":0.0014025310704271195,"DEF6":-0.0740767715741856,"RNF166":0.17030174425969716,"PREX1":-0.20094114492974988,"EFHD2":0.2616066141334628,"ACTR2":-0.6903989556768801,"CSK":0.9528336097970239,"ARHGAP30":0.8700430709677675,"STK10":0.22485980138744657,"BIN2":-0.0323925221172327,"OSTF1":0.7619387060871745,"HCLS1":0.7455127006592046,"FGD3":0.8175592630143554,"RHOA":-0.33373037894749846}},"Mutation FLT3 ITD":{"min":-10.0,"max":10.0,"top_text":"High FLT3 ITD Correlation","bottom_text":"Low FLT3 ITD Correlation","map":{"CBL":-2.0880097101636164,"SYK":-0.06745054201500636,"TYK2":0.48426125582523594,"ANKRD13A":-0.6025151827605831,"CORO7":0.7545708421780305,"RNF166":-0.38398279093489185,"LRRFIP1":0.07616859757821212,"FMNL1":-0.4779161781845655,"CSK":0.25613328241541566,"PSD4":-0.2471596562787566,"SIPA1":-0.33912518849589657,"TRIM25":-0.0940043073093102,"GMIP":0.47103087401243593,"SH3BP1":-0.18986278516761168,"HCLS1":-0.1546291183568013,"NEDD9":-0.33948806828437517,"MOB3A":-0.5618755601524482,"VAV1":-0.028394414884949492,"ARHGAP9":-0.7361304892693097,"NCF4":0.045925508444055255,"UBXN6":-0.4313779842674909,"FGD3":0.23587252171818257,"OSTF1":-0.45604428711300016,"DENND4B":-0.8556516554798511,"RHOA":-0.011046250728907378,"SH2D3C":-0.7761396065450897,"COTL1":-0.4107687224794325,"PREX1":-0.4198006206472135,"SH3KBP1":-0.6099844261485831,"IKBKG":-0.33592360354730083,"EFHD2":0.23261934874262663,"CCDC88B":-0.22748507393827974,"STK4":0.43998027024343617,"ARHGAP30":-0.046081310524825385,"ACTR2":-1.2628603739252766,"BIN2":-0.4794489911617908,"STK10":0.3518909921157838,"ARHGAP27":0.1891539962684581,"ARHGEF1":-0.7090850600520918,"LRCH4":0.9653814404654478,"ARHGAP4":0.23793450625243256,"ARHGAP45":-0.31428598942368563,"PTK2B":-2.4335723272507286,"PFN1":-0.09500223794373736,"SBNO2":-0.9790250532224632,"APOBR":-0.17419976821802877,"AKAP13":-0.25161108670234594,"DEF6":0.3179215406609943,"PPP1R12C":-1.158687001163577,"ACAP2":0.2045360907722772,"SH3BP2":0.5241372796904059}},"MuSiC CD14 Mono":{"min":-50.0,"max":50.0,"top_text":"High CD14 Mono Correlation","bottom_text":"Low CD14 Mono Correlation","map":{"HCLS1":16.656866679957332,"CCDC88B":20.360351791042945,"LRRFIP1":15.115574789377568,"PREX1":15.097170490051871,"ARHGAP27":13.771860732365552,"DENND4B":23.041220362074743,"PTK2B":14.689544229442577,"EFHD2":33.10523128224174,"OSTF1":30.945023571579117,"ARHGAP30":21.301830479336605,"CORO7":4.644263262374702,"NEDD9":20.796128852135848,"CBL":19.518588068698016,"SH2D3C":19.14148732372308,"TRIM25":14.73726704406685,"ARHGAP45":24.9899149918335,"ACAP2":20.596630209999333,"PPP1R12C":11.254417049305104,"MOB3A":16.294955034596644,"STK4":12.184406468173236,"APOBR":25.2183829337211,"LRCH4":7.416932125910072,"SH3BP2":11.751724047509104,"ANKRD13A":13.925669204567436,"GMIP":28.262818052651006,"FMNL1":16.05640101863911,"PFN1":20.228860549646154,"ARHGAP9":10.630450387791536,"SH3KBP1":13.778617110124268,"TYK2":27.424883158176154,"SBNO2":3.4709653478698037,"AKAP13":27.52093227311249,"STK10":10.865976124596912,"SH3BP1":11.542878913563653,"ARHGAP4":2.9880118184741575,"SYK":30.9076845635036,"COTL1":22.612930305412448,"ACTR2":19.95160462561039,"BIN2":9.395333371327261,"IKBKG":17.09949150958655,"CSK":13.96531535718625,"VAV1":16.401403705717435,"FGD3":20.385566344354714,"RHOA":14.64093540558552,"DEF6":2.855497235150104,"RNF166":6.591675311671596,"UBXN6":0.32281604748384135,"ARHGEF1":24.744850804291993,"SIPA1":4.478476327631307,"PSD4":13.900207797026678,"NCF4":33.52657798064615}},"NPM1 Subtype":{"min":-37.0,"max":37.0,"top_text":"Committed NPM1 Subtype","bottom_text":"Primative NPM1 Subtype","map":{"EFHD2":23.496971224776196,"RNF166":5.266946354498668,"ARHGAP27":14.206132911276503,