{"Mutation FLT3 ITD":{"min":-10.0,"max":10.0,"top_text":"High FLT3 ITD Correlation","bottom_text":"Low FLT3 ITD Correlation","map":{"DOP1B":0.0679461924613349,"CEACAM8":-1.9023265614058176,"CLTCL1":0.0,"S100A9":-1.1137848617687773,"KBTBD11":-0.9447407127546201,"CDA":-0.6688823465976622,"BPI":-1.1663274018068688,"MTARC1":0.2741810198025682,"HP":-1.3851421860172897,"PADI2":-0.9370348423922321,"SRGN":-0.8910107137647496,"DNAJC5":-0.16122570612363318,"AP5B1":-1.243863427366093,"ACTN1":-1.2467519786399768,"ANKRD22":-0.7895526347273564,"MARCKS":-0.6117563295803227,"MTF1":-0.7511148874134157,"MS4A3":0.0,"CSTA":0.10951046119147137,"PEAK3":-0.6043712709155988,"SLCO4C1":0.23776374239616818,"RAB27A":-1.6243187688143816,"ATG7":-0.08094884340709299,"S100P":-1.6472658785911822,"SERPINB10":-0.8656745141962935,"LYZ":-0.39754593297508745,"OLR1":-1.696134365793317,"MGAM":-0.9698130567883714,"MSRB1":0.1926877494358869,"LRG1":-1.6072132840488056,"CLEC5A":-2.6286148250293264,"BST1":-0.3316902226865898,"MNDA":-0.17897922617597087,"LYST":-0.13655246716180647,"DYSF":-0.8717485646355758,"CAMP":-3.2071552567468005,"MCEMP1":-0.88189359207128,"S100A8":-1.188206156875096,"ELANE":-1.1129468065633672,"SLPI":-2.5042813411681837,"CEBPE":-1.4989363542327905,"RNASE3":-0.503265180086372,"PRTN3":-1.3866444705043506,"ARL11":-0.06864743757600916,"LTB4R":-0.5275359936262383,"RNASE2":-0.8820015916698496,"CTSG":-0.6479019092618672,"FCAR":-1.2104563684904852,"AZU1":-0.8733235568333297,"DEFA4":-1.1447407261206168,"LILRA2":-0.5509731000684766}},"Overall Survival":{"min":-6.0,"max":6.0,"top_text":"High Survival Correlation","bottom_text":"Low Survival Correlation","map":{"MS4A3":0.0,"RAB27A":-0.26739750804550066,"LILRA2":-0.6691422699462204,"DNAJC5":-0.1066486579191146,"S100A9":-0.23830462424115587,"MTF1":0.07455553030430989,"CEACAM8":-1.0697673714842675,"BPI":-0.5194628787204726,"MGAM":-0.6589996346366641,"CSTA":0.053875049063715735,"MNDA":-0.6837059983249677,"PADI2":-0.2804978989739259,"MTARC1":-0.32829426691215613,"DOP1B":0.017470627904535373,"ACTN1":0.8515217918370055,"CLTCL1":0.0,"KBTBD11":-0.9585925987708666,"RNASE3":-0.7975966146590289,"AP5B1":-1.788704086984772,"OLR1":-0.3660211344448926,"ARL11":-0.06258618337942033,"LYST":-0.5450182964232977,"RNASE2":-0.0700290204575429,"ELANE":-0.12665419013909082,"S100P":-0.13656242689248263,"MCEMP1":-0.5571530804382967,"S100A8":-0.4830674302025152,"LYZ":-0.9725158068358468,"PRTN3":-1.1273886722684097,"CLEC5A":-0.368774065118409,"CEBPE":-0.40099758706753147,"LRG1":0.01541124497957559,"SLPI":-0.013050535121067092,"ANKRD22":-0.05559089330865944,"DYSF":-0.22345423584123347,"SLCO4C1":0.1904314460645066,"MSRB1":1.3884067425492836,"AZU1":-0.08927280284911585,"MARCKS":-0.4569111707143705,"LTB4R":-0.6670751783203641,"DEFA4":-0.3427022604451047,"PEAK3":-0.37130909541213303,"SRGN":-0.2328882228253599,"SERPINB10":-0.33620563530097763,"BST1":0.005933080395163951,"CAMP":-1.814312335903893,"FCAR":0.07659138578772037,"CDA":-0.2136108371504108,"ATG7":-0.02077491195148693,"CTSG":-0.6555381294808762,"HP":0.12414139404309579}},"NPM1 Subtype":{"min":-37.0,"max":37.0,"top_text":"Committed NPM1 Subtype","bottom_text":"Primative NPM1 Subtype","map":{"OLR1":0.31225185190821614,"BST1":10.021586889923153,"SLCO4C1":9.858927721736613,"ARL11":6.0305740418975695,"RAB27A":9.648279992472382,"CLTCL1":0.0,"CTSG":0.901137661408873,"CLEC5A":4.005604816669854,"MARCKS":11.138076006323027,"CDA":16.83015438469037,"LRG1":5.570563273819672,"SRGN":11.63968791582331,"CSTA":12.209248197472256,"DEFA4":2.4649731676786626,"DOP1B":6.618147147695052,"BPI":2.679713627043162,"AP5B1":3.2329091080657504,"LTB4R":14.802526893139397,"MNDA":20.684180759458712,"S100P":2.6755853139322197,"HP":7.781076419679904,"MCEMP1":20.619876989277646,"LYST":10.582857226872528,"ANKRD22":16.757291548799543,"RNASE3":2.4897829861280623,"LYZ":12.639380109561376,"ATG7":18.12137069384102,"S100A8":16.612739689259254,"CAMP":0.2294030639218172,"DYSF":14.228896934768331,"RNASE2":3.8468544744329445,"LILRA2":22.07365755775517,"SERPINB10":11.672827410288022,"MTARC1":9.477936929415646,"S100A9":16.32157484099056,"KBTBD11":4.81614332363162,"MSRB1":3.643835499527735,"PEAK3":16.94291514998268,"SLPI":1.4610466260543569,"MTF1":22.249910581390672,"DNAJC5":10.73333268017894,"PRTN3":1.1134707796294145,"MGAM":3.4984670913872216,"ELANE":0.27917510460726175,"MS4A3":0.0,"PADI2":9.17436311062147,"FCAR":12.26943762499202,"AZU1":0.9579595129432067,"CEACAM8":2.5020257380119126,"CEBPE":2.6884145482914623,"ACTN1":3.789228033001342}},"Mutation NPM1":{"min":-30.0,"max":30.0,"top_text":"High NPM1 Correlation","bottom_text":"Low NPM1 Correlation","map":{"S100A8":-1.9797069615275174,"RNASE3":1.027834841682377,"PADI2":-1.617794215229134,"ATG7":1.3269031097925,"DOP1B":0.27566229454562086,"RNASE2":1.3683656810949252,"DEFA4":0.1392368094856371,"OLR1":-5.825045792349477,"CAMP":-7.237394604395017,"MARCKS":0.08562052564508797,"AP5B1":0.23018558217311985,"MCEMP1":-0.36351144945271346,"ACTN1":-0.944641713774998,"LYZ":0.2437586540141673,"CLTCL1":0.0,"SERPINB10":0.054166503028258595,"KBTBD11":0.13785256057648929,"ARL11":-0.6557861457348033,"CEBPE":-1.5281702056380118,"DYSF":-0.3201907029064397,"SRGN":0.9131226827227121,"CDA":0.0482885970923996,"CTSG":0.13089724177739673,"LYST":0.3071074538787278,"ANKRD22":0.37180395150320167,"SLCO4C1":0.1507313658194979,"MTARC1":1.0240630980862173,"PEAK3":0.31244373163600747,"CEACAM8":-3.6679290098914734,"MSRB1":0.6515518178442914,"DNAJC5":-0.08751682033151269,"RAB27A":0.192828717901183,"LRG1":-0.5513841500529568,"S100A9":-2.2988673507799655,"SLPI":-2.9576089318717385,"MS4A3":0.0,"MGAM":-2.1603996166563477,"CLEC5A":-4.120501336493778,"ELANE":-2.681366728857159,"LILRA2":0.30656981630765945,"S100P":-5.596362640516462,"LTB4R":-0.08776117408484221,"AZU1":-0.44861003465387195,"BST1":-0.3775517322734794,"MNDA":0.4003844642323933,"FCAR":-2.0751507886110385,"HP":-0.3049316135312478,"PRTN3":-3.43279236684915,"MTF1":0.23446197095177965,"BPI":-2.480854487202839,"CSTA":1.0417418583451368}},"Blast Percent":{"min":-11.0,"max":11.0,"top_text":"High Blast Percent Correlation","bottom_text":"Low Blast Percent Correlation","map":{"OLR1":-4.280010701427925,"ELANE":-0.8098734776252696,"SLCO4C1":-4.210975177967711,"MARCKS":-4.362816407069534,"BST1":-4.161992725496231,"SRGN":-3.0212590913650588,"MGAM":-4.799293066097696,"ATG7":-4.937583420429171,"FCAR":-4.8133620079862345,"MCEMP1":-8.206782193515835,"DYSF":-6.174971619900096,"MTF1":-5.1335314089865465,"MS4A3":0.0,"CEACAM8":-5.361239076268032,"PRTN3":-2.533830598514226,"BPI":-6.413900278164161,"MTARC1":-2.0006394108612326,"S100A8":-9.031405664331206,"CEBPE":-2.027099440183105,"RNASE2":-1.7494543761135637,"CSTA":-2.7689495321923743,"RNASE3":-1.0294675308800991,"HP":-3.700399831292657,"DEFA4":-3.436954634091892,"CTSG":-1.509856223363492,"SLPI":-1.7511254566359233,"LYZ":-1.427606023666051,"CLEC5A":-3.541495554472262,"S100A9":-9.878657917074811,"LYST":-0.7595776369911179,"SERPINB10":-2.966005229822383,"LRG1":-5.854074569114515,"RAB27A":-0.9938635341511712,"ANKRD22":-3.614226242655857,"AP5B1":-0.6018668258382422,"KBTBD11":-0.3781931291789889,"CAMP":-2.5741344166308915,"MSRB1":-2.324924775441482,"MNDA":-2.586885983553489,"ACTN1":-5.070171822965865,"DOP1B":-0.9533307820389493,"ARL11":-0.441701457715778,"S100P":-4.618506255879414,"LILRA2":-3.7258174592387143,"LTB4R":-5.083145307188387,"CLTCL1":0.0,"DNAJC5":-3.616107663485694,"PEAK3":-5.373875797483724,"AZU1":-0.8597922355294522,"PADI2":-5.80201069136217,"CDA":-5.4376372914419315}},"MuSiC CD14 Mono":{"min":-50.0,"max":50.0,"top_text":"High CD14 Mono Correlation","bottom_text":"Low CD14 Mono Correlation","map":{"MGAM":4.372704167281817,"CEBPE":2.0655880451365607,"RNASE2":4.7316382614701205,"ATG7":25.61314330732795,"DEFA4":2.5009189256734605,"ELANE":0.5637902484140455,"ANKRD22":18.911093018962948,"LYZ":16.05749843246149,"DYSF":21.61554225413351,"LILRA2":24.413606672280604,"SERPINB10":13.22019050368066,"DOP1B":7.584025929583892,"S100P":2.5708002794349136,