{"Mutation NPM1":{"min":-30.0,"max":30.0,"top_text":"High NPM1 Correlation","bottom_text":"Low NPM1 Correlation","map":{"HSPA8":-1.109637443395507,"HGS":-0.4000089188896549,"DIS3":2.4550540145753024,"GORASP2":1.5836911197617634,"C2orf49":0.18569511830188642,"ITCH":-0.5307995623621549,"NHLRC2":-1.6384188709685843,"PSMC6":0.039099858289298586,"USP14":-5.551333472536455,"SUB1":0.3557418423641169,"ARPC1A":-2.8390169159147964,"CUL3":-2.2515911466766627,"KRAS":0.3120119779791907,"PFN1":-0.05540330155768563,"AGFG1":-0.060762707880456256,"RAB9A":1.9673013074916559,"VCP":0.11302685320097508,"UBE3A":-3.517287949608765,"SNX6":3.540931560481162,"NRAS":-1.9652942125766553,"G3BP2":0.007413685822197673,"UBE2I":-0.658385173888684,"XPO1":0.6703624323215266,"PCNP":0.1469077450745856,"PPP2R1A":-1.1218880837134002,"SNX1":0.008074979537345822,"CRKL":-1.2396477708345952,"RBM27":3.248952142218562,"EXOC7":-0.5668403766590914,"RAB5A":0.01577026018868355,"SCYL2":1.5415320399736325,"PSMA1":0.5446826300587723,"SEC24B":2.925339554469748,"RAB11A":0.0,"VPS26C":3.5847218901767746,"SNX4":0.30318099045901786,"XRCC6":0.030032247945212753,"WDR44":-1.5686219626837115,"LRRC40":0.3677514319798719,"ARPP19":-0.042305012015128776,"NIF3L1":-2.466989974270597,"ACTR3":-0.3600422328488173,"DYNC1LI1":1.6875353024464081,"PTPN23":4.124566351987189,"SH3GLB1":0.4709639330773141,"ELAVL1":0.2530478366993009,"STX7":-1.4667243273059174,"CUL2":-3.8418835669647695,"DRG1":-0.41594352046413346,"USP47":-0.30156055835214646,"UBL7":-1.7090728245124382}},"Overall Survival":{"min":-6.0,"max":6.0,"top_text":"High Survival Correlation","bottom_text":"Low Survival Correlation","map":{"UBE3A":-0.01911298860480445,"RBM27":0.14779286553730234,"PCNP":-0.685782641460496,"HGS":-0.15261306687825335,"EXOC7":0.1711262489083932,"RAB5A":0.10054113953336556,"WDR44":3.723943751890381,"SNX4":0.18212574399746806,"G3BP2":-0.6645317930333312,"RAB9A":0.195283854935229,"XRCC6":-1.1506252357315108,"ARPC1A":-1.0892064035152418,"PTPN23":-0.7871918891209322,"C2orf49":-0.5700217371911808,"CUL3":-1.647714267501817,"CUL2":-0.151290640702952,"PSMC6":0.03383536806299971,"RAB11A":0.0,"CRKL":-0.1095140450682099,"DIS3":-0.9053251269956957,"ACTR3":1.1356501221815636,"SUB1":0.6180835403046788,"GORASP2":-0.7606077671104642,"PSMA1":0.09159994296182927,"SEC24B":-0.9393879143140543,"STX7":0.5813517976991404,"USP14":-0.0949056955005452,"NRAS":0.39825985156005594,"HSPA8":-0.07295063683679716,"XPO1":-1.4550714447644295,"USP47":-0.6827325919895487,"SH3GLB1":-0.35320541717138504,"UBL7":0.2344679181915149,"UBE2I":0.42681407910395563,"PPP2R1A":0.026748844471600832,"NHLRC2":-0.021931789283060943,"AGFG1":-0.05467595548829726,"ITCH":2.462498573834689,"ARPP19":-0.5874321623564922,"NIF3L1":0.1596487161238583,"VPS26C":0.12929300713925243,"DYNC1LI1":0.5343709055174696,"KRAS":0.32504972471163424,"ELAVL1":-1.1786608147175661,"VCP":-0.43301810464155616,"SNX6":0.2838884086646696,"SNX1":-0.2607690358378586,"PFN1":0.7728410512381187,"LRRC40":-0.787450443393461,"SCYL2":-0.06231533550620665,"DRG1":-1.3305773613706058}},"Blast Percent":{"min":-11.0,"max":11.0,"top_text":"High Blast Percent Correlation","bottom_text":"Low Blast Percent Correlation","map":{"UBE2I":2.6558436032342922,"SUB1":1.7633986421342307,"G3BP2":0.18700152513148013,"SNX6":-0.19845975571555124,"HGS":-0.7485978509498585,"PFN1":-3.8154901834730937,"AGFG1":-3.446671427321934,"LRRC40":-0.3379087395290488,"RAB9A":-1.5714241018676598,"SNX1":-3.35000266043728,"SH3GLB1":0.6780773070358642,"KRAS":-2.1693013764878573,"XPO1":0.5857500169604274,"NHLRC2":-1.3624088459058852,"UBE3A":-0.12371605746866794,"WDR44":-2.5737271679641687,"CRKL":-1.2254999846161791,"DYNC1LI1":0.010532710015210667,"STX7":-1.9700777977188588,"PTPN23":2.0227476240387,"RBM27":4.328843456983898,"PSMA1":-0.4934776922831682,"RAB11A":0.0,"DIS3":3.07830144105194,"HSPA8":-1.2026813871568238,"CUL3":-0.6497114066515164,"EXOC7":-0.8870145995148783,"PSMC6":-0.37231779965120826,"USP14":-0.8725166126085377,"CUL2":-2.087471471563317,"ARPC1A":-1.2287747549535046,"USP47":-1.844437566109661,"SCYL2":-0.028664307200413092,"XRCC6":6.883140844952099,"GORASP2":0.34338603950535873,"ITCH":-0.1459882833823714,"RAB5A":-1.4401429011325702,"NIF3L1":-0.7134911522919984,"ACTR3":-3.685358872591291,"PPP2R1A":-1.0113817070883602,"UBL7":0.1959336594440809,"SNX4":0.11951840679732381,"PCNP":0.6697437578430413,"C2orf49":1.4000789819041337,"ELAVL1":5.4261742330537475,"DRG1":-0.15841931046490346,"SEC24B":1.5661734839042791,"NRAS":0.21279681076895923,"ARPP19":1.3832672952643041,"VCP":-0.7002938526615667,"VPS26C":-0.4888960829231388}},"MuSiC CD14 Mono":{"min":-50.0,"max":50.0,"top_text":"High CD14 Mono Correlation","bottom_text":"Low CD14 Mono Correlation","map":{"RBM27":-5.389839667639469,"DIS3":-2.52116761118474,"CUL2":3.6143691229224224,"SH3GLB1":0.13294331977148988,"EXOC7":-0.01767039994468693,"SCYL2":0.26944047409165667,"ITCH":2.7462614060020627,"GORASP2":0.4328125519615453,"NRAS":-0.11082924392259495,"ELAVL1":-5.795188363841036,"CUL3":-0.05964923269274174,"LRRC40":0.011168725318002429,"SEC24B":-0.05238791428852772,"ARPC1A":-0.5313949560930716,"HSPA8":0.21490910916296246,"XPO1":-1.4175754679797263,"SNX6":11.340470101656729,"NIF3L1":1.344499717021926,"ACTR3":20.677588883348687,"KRAS":10.118181926267097,"WDR44":2.5979696387190883,"PTPN23":1.9834535469911696,"USP47":0.3660899668065954,"HGS":2.3218548790265987,"PCNP":-4.310207111926245,"VPS26C":6.579618359918953,"UBL7":-0.7061543411387735,"RAB11A":0.0,"UBE3A":-0.04580304149176501,"CRKL":0.16334162558682525,"XRCC6":-13.768965966431818,"DRG1":-2.219834152962862,"NHLRC2":2.475840967817459,"DYNC1LI1":3.5727903365629032,"C2orf49":-8.261366975538971,"PPP2R1A":3.099205687022397,"SNX1":15.212420735811426,"PSMC6":0.8705567162556247,"USP14":-1.3858062703127574,"RAB9A":10.31796902440174,"SNX4":9.40543354495417,"STX7":7.278791771582772,"G3BP2":-0.1295819155366038,"ARPP19":-6.10092553443135,"VCP":1.5189312094049967,"UBE2I":-2.5058671953925273,"SUB1":0.2582620418699546,"PSMA1":1.1725843162233396,"RAB5A":4.168069823818585,"AGFG1":22.46463093814694,"PFN1":20.228860549646154}},"Mutation FLT3 ITD":{"min":-10.0,"max":10.0,"top_text":"High FLT3 ITD Correlation","bottom_text":"Low FLT3 ITD Correlation","map":{"SCYL2":1.5854453599768656,"STX7":-0.3143328177525132,"NRAS":-0.6728593180793161,"DYNC1LI1":0.7615006086954474,"AGFG1":-0.5034296062076125,"PPP2R1A":-0.7517559486201403,"PSMC6":0.4818727422517625,"CUL3":-0.9784886029101236,"C2orf49":0.42140708237866464,"DRG1":0.14079560371336117,"ACTR3":-0.7884901191811549,"CUL2":-1.3828666995623367,"LRRC40":0.25613428224618345,"PTPN23":0.5771321219249228,"EXOC7":0.04759833875197422,"PSMA1":1.0774211117185255,"UBL7":-0.7580799970808675,"NIF3L1":-1.5619998250271268,"ARPP19":0.2629408365675745,"ARPC1A":-1.3022860630002393,"PCNP":-0.6390751250317256,"SNX4":-0.9163514628269375,"G3BP2":-1.4007390876392527,"RAB11A":0.0,"SNX1":0.007234949724781879,"VPS26C":3.291423359724646,"RAB5A":-0.24833186344575767,"VCP":0.6465270878514207,"SH3GLB1":0.05895284791237212,"NHLRC2":-2.5041545125388573,"DIS3":1.8611847318262849,"UBE2I":-0.05420347978693792,"USP47":-0.5105369141269676,"CRKL":0.7048512297285726,"WDR44":-1.8891264377396046,"ELAVL1":0.5913233331491544,"XRCC6":0.27268549802145015,"ITCH":-0.1664592991927066,"HSPA8":0.001898457853518998,"PFN1":-0.09500223794373736,"KRAS":0.07625659147457894,"UBE3A":-1.1099667616777529,"GORASP2":1.8893292635852295,"RAB9A":1.4534097491392703,"SEC24B":0.014658727562563678,"SUB1":0.34953543127015957,"SNX6":1.08680721834708,"USP14":-1.8830628276244739,"XPO1":0.2544644500796783,"HGS":-1.8305867382046899,"RBM27":3.6312829762762044}},"NPM1 Subtype":{"min":-37.0,"max":37.0,"top_text":"Committed NPM1 Subtype","bottom_text":"Primative NPM1 Subtype","map":{"UBE3A":-0.42842692749842537,"DYNC1LI1":3.7202727191927716,"CUL3":0.24580918014352354,"KRAS":6.744270177015504,"HGS":1.1227905349421656,"PCNP":-5.338053488198027,"CRKL":-0.22098269618411695,"SNX4":9.218076396329229,"NRAS":-0.7540354988053936,