{"Mutation FLT3 ITD":{"min":-10.0,"max":10.0,"top_text":"High FLT3 ITD Correlation","bottom_text":"Low FLT3 ITD Correlation","map":{"RCC1":2.6638530170598598,"SHMT2":-1.3618519479601123,"HADHA":2.5432179201004796,"WDR18":0.2227924934929633,"HSPA9":1.4528862874312167,"XRCC6":0.27268549802145015,"IDH2":-0.4032217898275095,"H4C1":0.0,"POLDIP2":1.3509714994528998,"H2AC4":0.0,"GRSF1":-0.051105415437565256,"H4C5":0.0,"EIF4EBP1":-1.2377524637150776,"TSFM":0.4907041039332716,"H4C4":0.0,"MRPS12":1.7361757914742775,"CANX":-0.5196418388990681,"H4C8":0.0,"MRPL11":5.162212456489632,"EFTUD2":0.9191797055219539,"CS":-1.2075195041230298,"CLPP":1.723796926770455,"HSPD1":-0.25777955961214105,"H2BC17":0.0,"COX15":0.4805650285419249,"NNT":0.7683333236791955,"GRPEL1":-1.439211841734193,"MDH2":1.0763205551916817,"H4C2":0.0,"PDHA1":-0.025580503147306685,"MRPS26":4.254320139070882,"PPM1G":0.5997181687126381,"C1QBP":1.602391820244794,"LONP1":-0.06477295393262344,"ATP5PB":1.1442371040927228,"CCT3":0.10963602773179969,"KNSTRN":-1.869237253561682,"GFM1":0.8879254539007689,"LRPPRC":0.9727068591814294,"MRPL37":3.744493898435307,"H4C14":0.0,"CCT7":0.3219961985747694,"PSMC3":0.3010401983383064,"PMPCA":2.93171614685268,"H4C12":0.0,"NUTF2":0.10316660894705632,"COX8A":0.4376282038966664,"MTIF2":4.092942711923383,"H4C11":0.0,"COX4I1":1.36647793888403,"NDUFS8":1.182874687648826}},"MuSiC CD14 Mono":{"min":-50.0,"max":50.0,"top_text":"High CD14 Mono Correlation","bottom_text":"Low CD14 Mono Correlation","map":{"IDH2":-6.566158631238463,"GFM1":-2.329181240232404,"MRPS26":-3.9167600315509636,"H4C2":0.0,"CS":-1.4501864816626708,"MDH2":-6.36328508667933,"XRCC6":-13.768965966431818,"HADHA":-0.23637862878544408,"H4C4":0.0,"H4C12":0.0,"CCT7":-0.26285282457937953,"CCT3":-0.2716475955009964,"GRSF1":-3.560088429316254,"LRPPRC":-3.750501003342939,"NDUFS8":-1.840015161521226,"COX8A":-0.126146137004691,"H4C1":0.0,"PMPCA":-2.752920707877986,"C1QBP":-4.8160760207016615,"H4C14":0.0,"HSPD1":-8.597224261864966,"PSMC3":1.5394606019039132,"WDR18":-16.30551718166109,"H4C11":0.0,"EFTUD2":-2.301358733881061,"TSFM":-5.825431476818724,"ATP5PB":-2.2719248240802288,"H4C5":0.0,"PDHA1":-8.58143238333792,"HSPA9":-3.170139798242404,"LONP1":-3.254335581842336,"MTIF2":-1.926111229889167,"CANX":0.2264897862573834,"H2AC4":0.0,"COX4I1":-0.019810555215715165,"NNT":-1.2231342836672543,"MRPL37":-2.65349760792184,"GRPEL1":0.10380846192084382,"EIF4EBP1":-1.2004328043744228,"POLDIP2":-7.035723785675284,"MRPL11":-2.9074153510976832,"H2BC17":0.0,"H4C8":0.0,"MRPS12":-1.8314418476616678,"NUTF2":-2.6765608857101024,"RCC1":-0.6790765470809224,"COX15":-0.04694274421905628,"KNSTRN":-0.4691357911486296,"SHMT2":0.032405789617235184,"PPM1G":-0.16484770104824695,"CLPP":-0.6394174915155585}},"Mutation NPM1":{"min":-30.0,"max":30.0,"top_text":"High NPM1 Correlation","bottom_text":"Low NPM1 Correlation","map":{"H4C4":0.0,"EFTUD2":1.4415749180616486,"H4C14":0.0,"NUTF2":-0.5519994522357137,"H2AC4":0.0,"CANX":-0.9598249786965297,"SHMT2":-1.7848628486939329,"IDH2":-2.620287309422434,"HADHA":1.676441980262322,"H4C2":0.0,"CLPP":1.2089139134388258,"H4C1":0.0,"H4C12":0.0,"H4C8":0.0,"COX4I1":0.6647650558440731,"RCC1":7.146358614992503,"WDR18":0.3814470006882303,"GRSF1":-0.4332068465280692,"PMPCA":1.3049014522571363,"KNSTRN":-2.1069058075337725,"COX8A":-0.29969750753842095,"MRPS26":1.9401182299613426,"MTIF2":3.0250646410442332,"TSFM":-0.923760116744688,"POLDIP2":-0.13735081638962915,"CCT7":-1.1839962270374662,"H2BC17":0.0,"PSMC3":-1.3379353698094445,"MDH2":-0.21848359477808166,"PDHA1":-0.38342436450199746,"LRPPRC":-0.8360745805749749,"MRPS12":1.155598890758887,"MRPL11":1.0621477161324848,"ATP5PB":-0.5154151291243886,"CS":-1.2210554487371215,"NNT":-0.9665579544200581,"COX15":0.026918871389515132,"H4C5":0.0,"H4C11":0.0,"GFM1":0.36819126807203173,"HSPD1":-0.7552996762779499,"HSPA9":-0.24377381089369762,"LONP1":-1.8704888332500555,"PPM1G":3.0648339237125666,"NDUFS8":1.7183416026256515,"CCT3":-1.8919052100657971,"GRPEL1":-3.203451444750555,"EIF4EBP1":-4.643956613907391,"XRCC6":0.030032247945212753,"MRPL37":0.9915017636875699,"C1QBP":-0.41379299397816716}},"Overall Survival":{"min":-6.0,"max":6.0,"top_text":"High Survival Correlation","bottom_text":"Low Survival Correlation","map":{"ATP5PB":1.5866491941459848,"POLDIP2":0.14295478272181972,"C1QBP":0.06273721282783516,"H4C5":0.0,"PSMC3":0.14385731304904725,"GRPEL1":0.10887755655575831,"EFTUD2":0.15223959551260513,"MRPL11":0.02530885136717439,"IDH2":0.0785439441274762,"MDH2":-0.19550146233629925,"NUTF2":-0.6127131463175519,"COX15":-0.03335243224586267,"MRPS26":0.09596775878951923,"HSPD1":-0.0004652615701074577,"MTIF2":-1.158279532185458,"CANX":0.9516411478360907,"MRPL37":0.390541965012451,"TSFM":0.29143956406308363,"GRSF1":0.1791903021771674,"RCC1":-0.9401150956621251,"PMPCA":0.009544137651928178,"LRPPRC":-0.03014008232093747,"HSPA9":1.2464076866493112,"NDUFS8":-0.15002522023820755,"CS":0.443087791218423,"CCT3":-0.05479278900607222,"CLPP":0.2137204635743449,"H4C1":0.0,"PPM1G":0.45018730971442167,"H2BC17":0.0,"EIF4EBP1":-1.0510671391737514,"H4C12":0.0,"KNSTRN":0.06161907249007374,"WDR18":-0.9182883081853742,"H4C4":0.0,"H4C8":0.0,"COX8A":0.894554036224755,"HADHA":-0.13027475308445272,"COX4I1":0.6448145229405116,"CCT7":0.5057893757741105,"LONP1":-0.5658268278211882,"MRPS12":-0.002942951103107706,"GFM1":0.32474043946385844,"H4C11":0.0,"H2AC4":0.0,"H4C2":0.0,"PDHA1":-0.12012533797567616,"SHMT2":0.3302053409754559,"XRCC6":-1.1506252357315108,"NNT":1.625420852157046,"H4C14":0.0}},"Blast Percent":{"min":-11.0,"max":11.0,"top_text":"High Blast Percent Correlation","bottom_text":"Low Blast Percent Correlation","map":{"NDUFS8":4.407757706594103,"H4C5":0.0,"IDH2":2.175404875207585,"NUTF2":0.5783156441909258,"H4C2":0.0,"ATP5PB":0.4831931122950851,"C1QBP":2.584490667622572,"H4C12":0.0,"MDH2":5.543936109602973,"SHMT2":0.7919609483269172,"LONP1":1.1444523728359615,"XRCC6":6.883140844952099,"GFM1":1.6921911680794717,"MRPS26":3.3688153507987013,"HADHA":1.582786842810233,"COX15":-0.2970110069091085,"PMPCA":1.6578218241679659,"MRPL37":1.0106335866019105,"H4C14":0.0,"COX4I1":0.009647545179321345,"CCT3":-0.3142774196153831,"PSMC3":-1.4096035255899042,"PDHA1":3.833952722002807,"CS":1.125905481821006,"NNT":1.1844410838784505,"EFTUD2":5.334390697573482,"KNSTRN":-0.8641062153173416,"HSPD1":2.18622642975138,"H4C1":0.0,"CCT7":-0.16053739046580848,"CANX":-1.6554512699106405,"H2BC17":0.0,"H4C11":0.0,"WDR18":5.939600641161624,"GRSF1":2.4907897459542268,"MRPL11":1.867556334606802,"MTIF2":2.790015987918335,"MRPS12":1.1923623516800161,"POLDIP2":1.8735711094938472,"COX8A":-0.768880794484098,"CLPP":1.4695157069569262,"H2AC4":0.0,"EIF4EBP1":-1.8111792859320666,"RCC1":1.5740216768406274,"TSFM":2.303847092275237,"LRPPRC":0.8560565169515136,"HSPA9":2.00678707596388,"H4C8":0.0,"GRPEL1":0.5634651218437703,"H4C4":0.0,"PPM1G":1.2101183319600552}},"NPM1 Subtype":{"min":-37.0,"max":37.0,"top_text":"Committed NPM1 Subtype","bottom_text":"Primative NPM1 Subtype","map":{"CANX":-0.31405400225911134,"COX4I1":0.2180424024938705,"CS":-1.850068308565346,"IDH2":-6.286290148803982,"SHMT2":0.45948988244482686,"H4C14":0.0,"HADHA":-1.5303790193280213,"H4C12":0.0,"CCT3":-0.22598528783215893,"H4C11":0.0,"PSMC3":0.12114784805886533,"GRPEL1":1.3758855609309861,"CCT7":-0.0875669214913264,"KNSTRN":-0.29923718804783783,"H4C8":0.0,"EIF4EBP1":-1.2595647395842655,"LONP1":-3.9789972617560645,"COX15":-0.27327176780261253,"H4C4":0.0,"PMPCA":-4.129359517936568,"H4C2":0.0,"POLDIP2":-5.263512382145475,"COX8A":0.4680638686980566,"H4C1":0.0,"MTIF2":-3.8566162450021517,"PDHA1":-8.230889833861031,"H2AC4":0.0,"LRPPRC":-4.87031437252102,"HSPD1":-9.76196332872376,"TSFM":-6.158620513848842,"GRSF1":-2.6501630445027673,"CLPP":-0.39062562953059843,"MRPS12":-2.673073664235848,"C1QBP":-3.890608203582633,"NUTF2":-1.5328220277890636,"EFTUD2":-2.6542317971540643,"WDR18":-15.272658871264566,"GFM1":-2.8753825180029806,"HSPA9":-2.5132734144160525,"RCC1":-1.3447350829658145,"MRPL37":-2.8874470291119967,