{"Mutation FLT3 ITD":{"min":-10.0,"max":10.0,"top_text":"High FLT3 ITD Correlation","bottom_text":"Low FLT3 ITD Correlation","map":{"S100P":-1.6472658785911822,"COX15":0.4805650285419249,"TOR1AIP1":0.4722592957633578,"SLC25A40":-1.5059104416135098,"SEC61B":0.13365342418189674,"RPN2":0.3001603712727599,"TRAP1":1.1614952333535238,"CLPP":1.723796926770455,"SLC30A9":-0.1570385794627066,"CYB5B":0.025228028381610344,"ETFB":1.18792693925077,"ATP5PD":2.206415632122481,"COX8A":0.4376282038966664,"MRPS26":4.254320139070882,"CS":-1.2075195041230298,"SURF1":1.1510334878254658,"MTCH2":0.932891925443346,"SELENOK":0.4672891869434593,"HSPD1":-0.25777955961214105,"NDUFA8":1.3865415559155463,"PMPCB":3.219611684608975,"ASPH":0.6354250928861829,"TMED5":0.40670686520422505,"SYVN1":-0.5650377825987305,"AIFM1":2.1981150631415396,"PIGS":1.409982512337842,"MTIF2":4.092942711923383,"NDUFS8":1.182874687648826,"CYC1":2.1745486499043913,"VAPA":1.0723514050763805,"TSFM":0.4907041039332716,"PMPCA":2.93171614685268,"CANX":-0.5196418388990681,"OGDH":-0.24290497175778733,"ABHD12":0.24755398155604055,"DERL1":-1.3309721209135228,"NAAA":0.6764047975356096,"COX4I1":1.36647793888403,"RAB1A":0.07794940552015603,"MRRF":1.6721065378247648,"C1QBP":1.602391820244794,"LRPPRC":0.9727068591814294,"NDUFS2":1.086289059553873,"DPY19L1":-0.20129511584949442,"DNAJB12":0.7746217345728794,"TMCO1":1.0958150351736855,"GFM1":0.8879254539007689,"MDH2":1.0763205551916817,"RPN1":-0.012225016413125043,"ME2":0.9535389356496448,"PNPLA8":-1.3255851898949036}},"Mutation NPM1":{"min":-30.0,"max":30.0,"top_text":"High NPM1 Correlation","bottom_text":"Low NPM1 Correlation","map":{"COX8A":-0.29969750753842095,"PIGS":7.122563257751848,"ASPH":1.9698728639682592,"NDUFS2":0.5008906048578818,"RPN2":-0.004090891409675298,"MRPS26":1.9401182299613426,"PNPLA8":-1.218898252005474,"SYVN1":0.7923424258159917,"PMPCB":2.3189468713803842,"OGDH":-2.1723238307284856,"TMCO1":1.1460014839553412,"AIFM1":2.4953571666879704,"TSFM":-0.923760116744688,"MRRF":2.083266106576182,"COX15":0.026918871389515132,"MTCH2":2.446159409206866,"MTIF2":3.0250646410442332,"TRAP1":-0.6450573746450289,"NDUFS8":1.7183416026256515,"CANX":-0.9598249786965297,"GFM1":0.36819126807203173,"VAPA":2.674067124047623,"SURF1":0.3823881614665571,"MDH2":-0.21848359477808166,"TOR1AIP1":1.8544687095277455,"SLC25A40":-0.4177480385845861,"CS":-1.2210554487371215,"NDUFA8":2.452350843008108,"RAB1A":0.41548367348545046,"DNAJB12":1.885096636507213,"S100P":-5.596362640516462,"SLC30A9":-0.8170775378583295,"RPN1":0.13593365058046744,"ME2":0.6019438132116662,"TMED5":-0.03813334750360067,"SEC61B":0.37175122495508905,"CYB5B":1.9289737773908786,"DPY19L1":2.706613606081758,"C1QBP":-0.41379299397816716,"LRPPRC":-0.8360745805749749,"SELENOK":0.08905189687039171,"ETFB":0.5987781155589953,"CYC1":0.1290006986103178,"ABHD12":2.749348464364917,"COX4I1":0.6647650558440731,"HSPD1":-0.7552996762779499,"CLPP":1.2089139134388258,"ATP5PD":0.36071403874438,"DERL1":-0.8500704883713309,"PMPCA":1.3049014522571363,"NAAA":0.4902535665471531}},"Overall Survival":{"min":-6.0,"max":6.0,"top_text":"High Survival Correlation","bottom_text":"Low Survival Correlation","map":{"MDH2":-0.19550146233629925,"MTCH2":-0.03163266316160394,"SLC30A9":-0.13789709577615564,"ME2":-0.05156221009529836,"TMED5":0.07383747296608735,"C1QBP":0.06273721282783516,"ASPH":-0.05775492443747105,"AIFM1":0.056147132912738686,"CLPP":0.2137204635743449,"SEC61B":0.7188928083702123,"SYVN1":1.5630502354034381,"HSPD1":-0.0004652615701074577,"PMPCA":0.009544137651928178,"ATP5PD":1.0617565892578358,"ETFB":-0.39837540432700136,"MRPS26":0.09596775878951923,"S100P":-0.13656242689248263,"RAB1A":-0.01694454700630812,"CYB5B":0.9380993092175869,"MTIF2":-1.158279532185458,"CS":0.443087791218423,"TOR1AIP1":1.553365087299578,"COX4I1":0.6448145229405116,"ABHD12":1.2618976671516058,"COX15":-0.03335243224586267,"DPY19L1":0.625249606824284,"CANX":0.9516411478360907,"NDUFS8":-0.15002522023820755,"CYC1":0.8662990613516797,"TRAP1":0.2137445676377757,"NAAA":2.07120434843042,"PNPLA8":-0.22751959749459685,"TSFM":0.29143956406308363,"NDUFA8":1.136345259323157,"DNAJB12":0.6623072686719634,"SELENOK":0.6340786428408584,"SLC25A40":0.5236971580495926,"PIGS":-0.06975839229756829,"OGDH":0.860859115330068,"SURF1":0.6524726173093688,"RPN1":-0.270082755236151,"PMPCB":-0.3353698281669069,"LRPPRC":-0.03014008232093747,"TMCO1":0.5673511242840318,"RPN2":-0.1435354006305826,"NDUFS2":-0.284970137315923,"COX8A":0.894554036224755,"MRRF":1.1262007863041785,"VAPA":0.5510431721130271,"GFM1":0.32474043946385844,"DERL1":0.7663919117759522}},"Blast Percent":{"min":-11.0,"max":11.0,"top_text":"High Blast Percent Correlation","bottom_text":"Low Blast Percent Correlation","map":{"PIGS":-0.12034455723778878,"AIFM1":1.71155764319493,"SELENOK":-0.8849387968224748,"DNAJB12":-2.9314025956440672,"COX8A":-0.768880794484098,"MTCH2":1.217377830213272,"SLC25A40":-0.9060367558700901,"OGDH":0.7289654926431979,"COX15":-0.2970110069091085,"ASPH":1.0145267451722333,"TOR1AIP1":-0.38038856677662025,"TRAP1":-0.4922462118368054,"TMCO1":-1.6197697855829465,"NAAA":-1.32180489147079,"CLPP":1.4695157069569262,"CYC1":0.34399769087185506,"RAB1A":-6.743346474758448,"PMPCA":1.6578218241679659,"DPY19L1":0.01348499831170698,"RPN1":0.14679113053446632,"CS":1.125905481821006,"PNPLA8":-0.06808837465184213,"DERL1":-4.574506219329879,"TMED5":-1.5260328857604901,"TSFM":2.303847092275237,"ABHD12":0.5447210245693704,"ATP5PD":1.3066336414931707,"SEC61B":0.31896317272431707,"SURF1":0.5509860531937983,"ME2":0.23404625625937647,"MRPS26":3.3688153507987013,"SLC30A9":0.9663176953284509,"COX4I1":0.009647545179321345,"SYVN1":0.8774351715828996,"PMPCB":1.631653418320339,"LRPPRC":0.8560565169515136,"NDUFS2":1.5107107437539415,"CANX":-1.6554512699106405,"S100P":-4.618506255879414,"VAPA":0.5684100587329041,"GFM1":1.6921911680794717,"CYB5B":-0.8450324015745588,"MTIF2":2.790015987918335,"NDUFS8":4.407757706594103,"C1QBP":2.584490667622572,"ETFB":0.3640728685100787,"RPN2":-0.11418295349688311,"HSPD1":2.18622642975138,"MRRF":0.8009611428247637,"NDUFA8":0.9173323222526215,"MDH2":5.543936109602973}},"NPM1 Subtype":{"min":-37.0,"max":37.0,"top_text":"Committed NPM1 Subtype","bottom_text":"Primative NPM1 Subtype","map":{"MRRF":0.4484529185999883,"CANX":-0.31405400225911134,"RPN1":-0.9730784441664453,"CLPP":-0.39062562953059843,"TRAP1":-0.02683412751083303,"ABHD12":0.0645675815662755,"SELENOK":3.153668728347408,"COX4I1":0.2180424024938705,"NDUFS8":-2.6833677340449578,"NDUFA8":-0.23091593668575483,"PNPLA8":0.28164341785937613,"PMPCA":-4.129359517936568,"LRPPRC":-4.87031437252102,"HSPD1":-9.76196332872376,"RPN2":0.09647857189759645,"VAPA":0.9630034142882941,"DERL1":-0.09254726814192704,"PIGS":0.32073710474855965,"S100P":2.6755853139322197,"OGDH":0.2502438604850513,"CS":-1.850068308565346,"SEC61B":0.25786083423916417,"RAB1A":12.073309440660637,"PMPCB":-3.9812484579169944,"CYC1":-2.060847712031401,"SLC25A40":1.3128323390870125,"MTIF2":-3.8566162450021517,"ETFB":-1.5001989736894799,"MTCH2":-0.23698763226802888,"CYB5B":0.9232397269452897,"C1QBP":-3.890608203582633,"NDUFS2":-1.729480288302217,"TOR1AIP1":4.0038239749427476,"TMCO1":2.515669659147705,"COX15":-0.27327176780261253,"ASPH":-1.3628077005700427,"SURF1":-0.31489937603011164,"TMED5":2.1972753537087244,"AIFM1":-3.49353500575545,"TSFM":-6.158620513848842,"ATP5PD":-2.1659398670583334,"MRPS26":-3.991807429702246,"GFM1":-2.8753825180029806,"ME2":0.35210643558253285,"MDH2":-10.275203587609337,"DNAJB12":10.988468607809923,"NAAA":10.871486465305452,"SYVN1":0.14607579904806808,"SLC30A9":-3.0139274152270836,"DPY19L1":0.4237234143753165,"COX8A":0.4680638686980566}},"MuSiC CD14 Mono":{"min":-50.0,"max":50.0,"top_text":"High CD14 Mono Correlation","bottom_text":"Low CD14 Mono Correlation","map":{"PNPLA8":0.7584059872413633,"COX8A":-0.126146137004691,"OGDH":0.3712861920188189,"SELENOK":2.28456377373018,"ABHD12":0.020500096974867134,"SYVN1":-0.05856554192849505,"SLC25A40":1.3135470751593525,"ME2":0.690608074124328,