{"MuSiC CD14 Mono":{"min":-50.0,"max":50.0,"top_text":"High CD14 Mono Correlation","bottom_text":"Low CD14 Mono Correlation","map":{"NOCT":5.231564529970794,"SLPI":1.1138086935383207,"CELSR1":0.0,"LNPEP":5.495640090688442,"OSTM1":14.370554824376603,"PRTN3":0.6868002770904013,"CLCN5":12.96252381553124,"SERPINB10":13.22019050368066,"PTX3":4.901202604089619,"C4A":0.35181010341802965,"LRRC8C":14.381883320395128,"FUT4":-0.3779689282433835,"TAX1BP1":-0.4747926738488002,"GFI1":-3.9274687949229237,"ANO6":16.67519256769927,"CTSG":0.8736997911073654,"PICK1":0.9183883551047662,"CMA1":1.0245928139522413,"KBTBD11":6.121572561161078,"SDF2L1":11.590960086190105,"CALCOCO2":0.2296628892008874,"P4HB":6.230392372263787,"SLC17A5":6.896553079840574,"SDCBP":20.89692882911513,"TBK1":16.289028014495408,"ELANE":0.5637902484140455,"TENT5A":0.0,"ACTN1":3.484815498278421,"RNASE2":4.7316382614701205,"RAB44":2.382923411683483,"PIWIL4":0.0,"SLC35A5":-0.007294333727047847,"HSPA5":4.97179697442953,"LGALS8":5.482480121453023,"CLCN3":3.6211312878759947,"CEACAM8":2.370496367310485,"MS4A3":0.0,"DNAJC13":15.390922855640838,"CEBPE":2.0655880451365607,"MANBA":0.04359959391740021,"OCRL":7.823128014253035,"AZU1":1.1911136706221515,"RPS9":-0.4827856336512866,"SLC30A1":18.60991586745242,"RNASE3":3.406589977536097,"SPPL2A":11.182788783674875,"TMEM63A":0.128534095501461,"SRGN":12.9335693021442,"CST7":0.7677577539571356,"LRG1":5.87894960193328,"ERLIN1":3.6094971800954636}},"Blast Percent":{"min":-11.0,"max":11.0,"top_text":"High Blast Percent Correlation","bottom_text":"Low Blast Percent Correlation","map":{"MS4A3":0.0,"CLCN5":-3.305087897755402,"SLPI":-1.7511254566359233,"CLCN3":-6.564838307515409,"TMEM63A":-0.1263669372712409,"LNPEP":-0.012782493472276725,"CELSR1":0.0,"CMA1":-2.3609507381830954,"LRRC8C":-0.3812855451400039,"RNASE3":-1.0294675308800991,"SDF2L1":-0.2879618429762421,"TBK1":-5.980976055989309,"SRGN":-3.0212590913650588,"SDCBP":-5.956989918514914,"SLC30A1":-5.145092989741931,"FUT4":1.6558355624926895,"LRG1":-5.854074569114515,"SERPINB10":-2.966005229822383,"HSPA5":-2.6282094107148257,"PTX3":-4.77981887196566,"OCRL":-1.2324572506293658,"DNAJC13":-4.773845639891298,"TAX1BP1":-0.2460921744253633,"ANO6":-1.314520661750623,"LGALS8":-1.6185881554519674,"OSTM1":-1.8941312442636158,"CALCOCO2":-0.016961343499446183,"SLC17A5":-1.579619280365767,"AZU1":-0.8597922355294522,"KBTBD11":-0.3781931291789889,"ELANE":-0.8098734776252696,"RPS9":-0.5171599290942795,"C4A":-1.0982451640127318,"PRTN3":-2.533830598514226,"ERLIN1":-0.9533307820389493,"PICK1":-2.8628924084265277,"SPPL2A":-2.8225150920254554,"RAB44":0.14564922672181577,"RNASE2":-1.7494543761135637,"CST7":-2.0208467865844364,"SLC35A5":-2.2821577780880795,"PIWIL4":0.0,"ACTN1":-5.070171822965865,"CEACAM8":-5.361239076268032,"CEBPE":-2.027099440183105,"GFI1":1.7997113172975021,"MANBA":1.2057984774904722,"CTSG":-1.509856223363492,"TENT5A":0.0,"P4HB":-1.5400787695779656,"NOCT":-1.2814150640517525}},"Overall Survival":{"min":-6.0,"max":6.0,"top_text":"High Survival Correlation","bottom_text":"Low Survival Correlation","map":{"LGALS8":-0.21874620882255746,"SRGN":-0.2328882228253599,"CEACAM8":-1.0697673714842675,"MANBA":-0.5788421563975382,"FUT4":0.1745967895076237,"SLC30A1":0.6173717106723074,"CLCN5":-0.1896588699232645,"LNPEP":-0.13559031105505345,"SLPI":-0.013050535121067092,"LRG1":0.01541124497957559,"CELSR1":0.0,"LRRC8C":0.016574429805640393,"SDCBP":-0.06050633736591458,"PIWIL4":0.0,"CEBPE":-0.40099758706753147,"SLC35A5":0.16106571421042798,"CALCOCO2":-0.0888603426263438,"SPPL2A":0.183658413083479,"CTSG":-0.6555381294808762,"OSTM1":0.38292623459592356,"DNAJC13":-0.3861537447565329,"RPS9":2.110039770584013,"SERPINB10":-0.33620563530097763,"TAX1BP1":0.2500097601813797,"PRTN3":-1.1273886722684097,"ELANE":-0.12665419013909082,"NOCT":-1.2468789471778567,"PTX3":-0.45126239537523666,"PICK1":-1.7385632076107678,"MS4A3":0.0,"RAB44":0.1656221275646418,"C4A":0.19170116160904668,"HSPA5":-0.34616600396811514,"GFI1":-0.3469989643583201,"AZU1":-0.08927280284911585,"CLCN3":0.0666980054092632,"TMEM63A":0.329504112269424,"CST7":-0.7874801174679862,"ANO6":0.6819953340820274,"RNASE3":-0.7975966146590289,"TENT5A":0.0,"ACTN1":0.8515217918370055,"KBTBD11":-0.9585925987708666,"TBK1":0.2894680956165346,"P4HB":-0.2146573807957546,"CMA1":-0.9011296266769737,"RNASE2":-0.0700290204575429,"SDF2L1":0.19734599409446674,"OCRL":-0.39006498593635003,"ERLIN1":-0.10167627098150701,"SLC17A5":0.23857255892603527}},"NPM1 Subtype":{"min":-37.0,"max":37.0,"top_text":"Committed NPM1 Subtype","bottom_text":"Primative NPM1 Subtype","map":{"PICK1":0.11219721993947208,"OSTM1":9.637450909741881,"TMEM63A":-0.0007126679759332045,"SLC30A1":11.801670007318549,"SRGN":11.63968791582331,"SLC17A5":6.254230928439826,"CST7":1.2856344372195645,"CALCOCO2":1.4316450892887882,"SPPL2A":7.072067659215921,"KBTBD11":4.81614332363162,"PRTN3":1.1134707796294145,"NOCT":4.380342950223352,"LRRC8C":15.36745608367035,"PIWIL4":0.0,"PTX3":4.919374743168491,"P4HB":5.981844489712201,"TAX1BP1":-0.2980965767728475,"SERPINB10":11.672827410288022,"ELANE":0.27917510460726175,"SLC35A5":0.19757052546662668,"TBK1":9.912055914375456,"MS4A3":0.0,"SLPI":1.4610466260543569,"CLCN3":2.575277045407476,"LNPEP":2.6710310946244844,"CEBPE":2.6884145482914623,"C4A":0.9574181941824691,"HSPA5":5.471162936873546,"SDF2L1":9.14822775592241,"CMA1":1.0845603210732944,"ACTN1":3.789228033001342,"RNASE2":3.8468544744329445,"LRG1":5.570563273819672,"LGALS8":3.157897358641897,"CEACAM8":2.5020257380119126,"OCRL":4.910668401191766,"RPS9":-0.005918472724804524,"TENT5A":0.0,"FUT4":0.18838997577898914,"DNAJC13":14.573504917261863,"GFI1":-3.621446118626166,"SDCBP":17.799211186927934,"ANO6":11.830158524842828,"RNASE3":2.4897829861280623,"RAB44":2.1448363409214735,"CELSR1":0.0,"AZU1":0.9579595129432067,"CLCN5":9.700732786194635,"MANBA":-0.6906585411536125,"CTSG":0.901137661408873,"ERLIN1":2.272556132323046}},"Mutation FLT3 ITD":{"min":-10.0,"max":10.0,"top_text":"High FLT3 ITD Correlation","bottom_text":"Low FLT3 ITD Correlation","map":{"TBK1":-0.8419287332092773,"SLC35A5":0.5053353167854165,"GFI1":0.011078208899387583,"AZU1":-0.8733235568333297,"ACTN1":-1.2467519786399768,"OCRL":-0.10018257136659713,"MS4A3":0.0,"RPS9":-0.010978431471388526,"LNPEP":3.1276660303424055,"ANO6":0.936049885271961,"P4HB":-1.3425764963739206,"HSPA5":-0.5569495972062595,"CEACAM8":-1.9023265614058176,"SERPINB10":-0.8656745141962935,"SDF2L1":0.04781034322291001,"CMA1":0.0540007083383494,"CLCN5":0.26150227200286946,"TAX1BP1":0.06964447102288102,"NOCT":-1.1168134536983187,"SDCBP":-0.9716035739869471,"SLC17A5":-0.15548668690239367,"SPPL2A":-0.13139024482659098,"ELANE":-1.1129468065633672,"TENT5A":0.0,"PICK1":2.235336716584041,"C4A":-1.7322644186946818,"MANBA":0.7163674790962306,"LGALS8":0.038729427329802134,"PRTN3":-1.3866444705043506,"SLC30A1":0.18238691339182408,"SLPI":-2.5042813411681837,"LRG1":-1.6072132840488056,"TMEM63A":1.9734417971224674,"CST7":-0.9723039888888944,"PIWIL4":0.0,"ERLIN1":0.8650145333244282,"RAB44":1.5096194486532943,"CLCN3":1.2130286330131563,"RNASE3":-0.503265180086372,"OSTM1":0.8528198211001823,"CALCOCO2":-3.226881703992425,"CTSG":-0.6479019092618672,"RNASE2":-0.8820015916698496,"FUT4":-0.09523586008267303,"KBTBD11":-0.9447407127546201,"PTX3":-1.1474728889578,"DNAJC13":-1.2220109069484653,"CEBPE":-1.4989363542327905,"CELSR1":0.0,"SRGN":-0.8910107137647496,"LRRC8C":-0.10754589421536924}},"Mutation NPM1":{"min":-30.0,"max":30.0,"top_text":"High NPM1 Correlation","bottom_text":"Low NPM1 Correlation","map":{"GFI1":0.35391925540128155,"CTSG":0.13089724177739673,"ELANE":-2.681366728857159,"MANBA":2.383443264561071,"AZU1":-0.44861003465387195,"TAX1BP1":-0.36401336417580177,"CST7":-1.2465178675209203,"NOCT":-0.49528172474420906,"CEBPE":-1.5281702056380118,"CLCN3":-2.192409223845639,"TENT5A":0.0,"LRRC8C":1.5701727178951368,"RNASE2":1.3683656810949252,"SERPINB10":0.054166503028258595,"ERLIN1":1.6564302959076125,"CALCOCO2":-0.48451489230006306,"OSTM1":3.520914991485735,