{"Mutation FLT3 ITD":{"min":-10.0,"max":10.0,"top_text":"High FLT3 ITD Correlation","bottom_text":"Low FLT3 ITD Correlation","map":{"MNDA":-0.17897922617597087,"RNASE3":-0.503265180086372,"C1orf162":0.5214203600762525,"FRMD3":-0.5418916852975931,"HAL":-0.7230266816093615,"PILRA":-0.022188155286033448,"AZU1":-0.8733235568333297,"RAB44":1.5096194486532943,"HDAC4":-1.2514985850453726,"RAB27A":-1.6243187688143816,"KBTBD11":-0.9447407127546201,"B4GALT5":0.0,"AP5S1":0.32859638325487,"DENND1A":-0.12302599026326339,"TRERF1":-1.5000492371497502,"SLC36A4":-0.30448213122714596,"DOP1B":0.0679461924613349,"P2RY2":0.0,"ATG7":-0.08094884340709299,"LRMDA":2.1996320006690357,"LYST":-0.13655246716180647,"HK3":-0.1699695513249297,"MTARC1":0.2741810198025682,"YWHAB":0.32555727071243884,"CSTA":0.10951046119147137,"AP5B1":-1.243863427366093,"SPG11":-0.6931600995408873,"ATP8B4":0.9475942099614739,"ZBTB7B":-0.2106158617788533,"SRGN":-0.8910107137647496,"IL17RA":-0.7096851775947619,"PRKCD":0.768439903778786,"PIWIL4":0.0,"FCER1G":-0.6093379137351146,"TLR4":-0.3839042500743411,"GDAP2":0.5066875185950841,"CEBPE":-1.4989363542327905,"RNASE2":-0.8820015916698496,"RASSF2":2.0999802151621174,"SIRPA":-0.104814054568485,"FUT4":-0.09523586008267303,"ITGB2":-0.0379677775269902,"SERPINB10":-0.8656745141962935,"LRG1":-1.6072132840488056,"GALNS":0.22956997769770107,"AP5M1":-0.4337965034109499,"DNAJC5":-0.16122570612363318,"SLC22A15":0.0,"FGR":-0.29137794465434275,"TMEM170B":0.0,"CTSG":-0.6479019092618672}},"NPM1 Subtype":{"min":-37.0,"max":37.0,"top_text":"Committed NPM1 Subtype","bottom_text":"Primative NPM1 Subtype","map":{"SIRPA":24.725359845164036,"RASSF2":9.183699616752786,"CEBPE":2.6884145482914623,"FUT4":0.18838997577898914,"MNDA":20.684180759458712,"PRKCD":16.491025650638733,"CTSG":0.901137661408873,"LRMDA":1.6487202704968702,"LRG1":5.570563273819672,"DOP1B":6.618147147695052,"TMEM170B":0.0,"DNAJC5":10.73333268017894,"HDAC4":17.273339859982656,"PIWIL4":0.0,"SERPINB10":11.672827410288022,"P2RY2":0.0,"B4GALT5":0.0,"RNASE3":2.4897829861280623,"ATP8B4":2.6270687455709805,"RAB27A":9.648279992472382,"GALNS":2.6186532600012487,"LYST":10.582857226872528,"PILRA":26.011163017780078,"MTARC1":9.477936929415646,"CSTA":12.209248197472256,"RAB44":2.1448363409214735,"ATG7":18.12137069384102,"TRERF1":4.834149453079992,"ZBTB7B":20.27312434041019,"GDAP2":9.028291506052799,"DENND1A":14.023755844669669,"HAL":1.6273302733323953,"FRMD3":8.151302752067638,"TLR4":20.211998536543607,"IL17RA":15.036429700586773,"YWHAB":6.516630904060005,"KBTBD11":4.81614332363162,"SPG11":1.1941704712669998,"ITGB2":26.49989474464419,"HK3":24.388939939022872,"C1orf162":13.771712564390036,"SLC36A4":2.1075167730875446,"FCER1G":30.049456950557442,"SLC22A15":0.0,"AP5S1":0.14889368593013552,"RNASE2":3.8468544744329445,"AZU1":0.9579595129432067,"FGR":28.423210901313855,"AP5B1":3.2329091080657504,"AP5M1":3.3088589309708154,"SRGN":11.63968791582331}},"MuSiC CD14 Mono":{"min":-50.0,"max":50.0,"top_text":"High CD14 Mono Correlation","bottom_text":"Low CD14 Mono Correlation","map":{"GALNS":3.49067020930377,"PILRA":36.29603420228325,"P2RY2":0.0,"PIWIL4":0.0,"RAB44":2.382923411683483,"AP5M1":4.290239531101206,"CSTA":15.721814775315558,"MNDA":29.865323663117714,"FCER1G":38.65752229451445,"C1orf162":19.569683533493553,"RAB27A":13.250563581827981,"AP5S1":0.5098043376520733,"HDAC4":20.259114835304086,"ZBTB7B":27.34153416160199,"ITGB2":39.10528101949876,"DOP1B":7.584025929583892,"KBTBD11":6.121572561161078,"FRMD3":9.749819484721229,"SLC36A4":3.092137268931819,"B4GALT5":0.0,"LYST":12.746861789773638,"HK3":39.45954550729712,"PRKCD":29.169589852727487,"GDAP2":14.728086091079234,"RASSF2":15.80354129935725,"DENND1A":19.501802096270954,"ATG7":25.61314330732795,"FGR":47.92358853616047,"CTSG":0.8736997911073654,"YWHAB":8.302937919116895,"FUT4":-0.3779689282433835,"RNASE3":3.406589977536097,"AZU1":1.1911136706221515,"LRMDA":2.3876377173525767,"IL17RA":15.698120922361307,"AP5B1":3.069223232112643,"DNAJC5":13.200905355777923,"LRG1":5.87894960193328,"RNASE2":4.7316382614701205,"ATP8B4":3.1617182299785753,"MTARC1":17.04661236808106,"TRERF1":2.5295785841017673,"SLC22A15":0.0,"SIRPA":41.34277557359193,"SPG11":1.709932820966047,"SRGN":12.9335693021442,"TMEM170B":0.0,"HAL":1.9212759497840326,"TLR4":26.288587253048078,"CEBPE":2.0655880451365607,"SERPINB10":13.22019050368066}},"Mutation NPM1":{"min":-30.0,"max":30.0,"top_text":"High NPM1 Correlation","bottom_text":"Low NPM1 Correlation","map":{"SLC22A15":0.0,"HK3":1.5429160809313496,"RAB27A":0.192828717901183,"SPG11":-0.05927220681754549,"P2RY2":0.0,"ATP8B4":6.140334661871132,"AP5B1":0.23018558217311985,"ITGB2":1.7772617678875287,"B4GALT5":0.0,"LRMDA":7.225198902875077,"DENND1A":1.9413814604887036,"RASSF2":3.9774914335653735,"MNDA":0.4003844642323933,"SERPINB10":0.054166503028258595,"RNASE3":1.027834841682377,"SIRPA":1.3032660667187508,"FRMD3":0.32645956274573024,"FCER1G":0.13428119093887145,"HAL":0.2647284547188197,"IL17RA":0.0492420061233107,"KBTBD11":0.13785256057648929,"MTARC1":1.0240630980862173,"CSTA":1.0417418583451368,"AP5S1":1.7971433764671005,"ZBTB7B":0.587810211897379,"TLR4":3.4323227330777315,"SRGN":0.9131226827227121,"PIWIL4":0.0,"HDAC4":0.16054439084734898,"DOP1B":0.27566229454562086,"RNASE2":1.3683656810949252,"TRERF1":0.09021245327464959,"RAB44":2.8392339442961325,"LRG1":-0.5513841500529568,"AZU1":-0.44861003465387195,"YWHAB":1.575539933887276,"FUT4":1.929924054264576,"PRKCD":4.560967519609574,"SLC36A4":0.3062708191507216,"GALNS":3.256231978608464,"C1orf162":1.955164778771334,"GDAP2":2.4849957463509753,"PILRA":2.355058838937572,"ATG7":1.3269031097925,"CTSG":0.13089724177739673,"TMEM170B":0.0,"AP5M1":0.09615285224907955,"DNAJC5":-0.08751682033151269,"CEBPE":-1.5281702056380118,"FGR":0.5369833495773482,"LYST":0.3071074538787278}},"Overall Survival":{"min":-6.0,"max":6.0,"top_text":"High Survival Correlation","bottom_text":"Low Survival Correlation","map":{"DENND1A":-0.27487870654537494,"TRERF1":-0.10893239065411704,"C1orf162":-0.15101198269554592,"HAL":-1.2936368197265742,"YWHAB":0.5920735437054088,"GDAP2":0.04762758487354317,"RASSF2":0.147981833696716,"GALNS":-0.2908194152053753,"SIRPA":-0.3662689115378773,"SPG11":0.21823127477192347,"ATG7":-0.02077491195148693,"AP5S1":0.45085654327281627,"DNAJC5":-0.1066486579191146,"HDAC4":0.1798870229004178,"TMEM170B":0.0,"AZU1":-0.08927280284911585,"LRMDA":-0.08451468078729632,"HK3":-0.02973079096549854,"SERPINB10":-0.33620563530097763,"RNASE2":-0.0700290204575429,"RAB44":0.1656221275646418,"LYST":-0.5450182964232977,"PIWIL4":0.0,"B4GALT5":0.0,"FRMD3":-1.0568943112055273,"DOP1B":0.017470627904535373,"TLR4":-0.3850861444003824,"SLC36A4":0.34462194225896325,"AP5B1":-1.788704086984772,"IL17RA":0.3375888550375257,"CTSG":-0.6555381294808762,"ZBTB7B":-0.08099079037879058,"PRKCD":-1.1287983889413287,"AP5M1":0.24867805949319424,"RAB27A":-0.26739750804550066,"LRG1":0.01541124497957559,"SRGN":-0.2328882228253599,"RNASE3":-0.7975966146590289,"MTARC1":-0.32829426691215613,"KBTBD11":-0.9585925987708666,"FCER1G":-0.17769499604873149,"FGR":-0.3290928073302311,"PILRA":-0.1531169381310281,"ITGB2":-0.11186430715555226,"SLC22A15":0.0,"FUT4":0.1745967895076237,"ATP8B4":-0.48984492975290406,"CEBPE":-0.40099758706753147,"P2RY2":0.0,"MNDA":-0.6837059983249677,"CSTA":0.053875049063715735}},"Blast Percent":{"min":-11.0,"max":11.0,"top_text":"High Blast Percent Correlation","bottom_text":"Low Blast Percent Correlation","map":{"AP5B1":-0.6018668258382422,"SPG11":0.02681187489491069,"LYST":-0.7595776369911179,"AP5M1":-0.34797209578646143,"RAB44":0.14564922672181577,"ATG7":-4.937583420429171,"C1orf162":-1.465526846328066,"DNAJC5":-3.616107663485694,"TRERF1":0.44977834576504283,"SERPINB10":-2.966005229822383,"HDAC4":-0.8884674635379312,"KBTBD11":-0.3781931291789889,"ZBTB7B":-2.115936947721485,"TMEM170B":0.0,"RNASE3":-1.0294675308800991,"FCER1G":-5.454966559293315,"ITGB2":-4.235212018982832,"FRMD3":-2.8148635488541283,"LRMDA":1.0164593794440142,"FUT4":1.6558355624926895,