{"Blast Percent":{"min":-11.0,"max":11.0,"top_text":"High Blast Percent Correlation","bottom_text":"Low Blast Percent Correlation","map":{"EDDM13":0.0,"TRERF1":0.44977834576504283,"PSEN1":-0.7921090867068005,"PILRA":-2.9533395339923807,"AOAH":-0.03800715198779162,"AP5B1":-0.6018668258382422,"TCIRG1":-2.019469286341579,"GRN":-0.9375401688273576,"ADGRG2":0.0,"DNAJC5":-3.616107663485694,"MT-ATP6":1.4030133271671628,"MEGF9":-4.605401307293842,"MSRB1":-2.324924775441482,"P2RY2":0.0,"CD63":-1.3847064335664174,"ALDH3B1":-1.4072290821917954,"TMEM30A":-3.625093620624551,"ARL11":-0.441701457715778,"MT-CYB":0.0,"HOMER3":0.9863423948975227,"MNDA":-2.586885983553489,"ATP11A":-1.2380373341578557,"LYST":-0.7595776369911179,"LRMDA":1.0164593794440142,"MT-ND4L":0.0,"HAL":0.3261800376661028,"CFD":0.06710837344632437,"TPP1":-0.30219539049317357,"ATG7":-4.937583420429171,"PLEKHB2":-1.4233409786799132,"SLC36A1":-1.201253665486974,"MT-ND4":-1.4818195556214533,"CTSZ":-0.8453682609058677,"SERPINB10":-2.966005229822383,"S100A11":-2.0289796634225974,"SLC12A9":0.03892659896080712,"DOP1B":-0.9533307820389493,"SRGN":-3.0212590913650588,"RAB44":0.14564922672181577,"EMILIN2":-0.3973962884049131,"PLAUR":-2.25318790871726,"CSGALNACT2":-2.728210075420011,"HDAC4":-0.8884674635379312,"RAB27A":-0.9938635341511712,"DGKG":-0.23430745293035177,"MT-ND1":0.6073533839182051,"SIRPB2":-1.3372946565071817,"SPTY2D1OS":0.0,"CSTA":-2.7689495321923743,"CST3":0.04465984363961809,"FAT2":0.0}},"Mutation FLT3 ITD":{"min":-10.0,"max":10.0,"top_text":"High FLT3 ITD Correlation","bottom_text":"Low FLT3 ITD Correlation","map":{"ATP11A":0.04016945434458875,"PLEKHB2":-0.3627374289629287,"MT-ND4":-0.5880419659863683,"CD63":-0.16208468326339723,"EMILIN2":0.12922196246616016,"TMEM30A":-1.4554748174661245,"TCIRG1":-0.03859416670066572,"CSTA":0.10951046119147137,"HDAC4":-1.2514985850453726,"PLAUR":-0.4241032517028876,"S100A11":-0.5511951233092083,"HOMER3":-0.3478023301425631,"CST3":-0.033219591854902496,"DNAJC5":-0.16122570612363318,"CSGALNACT2":-1.0965664907029602,"SLC36A1":-1.7909166362919182,"ALDH3B1":0.05550751442008917,"MT-ATP6":0.3142364052013859,"AP5B1":-1.243863427366093,"HAL":-0.7230266816093615,"DOP1B":0.0679461924613349,"LYST":-0.13655246716180647,"CTSZ":1.2529003748668273,"MEGF9":-0.1536817351734751,"DGKG":-2.540155656814198,"EDDM13":0.0,"MT-CYB":0.0,"SLC12A9":0.07882262036298228,"CFD":1.4744386518473402,"TPP1":-0.035050075496545985,"ADGRG2":0.0,"MNDA":-0.17897922617597087,"GRN":-0.7568733586492429,"AOAH":-0.19052887047624706,"FAT2":0.0,"SPTY2D1OS":0.0,"PILRA":-0.022188155286033448,"RAB44":1.5096194486532943,"SIRPB2":0.1844315276229774,"MSRB1":0.1926877494358869,"SERPINB10":-0.8656745141962935,"MT-ND4L":0.0,"ATG7":-0.08094884340709299,"RAB27A":-1.6243187688143816,"ARL11":-0.06864743757600916,"P2RY2":0.0,"LRMDA":2.1996320006690357,"SRGN":-0.8910107137647496,"MT-ND1":1.6713109021277204,"TRERF1":-1.5000492371497502,"PSEN1":0.20164969851547004}},"MuSiC CD14 Mono":{"min":-50.0,"max":50.0,"top_text":"High CD14 Mono Correlation","bottom_text":"Low CD14 Mono Correlation","map":{"HOMER3":4.378969315674445,"PLEKHB2":10.376503158448843,"LYST":12.746861789773638,"TPP1":12.60179159380009,"ATP11A":22.797477726736155,"DOP1B":7.584025929583892,"SERPINB10":13.22019050368066,"LRMDA":2.3876377173525767,"P2RY2":0.0,"MT-ATP6":-2.4984181124988014,"ARL11":7.398079777549061,"MEGF9":25.835011700365893,"EDDM13":0.0,"SPTY2D1OS":0.0,"TRERF1":2.5295785841017673,"CFD":7.970099815970189,"TMEM30A":6.293225249643875,"MT-CYB":0.0,"CTSZ":23.09723183489143,"MNDA":29.865323663117714,"CST3":11.5727189230167,"PSEN1":6.739679765881816,"ALDH3B1":23.82072042553812,"DNAJC5":13.200905355777923,"AP5B1":3.069223232112643,"SLC12A9":18.54306015021927,"CSGALNACT2":8.40605505202665,"CSTA":15.721814775315558,"DGKG":2.2392839972789713,"TCIRG1":29.208774866757505,"ADGRG2":0.0,"SRGN":12.9335693021442,"MT-ND4L":0.0,"SIRPB2":24.760057655617285,"MSRB1":6.17838401602926,"EMILIN2":17.727174047972387,"PILRA":36.29603420228325,"RAB27A":13.250563581827981,"MT-ND1":-5.411256327246127,"RAB44":2.382923411683483,"SLC36A1":3.901072586948718,"CD63":3.834474431085008,"MT-ND4":-1.4435949104310977,"HAL":1.9212759497840326,"AOAH":10.604167667917498,"ATG7":25.61314330732795,"PLAUR":22.58827095172193,"FAT2":0.0,"HDAC4":20.259114835304086,"GRN":6.9470003324956675,"S100A11":23.74171785541833}},"Overall Survival":{"min":-6.0,"max":6.0,"top_text":"High Survival Correlation","bottom_text":"Low Survival Correlation","map":{"ARL11":-0.06258618337942033,"LYST":-0.5450182964232977,"CSTA":0.053875049063715735,"PLEKHB2":0.3406812528371027,"LRMDA":-0.08451468078729632,"PILRA":-0.1531169381310281,"MEGF9":0.04478318792785902,"EDDM13":0.0,"HOMER3":-0.7582022336624934,"SLC36A1":0.31915724721924515,"ATP11A":0.1509993182461825,"SRGN":-0.2328882228253599,"DGKG":-0.14993750443628054,"PLAUR":-0.14536965072726493,"CST3":0.12631468936524637,"PSEN1":0.6191631622006792,"CSGALNACT2":-0.8202170221490337,"HDAC4":0.1798870229004178,"P2RY2":0.0,"MT-CYB":0.0,"TRERF1":-0.10893239065411704,"RAB44":0.1656221275646418,"MT-ND4":0.4932692787562001,"TCIRG1":0.06848196241095127,"MNDA":-0.6837059983249677,"TPP1":-0.07203452874610837,"SLC12A9":-0.3670520467317137,"ATG7":-0.02077491195148693,"MT-ND4L":0.0,"RAB27A":-0.26739750804550066,"ALDH3B1":0.3896866190959121,"MT-ND1":1.385411085696571,"CFD":0.22195620835301172,"MT-ATP6":0.4182306767025915,"AP5B1":-1.788704086984772,"HAL":-1.2936368197265742,"AOAH":0.15718368781082684,"DNAJC5":-0.1066486579191146,"SPTY2D1OS":0.0,"S100A11":-0.050615939888407166,"CD63":0.9322006419931693,"EMILIN2":-0.28718109780028467,"TMEM30A":-0.2362460627712342,"MSRB1":1.3884067425492836,"CTSZ":0.11756715516767743,"SERPINB10":-0.33620563530097763,"ADGRG2":0.0,"FAT2":0.0,"SIRPB2":0.02339876268490151,"GRN":0.393962026382676,"DOP1B":0.017470627904535373}},"Mutation NPM1":{"min":-30.0,"max":30.0,"top_text":"High NPM1 Correlation","bottom_text":"Low NPM1 Correlation","map":{"CSGALNACT2":-0.8952524326157594,"TCIRG1":1.0886680902921486,"ARL11":-0.6557861457348033,"PLAUR":3.1898866958245438,"SERPINB10":0.054166503028258595,"HDAC4":0.16054439084734898,"TPP1":0.3141331278263509,"SLC36A1":0.08236079444927538,"LRMDA":7.225198902875077,"ADGRG2":0.0,"MT-ND4":-0.6756388143368872,"DNAJC5":-0.08751682033151269,"EMILIN2":1.3299251189145807,"HOMER3":4.171471977437946,"MT-CYB":0.0,"DGKG":-0.620814665576945,"PILRA":2.355058838937572,"SPTY2D1OS":0.0,"MSRB1":0.6515518178442914,"MNDA":0.4003844642323933,"RAB27A":0.192828717901183,"AOAH":1.2700980820786663,"MT-ND1":0.6767171188702855,"SLC12A9":2.1340405864878687,"PLEKHB2":0.055418023819928754,"FAT2":0.0,"CSTA":1.0417418583451368,"SRGN":0.9131226827227121,"LYST":0.3071074538787278,"RAB44":2.8392339442961325,"TMEM30A":-0.6791470804357239,"ALDH3B1":2.127082121365708,"GRN":0.14563552784451594,"MT-ATP6":0.5000612712167279,"CFD":7.241064747440144,"ATP11A":1.3078172417607177,"MEGF9":0.4059574307191839,"DOP1B":0.27566229454562086,"CST3":3.545911187354745,"PSEN1":2.5037732243843234,"ATG7":1.3269031097925,"CD63":0.07271473808013454,"MT-ND4L":0.0,"TRERF1":0.09021245327464959,"EDDM13":0.0,"HAL":0.2647284547188197,"CTSZ":4.257350490898999,"AP5B1":0.23018558217311985,"SIRPB2":1.2659891196672677,"S100A11":0.17242026707006483,"P2RY2":0.0}},"NPM1 Subtype":{"min":-37.0,"max":37.0,"top_text":"Committed NPM1 Subtype","bottom_text":"Primative NPM1 Subtype","map":{"SIRPB2":17.09203715850819,"ADGRG2":0.0,"HDAC4":17.273339859982656,"SERPINB10":11.672827410288022,"TCIRG1":22.456583987637988,"SLC12A9":19.06453796967069,"SLC36A1":4.38059839469653,"ATG7":18.12137069384102,"CSTA":12.209248197472256,"ALDH3B1":14.435748407921473,"RAB44":2.1448363409214735,"LRMDA":1.6487202704968702,"MSRB1":3.643835499527735,"LYST":10.582857226872528,"DGKG":2.5454254788057478,"ARL11":6.0305740418975695,"MT-CYB":0.0,"AP5B1":3.2329091080657504,"S100A11":21.171464979853504,"MEGF9":20.849101097189223,"FAT2":0.0,"SPTY2D1OS":0.0,"MT-ND4":-0.6994819892708006,"TRERF1":4.834149453079992,"P2RY2":0.0,