{"Mutation NPM1":{"min":-30.0,"max":30.0,"top_text":"High NPM1 Correlation","bottom_text":"Low NPM1 Correlation","map":{"SEC22A":2.047767426516067,"TPRA1":0.0,"TMED7":0.0,"GOSR2":1.364703070082402,"RAB4A":0.9291917645274134,"VAMP4":-1.678533369229483,"SCAMP3":0.4543706018758599,"PPP4R3B":4.057432124350328,"LMAN1":-1.2926866244034598,"VTI1A":0.0265233935548569,"DOLPP1":0.6766792198653733,"STX5":0.08300994801157445,"GDI2":0.0070276663780892415,"SAMM50":1.2166254386491373,"SLC25A46":2.222602294598088,"STT3B":-0.805532020397997,"CISD2":0.17748511527321917,"SLC30A5":1.412413373686224,"SSR1":0.7141010437203434,"SEC62":-0.030366950705896817,"ERGIC2":-1.5736882981490021,"RAB11A":0.0,"TRPM7":-0.9153292432820723,"TMED10":0.5774017010370608,"KRTCAP2":0.29383997405180723,"STX8":2.0564866390868675,"GORASP2":1.5836911197617634,"ERGIC3":0.5029777075957261,"TM9SF3":1.5660209700331584,"BCAP31":-0.6261764674167594,"TCTN3":0.0,"IMMT":0.046329647326846905,"MRPL42":0.4063467988886651,"NDC1":-1.1610952205697609,"VKORC1L1":0.3205657034456074,"TRIP11":1.6823419543880278,"MRPS21":3.044812695666552,"SLC30A6":-0.5512145970648368,"OCIAD1":1.0736056301648607,"EBAG9":0.25273689016809814,"SNAP23":-0.09933822084333198,"RPN1":0.13593365058046744,"SEC61B":0.37175122495508905,"SCAMP1":3.502775542466723,"TMEM209":0.3772772783142751,"RINT1":1.6239163422955218,"SPPL2B":-2.2914338017686493,"NUP155":0.2800119892678315,"BET1":-0.6702384323715014,"MAGT1":0.01009373634851255,"CYB5B":1.9289737773908786}},"NPM1 Subtype":{"min":-37.0,"max":37.0,"top_text":"Committed NPM1 Subtype","bottom_text":"Primative NPM1 Subtype","map":{"MRPS21":-0.5486090975289158,"PPP4R3B":-2.2864530676703048,"RPN1":-0.9730784441664453,"TMED7":0.0,"STT3B":-1.6142168281949107,"EBAG9":-3.573105848443761,"TCTN3":0.0,"SEC62":0.4546177000622151,"SNAP23":1.7217683278091598,"SSR1":0.4141766763598837,"TPRA1":0.0,"NDC1":-3.9791078086945117,"TRIP11":5.220886487284135,"SLC25A46":-2.459898537895072,"MRPL42":-2.0662535326369356,"STX5":1.6352646238692803,"RAB11A":0.0,"TMEM209":-3.733537372840212,"SCAMP1":1.7324599145362134,"MAGT1":-1.6676227513875428,"TM9SF3":-0.20358403527259172,"TRPM7":0.2647844246187719,"GOSR2":-0.04359027403318666,"VTI1A":5.382249695675279,"SEC61B":0.25786083423916417,"VAMP4":-0.9471171014762687,"ERGIC2":-0.09541175681093558,"SLC30A5":-0.39511008312475,"IMMT":-5.867704958158731,"LMAN1":-3.010368951923429,"SCAMP3":0.5139685300660772,"STX8":9.375032268491516,"SPPL2B":-4.796363423024147,"GDI2":5.802714751946064,"DOLPP1":-1.3039422150215108,"CISD2":-0.34418664510971075,"RINT1":-4.457465661157144,"TMED10":0.4446825201345466,"GORASP2":0.08132016435802933,"OCIAD1":-5.0610820953573965,"SLC30A6":-0.14656474391509466,"BET1":0.09119370765781701,"SAMM50":-3.5904986849476535,"ERGIC3":-0.017519134266122168,"CYB5B":0.9232397269452897,"KRTCAP2":0.04026280752282808,"VKORC1L1":-1.693631871451012,"RAB4A":1.5744890832867806,"BCAP31":-0.6889417854605071,"SEC22A":-0.7082769423212795,"NUP155":-7.916884127824586}},"Blast Percent":{"min":-11.0,"max":11.0,"top_text":"High Blast Percent Correlation","bottom_text":"Low Blast Percent Correlation","map":{"MAGT1":0.32408557271418514,"SCAMP1":-0.025647727408486667,"TCTN3":0.0,"PPP4R3B":1.5330781941329312,"RPN1":0.14679113053446632,"GORASP2":0.34338603950535873,"LMAN1":-0.13047318018906384,"KRTCAP2":-0.32317077730031213,"TM9SF3":0.6904610453695654,"TRPM7":-3.3610931379931515,"RAB11A":0.0,"BCAP31":-0.45050058651424496,"MRPS21":0.8722532086178231,"BET1":-2.158178611926154,"GDI2":-2.8278378855267867,"SLC25A46":0.9611841984443662,"STX8":-0.42356428437999283,"EBAG9":0.14642683244451113,"ERGIC3":-0.7457705559293928,"RAB4A":-1.35418399091744,"SLC30A6":-0.8116104696305143,"OCIAD1":0.6310823871686287,"TMED10":-0.7353258925410062,"SLC30A5":0.8543065817651069,"CYB5B":-0.8450324015745588,"NUP155":5.056410125780504,"ERGIC2":-3.9082993765192824,"VKORC1L1":0.1886350972620492,"SEC62":-0.25580354966569024,"TRIP11":-0.821270005827603,"SCAMP3":0.07434374755129586,"SEC22A":0.605565049306068,"TPRA1":0.0,"GOSR2":-0.6836952375249236,"STT3B":-0.1514534153247713,"TMEM209":3.2865602828934564,"RINT1":0.03385678325394862,"NDC1":0.35134590468736093,"SNAP23":-5.096342665720653,"SEC61B":0.31896317272431707,"TMED7":0.0,"VAMP4":1.8253835234648323,"SPPL2B":0.8337867363414218,"IMMT":1.768966323626402,"STX5":-0.8341508517464409,"SAMM50":1.672533490782469,"DOLPP1":0.5008238428839946,"CISD2":-0.7812695385932121,"SSR1":0.3897900888763043,"VTI1A":-2.98239013778059,"MRPL42":0.7597665780932147}},"MuSiC CD14 Mono":{"min":-50.0,"max":50.0,"top_text":"High CD14 Mono Correlation","bottom_text":"Low CD14 Mono Correlation","map":{"SCAMP1":1.0098676183213748,"TRPM7":0.04757549078690268,"TRIP11":5.31566955691759,"RAB11A":0.0,"GDI2":7.843767394128772,"TMEM209":-3.832052178685588,"ERGIC2":-0.8561912577118986,"TPRA1":0.0,"VAMP4":-2.790717572987027,"SNAP23":3.399501486028175,"SPPL2B":-6.850991042334618,"OCIAD1":-5.897706755296865,"SEC22A":-0.21523828482363355,"CISD2":-0.9919124601609524,"MRPS21":-0.8053647091348792,"VTI1A":5.394232516286074,"STX8":10.819255273950695,"NDC1":-3.700486727398308,"EBAG9":-4.526286641528171,"TMED7":0.0,"TCTN3":0.0,"ERGIC3":-0.5556980015393624,"SEC62":0.2010644172173444,"SLC30A5":-0.6803293641203755,"RPN1":-0.8539539384471044,"BET1":-0.07471678295904066,"SCAMP3":0.3817577154755144,"DOLPP1":-1.325225755532724,"SLC30A6":-0.137463350149358,"GORASP2":0.4328125519615453,"STT3B":-2.3483912120481674,"VKORC1L1":-0.9062626661818358,"RAB4A":1.003397550935415,"TMED10":0.30817083558546937,"KRTCAP2":-0.27609924878943487,"SAMM50":-3.204319045801859,"MRPL42":-0.9013284120475913,"PPP4R3B":-1.8621018393120634,"RINT1":-2.2175694430488346,"CYB5B":0.6647693844834177,"TM9SF3":-0.37154242328168186,"SSR1":0.422754647409483,"NUP155":-9.924119320621505,"SEC61B":0.2626436144148487,"BCAP31":-0.7530936817154861,"STX5":2.532438708647276,"MAGT1":-1.6679076759649016,"IMMT":-4.659992738189688,"LMAN1":-5.281402989924098,"SLC25A46":-2.3676886659797463,"GOSR2":0.32242985743579367}},"Overall Survival":{"min":-6.0,"max":6.0,"top_text":"High Survival Correlation","bottom_text":"Low Survival Correlation","map":{"SLC30A5":-0.6130862368067118,"VKORC1L1":0.05513290761785596,"ERGIC3":0.38948126787224874,"TMED10":0.02707039186134701,"GDI2":0.7780504473873987,"RAB11A":0.0,"SEC22A":0.09034685039601759,"TPRA1":0.0,"MAGT1":0.534490667413374,"IMMT":0.2961217388877748,"STX5":0.639157077882954,"VTI1A":0.6171395382206247,"SEC61B":0.7188928083702123,"DOLPP1":1.109562076076537,"MRPS21":0.1094362195258859,"NDC1":0.40331928147116897,"BET1":0.980163946873108,"OCIAD1":1.1171405536274979,"STT3B":0.5421410325855953,"SCAMP1":0.0832503540046848,"NUP155":-1.0490525431911146,"TM9SF3":0.7301628544191174,"KRTCAP2":-0.17431042568345587,"ERGIC2":0.3914075323122725,"SSR1":-0.18301981331069386,"RPN1":-0.270082755236151,"SEC62":2.646217261517524,"VAMP4":-0.3346216397417971,"CISD2":2.0029041343101763,"TRIP11":0.1717367771799637,"SNAP23":2.3112407702609294,"CYB5B":0.9380993092175869,"STX8":0.4818195602637342,"GORASP2":-0.7606077671104642,"PPP4R3B":0.5496147091225402,"SPPL2B":-0.9138414169821131,"BCAP31":0.2413845383773433,"SLC30A6":0.004104824791682617,"TCTN3":0.0,"SCAMP3":-0.13859780584958234,"EBAG9":-0.5666757107938374,"LMAN1":-0.6382603608032953,"TRPM7":1.33972060653115,"TMEM209":0.5395198458909011,"GOSR2":0.12832895198868405,"RINT1":-0.34277593637164283,"TMED7":0.0,"RAB4A":0.3008990607581807,"SAMM50":0.05254136828112006,"SLC25A46":1.5830123490703334,"MRPL42":-0.39484656565851867}},"Mutation FLT3 ITD":{"min":-10.0,"max":10.0,"top_text":"High FLT3 ITD Correlation","bottom_text":"Low FLT3 ITD Correlation","map":{"SLC25A46":1.7626831275005355,"VKORC1L1":0.8907416691158524,"MRPL42":1.8096491287745298,"TRIP11":1.0291239897148663,"CYB5B":0.025228028381610344,"NDC1":-0.041183744214949775,"VAMP4":-0.6234843703243645,"TM9SF3":1.1134672984730583,"KRTCAP2":-0.028983417673397217,"STT3B":-0.20561596592188677,"VTI1A":0.13363156346915706,"TPRA1":0.0,"STX8":0.6151160909201557,"DOLPP1":0.06531787661940186,