{"Overall Survival":{"min":-6.0,"max":6.0,"top_text":"High Survival Correlation","bottom_text":"Low Survival Correlation","map":{"SNRPB2":-1.6162138952300258,"SF3B1":-1.0082074528948128,"H4C12":0.0,"DHX16":-1.197177462845075,"NUP50":-3.1186885499037436,"DDX23":-0.5873969871501877,"RPS20":0.36424140998125887,"PPM1G":0.45018730971442167,"DDX46":0.28558594107079643,"H4C8":0.0,"CDC5L":0.590713796172442,"HNRNPK":-1.8017630560794289,"SNRNP40":0.00655419399492964,"PIH1D1":-0.45926458497614997,"DNAJC8":-0.3287301137621562,"SNRPF":-1.3201943511389358,"NOSIP":-0.18665409853603537,"SUMO2":-0.5226655527795606,"ZC3H18":-0.21155997651184122,"PHF5A":-0.2216548332379135,"LSM2":-0.47984789529660526,"LSM4":-0.9344019474194848,"MCM2":-1.0751882964464419,"H4C2":0.0,"RBM7":-1.479837524356583,"H4C3":0.0,"STRAP":0.18307606835539889,"H4C5":0.0,"SRRM1":-0.244022336994877,"SRRM2":-0.5935049007086609,"SF3B2":-0.8333593651742467,"GPKOW":-0.21307256477976932,"SLC4A1AP":-0.13066109314153834,"SUMO1":-0.08952779830121153,"POLD1":-0.10921604074561984,"BRD4":-0.7188798649332288,"SF3A1":-1.7525024929971134,"PPP4R2":0.2655760915827564,"GTF2F2":-0.025843236520248978,"ZNF330":1.2136140536407805,"SRP14":0.05237871829022301,"H3C1":0.0,"WDR82":-0.08611832014264577,"H2BC7":0.0,"SF3B6":-0.4998207723305997,"DHX38":0.6011388202740073,"H4C1":0.0,"XRCC6":-1.1506252357315108,"H4C4":0.0,"XRN2":-1.4163936615135837,"H2BC17":0.0}},"NPM1 Subtype":{"min":-37.0,"max":37.0,"top_text":"Committed NPM1 Subtype","bottom_text":"Primative NPM1 Subtype","map":{"PPM1G":0.06066680894495946,"DNAJC8":-4.12502021858836,"SUMO1":0.28316012151296116,"DHX16":0.030900546528439904,"CDC5L":-8.499865467451796,"SNRPB2":-7.0110728095377794,"ZNF330":0.10348154124546066,"SF3B6":-3.940325634942233,"PHF5A":-1.0060673165312122,"SF3A1":-6.976783224874729,"H2BC17":0.0,"SRP14":-4.273390988380761,"H4C12":0.0,"HNRNPK":-7.046078815464744,"RPS20":-0.2972417682189701,"NUP50":-1.317324136926952,"SUMO2":-4.140136976235123,"H4C3":0.0,"NOSIP":0.07998915910872059,"POLD1":0.5293412796623368,"XRCC6":-13.367981289306929,"SF3B2":-7.0227259154992145,"GPKOW":-2.593228213496905,"SNRNP40":-1.6384712976237736,"SF3B1":-6.1078047150514765,"RBM7":-0.4097851933795685,"LSM4":-0.5924485318063023,"PPP4R2":-6.332299704818019,"DHX38":-0.2385701583805234,"LSM2":-2.9912528140670975,"XRN2":-6.863480535556921,"PIH1D1":-1.3134139264698825,"GTF2F2":-2.4313962909059863,"H4C1":0.0,"DDX46":-1.0787651549270605,"H4C5":0.0,"SNRPF":-3.4042251608561425,"H4C2":0.0,"H4C8":0.0,"BRD4":-4.638999711906336,"H3C1":0.0,"MCM2":-3.0244445985211,"H2BC7":0.0,"SRRM1":-0.5097947368266745,"SRRM2":-2.547109195441349,"H4C4":0.0,"SLC4A1AP":3.1699485943539423,"ZC3H18":-1.95004062605058,"WDR82":-1.3406646888021063,"STRAP":1.2825824405870503,"DDX23":-4.039778913376542}},"Blast Percent":{"min":-11.0,"max":11.0,"top_text":"High Blast Percent Correlation","bottom_text":"Low Blast Percent Correlation","map":{"DNAJC8":0.29299459818255263,"SLC4A1AP":0.14720534754870113,"PPM1G":1.2101183319600552,"POLD1":0.39573091656868237,"DDX46":7.511482816221787,"MCM2":0.8666994623783532,"H2BC7":0.0,"SNRNP40":2.9448055244753175,"RBM7":3.4662175975476752,"H2BC17":0.0,"DDX23":3.7047517425322534,"H4C1":0.0,"SNRPB2":4.816539853007493,"ZNF330":0.33855894451049173,"STRAP":0.07521167972365084,"DHX38":4.258612984449222,"ZC3H18":4.773065165538689,"GPKOW":1.337428424373367,"H4C4":0.0,"SF3B6":2.255306270331293,"PPP4R2":1.4351055085581041,"SUMO2":1.9225033754633452,"SRRM1":0.08327131750684245,"LSM2":3.388483887775444,"NOSIP":1.8413637206600486,"LSM4":3.2716581719933364,"SF3A1":5.651715979103699,"RPS20":0.32406490399993687,"SF3B1":7.856372888365048,"XRCC6":6.883140844952099,"H3C1":0.0,"SUMO1":0.08472947475564169,"H4C2":0.0,"DHX16":1.9289138163305781,"CDC5L":6.328344057248915,"H4C8":0.0,"SNRPF":6.584783163931188,"SF3B2":5.462434374177221,"SRRM2":3.7561643272941865,"WDR82":4.1669123344283,"H4C5":0.0,"NUP50":0.49108829784272284,"HNRNPK":6.21712012705405,"H4C3":0.0,"GTF2F2":4.6743899037218615,"H4C12":0.0,"PHF5A":3.5749479059035796,"BRD4":1.288643145429348,"SRP14":1.458424982270246,"XRN2":7.838817877842583,"PIH1D1":-0.2920956062943704}},"MuSiC CD14 Mono":{"min":-50.0,"max":50.0,"top_text":"High CD14 Mono Correlation","bottom_text":"Low CD14 Mono Correlation","map":{"SF3B2":-6.5437971525084935,"PPP4R2":-3.6985760940128545,"GTF2F2":-1.89244812614187,"H4C2":0.0,"XRCC6":-13.768965966431818,"DNAJC8":-5.460479705712131,"SNRPF":-4.832315466661114,"CDC5L":-7.248921855788634,"RBM7":-0.21072401752628245,"SF3B1":-8.234828562810192,"H4C4":0.0,"PPM1G":-0.16484770104824695,"H4C8":0.0,"POLD1":0.18419138209402292,"LSM4":-0.7825506730446029,"SRP14":-4.031148898154299,"BRD4":-3.6745782819782855,"DDX46":-1.518850827041215,"HNRNPK":-7.103179998141122,"PIH1D1":-2.291724653668238,"RPS20":-0.19627175432890792,"NOSIP":0.30533301497218235,"NUP50":-1.205463114425022,"DHX16":-0.08002128257656038,"PHF5A":-1.2247537013225451,"SNRNP40":-1.5204588952092164,"GPKOW":-2.9043230008696943,"STRAP":0.7447030089490301,"DDX23":-2.890659024770613,"DHX38":-0.551682642446943,"SF3A1":-8.197642871147563,"H4C5":0.0,"ZC3H18":-1.8285149597911978,"XRN2":-3.0802841690194573,"H2BC17":0.0,"H4C3":0.0,"H4C1":0.0,"SUMO1":1.5167215014429334,"H4C12":0.0,"MCM2":-4.109393782613781,"H2BC7":0.0,"SNRPB2":-7.105558155816705,"LSM2":-2.8228891395397513,"SRRM1":0.11028983602135572,"WDR82":-0.7393496675225469,"SRRM2":-2.0626065722444307,"SF3B6":-3.1714041496157677,"ZNF330":0.20291591379152352,"SLC4A1AP":2.7705563248767064,"H3C1":0.0,"SUMO2":-8.566674074301188}},"Mutation NPM1":{"min":-30.0,"max":30.0,"top_text":"High NPM1 Correlation","bottom_text":"Low NPM1 Correlation","map":{"SNRNP40":0.9362793251771032,"SF3B2":1.2160269148874354,"PPP4R2":2.780370741250556,"XRN2":3.2497920566291327,"BRD4":-1.0693798516051412,"H3C1":0.0,"SUMO2":-1.7582970387614496,"SRRM1":1.989848833993627,"ZC3H18":2.3739341339076145,"PPM1G":3.0648339237125666,"H4C4":0.0,"LSM4":2.7628383460251493,"SF3A1":0.46184041643896473,"NUP50":-1.2412127236072255,"SRP14":-5.993265005935374,"SF3B6":0.9066514110777865,"SNRPF":0.6719849961109338,"HNRNPK":1.2853741884054384,"H4C3":0.0,"STRAP":0.29555059922961857,"H4C2":0.0,"POLD1":0.6336536889120328,"GPKOW":0.32375429328927946,"DDX46":4.781968296172078,"H2BC7":0.0,"SF3B1":1.1929500894852785,"DNAJC8":-1.5881826862297128,"H4C1":0.0,"SUMO1":-0.7483054457150468,"MCM2":-0.8932231535543373,"PHF5A":2.8868096858945766,"DHX16":1.2127636717489019,"CDC5L":-0.4475152244554471,"SNRPB2":1.0512781642611446,"PIH1D1":0.24224614736882538,"H4C5":0.0,"RPS20":-0.17558585893109174,"DHX38":0.7754076129549631,"ZNF330":1.7296573433445044,"H4C12":0.0,"SRRM2":4.837747094537221,"GTF2F2":2.2785346075405704,"LSM2":1.138751200197101,"WDR82":2.051825701349562,"NOSIP":-0.7908894826835833,"DDX23":0.18147845660899323,"SLC4A1AP":-0.8178382303294894,"H4C8":0.0,"RBM7":-0.11139045286492567,"H2BC17":0.0,"XRCC6":0.030032247945212753}},"Mutation FLT3 ITD":{"min":-10.0,"max":10.0,"top_text":"High FLT3 ITD Correlation","bottom_text":"Low FLT3 ITD Correlation","map":{"SLC4A1AP":-1.5015129405844962,"LSM2":-0.2377878364417942,"SUMO1":0.26532300865711517,"DNAJC8":-0.6270364364855953,"XRCC6":0.27268549802145015,"DDX46":1.5688424707356303,"ZC3H18":0.8406114629295045,"NUP50":-0.4273363996191098,"SF3A1":0.3457384370048998,"H4C5":0.0,"H4C8":0.0,"GTF2F2":1.4642106326590894,"H2BC17":0.0,"ZNF330":0.5287631883174039,"H2BC7":0.0,"CDC5L":0.08920016874934106,"H4C2":0.0,"SUMO2":-1.002986662491293,"MCM2":-0.6530855247902244,"H4C3":0.0,"STRAP":0.31802116828223376,"BRD4":0.18355071889476207,"DHX38":-0.1594399765154168,"PPM1G":0.5997181687126381,"SRRM2":3.1434752637985857,"SRP14":-0.8808725746725756,"H4C1":0.0,"HNRNPK":0.19156539617136967,"SF3B1":0.49391841635912165,"PPP4R2":0.9547432055626165,"SF3B2":0.8643812312407538,"H4C4":0.0,"DHX16":0.14380177529319088,"RPS20":0.5301074019300802,"PHF5A":0.8118956330487423,"SNRNP40":0.2433621034321911,"NOSIP":0.28710444135957525,"H3C1":0.0,"GPKOW":-0.05687552774634407,"H4C12":0.0,"WDR82":0.6268840927248962,