{"NPM1 Subtype":{"min":-37.0,"max":37.0,"top_text":"Committed NPM1 Subtype","bottom_text":"Primative NPM1 Subtype","map":{"RBBP4":-3.057313418845855,"SMARCE1":-13.332467919137377,"H3C1":0.0,"SUMO2":-4.140136976235123,"RCOR1":-4.938249709509632,"NONO":-8.776938089453266,"DPF2":-7.103873562756072,"NPM1":-13.438152303775192,"EFTUD2":-2.6542317971540643,"TRIM28":-19.651323646373296,"RNF2":-9.646383838273994,"ARID1A":-2.8636318742908,"BCL7A":-10.583630351621963,"PBRM1":-6.950231701183314,"TBL3":-9.987067475322727,"MBD3":-10.7984216133675,"SS18L1":-2.0280594835465635,"H4C12":0.0,"XRCC6":-13.367981289306929,"BYSL":-11.495942598956955,"CBX3":-6.735438819020371,"NCL":-10.484051939043448,"SOX4":-9.95248703118156,"HIRA":-0.36505790299029184,"HDAC2":-8.44012458482962,"CHD4":-14.411108575673477,"WIZ":-16.461337163166327,"ACTL6A":-3.650415258801667,"MDC1":-6.161477820690508,"ADNP":-14.496376424468377,"H3C15":0.0,"KHSRP":-5.480263534311948,"SMARCC1":-11.425483867736347,"SMARCB1":-5.746633495259363,"BRD4":-4.638999711906336,"H4C5":0.0,"FUS":-3.8572283717073863,"APEX1":-10.20635800762673,"GTF2I":-18.722973708469844,"SMARCC2":-10.83745404825939,"HDAC1":-5.655537515814193,"SMARCD2":-8.475812836430265,"SMARCD1":-6.985411063085492,"SMARCAD1":-15.092112518437062,"GTF3C3":-5.773194917460165,"NOC2L":-11.761019622264989,"CABIN1":-1.4036469361296966,"RBM10":-9.339305402355016,"SMARCA4":-11.004650345434584,"RAVER1":-9.138389486324941,"U2AF2":-7.515097555612168}},"Mutation FLT3 ITD":{"min":-10.0,"max":10.0,"top_text":"High FLT3 ITD Correlation","bottom_text":"Low FLT3 ITD Correlation","map":{"H3C1":0.0,"SMARCD1":0.34796485559634593,"FUS":-0.13103701783618021,"BYSL":0.5774878155361782,"SUMO2":-1.002986662491293,"BCL7A":0.19649915782878868,"H3C15":0.0,"NPM1":-1.0520844031272854,"H4C5":0.0,"ARID1A":-1.0388814059493547,"NCL":0.7272485291997494,"SMARCC2":0.9989157118609314,"WIZ":-0.7692608908420119,"SMARCB1":0.3530088890385257,"RBBP4":0.8544051355093413,"PBRM1":1.0360444939160987,"NOC2L":0.10502547105504285,"HDAC2":0.5237603838265383,"EFTUD2":0.9191797055219539,"GTF3C3":1.2473955418173996,"GTF2I":0.5237514797903631,"MDC1":-1.7276252283964555,"SMARCD2":0.4793598188832066,"SMARCAD1":0.15431553452892363,"SOX4":-1.5923685864591341,"ADNP":0.18408555971675689,"TBL3":0.2369171189606444,"DPF2":0.4731062255913102,"ACTL6A":1.032785076903713,"RCOR1":-0.14245991991340531,"RBM10":0.10867056992197296,"SS18L1":-0.12646053036246263,"SMARCA4":-0.3005314995868621,"HDAC1":0.25427844551869644,"MBD3":0.2521127249111886,"CBX3":0.478261421403452,"RNF2":0.6845526946430179,"BRD4":0.18355071889476207,"NONO":0.43918524958309096,"TRIM28":0.0631033974275213,"XRCC6":0.27268549802145015,"U2AF2":-0.2178367257670411,"CHD4":0.3289789536256447,"H4C12":0.0,"SMARCC1":-0.09422128941975079,"SMARCE1":0.5565176724962911,"HIRA":0.9146508525883278,"RAVER1":-1.347818097659712,"KHSRP":-0.1033031149372581,"APEX1":0.16260193036553675,"CABIN1":0.8370631610069019}},"Overall Survival":{"min":-6.0,"max":6.0,"top_text":"High Survival Correlation","bottom_text":"Low Survival Correlation","map":{"NONO":-1.2777073178899991,"ADNP":-0.5935639364265656,"SOX4":-0.34996055592539804,"TBL3":0.15074488814966236,"H3C15":0.0,"RBBP4":-0.05769905869416637,"APEX1":-0.7588543947205122,"GTF2I":-0.29891798918631757,"SMARCD2":-0.10947993722164369,"H3C1":0.0,"SMARCB1":-0.03778859283987227,"HDAC1":-0.04023659155705505,"SMARCE1":-0.2453537393057627,"CBX3":-0.6915940276568578,"EFTUD2":0.15223959551260513,"KHSRP":-2.1321876974540923,"SMARCC2":-0.06700074409711332,"CHD4":-0.8250007975486481,"NCL":-1.082691449791101,"GTF3C3":-0.2126072744236417,"BYSL":-0.063577863569275,"WIZ":-1.8415182202775933,"RNF2":-2.377289758397529,"SMARCAD1":-0.1825603726090783,"HDAC2":-0.6852899224982528,"H4C12":0.0,"MDC1":-0.31806716692383624,"RAVER1":-1.5788970241955953,"RCOR1":-2.1998759444597487,"FUS":-0.3752344975212528,"NPM1":0.521776265381839,"NOC2L":-0.0018758652511020341,"PBRM1":-0.4794002908415232,"HIRA":-0.015391230533067022,"SUMO2":-0.5226655527795606,"H4C5":0.0,"CABIN1":-0.6934302052492871,"RBM10":-0.6229016308387375,"SS18L1":-0.5968289828794516,"SMARCC1":-0.31922000950622903,"TRIM28":0.01712886786621426,"U2AF2":-1.3012764319448997,"SMARCD1":-1.008390655723318,"ARID1A":-1.5630807160336784,"ACTL6A":0.12643027971195456,"SMARCA4":-0.39013198588528264,"DPF2":-0.32317215902754287,"XRCC6":-1.1506252357315108,"BRD4":-0.7188798649332288,"MBD3":-0.7727200843739481,"BCL7A":0.5493407863299996}},"Blast Percent":{"min":-11.0,"max":11.0,"top_text":"High Blast Percent Correlation","bottom_text":"Low Blast Percent Correlation","map":{"HDAC2":8.110049998404987,"SMARCE1":6.251306136295031,"TRIM28":3.596496680403605,"NONO":5.189981008271852,"MBD3":5.222187499728889,"WIZ":4.786656647743804,"FUS":6.435713142691511,"SMARCD1":4.642827884575543,"BRD4":1.288643145429348,"SOX4":3.113540579314211,"TBL3":4.414152929262847,"SMARCC2":6.8205742081014495,"NPM1":2.0044213784871614,"SMARCA4":4.251591783215105,"HIRA":0.5114362320702442,"NCL":3.9478264340707936,"PBRM1":7.742904402897304,"KHSRP":5.6404454100016626,"SUMO2":1.9225033754633452,"GTF3C3":6.330630155105128,"RAVER1":8.967249428672229,"RCOR1":2.5667010453126737,"CHD4":6.40312949392056,"CBX3":2.5834295058211407,"ARID1A":5.264134938181909,"EFTUD2":5.334390697573482,"GTF2I":7.091061394068611,"RBBP4":2.4750378800402686,"H3C15":0.0,"ADNP":5.426808320522711,"SMARCB1":6.168500186127005,"MDC1":3.5036569781819322,"BYSL":4.53669966619041,"SMARCD2":6.044608791388337,"RBM10":5.988220000269334,"APEX1":5.490836922945718,"NOC2L":2.503228320174259,"HDAC1":4.408129367480514,"DPF2":3.4972766167227007,"H4C5":0.0,"BCL7A":4.555446240148829,"H4C12":0.0,"U2AF2":4.304256916401218,"H3C1":0.0,"RNF2":3.6644621413956906,"SS18L1":0.34612031888380007,"XRCC6":6.883140844952099,"ACTL6A":4.462746460476621,"CABIN1":0.10908073377085817,"SMARCAD1":3.5642020836077353,"SMARCC1":4.429979273448409}},"MuSiC CD14 Mono":{"min":-50.0,"max":50.0,"top_text":"High CD14 Mono Correlation","bottom_text":"Low CD14 Mono Correlation","map":{"U2AF2":-6.7360442973590136,"SMARCD2":-7.795983039301425,"SMARCB1":-7.261583882980662,"SMARCE1":-16.3392817861026,"TRIM28":-23.59451698900753,"MDC1":-8.248967719141568,"CHD4":-16.48823355690458,"ACTL6A":-4.0583833008250885,"NONO":-9.654966241273916,"KHSRP":-7.659760742982617,"HIRA":0.4150088660351334,"RAVER1":-12.909731287789795,"HDAC2":-8.660595189361645,"SMARCD1":-7.641533646953706,"NCL":-12.843596072627255,"SMARCC2":-10.69874797646792,"XRCC6":-13.768965966431818,"SUMO2":-8.566674074301188,"H3C1":0.0,"NOC2L":-13.660289017197156,"TBL3":-12.932345990171589,"RBM10":-11.176232188412474,"MBD3":-15.116095940714953,"SOX4":-11.695867935939251,"RCOR1":-4.18343741423989,"SS18L1":-1.8625047238190633,"SMARCC1":-14.722138021838626,"ADNP":-17.05972211914831,"GTF2I":-21.026993356224295,"RNF2":-7.987141708151938,"BYSL":-16.061156946420294,"SMARCA4":-14.01989779328231,"BCL7A":-12.294812611189586,"CABIN1":-0.7351980250645109,"CBX3":-6.188760738396074,"PBRM1":-7.136125023371141,"H4C12":0.0,"ARID1A":-4.506309514494056,"H4C5":0.0,"APEX1":-8.554182832038181,"NPM1":-17.855123193602328,"HDAC1":-4.679624575278813,"FUS":-4.649931189692242,"RBBP4":-3.1902835480126748,"EFTUD2":-2.301358733881061,"DPF2":-6.860281087560968,"GTF3C3":-5.550505321995984,"SMARCAD1":-19.480675468099545,"BRD4":-3.6745782819782855,"H3C15":0.0,"WIZ":-21.620115177842433}},"Mutation NPM1":{"min":-30.0,"max":30.0,"top_text":"High NPM1 Correlation","bottom_text":"Low NPM1 Correlation","map":{"ACTL6A":2.0091668307369095,"CABIN1":2.457556031592789,"SMARCC2":3.1988717462606737,"HDAC2":0.6601444824937441,"WIZ":-1.2247482815251576,"U2AF2":1.4389291113241685,"MDC1":-0.9598751405064925,"SOX4":-1.5582460891117607,"NOC2L":-2.3524037718843913,"KHSRP":0.4639153878333636,"GTF3C3":3.4432865247271813,"GTF2I":-0.04528160929836776,"HDAC1":0.42857678154086615,"MBD3":0.10950536415302901,"SMARCD1":1.0924050059584112,"BCL7A":-0.4059251813016011,"RCOR1":-0.0011907419778408453,"SMARCB1":1.0197798599639336,"HIRA":2.5322036440548406,