{"Blast Percent":{"min":-11.0,"max":11.0,"top_text":"High Blast Percent Correlation","bottom_text":"Low Blast Percent Correlation","map":{"NDUFS8":4.407757706594103,"OCIAD1":0.6310823871686287,"IGFBP4":0.0,"PTPRJ":-7.885781062415678,"MCU":-2.2234957968445452,"UQCRC1":1.117369151011468,"CEACAM8":-5.361239076268032,"MDH2":5.543936109602973,"KIF14":-2.3783946645236163,"TMEM30A":-3.625093620624551,"BPI":-6.413900278164161,"FCN1":-8.131275263035983,"ATP13A2":-2.5517624090668525,"NDUFV1":2.637531162461798,"COX7C":0.25579397329739717,"MARCKS":-4.362816407069534,"COX4I1":0.009647545179321345,"KLHL22":-3.5917270496423317,"P2RY2":0.0,"NAGA":-2.2005351396081343,"UQCRC2":1.231998926846486,"RRAS":-2.1528418391487594,"NDUFA4":2.3887724357413282,"GYG1":-4.1556419170242105,"NDUFS3":3.2055766594772437,"NDUFS1":2.536037908416239,"NDUFB5":0.4610824838212594,"MCEMP1":-8.206782193515835,"TUBA4A":-0.7757433780640055,"AIFM1":1.71155764319493,"FCAR":-4.8133620079862345,"CYC1":0.34399769087185506,"APOC3":-2.4967110974882303,"MTCH2":1.217377830213272,"SERPINB10":-2.966005229822383,"DNAJC5":-3.616107663485694,"ANKRD22":-3.614226242655857,"PIP4P2":-3.2566711649398696,"SMDT1":-1.8324113930344808,"MICU2":-4.777085449199633,"KLHL26":-0.2676730040943817,"RAB27A":-0.9938635341511712,"NDUFS7":4.202747516856414,"NDUFB10":0.7500277660775128,"CANX":-1.6554512699106405,"GFM1":1.6921911680794717,"B4GALT5":0.0,"SCARF2":0.0,"ADAM10":-1.5509924858962971,"TSPAN14":-3.476918165236102,"MICU1":-2.910257588173634}},"NPM1 Subtype":{"min":-37.0,"max":37.0,"top_text":"Committed NPM1 Subtype","bottom_text":"Primative NPM1 Subtype","map":{"B4GALT5":0.0,"NDUFA4":0.14579321933728276,"ADAM10":14.848653506984187,"AIFM1":-3.49353500575545,"MDH2":-10.275203587609337,"OCIAD1":-5.0610820953573965,"MCEMP1":20.619876989277646,"UQCRC2":-1.8442304338365987,"NAGA":16.00624909303676,"KIF14":1.1070031297304213,"NDUFS8":-2.6833677340449578,"FCAR":12.26943762499202,"KLHL22":3.5006026773073704,"TMEM30A":7.1436772207026,"PIP4P2":8.310696301231419,"KLHL26":0.16198479988242562,"MICU2":12.242112229992552,"RAB27A":9.648279992472382,"UQCRC1":-1.7275987899360667,"NDUFB5":-1.5965369910567737,"IGFBP4":0.0,"MARCKS":11.138076006323027,"SMDT1":4.767588838750909,"GFM1":-2.8753825180029806,"TUBA4A":2.011480242204897,"NDUFS7":-1.709424272502127,"ANKRD22":16.757291548799543,"GYG1":15.35950920858446,"COX7C":-0.9310130394063836,"CYC1":-2.060847712031401,"NDUFS3":-0.740803067109875,"CEACAM8":2.5020257380119126,"P2RY2":0.0,"SERPINB10":11.672827410288022,"APOC3":0.6559190015752016,"MTCH2":-0.23698763226802888,"RRAS":18.643418067539702,"CANX":-0.31405400225911134,"MICU1":13.052984453600926,"BPI":2.679713627043162,"PTPRJ":23.81887014323897,"NDUFB10":-1.7291719620775914,"FCN1":19.620727136033025,"DNAJC5":10.73333268017894,"ATP13A2":2.6385132495120875,"COX4I1":0.2180424024938705,"NDUFV1":-1.7520482734382878,"MCU":6.667997395147425,"SCARF2":0.0,"NDUFS1":-2.453485243529112,"TSPAN14":17.097243581862337}},"Mutation FLT3 ITD":{"min":-10.0,"max":10.0,"top_text":"High FLT3 ITD Correlation","bottom_text":"Low FLT3 ITD Correlation","map":{"PTPRJ":-0.4165288811156053,"GFM1":0.8879254539007689,"AIFM1":2.1981150631415396,"COX7C":0.5130841298879699,"P2RY2":0.0,"SERPINB10":-0.8656745141962935,"PIP4P2":0.08397376456594977,"APOC3":-1.923753298866965,"KLHL22":-1.3066770328957311,"MDH2":1.0763205551916817,"UQCRC2":1.2491702650087078,"UQCRC1":2.3562767945951473,"MCU":-2.4536824299433255,"ANKRD22":-0.7895526347273564,"KLHL26":-0.7834218180005548,"TMEM30A":-1.4554748174661245,"IGFBP4":0.0,"FCN1":-0.7948648377190213,"RAB27A":-1.6243187688143816,"NDUFV1":2.881641435331292,"SMDT1":-0.4007604435812208,"OCIAD1":1.5506698765456155,"DNAJC5":-0.16122570612363318,"TUBA4A":0.2560003352207654,"NDUFB5":3.5211885729710346,"SCARF2":0.0,"FCAR":-1.2104563684904852,"CEACAM8":-1.9023265614058176,"B4GALT5":0.0,"MARCKS":-0.6117563295803227,"ADAM10":-0.2653884515298508,"BPI":-1.1663274018068688,"NDUFS8":1.182874687648826,"MTCH2":0.932891925443346,"MCEMP1":-0.88189359207128,"NDUFS7":2.460771072600124,"NDUFS1":1.950128799106952,"CANX":-0.5196418388990681,"GYG1":-0.09927492366291647,"NAGA":0.8165898306937719,"NDUFS3":1.2962016366007825,"MICU2":-2.584071725405245,"ATP13A2":1.5073385573699412,"CYC1":2.1745486499043913,"TSPAN14":-0.12284160951388406,"NDUFB10":2.1317050473258115,"NDUFA4":4.188644210292796,"MICU1":-2.6775067739785476,"RRAS":-0.39350972974539833,"COX4I1":1.36647793888403,"KIF14":-3.1164970754261745}},"MuSiC CD14 Mono":{"min":-50.0,"max":50.0,"top_text":"High CD14 Mono Correlation","bottom_text":"Low CD14 Mono Correlation","map":{"PTPRJ":29.193824204302903,"UQCRC1":-0.7886263116838331,"RAB27A":13.250563581827981,"KIF14":0.11455644680214193,"APOC3":0.36384078542068055,"PIP4P2":9.59235497449766,"MTCH2":0.027425364939130337,"MCU":9.457983436347147,"NDUFA4":0.16419466707980762,"FCN1":26.25085160507404,"TSPAN14":21.71636812193941,"COX4I1":-0.019810555215715165,"TUBA4A":2.4059803074474804,"GFM1":-2.329181240232404,"COX7C":-0.6875665644439173,"OCIAD1":-5.897706755296865,"NDUFB5":-0.9258135084103313,"CANX":0.2264897862573834,"NDUFS3":-0.321373718303882,"MICU1":14.318671446194822,"SERPINB10":13.22019050368066,"MARCKS":13.206035493190852,"DNAJC5":13.200905355777923,"UQCRC2":-1.4991440042830364,"GYG1":20.47667892525259,"KLHL22":2.618330562498605,"MCEMP1":27.240662325463923,"AIFM1":-1.5647021183548813,"NDUFB10":-0.7150992127227194,"NDUFV1":-0.8977056905934436,"ATP13A2":6.728012585039332,"MICU2":14.292621983229438,"KLHL26":0.3345429744854749,"CYC1":-1.8431299542367092,"MDH2":-6.36328508667933,"B4GALT5":0.0,"RRAS":22.63912921277261,"BPI":3.2233113838732175,"ANKRD22":18.911093018962948,"IGFBP4":0.0,"ADAM10":17.46350644584154,"FCAR":14.23022954315972,"NDUFS8":-1.840015161521226,"NDUFS1":-1.4437980645566444,"SMDT1":8.084439436720231,"TMEM30A":6.293225249643875,"NAGA":23.30293779959942,"NDUFS7":-1.2164879859577038,"P2RY2":0.0,"SCARF2":0.0,"CEACAM8":2.370496367310485}},"Overall Survival":{"min":-6.0,"max":6.0,"top_text":"High Survival Correlation","bottom_text":"Low Survival Correlation","map":{"NDUFA4":0.3978521676703525,"ADAM10":0.6390980325993864,"NDUFS7":-0.013068226417954874,"SCARF2":0.0,"TMEM30A":-0.2362460627712342,"NAGA":0.1957983102285562,"TSPAN14":0.43624689312716575,"UQCRC2":2.4421240097618977,"CYC1":0.8662990613516797,"PIP4P2":-0.14421725177277564,"NDUFV1":0.29348812674412583,"KLHL22":-0.0657458776897749,"MCU":-0.29682936906732443,"APOC3":0.41407058339343367,"RRAS":0.3501191999255466,"KLHL26":-1.1951683647537843,"B4GALT5":0.0,"NDUFS8":-0.15002522023820755,"COX7C":1.4740939747235684,"MCEMP1":-0.5571530804382967,"BPI":-0.5194628787204726,"PTPRJ":0.5533843058172347,"FCN1":-0.09732649692741746,"P2RY2":0.0,"DNAJC5":-0.1066486579191146,"GYG1":-0.005466321013226843,"KIF14":-0.7367163576824233,"GFM1":0.32474043946385844,"NDUFS1":0.07934903523488826,"MICU2":0.03624738454948646,"IGFBP4":0.0,"MICU1":-0.1707324448223352,"NDUFS3":-0.9064190572101297,"OCIAD1":1.1171405536274979,"FCAR":0.07659138578772037,"MARCKS":-0.4569111707143705,"RAB27A":-0.26739750804550066,"COX4I1":0.6448145229405116,"MTCH2":-0.03163266316160394,"MDH2":-0.19550146233629925,"ANKRD22":-0.05559089330865944,"AIFM1":0.056147132912738686,"SMDT1":-1.0083640339320552,"CEACAM8":-1.0697673714842675,"TUBA4A":0.7238809664436333,"CANX":0.9516411478360907,"UQCRC1":0.9493795692298727,"NDUFB10":1.0464713155780048,"NDUFB5":0.33745292967840146,"SERPINB10":-0.33620563530097763,"ATP13A2":-0.08130134827563235}},"Mutation NPM1":{"min":-30.0,"max":30.0,"top_text":"High NPM1 Correlation","bottom_text":"Low NPM1 Correlation","map":{"CEACAM8":-3.6679290098914734,"ADAM10":-0.007632251591465483,"UQCRC1":0.7652394761201871,"P2RY2":0.0,"GYG1":-0.19230534669992505,"MCU":-0.6243656975866172,"COX4I1":0.6647650558440731,"ANKRD22":0.37180395150320167,"DNAJC5":-0.08751682033151269,"NDUFS8":1.7183416026256515,"KLHL26":-1.0888676771776016,"MICU1":-0.508711793635519,"NAGA":0.7656950747295085,"TMEM30A":-0.6791470804357239,"APOC3":-0.46537864254294165,