{"Mutation NPM1":{"min":-30.0,"max":30.0,"top_text":"High NPM1 Correlation","bottom_text":"Low NPM1 Correlation","map":{"BORCS5":6.293147403975489,"COX6A1":0.2783482056955379,"COPS4":-0.693014252322001,"BLOC1S3":2.149889086100417,"HECTD3":0.755205440679629,"DTNBP1":-0.4247355985381185,"LAMTOR2":4.218484063737962,"ATP6V1G1":2.4492719815097765,"KXD1":2.495787352074393,"COMMD6":3.698515859937729,"NUP62":2.4493229568334653,"TMEM184C":0.5753123134385859,"ATP6V1H":3.062312335415783,"BLOC1S5":0.21911717968642735,"LAMTOR1":1.0437152508227505,"WASHC3":3.3514321718658993,"KPNB1":1.0110923199187871,"SCRN3":1.1135397668057498,"PPCS":1.4679458297882324,"VPS33A":2.166484937084498,"ATP6V1F":0.7467859587369279,"BORCS6":9.227904849519826,"H4C11":0.0,"CEBPG":0.8838520748729104,"CAPZA1":0.8131363612802983,"RRAGA":-0.910037312646217,"BORCS7":7.490505811438796,"EXOC1":2.979497135572936,"BLOC1S4":0.9898613850677536,"SNAPIN":2.13135957820576,"BLOC1S1":1.9901693471072708,"DCTN5":1.1129687684896663,"YWHAZ":1.4933724059056337,"DCTN2":0.1314360659066718,"RAB9A":1.9673013074916559,"RRAGC":0.4536207499988564,"VPS29":1.7572657974100843,"LAMTOR3":3.5656906214650705,"DCTN4":1.5428362457803102,"TSG101":-0.8606628443552986,"FIBP":3.426983355203485,"LAMTOR4":1.709006094455708,"BORCS8":1.2653115955751937,"DCTN3":0.11578318876651465,"LAMTOR5":2.5337731551864193,"BLOC1S2":3.0139591358877533,"CDV3":0.15768088786620313,"ATP6V1E1":0.8003504811686389,"LAMP2":4.867900200301865,"BLOC1S6":1.020092485743519,"DDIT3":0.0}},"Mutation FLT3 ITD":{"min":-10.0,"max":10.0,"top_text":"High FLT3 ITD Correlation","bottom_text":"Low FLT3 ITD Correlation","map":{"SNAPIN":2.0710039971366965,"ATP6V1H":1.3741606735752343,"BLOC1S5":-1.4240700568414741,"YWHAZ":0.5432027970071116,"RRAGA":-0.9846130696895043,"ATP6V1F":0.2108291104912472,"CDV3":0.24515413166049008,"COPS4":0.09549876239653987,"RAB9A":1.4534097491392703,"WASHC3":0.5971731316559158,"SCRN3":0.5460715137539099,"COX6A1":0.19640399042862247,"EXOC1":2.806002054186706,"BORCS5":2.180976147095071,"KPNB1":0.4416738729621046,"BORCS7":1.1394369969019664,"LAMTOR5":2.254481464610648,"KXD1":0.040182028877117935,"HECTD3":0.253288484794803,"CEBPG":-0.050050225277134645,"DCTN3":-0.16183341277244528,"BORCS6":1.3889492951451297,"BLOC1S6":0.30325534989619685,"TSG101":0.21088632115467715,"LAMP2":0.6557950557727829,"ATP6V1G1":0.756178352829818,"LAMTOR4":0.7255431514794118,"TMEM184C":0.12076356713686581,"DCTN2":0.23371623973935085,"LAMTOR2":2.569782417702639,"BLOC1S3":0.8922164737719385,"DCTN4":0.40547876941964633,"FIBP":2.1590783436447123,"CAPZA1":0.15573944860462316,"LAMTOR3":1.7154849900198372,"VPS33A":0.5510717827735191,"BLOC1S1":0.489251670259229,"PPCS":0.2867628578550184,"DDIT3":0.0,"COMMD6":1.982605468661448,"VPS29":-0.38026168287318907,"ATP6V1E1":0.38473116426003634,"BLOC1S2":2.6443338682823154,"BLOC1S4":0.1564715472493143,"H4C11":0.0,"LAMTOR1":0.106575516719372,"DCTN5":0.17681223261831214,"NUP62":1.1690212659273505,"RRAGC":-1.0337109082768985,"BORCS8":0.07158205271917771,"DTNBP1":-0.39205662033826094}},"NPM1 Subtype":{"min":-37.0,"max":37.0,"top_text":"Committed NPM1 Subtype","bottom_text":"Primative NPM1 Subtype","map":{"SNAPIN":4.425808361918798,"BORCS7":3.9243944846120975,"YWHAZ":3.4909889711548163,"HECTD3":9.257139927355402,"COPS4":-0.4249972298733191,"CEBPG":1.9598180095146012,"DCTN2":2.09586389136186,"LAMP2":0.31965275692512285,"PPCS":3.185370529765645,"KPNB1":0.6151719775837626,"TMEM184C":-0.5293319322955237,"SCRN3":3.6931875517306425,"COX6A1":-0.2119090480982499,"DDIT3":0.0,"H4C11":0.0,"VPS33A":10.519546051806778,"KXD1":5.168094525860351,"DTNBP1":2.5451945990240814,"RRAGC":1.5098605906682185,"BORCS6":4.989839160606681,"ATP6V1E1":10.20912034420029,"BLOC1S4":2.2861491256079063,"EXOC1":0.8213679069260349,"BLOC1S3":2.8083313461197035,"ATP6V1H":6.179913771060044,"RAB9A":9.213017637782087,"RRAGA":1.890737945309148,"CAPZA1":5.230695281339192,"LAMTOR5":1.0756925815611638,"BLOC1S1":8.328814369547835,"LAMTOR1":1.143924686761523,"NUP62":-3.406197113075595,"TSG101":-1.1320746328348332,"BLOC1S6":1.410747764862163,"BORCS5":4.6201594254921545,"ATP6V1F":8.846734781333087,"VPS29":6.6084231548273165,"CDV3":0.9912057276323931,"LAMTOR2":0.8763460772015207,"DCTN4":2.3015107729282436,"BORCS8":4.615825234818054,"LAMTOR3":1.4545211865617818,"FIBP":8.051645367224292,"LAMTOR4":0.9783439671319655,"WASHC3":2.778498017992913,"BLOC1S2":5.521461283392757,"DCTN3":2.1943471139506348,"ATP6V1G1":10.908088212285524,"COMMD6":2.8020263623630264,"DCTN5":2.003568978126862,"BLOC1S5":2.1060587930663845}},"Overall Survival":{"min":-6.0,"max":6.0,"top_text":"High Survival Correlation","bottom_text":"Low Survival Correlation","map":{"PPCS":-1.3403061537794512,"H4C11":0.0,"CAPZA1":1.1519223448780782,"BORCS7":0.6253571038307003,"BORCS8":0.5817039804867217,"SCRN3":-0.40067245504255306,"DCTN3":0.570581338447561,"KPNB1":-0.26194163702398293,"BLOC1S4":-0.3864199676712992,"BORCS6":0.45076470226829013,"EXOC1":0.027895526467181575,"LAMTOR3":-0.3517041244991927,"ATP6V1G1":-0.40155106792232803,"LAMTOR2":0.9721044778704278,"DCTN5":0.21296076288522992,"HECTD3":1.636503202675339,"SNAPIN":0.0862712151690823,"DCTN4":-0.23706281447885788,"BLOC1S1":-0.6501512279562938,"WASHC3":-0.5440113431099602,"FIBP":-0.05999236294229274,"CEBPG":-0.15014620782266885,"BLOC1S6":2.5560037171750523,"LAMP2":-0.06860901626581786,"DCTN2":0.21051214443917304,"LAMTOR5":0.3335602276608953,"COMMD6":0.2579325061649042,"COX6A1":-0.19750615686660444,"ATP6V1E1":-0.09465056356164646,"VPS33A":0.37491082500665845,"NUP62":-0.21470279916814092,"LAMTOR4":-0.023494375709591456,"VPS29":-0.7778905992406077,"RRAGC":-0.3297790276206992,"COPS4":0.13046193695647001,"DDIT3":0.0,"KXD1":0.44142097906642624,"RRAGA":-0.32414057658866147,"BLOC1S5":0.0671015816632543,"DTNBP1":-0.019043939810248465,"BLOC1S2":0.21426841246938677,"BLOC1S3":-0.4086459927785902,"TMEM184C":-0.17445091722730743,"CDV3":-0.0004861128864337542,"YWHAZ":1.5853416325773961,"ATP6V1F":-0.3370212252869361,"ATP6V1H":-0.5885076324021533,"LAMTOR1":-0.05668208601809617,"TSG101":-0.0705812521621043,"RAB9A":0.195283854935229,"BORCS5":0.2652809586643189}},"Blast Percent":{"min":-11.0,"max":11.0,"top_text":"High Blast Percent Correlation","bottom_text":"Low Blast Percent Correlation","map":{"DCTN3":-1.6302554617653113,"YWHAZ":-0.34203753191741926,"EXOC1":-0.3014284646056153,"RAB9A":-1.5714241018676598,"BLOC1S3":0.45583808801817294,"ATP6V1H":-2.3194711614117973,"RRAGC":0.36650809969684045,"BLOC1S2":-0.8849075992484327,"LAMTOR4":-0.1433960129469228,"BLOC1S6":0.24279529069315217,"RRAGA":-0.019183723124354814,"KPNB1":-1.5721304198199901,"DDIT3":0.0,"DCTN5":-1.9680634627452573,"LAMTOR5":-0.054897970758414225,"ATP6V1G1":-3.221198333747423,"TMEM184C":-0.10752179115353824,"LAMP2":0.6506198858577893,"COX6A1":0.619484012792215,"HECTD3":-2.1202261593220415,"BORCS7":-1.0317329196093414,"KXD1":-1.4750171016649545,"CDV3":-2.252129139486666,"VPS33A":-0.15540960070404344,"FIBP":-1.8712915632067475,"VPS29":0.13246331104539896,"H4C11":0.0,"CAPZA1":-0.6104436424104389,"LAMTOR2":0.5820730652089111,"BLOC1S1":-0.9259033992487069,"CEBPG":-0.06345498668162651,"COPS4":-0.09383123647910305,"ATP6V1E1":-5.583575067682057,"WASHC3":0.06149524636490326,"TSG101":-0.33074341603136975,"LAMTOR3":-0.07038925827070752,"NUP62":4.902554660758408,"DCTN4":-0.9983365899451356,"COMMD6":0.6757448483697164,"BORCS5":-0.5533889938144851,"DCTN2":-2.8170265767272222,"ATP6V1F":-3.856239488993906,"PPCS":-2.2687227549603777,"BLOC1S5":-0.08169774382117807,"BORCS6":-0.2312065518753741,"LAMTOR1":-0.8023614072571793,"BORCS8":-2.8270648680382466,"SCRN3":-0.8351525504709911,"SNAPIN":-1.1369380963351998,"DTNBP1":-2.0055330677448957,"BLOC1S4":0.09973344248463456}},"MuSiC CD14 Mono":{"min":-50.0,"max":50.0,"top_text":"High CD14 Mono Correlation","bottom_text":"Low CD14 Mono Correlation","map":{"DCTN4":4.476924912019601,"BLOC1S4":3.3706721478414514,"LAMTOR1":1.9948640040542205,"BORCS8":6.819312842378274,"LAMTOR4":0.9002749438710107,"EXOC1":2.517733677133227,