{"Mutation FLT3 ITD":{"min":-10.0,"max":10.0,"top_text":"High FLT3 ITD Correlation","bottom_text":"Low FLT3 ITD Correlation","map":{"UBE2M":-4.418356512066106,"HSPA8":0.001898457853518998,"EPRS1":0.8272010647474587,"CCT5":0.16532086452361033,"CCT2":-1.1501897889170285,"DCPS":1.8417220416054794,"ELAVL1":0.5913233331491544,"CCT3":0.10963602773179969,"RPS28":2.2400448444526213,"NAA15":-0.7945079177582579,"IPO5":0.29153875078972,"NUDC":-0.058621960990598805,"EEF2":0.48834193972133677,"RPS3A":0.08725812016200506,"IPO4":0.44708953903423804,"MYBBP1A":0.1016030091511709,"TCP1":0.00920955882497939,"PFAS":0.9928358186494758,"XRCC6":0.27268549802145015,"IARS1":0.21775923044052103,"CCT4":0.08114183036878843,"GART":0.05185894009920454,"EIF3C":0.15362951037477293,"PRMT5":0.43008243593926765,"FASN":0.11725404445249485,"G3BP1":1.01560861094159,"RANBP1":-0.151100393027458,"LARS1":0.6788968027856619,"ACACA":1.0200629737123161,"RPLP0":0.9977700667254856,"AHSA1":0.2462929836710318,"ATIC":0.31822090151874094,"CCT7":0.3219961985747694,"DARS1":-0.2505249844475686,"DRG1":0.14079560371336117,"CAD":-0.34306255573334105,"COPS5":-1.0479167878421678,"RIOK1":0.8785316973493585,"PA2G4":-0.2742817635798133,"AARSD1":0.006065211755355589,"DNAAF5":0.5841698438936803,"PSMD14":0.42283331310834377,"NME1-NME2":0.7788806165556849,"NME1":-0.30873470580583834,"HSP90AB1":1.357610483532576,"PAICS":-1.3230240309792907,"SRM":0.9753588232736288,"ABCE1":-0.0016352740000588483,"CLUH":0.6393187017387822,"PFDN5":-0.43134020557605374,"XPO1":0.2544644500796783}},"Mutation NPM1":{"min":-30.0,"max":30.0,"top_text":"High NPM1 Correlation","bottom_text":"Low NPM1 Correlation","map":{"PFAS":0.5397337181505687,"PFDN5":-0.8976921125519312,"EPRS1":0.8166369360008543,"CCT7":-1.1839962270374662,"IARS1":0.05271744769183998,"RPS3A":-1.1844341097140627,"CCT2":-3.48446176793588,"ABCE1":-0.5870454616813623,"RPLP0":-0.5275330805234366,"G3BP1":0.6858359635465129,"ELAVL1":0.2530478366993009,"FASN":0.6134882505655121,"HSP90AB1":0.03286583414187847,"RPS28":0.8467258212717175,"EEF2":-0.17061352101822716,"UBE2M":-4.5197693237220395,"CLUH":0.01522346591205755,"SRM":-0.11311700977547409,"DCPS":4.295787601379314,"HSPA8":-1.109637443395507,"CCT4":-1.2285003991115975,"ATIC":-0.649398092505903,"PSMD14":1.1580674389224166,"XRCC6":0.030032247945212753,"DARS1":0.35785289571593903,"ACACA":0.2540505142737062,"EIF3C":-0.45268200466784025,"LARS1":-0.2153225590472438,"NAA15":-4.7502324899518875,"GART":-1.197377236886388,"COPS5":-4.006551956231067,"NME1-NME2":0.7036123952847976,"CCT3":-1.8919052100657971,"CAD":-2.0809505676962092,"RIOK1":0.10140719603321295,"XPO1":0.6703624323215266,"CCT5":-1.82544866578662,"IPO5":-1.252295983653844,"AHSA1":-0.08015542562063996,"PA2G4":-3.7609570378674597,"NUDC":-2.1142900895815515,"NME1":-2.0686607626994076,"MYBBP1A":-0.5636328747815655,"DRG1":-0.41594352046413346,"AARSD1":-1.59851962370265,"PRMT5":-0.7218467358990457,"DNAAF5":0.4114725646921454,"IPO4":0.11809116492076403,"TCP1":-0.5331640847710573,"RANBP1":-1.6740800411731585,"PAICS":-7.303767767255692}},"NPM1 Subtype":{"min":-37.0,"max":37.0,"top_text":"Committed NPM1 Subtype","bottom_text":"Primative NPM1 Subtype","map":{"PFDN5":0.17274384569687515,"CCT7":-0.0875669214913264,"DRG1":-1.2102111465659564,"RANBP1":-0.019940636351456698,"DCPS":0.07187579184729845,"PAICS":-2.863901366189807,"UBE2M":-3.5231166303496937,"EIF3C":1.260470772629771,"CAD":-2.4076065711295307,"RIOK1":-3.340531141121579,"NAA15":-2.1708380614201337,"CLUH":-0.11463833443783784,"CCT4":-0.23818506034900683,"PRMT5":-1.153649995268762,"ATIC":-1.2172110399957483,"MYBBP1A":-10.68510960157813,"NUDC":-0.9070746146953365,"NME1-NME2":-0.8465157332455494,"EPRS1":0.03115830605826826,"G3BP1":-2.3607123613288277,"PSMD14":0.2422766170007199,"HSPA8":-0.2149080663792353,"ELAVL1":-6.429291030859147,"IARS1":-4.483240197681254,"AHSA1":-0.5830258239713039,"LARS1":-6.8197041537133956,"NME1":-0.8986772375957734,"XPO1":-1.6671056804186337,"DNAAF5":-7.040672672235111,"CCT2":-0.46913179787936476,"RPS28":0.314212289463081,"PFAS":-2.1464029751212315,"RPS3A":-0.09074216102309353,"PA2G4":-1.8032260006433845,"IPO4":-2.581258994268085,"COPS5":-0.9630556384946116,"TCP1":-0.1663420426914179,"FASN":1.6067280803550188,"CCT3":-0.22598528783215893,"AARSD1":-0.33285239895429314,"ABCE1":-6.051676528102565,"SRM":-0.7479748159979184,"ACACA":-0.4941837573000504,"GART":-0.9212232006879588,"HSP90AB1":-1.42086727724631,"IPO5":-0.08010554843681834,"RPLP0":-0.7350553087960351,"CCT5":-0.4070265472198636,"DARS1":-2.328750194089027,"XRCC6":-13.367981289306929,"EEF2":0.6520431463704054}},"Overall Survival":{"min":-6.0,"max":6.0,"top_text":"High Survival Correlation","bottom_text":"Low Survival Correlation","map":{"EEF2":1.0784308341029578,"PFDN5":0.9285883513745591,"G3BP1":0.12914425646045768,"PSMD14":-0.16537730410760274,"SRM":-0.1571119481099248,"CCT5":0.1448757032423096,"FASN":-0.30592078093630487,"CAD":-0.5691434632559227,"COPS5":-0.167901021600483,"EIF3C":0.8094747670896865,"CCT7":0.5057893757741105,"NUDC":0.026094356853090327,"NAA15":-0.2847207519372176,"GART":-0.22146636482961815,"ABCE1":-0.16634977162583486,"IPO4":0.5364834576246661,"PAICS":-0.29367810678374967,"EPRS1":-0.3579096515550418,"IPO5":-0.4175979514313317,"RPS3A":2.570662488862337,"RIOK1":0.23075838892184,"MYBBP1A":0.14813471712952658,"CCT2":0.08750996351042277,"NME1-NME2":-1.221724604839952,"DCPS":-0.5379883156894382,"AARSD1":0.10069568518598986,"CCT3":-0.05479278900607222,"LARS1":0.17358177757886423,"TCP1":0.06244645662378179,"IARS1":-0.48361483580257514,"PA2G4":-0.25424517842992916,"RPLP0":0.8494169791671194,"NME1":-0.801967240993336,"HSPA8":-0.07295063683679716,"XRCC6":-1.1506252357315108,"PRMT5":-1.4587397204801271,"HSP90AB1":0.5144695241166105,"DNAAF5":-1.0078732530115466,"DRG1":-1.3305773613706058,"XPO1":-1.4550714447644295,"ELAVL1":-1.1786608147175661,"ATIC":-0.056052591486486,"RPS28":0.1371595920077038,"ACACA":-1.464782909122928,"AHSA1":0.06620434319481094,"DARS1":-2.1448198688581455,"CLUH":0.06325909001626413,"UBE2M":-0.9517093549070187,"CCT4":0.09895864500824407,"RANBP1":0.5539781913727695,"PFAS":0.3315826411871231}},"Blast Percent":{"min":-11.0,"max":11.0,"top_text":"High Blast Percent Correlation","bottom_text":"Low Blast Percent Correlation","map":{"HSPA8":-1.2026813871568238,"ACACA":-0.7859129947301333,"AARSD1":-0.4936226534239831,"TCP1":0.03190983356126994,"DARS1":0.3768955195130411,"PSMD14":-1.8090078932428866,"IPO4":-0.3526113738271576,"GART":-0.5317071643381196,"CCT7":-0.16053739046580848,"CLUH":0.0001515929150002178,"CCT4":-0.5334390025471932,"FASN":-2.773053637227859,"RIOK1":0.35327132941688766,"EPRS1":0.005318106083931111,"PA2G4":-0.2662387888579167,"G3BP1":2.6976147958316554,"RANBP1":-0.8865617853360794,"PFAS":-0.013393871644684205,"ATIC":-1.415086336682583,"UBE2M":-0.01971789233558775,"HSP90AB1":1.433877292544966,"MYBBP1A":5.993577847191054,"DNAAF5":0.9584603420265966,"EEF2":-0.24755115851452483,"ABCE1":0.3671771881567837,"PRMT5":-0.37224185652481384,"CAD":-0.8624718753634616,"RPLP0":-0.04584224920597317,"CCT5":-0.5179480396568318,"RPS3A":-0.8064195886836895,"XRCC6":6.883140844952099,"EIF3C":-0.18635262258523247,"NAA15":-0.5156589475043754,"ELAVL1":5.4261742330537475,"COPS5":-0.7621519789868738,"AHSA1":-0.3283321291937643,"RPS28":0.9933524750650592,"IARS1":0.6538922830663861,"PAICS":-0.7577910213279135,"LARS1":2.3812531979015903,"NME1":-0.35908059486678107,"SRM":1.2500295085281248,"DCPS":1.6761415555539259,"CCT3":-0.3142774196153831,"NUDC":-0.30430774599620036,"NME1-NME2":-0.3000476000865561,"XPO1":0.5857500169604274,"IPO5":-2.5474954974343476,"DRG1":-0.15841931046490346,"CCT2":-0.560802129146755,"PFDN5":-0.8656648137004702}},"MuSiC CD14 Mono":{"min":-50.0,"max":50.0,"top_text":"High CD14 Mono Correlation","bottom_text":"Low CD14 Mono Correlation","map":{"EPRS1":0.8816574551500462,"FASN":1.7781359287249805,"IARS1":-3.6118352297871072,"CCT2":-1.1269974910023857,"COPS5":-2.264250487522636,"SRM":-1.8390812740887483,"CCT3":-0.2716475955009964,