{"NPM1 Subtype":{"min":-37.0,"max":37.0,"top_text":"Committed NPM1 Subtype","bottom_text":"Primative NPM1 Subtype","map":{"CNBP":-0.7083398319783216,"MT-ND2":0.0,"SRSF1":-2.178035848595266,"MT-ND3":0.0,"SRSF6":-6.782349880339495,"ZNF689":-1.6448783650582401,"KMT2B":-3.204146862490907,"RPL17":-0.33257457418152564,"MT-ATP6":-1.3287581810171814,"SRSF3":-9.72359668833517,"CTNNBL1":-5.270160998350154,"ZNF777":-6.1739993963897195,"RPL18A":0.34991167935333917,"SRSF10":-5.077709655483266,"ZNF324B":0.0,"ZNF773":-8.531916109961138,"ZBTB40":-8.460679086670693,"MEPCE":-12.207652676685525,"HNRNPL":-9.676946063383303,"ZNF184":-11.16100879979152,"SNW1":-4.426096350846632,"MT-ND6":0.0,"TRA2B":-4.159386611352263,"MT-ND4L":0.0,"MT-ND5":-0.3639133374628645,"CTCF":-1.7848259612682305,"LENEP":0.0,"RPF1":-2.806007804851155,"TRIM28":-19.651323646373296,"KRR1":-5.596537760572822,"RBM19":-12.87811060183178,"THRAP3":-11.60633783958746,"TRIM39":0.0,"ZNF574":-9.73360811575081,"RSL1D1":-5.528697070183275,"SRSF12":-5.038786821645415,"ZNF865":-1.859277896056507,"GTF2I":-18.722973708469844,"ZNF319":-0.20278273858915954,"YTHDC1":-7.611745916933239,"PNN":-8.696142488893386,"RBBP6":-9.42099072680587,"U2AF2":-7.515097555612168,"SRSF7":-3.0450322350934536,"ZFR":-11.013650450252365,"SNRNP70":-8.614781223729564,"MT-ATP8":-0.37402046826037544,"RBM39":-2.2185492597297984,"ZCCHC9":-3.7755966775706886,"CDK6":-12.44362094950572,"SRSF11":-11.10701397114977}},"Overall Survival":{"min":-6.0,"max":6.0,"top_text":"High Survival Correlation","bottom_text":"Low Survival Correlation","map":{"YTHDC1":-0.4363681667432313,"KMT2B":-0.6027248199944916,"ZFR":-0.650115497743974,"ZNF184":-0.3433906110092108,"SRSF10":-0.40797463578498366,"ZNF689":0.424390024266725,"MT-ND5":0.08304888240271723,"ZNF324B":0.0,"U2AF2":-1.3012764319448997,"ZCCHC9":0.4097710387170072,"TRIM39":0.0,"RSL1D1":0.2162058356049636,"ZNF319":-0.06392543413823444,"GTF2I":-0.29891798918631757,"MT-ND6":0.0,"SRSF11":-0.4360169811574944,"SRSF6":-1.7325137856973745,"MEPCE":-0.013296125583497428,"CTCF":1.3197742139957889,"PNN":-1.7604372937262915,"SRSF1":-1.4892728848982988,"SRSF3":-0.9769920810404777,"CTNNBL1":-0.5819393640334305,"TRIM28":0.01712886786621426,"CDK6":-0.4017557252599916,"ZNF773":0.08372936814185106,"ZNF777":0.256930583120024,"RBM39":-0.27419244983560614,"CNBP":-0.023132063928479954,"MT-ND2":0.0,"TRA2B":-1.140165844507092,"ZNF865":0.2766341840231856,"MT-ND3":0.0,"SRSF12":-0.6297222674326869,"MT-ATP6":0.4182306767025915,"HNRNPL":0.023529446996418936,"THRAP3":-0.8343177302032364,"SRSF7":-1.008571232476117,"ZBTB40":-0.4896096409978518,"RPF1":1.2115615964713375,"RBBP6":-0.5588809358445058,"SNW1":-0.2436491751032581,"LENEP":0.0,"MT-ATP8":0.4243913053777323,"RBM19":-0.2615342644754019,"RPL17":2.1981712405710265,"RPL18A":0.5113720619131188,"MT-ND4L":0.0,"KRR1":0.5051985211340179,"SNRNP70":-1.4833865658861327,"ZNF574":-0.44014887737512354}},"Blast Percent":{"min":-11.0,"max":11.0,"top_text":"High Blast Percent Correlation","bottom_text":"Low Blast Percent Correlation","map":{"TRIM28":3.596496680403605,"SRSF1":7.110236807587848,"TRA2B":4.833431589631473,"SRSF10":4.178417037735183,"CTCF":0.9130530798459884,"GTF2I":7.091061394068611,"CTNNBL1":6.531732660818148,"MEPCE":6.351556562288652,"CNBP":1.8602114755817944,"ZNF777":1.9087429064388879,"HNRNPL":5.340582168427748,"ZNF324B":0.0,"MT-ND3":0.0,"RPL17":-0.2766944286065068,"MT-ND2":0.0,"LENEP":0.0,"SRSF7":6.214860751170421,"MT-ND5":-0.5685380749919262,"ZNF184":3.1982278438425342,"SRSF3":4.095795571432106,"ZNF319":0.2848269644500978,"ZNF773":0.4198605576819137,"TRIM39":0.0,"ZFR":6.1325058238597805,"RPL18A":0.736113739061478,"RBM39":5.153928314461009,"KRR1":0.46381365454384327,"SNW1":5.74638533385228,"RPF1":-0.07560195816245596,"U2AF2":4.304256916401218,"SRSF11":5.412025125375813,"MT-ATP8":0.6351436513323178,"ZNF865":0.650986146117041,"ZNF574":4.973127202286438,"MT-ND6":0.0,"CDK6":5.4197514506527105,"MT-ND4L":0.0,"PNN":4.224301317695335,"ZCCHC9":3.739002615739987,"RBBP6":4.955615096970468,"SNRNP70":6.612830368714271,"ZNF689":1.206968052213233,"MT-ATP6":1.4030133271671628,"RSL1D1":1.8582584976565182,"SRSF6":4.250864598068113,"KMT2B":1.5384759967454373,"RBM19":1.6280962243754031,"ZBTB40":3.5221888708861333,"YTHDC1":7.8481305339645635,"THRAP3":5.912059964902058,"SRSF12":3.742235839498916}},"MuSiC CD14 Mono":{"min":-50.0,"max":50.0,"top_text":"High CD14 Mono Correlation","bottom_text":"Low CD14 Mono Correlation","map":{"SRSF11":-11.72747983759224,"MEPCE":-15.104460500156339,"HNRNPL":-11.046114642933851,"PNN":-8.845763323959027,"ZNF319":0.10583883254508322,"ZNF184":-12.856071036013219,"MT-ND6":0.0,"KRR1":-8.646648278757858,"MT-ND4L":0.0,"RPL17":-1.016817508672262,"TRIM28":-23.59451698900753,"RSL1D1":-7.4660997329294005,"THRAP3":-13.39729185981493,"RPF1":-5.900778157043882,"MT-ATP8":-0.6616710263244675,"SRSF6":-5.806213709634823,"KMT2B":-3.1105668139077998,"ZNF777":-5.533953917646133,"RBM19":-14.361730374238364,"ZNF865":-1.3185495550401731,"MT-ATP6":-2.4984181124988014,"ZNF574":-7.659135325777937,"MT-ND5":-0.3638831768998565,"GTF2I":-21.026993356224295,"ZNF324B":0.0,"YTHDC1":-8.675580137044413,"SRSF12":-4.750612153131139,"SNRNP70":-13.124917924756467,"SRSF7":-3.290082080288045,"RPL18A":0.16148863130744104,"CTNNBL1":-5.013979238307553,"RBM39":-3.743199089917264,"ZNF773":-11.681931233743212,"MT-ND2":0.0,"MT-ND3":0.0,"SRSF3":-9.58613439255454,"SRSF1":-1.893531960356126,"TRA2B":-6.139743201403896,"U2AF2":-6.7360442973590136,"LENEP":0.0,"SNW1":-3.724848839228281,"CDK6":-15.668546576023608,"CNBP":-2.306234444632276,"SRSF10":-6.08497741477668,"ZFR":-12.734017612751215,"CTCF":-1.8787934125639925,"ZNF689":-1.5841016695081906,"ZBTB40":-7.888241407591941,"TRIM39":0.0,"RBBP6":-8.042619785817791,"ZCCHC9":-7.09238587935786}},"Mutation NPM1":{"min":-30.0,"max":30.0,"top_text":"High NPM1 Correlation","bottom_text":"Low NPM1 Correlation","map":{"MT-ND6":0.0,"TRIM39":0.0,"ZNF777":-0.4266211543671874,"ZCCHC9":-0.1579212471124917,"ZNF773":-3.6236770639200886,"HNRNPL":-0.19282430039654466,"ZNF184":-2.349631780660207,"ZNF324B":0.0,"SNRNP70":0.7777283309175462,"MT-ATP6":0.5000612712167279,"TRA2B":0.8101330166966044,"SRSF12":-0.7553055406780782,"MT-ND5":-0.21194483551203452,"U2AF2":1.4389291113241685,"MT-ND4L":0.0,"RBBP6":0.529158016330459,"PNN":0.8054985224773454,"RBM19":-0.6905490960972944,"RBM39":2.4160233232294743,"SRSF3":0.27222886498456167,"YTHDC1":0.8666452207079982,"GTF2I":-0.04528160929836776,"SRSF10":2.8022434953768185,"MEPCE":0.07833620479510364,"MT-ATP8":0.39855188115006857,"ZNF319":-0.10149627315451958,"RPL18A":-0.1948329514430269,"CDK6":-1.6750979156757049,"KMT2B":-0.24495083072997828,"KRR1":-8.223669577980502,"TRIM28":-0.9403655719892402,"CTNNBL1":0.701108239025097,"CTCF":-0.44908392458058227,"ZFR":1.5822792016236447,"SRSF11":1.1541166714052447,"THRAP3":0.7857285147904123,"MT-ND3":0.0,"LENEP":0.0,"SRSF7":0.9487421695873682,"SRSF6":2.5749963198993884,"RPL17":-1.5680885406769256,"ZNF574":0.08258428567387902,"ZNF689":-0.007839157804814456,"CNBP":1.0003469096371271,"ZNF865":-1.9877379477175303,"ZBTB40":0.5293294197716957,"RPF1":-7.613985375069402,"MT-ND2":0.0,"SRSF1":1.55029349269049,"RSL1D1":-1.2245118755277333,"SNW1":2.8923092369539583}},"Mutation FLT3 ITD":{"min":-10.0,"max":10.0,"top_text":"High FLT3 ITD Correlation","bottom_text":"Low FLT3 ITD Correlation","map":{"MT-ND5":0.3940698046947303,"SNRNP70":0.17394919618031818,"CDK6":-0.41547751481253276,"CTCF":-0.30967221296562963,"RPF1":-1.818383068625832,"ZNF319":-0.11450471905155125,"SRSF1":0.2507565751007996,"U2AF2":-0.2178367257670411,"SRSF3":0.12295192352285322,"ZNF865":-0.7822594311767712,"MT-ND4L":0.0,"HNRNPL":-0.006109253806439775,"SNW1":1.1276347081335696,"CNBP":0.43995370149706975,"RPL18A":0.023729394747601714,"KRR1":-1.1356429124529246,"ZCCHC9":-0.35354017791339365,"CTNNBL1":0.07432007170943598,"RBM39":0.45927342452880515,"ZNF777":-0.3458828903162172,"RBBP6":0.4147190545276704,"SRSF7":-0.08430712565274263,"MT-ND2":0.0,"SRSF11":0.44359997289694353,