{"Blast Percent":{"min":-11.0,"max":11.0,"top_text":"High Blast Percent Correlation","bottom_text":"Low Blast Percent Correlation","map":{"MGAT2":-0.6835982029646812,"ZCCHC10":0.8102697775459567,"SBF1":-0.9189990392274106,"SLC25A17":-2.132196059108389,"ESAM":-2.7743280261541354,"WDR26":-2.0703198261757167,"STRADB":0.0,"CAB39":-1.7616992710248751,"IFITM1":0.0,"NMU":0.0,"IKBKE":0.00024004654629301668,"MTF2":1.870744693958101,"CAVIN2":-4.855208885049094,"PAFAH2":0.3683761657397192,"SPARC":-1.7576199329436157,"SEL1L":-0.8773419550792229,"YOD1":-3.922522558275025,"ST6GAL1":-0.7982977983566314,"MAN2A1":-4.547752534969244,"TGFB1I1":-2.38942350796832,"PITHD1":-1.3074080339806218,"UBE2H":-1.9434666391581532,"FAM3A":-0.46020091445713873,"MOV10":0.7147066495782385,"STK11":-0.9989976422033596,"PRKCQ":-0.12893225090134586,"STX18":-0.1640027738882232,"TRAK2":-2.6230498501150095,"ELOVL7":-3.9360768108034287,"MMRN1":-5.271229666471841,"ITGB1":-0.7872272412064167,"BSCL2":-0.7217208492891669,"CTTN":-4.966405696497598,"USP28":-0.17602252360904572,"BIN1":-1.743700052045911,"PIP4K2A":-2.6834741309399273,"FUT8":-2.5911625417914133,"SELENOH":0.07011934685082061,"MAN2A2":-0.4225519208019816,"ITGA6":-1.4744142396560564,"APP":-1.2295620863803502,"MAN1B1":-1.4151453512065149,"PLVAP":0.0,"SIPA1L3":0.07960152543926567,"PPM1A":-2.1145731942107404,"MFAP4":0.0,"B3GALNT1":0.0,"GUCY1B1":-0.32862282588107444,"SEC62":-0.25580354966569024,"MYL4":-3.72030940105292,"HBD":-3.2935259868143847}},"Overall Survival":{"min":-6.0,"max":6.0,"top_text":"High Survival Correlation","bottom_text":"Low Survival Correlation","map":{"GUCY1B1":0.21591796335926855,"SIPA1L3":0.21127589706072694,"NMU":0.0,"BSCL2":0.03386986195926231,"SEC62":2.646217261517524,"STRADB":0.0,"PITHD1":-0.621474355660324,"YOD1":-0.9410285759865138,"CAVIN2":0.7261713337463949,"ST6GAL1":1.1682738015782872,"MYL4":-0.7187118097875516,"PIP4K2A":0.22015147297028095,"UBE2H":0.2547468879486977,"HBD":-0.4059713672861655,"MGAT2":0.2968538954691194,"PLVAP":0.0,"PPM1A":0.113126590452201,"TRAK2":-0.06813445222132988,"IFITM1":0.0,"SLC25A17":-0.5457110458891858,"MTF2":0.2639303415365584,"MAN1B1":0.18132006180911536,"ELOVL7":-0.2212655526639136,"SPARC":0.6383977073932194,"STX18":0.43897642459418007,"USP28":-0.3387274068931769,"ITGB1":1.0638479590049357,"TGFB1I1":-0.006379110176032574,"ITGA6":0.8741431845663441,"CTTN":0.07531775448875362,"CAB39":-0.43281780915356055,"BIN1":0.4809399880975553,"PAFAH2":0.15717329973062913,"FUT8":0.9404708517572401,"STK11":-0.13334096690435868,"SBF1":0.45953832070670503,"MAN2A1":2.1912126358238138,"MOV10":0.22411834299170533,"ZCCHC10":0.8455504983523542,"MAN2A2":0.4105541683005537,"ESAM":0.6154424866699478,"IKBKE":-0.5257014461104614,"SEL1L":0.914448542561046,"WDR26":0.0015012941901568694,"APP":0.1022519156374208,"MFAP4":0.0,"FAM3A":0.8121699876945216,"SELENOH":0.24950831611136187,"B3GALNT1":0.0,"MMRN1":1.5479582482152037,"PRKCQ":0.26399411240713794}},"MuSiC CD14 Mono":{"min":-50.0,"max":50.0,"top_text":"High CD14 Mono Correlation","bottom_text":"Low CD14 Mono Correlation","map":{"TGFB1I1":0.28516480657525234,"WDR26":2.1026482144363925,"MAN2A2":-0.6566195617434903,"SIPA1L3":2.413865312715919,"MYL4":-0.4469583288295205,"FAM3A":-2.1423859509307377,"ITGB1":1.0445824884492307,"PIP4K2A":-0.1262855260946403,"SBF1":0.041990754885857504,"CAB39":19.151768448737084,"PITHD1":-1.611889039892889,"FUT8":-1.5140319379496252,"USP28":-0.5958518464544154,"UBE2H":0.4206063041898712,"BIN1":-1.3166444856586619,"NMU":0.0,"CAVIN2":1.1891265077679034,"ST6GAL1":-1.0017994811869189,"PRKCQ":-8.272460409941031,"STX18":-3.4009435779149704,"ELOVL7":0.2191382087532781,"IKBKE":7.083778243594508,"SEC62":0.2010644172173444,"SEL1L":0.002864404405516473,"B3GALNT1":0.0,"MAN2A1":5.149827529261827,"ESAM":0.31361086470874394,"PPM1A":0.2800860310306806,"HBD":0.14576700965566602,"SPARC":0.4154760923970374,"IFITM1":0.0,"MAN1B1":0.19676189980995074,"MOV10":-10.707605643912416,"GUCY1B1":-5.577135993686749,"TRAK2":0.2045584258998518,"APP":-0.7401982384299821,"YOD1":-0.10038926939348335,"STRADB":0.0,"ZCCHC10":-0.4873502974808603,"CTTN":0.028708692278037556,"SELENOH":-0.6614826357385967,"PAFAH2":4.328493708785579,"ITGA6":-0.9570424505378615,"MFAP4":0.0,"STK11":-0.6351811125497109,"MTF2":-3.9077699695884243,"PLVAP":0.0,"MMRN1":1.2523031494729557,"SLC25A17":0.2762834810820675,"BSCL2":-0.3135706004944843,"MGAT2":0.4750973138497481}},"Mutation NPM1":{"min":-30.0,"max":30.0,"top_text":"High NPM1 Correlation","bottom_text":"Low NPM1 Correlation","map":{"MGAT2":0.4787078041485373,"TRAK2":-2.0341789354800968,"MAN2A2":0.1798478290123587,"PAFAH2":-0.9193115068038985,"WDR26":-1.1557070566366074,"STRADB":0.0,"HBD":-4.4008919373768745,"ST6GAL1":-3.912059325573102,"APP":-11.981728007130616,"MTF2":-1.788154740101549,"IFITM1":0.0,"PPM1A":-4.126295242623023,"SEL1L":0.6134845711361476,"MAN2A1":0.6406641066429922,"ITGA6":-1.7496544335898412,"ESAM":-0.8205722787407046,"SIPA1L3":-0.8975216461047539,"B3GALNT1":0.0,"MMRN1":-0.4868748869433082,"ELOVL7":-1.0204206940923741,"GUCY1B1":-1.8661481234998556,"BIN1":-4.697039036174506,"BSCL2":-2.6366229684023215,"SEC62":-0.030366950705896817,"SLC25A17":-0.36999911379705946,"IKBKE":0.7733422745551881,"SPARC":-1.8839029280894943,"SBF1":-1.6664361502170297,"FAM3A":-0.33186546772218134,"PRKCQ":-1.239849032533528,"YOD1":-6.478504824804754,"UBE2H":-3.0450737363680145,"CTTN":-1.9186327562526382,"USP28":-4.948928258974955,"PIP4K2A":-3.5892164699502707,"FUT8":-2.663813147511463,"SELENOH":0.10660746640879493,"ITGB1":-0.10753535177012526,"STK11":-1.85048162534006,"ZCCHC10":-0.05743340407935219,"MFAP4":0.0,"PITHD1":-5.548732651262558,"PLVAP":0.0,"CAB39":0.6260992608805674,"NMU":0.0,"CAVIN2":0.7008240041081729,"MOV10":-8.12934365174273,"STX18":0.3132992495864715,"MYL4":-7.19455168334244,"TGFB1I1":-1.24092476031421,"MAN1B1":0.13067400600579862}},"Mutation FLT3 ITD":{"min":-10.0,"max":10.0,"top_text":"High FLT3 ITD Correlation","bottom_text":"Low FLT3 ITD Correlation","map":{"MOV10":-2.1739015932841963,"ELOVL7":0.09318249219673269,"PLVAP":0.0,"IFITM1":0.0,"CTTN":-1.4804584971653432,"FUT8":-0.776350082333427,"ITGB1":0.20619672493566388,"PAFAH2":-1.6202334743753568,"FAM3A":0.47040723111813054,"CAVIN2":-0.11169419006470875,"ESAM":0.3946168156214917,"SPARC":-0.5311323271946203,"SIPA1L3":-1.370014588083318,"USP28":-1.224132590425073,"STRADB":0.0,"MYL4":-2.740907080271586,"TGFB1I1":-0.7679974781271371,"TRAK2":-2.2322400158757234,"B3GALNT1":0.0,"YOD1":-1.853788604897015,"ST6GAL1":-3.0035331323286654,"SELENOH":-0.2309062550906155,"MAN2A1":0.6208834793855289,"BIN1":0.2856284581339851,"GUCY1B1":0.8912853401316138,"HBD":-1.5699704946908264,"IKBKE":-0.15058625453247695,"BSCL2":-1.2665208170412807,"PRKCQ":0.05286485622728419,"MAN1B1":0.20246307947456085,"MGAT2":0.060765033189667896,"STK11":-1.0205363882832434,"SEL1L":-0.9977725618568296,"MMRN1":0.3295963287594584,"WDR26":-1.991468395243026,"NMU":0.0,"SLC25A17":-1.3457611748741798,"UBE2H":-2.0012973889539727,"SBF1":-0.0649822874156975,"STX18":0.6506953261975025,"PPM1A":-4.206385087599029,"ZCCHC10":1.0358389589792865,"ITGA6":-0.11929402786975334,"PIP4K2A":-1.60728563957817,"MFAP4":0.0,"APP":-3.327108979178409,"MAN2A2":-0.2185750597152688,"PITHD1":-1.7760990519896966,"MTF2":-0.20708936860463212,"SEC62":-0.5582151813351985,"CAB39":-0.5809804297054667}},"NPM1 Subtype":{"min":-37.0,"max":37.0,"top_text":"Committed NPM1 Subtype","bottom_text":"Primative NPM1 Subtype","map":{"GUCY1B1":-4.688985159770727,"SEL1L":0.22616285973713762,"PAFAH2":3.8924417133340508,"YOD1":-0.06380084003293655,"PLVAP":0.0,"MTF2":-2.7865901325795144,"MOV10":-8.425331552004,"ITGB1":1.4731039404768769,"STRADB":0.0,"SEC62":0.4546177000622151,"IKBKE":5.366619710123942,"ST6GAL1":-0.07469952055311037,"PPM1A":-0.13470959113943504,"PIP4K2A":-0.23636771379385868,"TGFB1I1":0.6495774682045236,"PITHD1":-0.8122221234493305,"MAN1B1":0.04487550052866115,"MGAT2":0.7813568756606434,"STK11":-0.22368182467133013,"FUT8":-0.424372365493778,"B3GALNT1":0.0,