{"MuSiC CD14 Mono":{"min":-50.0,"max":50.0,"top_text":"High CD14 Mono Correlation","bottom_text":"Low CD14 Mono Correlation","map":{"TMEM109":0.3099138038987087,"STT3A":-0.1097970814791633,"VAPB":-0.18674360889728667,"SSR3":0.42490713958655957,"ATP6AP2":4.564533912527659,"TMEM214":0.019732558204455367,"ITGB1":1.0445824884492307,"TBC1D20":-1.440316060320785,"TECR":-1.5369522823157904,"USE1":-2.6341745037467295,"MMGT1":-0.019849558626108408,"ELOVL5":1.7223607172146003,"DERL1":-0.4517278695652508,"LNPK":0.7859201368905928,"SEC61A1":0.8164262158908863,"STIM1":0.7378233479865958,"NDC1":-3.700486727398308,"CANX":0.2264897862573834,"SSR1":0.422754647409483,"DHRS7":0.4705124812206501,"TMEM209":-3.832052178685588,"ALOX12B":0.0,"BCAP31":-0.7530936817154861,"RPN2":-0.30010002951116477,"SEC63":2.9386727739276646,"SYVN1":-0.05856554192849505,"SEC62":0.2010644172173444,"LEMD3":-4.608615061411792,"SLC33A1":1.228536530767714,"LMAN1":-5.281402989924098,"ANXA3":4.480175872821869,"STT3B":-2.3483912120481674,"LCN2":0.3533192014843461,"SMPD4":-6.203886844501714,"TMEM41B":-1.2340952928424382,"CDCA3":0.7609538989653524,"DNAJC16":-0.8751969089511086,"DNAJC25":-0.7815855788579331,"STX18":-3.4009435779149704,"ST7":-0.6438256630590578,"SEC61B":0.2626436144148487,"BNIP1":-0.7805495698724859,"MAGT1":-1.6679076759649016,"ZMPSTE24":-0.14592991650046497,"TMEM199":5.6174462534510505,"SMIM12":-0.021934481404471115,"RIPPLY3":0.0,"RPN1":-0.8539539384471044,"REEP4":2.715195087312246,"SRPRB":-0.11838442330457982,"FITM2":0.0}},"Blast Percent":{"min":-11.0,"max":11.0,"top_text":"High Blast Percent Correlation","bottom_text":"Low Blast Percent Correlation","map":{"SEC61B":0.31896317272431707,"MAGT1":0.32408557271418514,"DERL1":-4.574506219329879,"SLC33A1":-1.1897129911223985,"NDC1":0.35134590468736093,"ST7":0.03905023705003239,"STT3B":-0.1514534153247713,"STIM1":-1.5798484002342077,"FITM2":0.0,"TMEM214":-0.33654681233930517,"TMEM209":3.2865602828934564,"SMPD4":2.176517861881929,"TMEM199":-1.291701609216815,"LCN2":-3.047760688259667,"REEP4":-2.189302446620056,"ANXA3":-6.867623662811045,"TBC1D20":-0.5377474623191963,"RPN1":0.14679113053446632,"CANX":-1.6554512699106405,"SSR1":0.3897900888763043,"DNAJC16":-1.4965015679657985,"LNPK":-2.555222084232098,"SRPRB":-1.4401826018128914,"LMAN1":-0.13047318018906384,"DHRS7":-0.3142774196153831,"STT3A":-1.2534295696329008,"LEMD3":0.6161815659015764,"MMGT1":0.07639071887208661,"TMEM109":-2.446708931988946,"ITGB1":-0.7872272412064167,"CDCA3":-2.3000713255300353,"SMIM12":-0.3668533810243502,"VAPB":-0.48979899294768986,"DNAJC25":-0.06270010228081209,"BCAP31":-0.45050058651424496,"ALOX12B":0.0,"RIPPLY3":0.0,"TECR":-0.32717022236679794,"SEC61A1":-0.06651398094308174,"TMEM41B":0.10674382607479556,"STX18":-0.1640027738882232,"ATP6AP2":-3.653226339470858,"SSR3":-0.45897956434742815,"SEC63":-1.6629106706932695,"USE1":-0.593863401387944,"SYVN1":0.8774351715828996,"ELOVL5":-2.160052906245732,"SEC62":-0.25580354966569024,"BNIP1":-0.9036091604844947,"ZMPSTE24":-0.2553248646655931,"RPN2":-0.11418295349688311}},"NPM1 Subtype":{"min":-37.0,"max":37.0,"top_text":"Committed NPM1 Subtype","bottom_text":"Primative NPM1 Subtype","map":{"TBC1D20":-0.45059134304886805,"DERL1":-0.09254726814192704,"TECR":-0.7944369416023425,"SMPD4":-5.839939727745507,"SEC61A1":0.725836348467317,"BCAP31":-0.6889417854605071,"ST7":-0.09245835090740172,"ANXA3":3.7807102434162125,"STT3B":-1.6142168281949107,"LCN2":1.2219255991328866,"TMEM109":0.895601888431965,"LMAN1":-3.010368951923429,"ATP6AP2":3.597205606233515,"CANX":-0.31405400225911134,"TMEM214":0.041457497105844635,"ITGB1":1.4731039404768769,"SEC63":2.1755561082409702,"FITM2":0.0,"LEMD3":-3.624318593526677,"STIM1":2.2629935411547932,"SYVN1":0.14607579904806808,"NDC1":-3.9791078086945117,"REEP4":3.0061429657313146,"ALOX12B":0.0,"USE1":-3.697456189773471,"STT3A":0.06646948101093977,"VAPB":-0.5700773726092779,"CDCA3":1.560466767683399,"STX18":-4.56075461421249,"SRPRB":0.109811227174239,"MMGT1":0.0010111186496850962,"DHRS7":0.4437141271890355,"LNPK":1.0905944321941976,"SSR3":0.536008430390255,"TMEM199":6.541898980805568,"DNAJC25":-0.14891999966050126,"TMEM209":-3.733537372840212,"SMIM12":-0.2181538758650646,"DNAJC16":-0.6895740188463297,"ZMPSTE24":0.2072874346879002,"TMEM41B":-0.2807737852045759,"SSR1":0.4141766763598837,"MAGT1":-1.6676227513875428,"BNIP1":-0.8154474207722715,"SEC61B":0.25786083423916417,"RIPPLY3":0.0,"RPN2":0.09647857189759645,"SLC33A1":1.0365491653811163,"RPN1":-0.9730784441664453,"ELOVL5":1.4580047306053034,"SEC62":0.4546177000622151}},"Overall Survival":{"min":-6.0,"max":6.0,"top_text":"High Survival Correlation","bottom_text":"Low Survival Correlation","map":{"BCAP31":0.2413845383773433,"DHRS7":0.631455870815674,"FITM2":0.0,"SLC33A1":-0.0015477826794351689,"SSR1":-0.18301981331069386,"SMIM12":-0.1188943516640861,"VAPB":0.6344399427876876,"DNAJC16":0.43403934582202147,"RPN2":-0.1435354006305826,"DERL1":0.7663919117759522,"ELOVL5":0.45474687335546704,"TMEM209":0.5395198458909011,"ALOX12B":0.0,"MMGT1":0.9682035264642729,"CANX":0.9516411478360907,"STX18":0.43897642459418007,"TMEM199":1.7929756879401675,"TMEM41B":-0.000786851527559587,"SSR3":0.7311270747761731,"STT3B":0.5421410325855953,"TMEM214":0.8693113822247156,"SRPRB":0.7880105288421919,"LCN2":-0.9714101549203684,"REEP4":1.3119998799916526,"TECR":1.2794233686714904,"ST7":0.3691005284469113,"ITGB1":1.0638479590049357,"LMAN1":-0.6382603608032953,"NDC1":0.40331928147116897,"BNIP1":0.6776003997510771,"TMEM109":-0.18512431715178568,"SEC61B":0.7188928083702123,"SMPD4":0.07744823183101494,"MAGT1":0.534490667413374,"RIPPLY3":0.0,"LEMD3":0.9401344700300157,"SEC61A1":1.0919723319359687,"ANXA3":-0.16645642698683985,"ZMPSTE24":1.656146422611828,"SEC63":0.09982867801459024,"USE1":-0.5034741461683252,"CDCA3":-0.44856758135144176,"TBC1D20":0.36352328000624984,"STT3A":-0.07960408818351955,"LNPK":-0.4302265477295737,"SEC62":2.646217261517524,"ATP6AP2":0.758555838414889,"SYVN1":1.5630502354034381,"STIM1":0.9539860855716301,"DNAJC25":0.34323372122918444,"RPN1":-0.270082755236151}},"Mutation FLT3 ITD":{"min":-10.0,"max":10.0,"top_text":"High FLT3 ITD Correlation","bottom_text":"Low FLT3 ITD Correlation","map":{"CANX":-0.5196418388990681,"ZMPSTE24":0.13503107280769694,"DHRS7":-0.8671262892702128,"STT3A":-0.37205912953269715,"SYVN1":-0.5650377825987305,"RIPPLY3":0.0,"FITM2":0.0,"BCAP31":-0.7502788272345486,"ST7":-3.912734095067442,"ATP6AP2":-1.1780678576302184,"SEC63":0.9221254626796718,"NDC1":-0.041183744214949775,"TMEM41B":-0.6343041062872983,"SEC61A1":0.0923583004694661,"DNAJC16":0.40228855689946635,"ANXA3":-1.2411556486275188,"TMEM109":-0.8267176174359032,"STX18":0.6506953261975025,"DNAJC25":0.40542896965739833,"USE1":-0.1514735752893644,"LNPK":-2.7515156799367677,"MMGT1":-0.07557260570403018,"SEC62":-0.5582151813351985,"SSR1":0.8486784345731158,"ELOVL5":-1.1939302091259798,"SLC33A1":0.13669154983774054,"LCN2":-3.211257196981814,"TMEM214":-0.05918856568793289,"SMPD4":0.14029084012312498,"SEC61B":0.13365342418189674,"SRPRB":-0.5297866724019356,"ALOX12B":0.0,"DERL1":-1.3309721209135228,"LMAN1":-0.8064451529480122,"STIM1":-4.7980973086716725,"ITGB1":0.20619672493566388,"REEP4":-0.10711448000107357,"CDCA3":-1.7572593538037877,"RPN1":-0.012225016413125043,"TBC1D20":-1.7711979002327043,"RPN2":0.3001603712727599,"VAPB":0.8895759862764764,"MAGT1":0.7013572030199463,"TECR":-0.15627313578216362,"BNIP1":0.08016418090898796,"LEMD3":-0.38278937436392824,"SMIM12":0.3412302383619926,"TMEM209":0.404817367088532,"SSR3":0.14975281107010277,"TMEM199":-1.436448219229887,"STT3B":-0.20561596592188677}},"Mutation NPM1":{"min":-30.0,"max":30.0,"top_text":"High NPM1 Correlation","bottom_text":"Low NPM1 Correlation","map":{"SSR3":0.3418926832289491,"ITGB1":-0.10753535177012526,"SMPD4":0.47346580287843437,"STT3A":-0.4251720169910112,"LNPK":-0.9847507079338197,"ST7":-1.464154103836841,"TECR":-1.8310138490968175,"MMGT1":1.0757198739670153,"STT3B":-0.805532020397997,"FITM2":0.0,"SEC61A1":0.37909031734077525,