{"Mutation FLT3 ITD":{"min":-10.0,"max":10.0,"top_text":"High FLT3 ITD Correlation","bottom_text":"Low FLT3 ITD Correlation","map":{"VIRMA":1.7875022321328813,"COX8A":0.4376282038966664,"WDR5":-0.23921487223671387,"SNW1":1.1276347081335696,"VDAC2":0.17173165147803596,"MRPS22":6.35518443982037,"RAB7A":-0.3307547964297888,"NDUFS3":1.2962016366007825,"NDUFS8":1.182874687648826,"HADHA":2.5432179201004796,"HSPA9":1.4528862874312167,"BRD4":0.18355071889476207,"AKR7A2":-0.48650276312207213,"ATP5F1C":-0.8904482559237966,"LRPPRC":0.9727068591814294,"UQCRFS1":1.6826617982525498,"PHB2":-0.3988876758579072,"MRPS26":4.254320139070882,"HSD17B10":2.1543863274646733,"AURKAIP1":0.1791453796277279,"MRPL12":0.587593458917804,"ACAT1":0.05789096772739051,"GRPEL1":-1.439211841734193,"CLPP":1.723796926770455,"CSE1L":0.15117845538383207,"HSPD1":-0.25777955961214105,"EIF4A3":1.034831654798893,"ACO2":0.41062075343898696,"LETM1":2.43254158626855,"ACAD9":0.7551140308823935,"SDHB":0.7516216433526535,"TRAP1":1.1614952333535238,"SDHA":0.058012951363122206,"GFM1":0.8879254539007689,"EFTUD2":0.9191797055219539,"PDSS2":0.4792172014481598,"GRSF1":-0.051105415437565256,"POLDIP2":1.3509714994528998,"MRPL11":5.162212456489632,"ERCC2":-0.492795636229848,"ATP1B3":-0.1418769816460399,"STARD7":0.13305700053324762,"ACAA2":0.22464795121007364,"MDH2":1.0763205551916817,"ATP5F1B":1.0900039657826093,"MRPS9":4.719971026966231,"MRPS25":3.2572095524867244,"ZC3H18":0.8406114629295045,"SLC25A3":1.9633199272500041,"AIFM1":2.1981150631415396,"C1QBP":1.602391820244794}},"Mutation NPM1":{"min":-30.0,"max":30.0,"top_text":"High NPM1 Correlation","bottom_text":"Low NPM1 Correlation","map":{"TRAP1":-0.6450573746450289,"AURKAIP1":0.0035908502459263713,"GFM1":0.36819126807203173,"CSE1L":-0.9690267318179804,"BRD4":-1.0693798516051412,"MRPL11":1.0621477161324848,"HADHA":1.676441980262322,"ZC3H18":2.3739341339076145,"LETM1":0.48992612857154416,"RAB7A":-1.2837774868374832,"MRPS25":1.3461089068561243,"SDHB":-0.25563329974209387,"HSPA9":-0.24377381089369762,"AIFM1":2.4953571666879704,"ATP1B3":0.015434048625849635,"WDR5":-0.03650034802598876,"POLDIP2":-0.13735081638962915,"ATP5F1B":-0.061231290582044656,"MRPS9":1.8864632304783884,"GRPEL1":-3.203451444750555,"STARD7":-0.7761088101176247,"EFTUD2":1.4415749180616486,"NDUFS8":1.7183416026256515,"PHB2":-0.05758884288836184,"C1QBP":-0.41379299397816716,"MRPS22":2.5212884147175445,"MRPL12":0.6045479581093558,"ERCC2":-1.2753271580242262,"SDHA":-1.1314695213877437,"ACO2":-0.8027336350515593,"PDSS2":-0.2719905833392196,"LRPPRC":-0.8360745805749749,"ATP5F1C":-0.06349722851496921,"VDAC2":0.13646031269739384,"ACAD9":-0.6006761520158459,"AKR7A2":0.2738807515702993,"MDH2":-0.21848359477808166,"SLC25A3":-0.07958858990626201,"HSD17B10":2.2405614968227594,"VIRMA":3.0942444395048465,"ACAA2":-0.026916051576703917,"COX8A":-0.29969750753842095,"UQCRFS1":0.7710882611850347,"SNW1":2.8923092369539583,"ACAT1":-2.7440311088763947,"NDUFS3":1.2485820136720833,"CLPP":1.2089139134388258,"HSPD1":-0.7552996762779499,"MRPS26":1.9401182299613426,"EIF4A3":1.961209270713091,"GRSF1":-0.4332068465280692}},"Blast Percent":{"min":-11.0,"max":11.0,"top_text":"High Blast Percent Correlation","bottom_text":"Low Blast Percent Correlation","map":{"RAB7A":-2.2192681942343015,"GFM1":1.6921911680794717,"ACAT1":-0.42705201140499865,"EFTUD2":5.334390697573482,"TRAP1":-0.4922462118368054,"MRPS26":3.3688153507987013,"GRSF1":2.4907897459542268,"NDUFS8":4.407757706594103,"ZC3H18":4.773065165538689,"LETM1":1.480025789186144,"C1QBP":2.584490667622572,"ATP5F1C":2.5853615473496334,"CLPP":1.4695157069569262,"POLDIP2":1.8735711094938472,"SDHA":0.6018799407111288,"ACAA2":1.9851502966780923,"ATP1B3":-4.713901457332547,"LRPPRC":0.8560565169515136,"STARD7":1.2696063380027711,"HADHA":1.582786842810233,"EIF4A3":2.969831602355936,"UQCRFS1":1.260132430115625,"NDUFS3":3.2055766594772437,"VDAC2":1.667557680445874,"PDSS2":-0.1436679724295352,"MRPL11":1.867556334606802,"ATP5F1B":0.9368188530501536,"MRPL12":0.43344205512346917,"ERCC2":2.3452717895224207,"HSPD1":2.18622642975138,"VIRMA":8.143531663575498,"MRPS22":3.2869036816907915,"CSE1L":0.26730586303547904,"WDR5":4.479767002461924,"SNW1":5.74638533385228,"HSD17B10":1.5963070529513599,"SLC25A3":0.005932196358431744,"PHB2":3.8433921062618865,"HSPA9":2.00678707596388,"ACO2":0.11168529443952063,"ACAD9":-0.37656864643158616,"SDHB":0.7999786519826642,"GRPEL1":0.5634651218437703,"BRD4":1.288643145429348,"COX8A":-0.768880794484098,"AURKAIP1":-0.017497149193345326,"MRPS9":0.5308110074316634,"AKR7A2":-0.081109715402724,"MDH2":5.543936109602973,"MRPS25":0.7393694258164019,"AIFM1":1.71155764319493}},"Overall Survival":{"min":-6.0,"max":6.0,"top_text":"High Survival Correlation","bottom_text":"Low Survival Correlation","map":{"HADHA":-0.13027475308445272,"ACAA2":0.12534845719255974,"LRPPRC":-0.03014008232093747,"AURKAIP1":-0.11386813396997215,"CLPP":0.2137204635743449,"POLDIP2":0.14295478272181972,"HSPD1":-0.0004652615701074577,"ACAT1":1.581477222381681,"ZC3H18":-0.21155997651184122,"MRPL12":0.03490683455577787,"SLC25A3":1.4542741958742005,"MRPL11":0.02530885136717439,"AIFM1":0.056147132912738686,"SNW1":-0.2436491751032581,"HSD17B10":0.11001251673252971,"SDHB":0.5293695727247858,"GRSF1":0.1791903021771674,"SDHA":-0.007413689004567906,"GFM1":0.32474043946385844,"RAB7A":0.435204056403725,"MRPS26":0.09596775878951923,"MRPS25":0.09531088800310861,"LETM1":0.05867498375523141,"ATP5F1B":0.8629482933813148,"UQCRFS1":1.0638431467173055,"PHB2":1.065351381531038,"VDAC2":-0.08276333548463652,"WDR5":-0.5549702440508997,"C1QBP":0.06273721282783516,"ACO2":0.5546689526861025,"MDH2":-0.19550146233629925,"MRPS9":-0.041655874772181536,"NDUFS3":-0.9064190572101297,"ATP1B3":0.128566651551076,"AKR7A2":-0.4308549049174948,"CSE1L":0.19995125303461,"BRD4":-0.7188798649332288,"GRPEL1":0.10887755655575831,"HSPA9":1.2464076866493112,"STARD7":1.0668387518462266,"EIF4A3":-0.04529443881507563,"MRPS22":-0.14553420811517034,"ACAD9":0.9315411111688089,"EFTUD2":0.15223959551260513,"PDSS2":-0.160270161016522,"VIRMA":-1.015630855050422,"TRAP1":0.2137445676377757,"NDUFS8":-0.15002522023820755,"ERCC2":-1.4325181854408542,"ATP5F1C":0.8731578040329914,"COX8A":0.894554036224755}},"NPM1 Subtype":{"min":-37.0,"max":37.0,"top_text":"Committed NPM1 Subtype","bottom_text":"Primative NPM1 Subtype","map":{"ERCC2":-2.3396538772427764,"ACAA2":-0.36185501557752675,"GRPEL1":1.3758855609309861,"CSE1L":-0.7891628559889796,"MRPS25":-4.222737267060249,"STARD7":1.0867975315485852,"BRD4":-4.638999711906336,"C1QBP":-3.890608203582633,"EFTUD2":-2.6542317971540643,"CLPP":-0.39062562953059843,"WDR5":-3.554046379510762,"ACO2":-0.896872762597306,"ZC3H18":-1.95004062605058,"SDHB":0.11122430927313853,"PHB2":-5.307661876321362,"MRPL12":-0.1784949609433073,"RAB7A":7.757035592683755,"SLC25A3":-1.7532852225463946,"COX8A":0.4680638686980566,"TRAP1":-0.02683412751083303,"LRPPRC":-4.87031437252102,"SNW1":-4.426096350846632,"HSPA9":-2.5132734144160525,"MRPS9":-3.113911920219839,"HSD17B10":-0.9217160986280125,"POLDIP2":-5.263512382145475,"UQCRFS1":-0.49368966531224734,"AURKAIP1":-0.30150594414537985,"VDAC2":-4.75711659873763,"ACAD9":0.4414278311057601,"ATP1B3":9.580497137449596,"ATP5F1C":-3.88188581975398,"AKR7A2":3.252324093565333,"MRPS26":-3.991807429702246,"MDH2":-10.275203587609337,"ATP5F1B":-2.743523157820771,"NDUFS8":-2.6833677340449578,"GFM1":-2.8753825180029806,"GRSF1":-2.6501630445027673,"PDSS2":-0.5678124182801557,"ACAT1":1.0853611896358053,"HADHA":-1.5303790193280213,"SDHA":-0.29529673605145595,"LETM1":-4.378653898626698,"EIF4A3":-0.5175284922737422,"NDUFS3":-0.740803067109875,"AIFM1":-3.49353500575545,"HSPD1":-9.76196332872376,"MRPL11":-3.1725315619752568,"MRPS22":-6.4422251250617215,"VIRMA":-7.150077191871867}},"MuSiC CD14 Mono":{"min":-50.0,"max":50.0,"top_text":"High CD14 Mono Correlation","bottom_text":"Low CD14 Mono Correlation","map":{"MRPL11":-2.9074153510976832,"PHB2":-5.897443539968027,"MRPS22":-3.5985980627829988,"ACAA2":-0.5150466957079628,