{"Blast Percent":{"min":-11.0,"max":11.0,"top_text":"High Blast Percent Correlation","bottom_text":"Low Blast Percent Correlation","map":{"IFI16":0.14600482715568094,"STK38L":0.2942146629830948,"MAPKAP1":0.14092057444466627,"RNF31":-1.1606219571340455,"UBE2A":0.1383890106641816,"RPS6KB1":0.25100037766056965,"YWHAB":-0.9165708734046399,"SIPA1":-1.7933570392065759,"NCOA7":-0.7951784116226701,"IL16":-2.185433004430284,"LSM14A":0.06293978538652217,"TXN":-0.5216982446468842,"ABCB1":-1.1243462541037026,"MEF2A":0.049510381085716364,"TXNRD1":0.38207377033130197,"UBA3":2.4749316383692874,"ARHGAP9":-2.582558991805526,"CDK19":5.811587182551535,"PRR5L":-0.8279139115637992,"CYFIP2":-0.734109060308746,"RICTOR":-0.011834535413421856,"SEPTIN7":0.8214507801372579,"YWHAZ":-0.34203753191741926,"YWHAE":0.12413977051627836,"PACS1":0.3085165371314365,"CMPK1":-1.5132554482168787,"UBE2M":-0.01971789233558775,"DENND4C":0.58473917376339,"CDV3":-2.252129139486666,"NCK1":1.1128342248442966,"BROX":-2.2102774046847955,"DDX58":0.7735584549773806,"MOB2":-0.37456607376964407,"PPM1A":-2.1145731942107404,"RASAL3":-0.15283085426645185,"BTF3L4":0.3832133654900355,"SEPTIN1":-0.3365363433528167,"TALDO1":-0.3677386966336189,"SLC9A3R1":0.1143010193355798,"PPP6C":-4.640334669145118,"STK38":-0.6302928929313835,"PTPN11":-0.5825515495859609,"TBC1D10C":-0.4832050905179292,"CNOT7":0.34304873924770457,"CRLF3":-4.4512967333605085,"EVL":-0.6931505363340161,"MOB1A":-2.3357709095228754,"SCYL2":-0.028664307200413092,"SEPTIN9":-0.7839951191416048,"NAV1":-0.37954027932678414,"FN3KRP":0.08867396710112461}},"MuSiC CD14 Mono":{"min":-50.0,"max":50.0,"top_text":"High CD14 Mono Correlation","bottom_text":"Low CD14 Mono Correlation","map":{"IFI16":-1.8253691354223585,"SIPA1":4.478476327631307,"TALDO1":-0.21354736213087036,"BROX":2.4021717914220955,"PPP6C":4.766792063697307,"SEPTIN9":1.233914615247589,"SCYL2":0.26944047409165667,"RASAL3":0.09822638572725836,"PTPN11":-2.775798085917383,"YWHAB":8.302937919116895,"YWHAE":-0.16466344982753647,"DDX58":0.6823469071381174,"PPM1A":0.2800860310306806,"RNF31":1.3505074060529592,"CMPK1":0.01352226571471178,"NAV1":-0.9807460583494422,"TBC1D10C":0.7704639736462545,"RICTOR":-1.860222330021394,"MAPKAP1":-1.7682373029803882,"SEPTIN1":-0.6513444637862313,"STK38":3.208682138236035,"FN3KRP":-1.0527492595609413,"TXN":-1.9894790458586846,"UBA3":-6.136862365050401,"MOB2":0.44576901140411146,"CDV3":2.317011349023167,"LSM14A":-1.1925696098501841,"MOB1A":0.36098343992322307,"IL16":4.703645572739251,"RPS6KB1":-4.151113044329059,"PRR5L":-0.7226377673029603,"UBE2A":0.5340949430776394,"EVL":-1.6282261811963052,"CRLF3":1.5054980334305632,"PACS1":0.9053928153369328,"SEPTIN7":-5.038807018227908,"UBE2M":-5.74647315359,"ABCB1":-3.3906060375456657,"DENND4C":-3.4791571782643285,"CDK19":-6.887036405531491,"CYFIP2":-1.0014734959679494,"STK38L":-0.5365297442742702,"SLC9A3R1":1.8667154246236357,"MEF2A":-1.2658479325682845,"YWHAZ":4.3884502253372775,"TXNRD1":-2.342299443037535,"BTF3L4":-0.4881042316944132,"NCOA7":-2.305681242230611,"NCK1":-4.318007514038639,"CNOT7":-2.340524328275338,"ARHGAP9":10.630450387791536}},"Mutation NPM1":{"min":-30.0,"max":30.0,"top_text":"High NPM1 Correlation","bottom_text":"Low NPM1 Correlation","map":{"SLC9A3R1":-0.6790963689386592,"DENND4C":0.2799980023599585,"SEPTIN1":-0.3999482453036249,"TALDO1":-0.21233910689916607,"STK38":-4.019652810612996,"ABCB1":-14.101818550858988,"CYFIP2":-2.7946010980928744,"LSM14A":-0.7649614159749897,"UBA3":0.23705527864417716,"TBC1D10C":-3.004181122242567,"YWHAB":1.575539933887276,"NCOA7":-11.789418369141812,"CDK19":-0.37152981713337985,"ARHGAP9":-0.41609374198423604,"UBE2A":-0.2183334631641541,"CRLF3":-5.405841343358263,"RNF31":-1.077293465683543,"EVL":-3.9572473036120823,"MEF2A":-7.860639614501431,"NAV1":-8.724003345713284,"IL16":-3.5916690898782537,"IFI16":-9.84528351855544,"SCYL2":1.5415320399736325,"MAPKAP1":-6.195278609193111,"STK38L":-0.9124515572482078,"CMPK1":-5.94961507820249,"UBE2M":-4.5197693237220395,"FN3KRP":-3.8669279447747273,"CNOT7":-2.099254750836166,"RASAL3":-3.366151892309973,"TXN":-8.285230317825532,"PTPN11":-7.0798336636155055,"MOB1A":-3.563077617650931,"PPP6C":-2.889281521164526,"YWHAE":0.024387365718097163,"PACS1":-0.805888752803164,"SEPTIN7":-0.5449473429568096,"RICTOR":-10.105026364493801,"CDV3":0.15768088786620313,"BTF3L4":0.2497399240050312,"MOB2":-2.318640845908788,"SEPTIN9":-4.689140444747393,"DDX58":0.7306029205318584,"SIPA1":-0.20209628049621878,"YWHAZ":1.4933724059056337,"NCK1":-2.520620883049057,"PPM1A":-4.126295242623023,"BROX":-2.9589801081327463,"TXNRD1":-5.066751580019904,"RPS6KB1":-4.789530658811339,"PRR5L":-4.517833328719408}},"NPM1 Subtype":{"min":-37.0,"max":37.0,"top_text":"Committed NPM1 Subtype","bottom_text":"Primative NPM1 Subtype","map":{"RICTOR":-2.5064783437883857,"EVL":-0.14310283798849655,"MEF2A":-0.524344205997996,"SEPTIN9":1.3732931305203295,"ABCB1":-2.373457680764852,"NCOA7":-1.5053042683046105,"PACS1":0.8490964043844264,"TXN":-1.1897497557683099,"STK38":1.8860854646678518,"SLC9A3R1":2.2264008312414347,"SCYL2":-0.03766757638638341,"STK38L":-0.23070631609132056,"IL16":5.015933568907444,"CNOT7":-1.7425189081373527,"LSM14A":-1.8501855866164507,"PPM1A":-0.13470959113943504,"CRLF3":1.856476291184093,"TBC1D10C":1.298691976342941,"RPS6KB1":-1.6962730443095195,"YWHAB":6.516630904060005,"RASAL3":0.48618367893811404,"SEPTIN1":-0.23953405460603022,"TALDO1":-1.0504764862317204,"DENND4C":-3.0677189049961693,"ARHGAP9":6.77585458597015,"YWHAE":-0.03670043455846413,"CDV3":0.9912057276323931,"BROX":1.1757578951026937,"YWHAZ":3.4909889711548163,"BTF3L4":-0.8486410513718636,"MOB2":0.4003942379328598,"RNF31":2.2962336889769883,"UBE2A":0.9683471873955601,"IFI16":-0.9473514198005877,"NCK1":-1.70855096707481,"SIPA1":3.7904967026773626,"FN3KRP":-1.1477796271818512,"TXNRD1":-1.701739482318782,"MAPKAP1":-1.2482591079891694,"UBA3":-6.889641070559013,"NAV1":-0.4534138014978569,"DDX58":0.2758105784612248,"UBE2M":-3.5231166303496937,"PRR5L":-0.2909751342652252,"CYFIP2":-0.826097989697681,"PPP6C":3.751775604451568,"CMPK1":-0.19462480814924393,"MOB1A":1.1639259517840286,"SEPTIN7":-3.70482762112637,"CDK19":-5.08757443270112,"PTPN11":-1.4268121009718746}},"Mutation FLT3 ITD":{"min":-10.0,"max":10.0,"top_text":"High FLT3 ITD Correlation","bottom_text":"Low FLT3 ITD Correlation","map":{"ARHGAP9":-0.7361304892693097,"IL16":-1.7678008249667214,"TBC1D10C":-2.0211606692327573,"CRLF3":-3.0915761166406956,"CDV3":0.24515413166049008,"RICTOR":-3.9888701782183382,"RPS6KB1":-2.26692811696671,"NCK1":-1.5380468558468579,"UBE2M":-4.418356512066106,"EVL":-2.159561535865717,"RASAL3":-0.633349171770954,"MEF2A":-1.6791689108030694,"RNF31":-1.409708810156163,"SIPA1":-0.33912518849589657,"NCOA7":-3.560588767908339,"TXN":-2.5944872582692153,"ABCB1":-2.7048304203653535,"TALDO1":-0.19896000435248754,"MOB2":-2.7674199555519894,"CNOT7":-1.3956845810464231,"DENND4C":0.07086394760019171,"YWHAE":0.6321194024960436,"IFI16":-0.5360255600024397,"STK38L":-1.091996319600955,"PPP6C":-2.5723267158397554,"MOB1A":-2.9834911681489316,"LSM14A":-2.172112563559944,"YWHAZ":0.5432027970071116,"SEPTIN1":0.19220015416429403,"TXNRD1":-5.067295191969135,"SCYL2":1.5854453599768656,"NAV1":-1.0030266990560226,"MAPKAP1":-3.0462620163045098,"SLC9A3R1":0.056373703902015,"SEPTIN7":0.45128312093289447,"BROX":-2.5310598878044375,"CYFIP2":1.4531656056293003,"CDK19":-0.0034433128094104315,"PACS1":-0.3639251653795141,"DDX58":0.12857274942755634,"STK38":-3.4914625829266357,"CMPK1":-3.6795910572510606,"YWHAB":0.32555727071243884,"SEPTIN9":-0.038829016699920976,"BTF3L4":0.3324100443039492,"PTPN11":-3.363627567113609,"UBE2A":-0.11261049857544358,"UBA3":0.25583181668258803,"PRR5L":-0.4386238508286441,"FN3KRP":-2.102827360700272,"PPM1A":-4.206385087599029}},"Overall Survival":{"min":-6.0,"max":6.0,"top_text":"High Survival Correlation","bottom_text":"Low Survival Correlation","map":{"STK38":0.3655719214025693,"NCK1":0.5495847228710223,"MOB1A":-0.6743298929591302,