{"Overall Survival":{"min":-6.0,"max":6.0,"top_text":"High Survival Correlation","bottom_text":"Low Survival Correlation","map":{"SRGAP2":0.02734649704659683,"BLOC1S2":0.21426841246938677,"SERGEF":-0.2928090868470899,"EXOC1":0.027895526467181575,"PTPN6":0.1678796443390082,"GABARAPL2":-0.12460137645401409,"SNAP29":0.5148954542258537,"KIAA0930":-0.18284219719917919,"AP1G1":-0.05520736969243625,"CLTB":1.5577567159826178,"PPA1":-1.102745083599656,"AP1M1":0.20217190593659445,"CCDC28A":0.031237336524290865,"ATP1A1":0.16435278068228756,"BLOC1S3":-0.4086459927785902,"ULK1":-1.344476102077315,"ITSN2":0.2626604274384664,"ITPK1":-1.3140602288014533,"CLTA":-0.198060627445383,"VAPB":0.6344399427876876,"HOOK3":0.10279400123159114,"FAM120A":-0.5228051678549787,"DTNBP1":-0.019043939810248465,"AP1B1":-0.23808771187217695,"VAPA":0.5510431721130271,"YKT6":0.07892068700715625,"FAM91A1":0.18710748644802083,"MARCKS":-0.4569111707143705,"STAT2":0.5732187541268703,"AP2B1":0.17684075334102414,"TACC1":-0.16280074727092278,"HEATR5B":-0.5864984354426233,"PTPN1":1.1338675923475863,"RAB5C":0.2348787682636548,"AFTPH":0.1487265119501517,"TDRD7":-0.24232399877089275,"SYNRG":0.3666234987000586,"ATG16L1":0.09817980700095462,"ROCK1":1.2595792487105513,"CLTC":0.41841571769312735,"STX8":0.4818195602637342,"BLOC1S5":0.0671015816632543,"RAB1A":-0.01694454700630812,"YWHAH":1.126878167306358,"RAB2A":0.14613086682569523,"KRAS":0.32504972471163424,"MTCH1":-0.42261815646548956,"TBK1":0.2894680956165346,"BLOC1S1":-0.6501512279562938,"RB1CC1":-0.18711890269440104,"AP1S2":0.04989668599474809}},"Mutation NPM1":{"min":-30.0,"max":30.0,"top_text":"High NPM1 Correlation","bottom_text":"Low NPM1 Correlation","map":{"HOOK3":1.055308071183582,"SRGAP2":-0.21884590199474163,"TACC1":1.6160414983121065,"CLTC":0.625315346948538,"CLTA":0.3741505907583068,"PTPN6":6.340870271253247,"VAPA":2.674067124047623,"STAT2":-0.4519358441979369,"EXOC1":2.979497135572936,"GABARAPL2":-3.109073376358872,"BLOC1S2":3.0139591358877533,"AP1B1":-0.16340158196369997,"SNAP29":0.7945677545906891,"AFTPH":4.945559144437457,"ROCK1":-3.2460903637053593,"ATP1A1":-0.030655141729931126,"YWHAH":-3.5548912138670423,"VAPB":0.43583740828922124,"PPA1":11.483984760682988,"SERGEF":4.521875827313387,"TBK1":0.11185696500901147,"AP1G1":2.1707804778543656,"RAB2A":0.12446822842459274,"FAM91A1":0.6133194116496677,"ATG16L1":-0.42959426325418376,"CLTB":-0.24277602252966882,"PTPN1":-0.7231136415236378,"RAB1A":0.41548367348545046,"STX8":2.0564866390868675,"ITSN2":0.05046734890879779,"BLOC1S1":1.9901693471072708,"SYNRG":2.350004679275132,"KRAS":0.3120119779791907,"MARCKS":0.08562052564508797,"BLOC1S3":2.149889086100417,"ULK1":-0.3534684233362086,"MTCH1":6.25076045873171,"TDRD7":-0.1717695258729876,"AP1M1":0.7886847934056125,"YKT6":-0.02731783466269257,"KIAA0930":-0.5185646525241743,"RB1CC1":-4.937947397807086,"ITPK1":2.8641339615016026,"DTNBP1":-0.4247355985381185,"AP1S2":1.2668493775178373,"BLOC1S5":0.21911717968642735,"AP2B1":0.28138423425116593,"RAB5C":-0.5770151584312811,"CCDC28A":3.5201809348299684,"HEATR5B":7.473255991014345,"FAM120A":6.538671998989888}},"NPM1 Subtype":{"min":-37.0,"max":37.0,"top_text":"Committed NPM1 Subtype","bottom_text":"Primative NPM1 Subtype","map":{"YKT6":1.8945818453168577,"VAPB":-0.5700773726092779,"CLTB":12.418967019020187,"BLOC1S5":2.1060587930663845,"BLOC1S3":2.8083313461197035,"BLOC1S1":8.328814369547835,"PTPN6":12.260799471268717,"VAPA":0.9630034142882941,"PTPN1":4.665103268435918,"ITPK1":17.88730168700906,"ULK1":-0.07179072493517773,"YWHAH":8.375739069063975,"MTCH1":0.31561017280406983,"EXOC1":0.8213679069260349,"RAB1A":12.073309440660637,"AP2B1":4.998858163610115,"CLTC":9.219061812629135,"TBK1":9.912055914375456,"GABARAPL2":2.428343564823379,"AFTPH":7.488117952070121,"SYNRG":4.214691382563448,"PPA1":2.1190291681427738,"BLOC1S2":5.521461283392757,"SNAP29":6.361719582215438,"AP1G1":11.818730365161041,"ROCK1":8.9162109144539,"RAB5C":9.827355473628991,"ATG16L1":4.4948894410910665,"AP1M1":14.869698530675981,"HOOK3":4.654802800242444,"SRGAP2":20.285019437264644,"SERGEF":2.7699257762699183,"AP1S2":10.104334262284887,"MARCKS":11.138076006323027,"KIAA0930":19.226289565160933,"STAT2":11.942006814130563,"KRAS":6.744270177015504,"CCDC28A":2.1545320373093997,"ATP1A1":10.636454060254227,"CLTA":6.670911784837607,"RB1CC1":0.45562139546664654,"FAM120A":11.576594820629195,"FAM91A1":5.112220296818175,"TDRD7":18.915714108966114,"AP1B1":16.13903640213145,"DTNBP1":2.5451945990240814,"HEATR5B":4.3210078670262835,"STX8":9.375032268491516,"RAB2A":12.031544670795375,"TACC1":6.1817629874624265,"ITSN2":9.98332300894467}},"Mutation FLT3 ITD":{"min":-10.0,"max":10.0,"top_text":"High FLT3 ITD Correlation","bottom_text":"Low FLT3 ITD Correlation","map":{"CLTC":-0.03908201161744767,"SNAP29":0.6065010113718473,"YKT6":0.17502111855564417,"BLOC1S3":0.8922164737719385,"STX8":0.6151160909201557,"STAT2":-0.16164498287021364,"RAB5C":-1.3583057221959507,"MTCH1":1.5065874418045708,"AP1M1":-0.06117188640815473,"PTPN1":-1.1207442914920505,"KRAS":0.07625659147457894,"DTNBP1":-0.39205662033826094,"ROCK1":-2.5583450882601433,"BLOC1S5":-1.4240700568414741,"ITSN2":0.20748396343407124,"AFTPH":1.541556052299518,"AP1B1":-0.0468996009523867,"SRGAP2":-0.3577452442144117,"KIAA0930":-0.23538063404688847,"CCDC28A":0.6048484830784038,"PPA1":1.580455988334028,"AP1S2":0.055773078810246506,"PTPN6":0.5457354682283536,"ATP1A1":-0.02108234856524787,"VAPA":1.0723514050763805,"BLOC1S1":0.489251670259229,"RB1CC1":-5.256562446540706,"AP1G1":0.27801022334217573,"SERGEF":0.8310842350413667,"TACC1":0.4043695516753766,"RAB2A":-0.3568025264801468,"HOOK3":0.023776291769183028,"CLTB":-0.910936223432123,"CLTA":0.16675389252852857,"FAM91A1":-0.533473460234088,"ULK1":-1.0678279242804514,"EXOC1":2.806002054186706,"HEATR5B":3.3296888841081285,"MARCKS":-0.6117563295803227,"SYNRG":0.43452567960628496,"ATG16L1":-2.668791731722709,"TDRD7":-0.23987880703061792,"FAM120A":2.4512788197554505,"AP2B1":0.25663868280522273,"RAB1A":0.07794940552015603,"VAPB":0.8895759862764764,"YWHAH":-3.381042395854847,"TBK1":-0.8419287332092773,"GABARAPL2":-1.3762254303131811,"BLOC1S2":2.6443338682823154,"ITPK1":0.7490348371138721}},"MuSiC CD14 Mono":{"min":-50.0,"max":50.0,"top_text":"High CD14 Mono Correlation","bottom_text":"Low CD14 Mono Correlation","map":{"PTPN1":4.765870970923909,"YKT6":3.6260775784764077,"ITSN2":11.005291462757592,"TBK1":16.289028014495408,"ULK1":0.05517415123520474,"STAT2":13.50142584956845,"KRAS":10.118181926267097,"ATP1A1":14.049788102186957,"MTCH1":2.22338146874097,"HEATR5B":7.987248968906412,"RB1CC1":0.7590068295580642,"MARCKS":13.206035493190852,"CLTB":14.909524565722057,"DTNBP1":2.8939144600760884,"ITPK1":29.45255983729498,"KIAA0930":23.58216158222538,"CLTC":14.896650047471034,"BLOC1S1":9.052535797257761,"SYNRG":5.384041244732073,"CLTA":6.312274151945946,"BLOC1S5":2.1599568597409755,"AFTPH":11.299653410260618,"CCDC28A":3.7206827619550524,"TDRD7":20.3215663612832,"RAB5C":11.18743479736458,"PPA1":4.141029396677128,"GABARAPL2":4.691777668030877,"ROCK1":6.440071370204859,"BLOC1S2":8.280594816769538,"TACC1":6.610086965515232,"RAB1A":17.70543135647485,"VAPB":-0.18674360889728667,"VAPA":0.9318811738738026,"SRGAP2":20.86738302211996,"RAB2A":14.259990990474959,"FAM91A1":3.773523810992572,"FAM120A":14.077765540887539,"HOOK3":6.795906468353223,"PTPN6":15.451347734833888,"AP1B1":21.277174426563498,"ATG16L1":3.536560473907584,"STX8":10.819255273950695,"EXOC1":2.517733677133227,"AP1M1":21.036598347992545,"AP1S2":13.548974755737662,"SERGEF":5.845213271442172,"SNAP29":8.961678788199086,"AP1G1":15.86860529668059,"BLOC1S3":6.03854140437444,"AP2B1":11.692245552183527,"YWHAH":8.990882774908188}},"Blast Percent":{"min":-11.0,"max":11.0,"top_text":"High Blast Percent Correlation","bottom_text":"Low Blast Percent Correlation","map":{"PTPN1":-3.581411100977405,"CLTA":-2.3971397011436677,"ITSN2":-1.9344772996953419,"HOOK3":-0.2635768946826057,"AFTPH":-2.094683166022696,"ROCK1":-1.4079549329783416,