{"Mutation FLT3 ITD":{"min":-10.0,"max":10.0,"top_text":"High FLT3 ITD Correlation","bottom_text":"Low FLT3 ITD Correlation","map":{"TAF3":-1.355947987545681,"UBR5":1.4170526822951492,"YTHDC1":0.6481080845970542,"POLR2B":-0.022452069215934754,"BRD8":-0.1319298704896412,"MEN1":-2.4584589072418668,"SIN3A":-1.1779359287275906,"PHIP":-0.7278787149356686,"KAT7":-0.4628513032001331,"SMARCA2":1.2452020752905093,"HDAC1":0.25427844551869644,"H4C2":0.0,"TAF9B":-0.08186080128757582,"CDC5L":0.08920016874934106,"TAF8":0.03148024822922413,"TAF13":-0.19471500375052436,"MCRS1":-2.102540242603023,"DHX40":0.418818314388527,"TAF11":-1.1487764607046251,"UBTF":0.13621507281463235,"SETD1A":-1.6354847504064904,"HDAC2":0.5237603838265383,"TRRAP":-0.27695356833171714,"RNPS1":0.5682120555806589,"PHF8":-0.0014551019642849087,"TBP":-0.43620161677117925,"TAF1":-0.04690526908343578,"H4C1":0.0,"NR2C2":-0.07142975049210988,"ISY1":-1.410513816857678,"TAF9":0.34404061326778806,"TAF10":0.4151712193273511,"CHD4":0.3289789536256447,"BRD3":-0.01954115510386558,"H4C5":0.0,"DDX23":0.35256382091366095,"TAF2":1.125347334073554,"KMT2B":-2.352221175389733,"SMARCC2":0.9989157118609314,"TAF6":-0.2605548888482134,"EPC1":-0.3115604778685094,"WDR5":-0.23921487223671387,"VIRMA":1.7875022321328813,"HCFC1":0.020878535008102744,"POLR2A":-0.26084814200353945,"BRD4":0.18355071889476207,"BRMS1":-0.724736400791994,"TAF4":-0.16118379608127467,"TAF12":-0.5532788233151862,"USP37":-2.741461285447048,"TAF5":-0.6896620241304081}},"Overall Survival":{"min":-6.0,"max":6.0,"top_text":"High Survival Correlation","bottom_text":"Low Survival Correlation","map":{"BRD4":-0.7188798649332288,"WDR5":-0.5549702440508997,"SMARCA2":-0.6782018625190359,"TRRAP":-0.6727932958423095,"TAF10":-0.22988909953815495,"RNPS1":-0.3917937604318999,"DDX23":-0.5873969871501877,"TAF4":-0.4303514739422789,"TAF12":-0.8231106819116624,"POLR2B":-0.01680366888660566,"TAF9":0.5263639768313939,"SETD1A":-0.036437438344587694,"HCFC1":-0.7577733447230063,"SMARCC2":-0.06700074409711332,"TAF8":-1.7578900468350689,"ISY1":0.03500731253144527,"UBTF":0.014478017292877813,"TAF9B":-1.504128244804955,"NR2C2":0.15160242118184747,"YTHDC1":-0.4363681667432313,"MCRS1":-0.09430335821361353,"TAF11":-0.0799735225919256,"TAF1":0.3376978460925033,"KMT2B":-0.6027248199944916,"SIN3A":-1.1333410651466098,"CDC5L":0.590713796172442,"TAF3":-0.9504358362200708,"POLR2A":-0.5351637402494888,"TBP":-0.2251047404101112,"BRMS1":-0.3881388308530004,"TAF5":-1.0414720913824622,"PHIP":-0.05493381768242591,"BRD8":-0.389219802074547,"EPC1":-0.01664218127945038,"PHF8":0.22260264908074648,"USP37":-0.2950900267812592,"HDAC1":-0.04023659155705505,"UBR5":-0.04827519770096877,"H4C1":0.0,"TAF13":-0.05025862584157618,"BRD3":-0.2056939379293499,"TAF6":-0.2736225989942279,"CHD4":-0.8250007975486481,"MEN1":-1.6726102735442352,"KAT7":0.1400682825551237,"VIRMA":-1.015630855050422,"H4C5":0.0,"H4C2":0.0,"TAF2":-1.002634098910928,"HDAC2":-0.6852899224982528,"DHX40":-0.1381753134856382}},"NPM1 Subtype":{"min":-37.0,"max":37.0,"top_text":"Committed NPM1 Subtype","bottom_text":"Primative NPM1 Subtype","map":{"H4C1":0.0,"TAF5":-3.314648942220357,"BRD8":-15.32766152937291,"BRD3":-3.902456922039925,"POLR2B":-1.9164622442487804,"PHF8":-3.350091344199141,"KMT2B":-3.204146862490907,"TAF8":-2.3617846215143086,"WDR5":-3.554046379510762,"EPC1":-4.6329585026287035,"CHD4":-14.411108575673477,"TAF3":-3.5146923012758,"SIN3A":-7.937026904327974,"TAF9B":-7.028180072345932,"CDC5L":-8.499865467451796,"SMARCC2":-10.83745404825939,"MCRS1":-3.5025358288694215,"PHIP":-1.7296571120104183,"TBP":-3.530779250687171,"HDAC2":-8.44012458482962,"TAF12":-1.4301530847405601,"TAF11":-3.502066745868133,"TRRAP":-3.624451483780866,"RNPS1":-7.741338951952758,"TAF2":-5.682638787942283,"BRMS1":-2.4879498206947606,"TAF6":-4.301742397347677,"TAF1":-3.218991790180499,"KAT7":-11.131321956693686,"BRD4":-4.638999711906336,"UBTF":-17.23490309871621,"VIRMA":-7.150077191871867,"YTHDC1":-7.611745916933239,"MEN1":-8.373675848346089,"HDAC1":-5.655537515814193,"TAF13":-0.32879733810101763,"DHX40":-4.901330888507829,"H4C5":0.0,"ISY1":-2.928535894185997,"POLR2A":-3.2439500843328837,"USP37":-0.30692436532336353,"NR2C2":-6.800203977726264,"SMARCA2":-6.617373827161054,"TAF4":-3.5878120693258597,"H4C2":0.0,"TAF9":-1.8199210572816582,"HCFC1":-3.4113075164055173,"SETD1A":-9.631502486727154,"DDX23":-4.039778913376542,"TAF10":-1.0155345016529775,"UBR5":-5.514619613896145}},"MuSiC CD14 Mono":{"min":-50.0,"max":50.0,"top_text":"High CD14 Mono Correlation","bottom_text":"Low CD14 Mono Correlation","map":{"TAF9B":-6.810637615467019,"KAT7":-12.31804663038027,"EPC1":-4.1356058483050955,"KMT2B":-3.1105668139077998,"POLR2B":-1.240789725816863,"TAF8":-2.0845251978524346,"BRMS1":-3.1297743786831553,"TBP":-3.845925136141115,"HDAC1":-4.679624575278813,"TAF12":-2.839533908806808,"TAF11":-4.977877329381452,"YTHDC1":-8.675580137044413,"TAF5":-4.433544607575586,"SMARCA2":-5.182264097433934,"CHD4":-16.48823355690458,"PHIP":-1.3802540845023348,"TAF13":0.1172223292893306,"SMARCC2":-10.69874797646792,"BRD3":-5.214990380429744,"MCRS1":-3.9491441250062884,"TAF2":-6.03569128519925,"H4C5":0.0,"HDAC2":-8.660595189361645,"BRD8":-19.26886437419618,"H4C2":0.0,"TAF4":-3.849364305471634,"VIRMA":-5.414485281507812,"POLR2A":-3.656362333739177,"TAF10":-1.0781794685528232,"DHX40":-4.1418045382385635,"DDX23":-2.890659024770613,"TAF6":-6.151545735478707,"MEN1":-10.284172028745742,"SETD1A":-13.385499493480857,"BRD4":-3.6745782819782855,"PHF8":-2.2447308380635445,"TAF9":-1.7763895399682017,"H4C1":0.0,"UBR5":-4.971324272448325,"NR2C2":-7.433160800008668,"TAF3":-3.5810576069460693,"SIN3A":-9.94226282256284,"CDC5L":-7.248921855788634,"TAF1":-3.1882296146540776,"ISY1":-4.402036873484432,"UBTF":-20.182209467645457,"RNPS1":-5.81073188721547,"HCFC1":-3.4124931662663314,"WDR5":-4.611999300436258,"TRRAP":-2.708147420223346,"USP37":-0.7441813773635617}},"Blast Percent":{"min":-11.0,"max":11.0,"top_text":"High Blast Percent Correlation","bottom_text":"Low Blast Percent Correlation","map":{"H4C5":0.0,"SETD1A":4.86152102162358,"BRD4":1.288643145429348,"BRMS1":5.699383280944352,"SMARCA2":5.8161362419176035,"NR2C2":3.9928062806929483,"TAF9B":3.14389395042548,"TAF13":-0.18678149798875449,"BRD3":6.19938222973808,"TAF1":7.2040929477027005,"TAF8":2.62244419557207,"TAF9":7.504480965319896,"HDAC2":8.110049998404987,"TAF2":1.4853659964394772,"H4C1":0.0,"PHIP":2.0318136866936736,"KMT2B":1.5384759967454373,"HDAC1":4.408129367480514,"SIN3A":9.566712249665228,"RNPS1":4.288631825669551,"CHD4":6.40312949392056,"VIRMA":8.143531663575498,"TAF10":4.458815612916491,"USP37":-0.9737728401927304,"H4C2":0.0,"KAT7":2.870250470641648,"TAF12":5.603051959613489,"TAF4":9.457497680974226,"BRD8":8.499102393018452,"SMARCC2":6.8205742081014495,"TAF3":1.7015782047154304,"WDR5":4.479767002461924,"UBTF":3.3671054460536523,"DHX40":1.5077006954203405,"TBP":3.7351316621454456,"TAF5":6.274891264803313,"POLR2B":8.850381366308552,"EPC1":5.6467725065177365,"ISY1":2.7811020158431172,"HCFC1":6.958344485696299,"CDC5L":6.328344057248915,"UBR5":4.011248765343692,"POLR2A":10.002555467432089,"YTHDC1":7.8481305339645635,"DDX23":3.7047517425322534,"TAF6":7.25059057705687,"TAF11":4.500554039130935,"MEN1":1.9558608311443046,"PHF8":4.968565564962217,"TRRAP":10.935466683300897,"MCRS1":2.341613094119791}},"Mutation NPM1":{"min":-30.0,"max":30.0,"top_text":"High NPM1 Correlation","bottom_text":"Low NPM1 Correlation","map":{"DDX23":0.18147845660899323,"UBTF":-0.08373825583771066,"MEN1":-1.6247723960625462,"YTHDC1":0.8666452207079982,"TAF12":1.0882345111461973,"VIRMA":3.0942444395048465,"TAF6":0.3513066073653608,"TBP":-0.36109525911591006,"TAF1":0.60818181138489,"BRMS1":0.6144309041812756,"SMARCA2":2.9702193572053925,"H4C1":0.0,"WDR5":-0.03650034802598876,"NR2C2":-0.02538607330339903,"PHF8":0.4990653863074583,"TAF3":0.35989493628175057,"HDAC1":0.42857678154086615,"H4C2":0.0,"KMT2B":-0.24495083072997828,"TAF13":-1.106126318178146,"TAF4":1.3074491138733983,