{"NPM1 Subtype":{"min":-37.0,"max":37.0,"top_text":"Committed NPM1 Subtype","bottom_text":"Primative NPM1 Subtype","map":{"MAP4K4":4.560377308923607,"MTSS1":6.054960662977952,"RAP2A":1.3147429331953642,"IFIT2":3.1894067494152516,"NCKAP1L":2.065634955492536,"CENPF":-0.25257208564909744,"NCK2":-0.07075354245330236,"SEPTIN8":0.3029001534867726,"ACBD7":0.0,"BAG2":-2.2615936630458613,"PAQR9":0.0,"ABI1":1.798457016442001,"ACVR1":1.0020792036521495,"PPARD":0.0,"RHOC":0.5622019443943438,"IFIT3":2.0325146518435964,"PLCB3":7.39841581101155,"CDC42EP4":2.2263540836525797,"BRK1":2.2426616317008476,"MINK1":6.1986527856289015,"LIN7C":2.161796715515554,"CTTNBP2NL":0.6967498827650909,"CTNNB1":-0.511473725892018,"CAV1":-0.3465734988006755,"CDH15":0.0,"SNX33":0.16563890747215293,"NRAS":-0.7540354988053936,"ABI2":-5.320985554253831,"ARHGAP23":-2.4409763941455354,"PPP2CB":2.599876017237291,"RBPMS":-2.747764738430234,"IFIT1":1.5332112986792883,"CYFIP1":5.011174674341059,"DLG1":4.259311484479376,"MPP7":5.769542828410294,"LEMD2":0.44036171652957923,"ITGB1":1.4731039404768769,"STK24":0.6868027913962926,"ARF6":7.691799486544673,"BAIAP2":0.34055434419953157,"TCF7L2":2.534854618883829,"CTNNA1":0.7964508355855082,"TAX1BP3":0.5737486826218662,"PHACTR4":-6.561331782231715,"SLC31A1":0.0,"PML":-1.6847799436898738,"TANC2":0.19931206842053653,"UACA":-0.29138929379002626,"PUM1":-6.057181674522193,"SAPCD1":0.0,"WASF2":1.750863549272143}},"Overall Survival":{"min":-6.0,"max":6.0,"top_text":"High Survival Correlation","bottom_text":"Low Survival Correlation","map":{"STK24":0.13192067232348373,"ABI1":0.8902060986994408,"IFIT3":0.2459165647377883,"ARHGAP23":-0.19712755797187423,"SLC31A1":0.0,"PLCB3":-0.0013437935617619493,"DLG1":-0.7573856733601919,"IFIT2":0.09560069358274154,"PUM1":-0.10943985963739979,"BRK1":2.1351560482751197,"ACBD7":0.0,"NCKAP1L":0.6613886726124004,"PAQR9":0.0,"SAPCD1":0.0,"ARF6":0.19820810276871087,"CTTNBP2NL":-0.04434994336613931,"IFIT1":0.7401385811798941,"PHACTR4":-0.39182383668803905,"BAG2":-0.5276924741187047,"TCF7L2":-0.06578743234579446,"MTSS1":0.10312749246572556,"MPP7":0.0002360272771784891,"CTNNA1":-0.24775182687641803,"TAX1BP3":-1.4607254551957691,"CAV1":-0.14447947551038773,"UACA":-0.13288006563760932,"LEMD2":0.2992747441760331,"NCK2":-0.5113469347697734,"CDC42EP4":0.3641442971204032,"RAP2A":0.4832867645627541,"MAP4K4":0.38450929521380645,"ABI2":-1.0938935941597476,"ACVR1":0.6748006331762976,"CENPF":-1.2659014786835214,"TANC2":-2.3420271893632036,"PPP2CB":-0.3061158749181915,"PML":-0.023962574509249285,"BAIAP2":0.07783299175941348,"NRAS":0.39825985156005594,"CYFIP1":0.368169292350974,"SNX33":-0.007873160259921111,"LIN7C":-0.21880152627734836,"RBPMS":-1.411774503628095,"WASF2":2.0420116974505906,"MINK1":1.255407949808386,"CTNNB1":-2.132978317636448,"RHOC":0.48041929460465493,"CDH15":0.0,"SEPTIN8":0.17602151964990198,"ITGB1":1.0638479590049357,"PPARD":0.0}},"Blast Percent":{"min":-11.0,"max":11.0,"top_text":"High Blast Percent Correlation","bottom_text":"Low Blast Percent Correlation","map":{"CDH15":0.0,"LIN7C":-2.223145413044035,"ARF6":-2.332634397680407,"BAG2":-2.307856210587071,"MINK1":-5.67247384823862,"UACA":-1.8780433465182405,"ARHGAP23":-0.3821175780174579,"IFIT3":-1.028109460996025,"CENPF":-1.022201140298072,"NCK2":0.05331280172182632,"BRK1":-0.6376691895415606,"CTNNA1":0.08004687341873822,"MPP7":-3.2263844531047967,"IFIT1":-0.6523841880636494,"PUM1":3.3516443462144037,"PAQR9":0.0,"CYFIP1":-0.6691394535492142,"CTNNB1":-0.03360939052225017,"PHACTR4":0.30251849861845315,"ABI1":-0.3659903962820121,"NRAS":0.21279681076895923,"BAIAP2":-0.31496293044968426,"TCF7L2":-0.6440417536415258,"ACVR1":-0.47240123094264946,"CDC42EP4":-1.1487436047341166,"PPARD":0.0,"SLC31A1":0.0,"TAX1BP3":-0.3214230080864209,"TANC2":-1.219820747141733,"SEPTIN8":-1.9516392311188095,"ITGB1":-0.7872272412064167,"WASF2":-0.33249329497509517,"MAP4K4":-2.7311848941083996,"SNX33":0.4389311574103152,"CAV1":-0.1785760131450302,"ABI2":2.214420663425572,"LEMD2":0.22446896870442798,"IFIT2":-0.7211954929811877,"NCKAP1L":-1.465947516281917,"STK24":-3.551090497266306,"PLCB3":-2.8073507420946693,"ACBD7":0.0,"CTTNBP2NL":1.553180060863227,"RBPMS":-1.0343032911036156,"DLG1":-2.9424325920206282,"RHOC":-0.3430171232746848,"SAPCD1":0.0,"PPP2CB":-1.5913475169136309,"MTSS1":-1.0147598994153313,"PML":0.1753229906316446,"RAP2A":-1.4333833597109644}},"MuSiC CD14 Mono":{"min":-50.0,"max":50.0,"top_text":"High CD14 Mono Correlation","bottom_text":"Low CD14 Mono Correlation","map":{"ARHGAP23":-2.38615112771166,"RHOC":0.38231858837350297,"NCK2":-1.001343116254976,"CAV1":-0.5302430407351745,"NRAS":-0.11082924392259495,"CTNNB1":-0.5009367214219028,"CYFIP1":7.209523433329782,"PHACTR4":-5.792672641701166,"CTNNA1":2.3247333731145003,"LEMD2":0.9986070393891604,"LIN7C":2.746483235600091,"ACBD7":0.0,"PPP2CB":2.2124047579273642,"ABI1":1.890687607403734,"MTSS1":6.04834529820047,"RAP2A":0.8843624356070664,"NCKAP1L":1.5266985315465875,"IFIT2":2.479714096058193,"SEPTIN8":0.9482281172043445,"ACVR1":2.060431104633156,"UACA":0.23316056212302624,"STK24":1.6781397671289002,"ABI2":-4.838433325695152,"SLC31A1":0.0,"TAX1BP3":0.3018874289715491,"ARF6":10.03536031165224,"BAG2":-1.9977918986225802,"PML":-1.3792979666033518,"CDC42EP4":0.9781167518950631,"TANC2":0.7044101439062215,"WASF2":1.8287366059929617,"SAPCD1":0.0,"PLCB3":6.792635740549889,"BRK1":2.2290537836695825,"CTTNBP2NL":0.22188043987443895,"MAP4K4":4.8191666485441775,"IFIT3":1.3354574057957826,"ITGB1":1.0445824884492307,"BAIAP2":0.29669381246560916,"SNX33":0.5048644879882104,"PUM1":-6.3171339401873245,"TCF7L2":3.064952714963241,"MINK1":6.670636465337613,"IFIT1":0.43550535759690434,"DLG1":3.9874713321756334,"PPARD":0.0,"RBPMS":-1.6256014180388845,"CENPF":-0.15065518840002162,"CDH15":0.0,"MPP7":9.03382152082667,"PAQR9":0.0}},"Mutation FLT3 ITD":{"min":-10.0,"max":10.0,"top_text":"High FLT3 ITD Correlation","bottom_text":"Low FLT3 ITD Correlation","map":{"PLCB3":0.2839540934515422,"IFIT2":-0.04276332867281745,"RHOC":0.05786467929368491,"BAIAP2":3.839635807529472,"SAPCD1":0.0,"SLC31A1":0.0,"IFIT3":-0.3210441756176598,"PML":-0.4040103363077623,"ACBD7":0.0,"MPP7":0.08923171355212699,"LEMD2":-0.06836547680047762,"RBPMS":0.19756506078779912,"CENPF":-1.72815454490254,"CTNNB1":-0.4334147898916556,"ARHGAP23":-2.3816146272125738,"BAG2":0.8723154167053918,"TAX1BP3":0.11195868501250796,"SEPTIN8":0.1500053745514586,"STK24":-2.115886087355607,"NCK2":0.14419453735048435,"LIN7C":-0.32900959389036655,"TCF7L2":0.20591968710740816,"CTTNBP2NL":1.2793904852478737,"ACVR1":2.521383487421455,"ARF6":1.0057614505913428,"IFIT1":-0.6571405696277274,"BRK1":1.0707443209720136,"PUM1":-0.19006676430068978,"CDC42EP4":-3.445534774483685,"PPP2CB":-1.3611094383542919,"ABI2":2.1425231472354156,"TANC2":-1.7868875693510877,"PPARD":0.0,"NCKAP1L":-0.02882178460548684,"MAP4K4":-2.5299927433422877,"CDH15":0.0,"SNX33":1.01332407670784,"PAQR9":0.0,"CYFIP1":0.6755100902736236,"UACA":0.9110221864265637,"NRAS":-0.6728593180793161,"DLG1":-0.49974561226999065,"PHACTR4":-0.4940966002937668,"ITGB1":0.20619672493566388,"RAP2A":-0.5700094184172976,"ABI1":1.134985605499204,"WASF2":2.4216633392782314,"MTSS1":-1.2418276182006225,"CAV1":0.43890709235006165,"CTNNA1":-0.9903402933125708,"MINK1":-2.0610143297697383}},"Mutation NPM1":{"min":-30.0,"max":30.0,"top_text":"High NPM1 Correlation","bottom_text":"Low NPM1 Correlation","map":{"BAG2":0.4134828762490717,"CDC42EP4":-2.5898192205766066,"CENPF":-0.9571921654332103,"CTNNB1":0.49678202627901763,"UACA":2.225986898056743,"NCKAP1L":-2.535450130961067,"ACBD7":0.0,"TCF7L2":0.010940881704120858,"WASF2":-0.2858958390255411,"ARHGAP23":-4.714074336401371,"CTTNBP2NL":3.6628122190347483,"PHACTR4":-0.4535621276939009,"CYFIP1":0.3789398946800053,"MPP7":2.3421478780911253,"NRAS":-1.9652942125766553,"PPARD":0.0,"SLC31A1":0.0,"LIN7C":-0.47440461132442047,"STK24":-2.795135634213175,"MTSS1":0.007617517758863979,"PAQR9":0.0,"ACVR1":5.220169208747852,"RBPMS":-1.630475811984967,