{"Overall Survival":{"min":-6.0,"max":6.0,"top_text":"High Survival Correlation","bottom_text":"Low Survival Correlation","map":{"ASRGL1":1.0086599108797294,"SUSD1":0.5135480424240776,"VMP1":1.5493501479458154,"RGS14":0.2693326056321631,"HAVCR2":0.09331182948301828,"CD53":0.4135657644654054,"DHRS1":0.39834611832613703,"VSIR":-0.12105321164662788,"CD180":0.8797112869383191,"TMEM106A":0.0760233980958004,"CISD3":-0.5697562230321978,"LAIR1":-0.13643214011141205,"CANX":0.9516411478360907,"PIK3CG":1.5485043896543997,"BIN2":2.1682417082679053,"HK2":0.6652620707716961,"CD300A":0.00202390409109206,"TBXAS1":0.88496929945378,"S100B":2.673055565508058,"AHR":0.14482647740258772,"ZNF185":2.1710531938781736,"IL1RAP":0.16020649905381842,"PIK3R6":1.9952802606447348,"CD84":0.5181739004669332,"RAB4B":1.4887489759829053,"ACVR1":0.6748006331762976,"ZNF385A":0.6911673110630258,"CPNE8":-0.8332723267085065,"SSR1":-0.18301981331069386,"GLIPR1":0.7147899334406567,"GSTK1":0.00025825542789021636,"MILR1":0.5574571585626847,"TNFSF13":0.3006110442542664,"CTSO":0.19289894025710735,"CKLF":0.5755532276541622,"PLCB2":1.8179594588684018,"ESYT1":2.325196402768218,"ADPGK":0.14189134680212073,"IFNGR1":-0.18727353276100284,"CYSLTR1":0.0,"DPEP2":-0.0064749188063582,"LY86":2.761590391925081,"ARRB1":-0.008328493760471135,"STAT6":0.57716643019058,"VIM":0.6875673700647285,"MFSD6L":0.0,"HACD4":0.0,"SEC61B":0.7188928083702123,"TSPAN32":0.45683676231418635,"GIT2":2.213891493691862,"GPR35":0.0}},"Blast Percent":{"min":-11.0,"max":11.0,"top_text":"High Blast Percent Correlation","bottom_text":"Low Blast Percent Correlation","map":{"TSPAN32":-0.9633496776282812,"HACD4":0.0,"TNFSF13":-1.5573119502357935,"TMEM106A":3.131769473065707,"ARRB1":-0.21777913418254036,"PLCB2":-0.7796803993013985,"ADPGK":-0.3121932778284424,"SEC61B":0.31896317272431707,"LY86":-0.4450624977936947,"GIT2":0.25895047799190113,"HK2":0.055160272735669626,"GSTK1":0.7136607009463741,"ZNF385A":-0.8395910224160634,"MILR1":-1.1083431895685485,"IFNGR1":-0.4560371105402709,"LAIR1":-0.3188603900267763,"IL1RAP":0.4712384039719075,"CISD3":0.542722993870174,"RAB4B":-0.9042709259234648,"GLIPR1":-0.14550869296959995,"ASRGL1":-2.08430552355661,"STAT6":-0.1787407877546367,"CYSLTR1":0.0,"TBXAS1":0.13211499750280828,"DHRS1":0.016876080551773438,"CD53":-0.2924550954918842,"CD180":-1.1796651166900245,"RGS14":-2.4721437053750717,"VSIR":-3.086152150622715,"CD300A":-2.5823413890528726,"CANX":-1.6554512699106405,"DPEP2":-0.38380556684627376,"CTSO":1.8986757296897485,"AHR":-0.16834828345442057,"MFSD6L":0.0,"ACVR1":-0.47240123094264946,"GPR35":0.0,"SUSD1":-0.8702401784794537,"BIN2":-1.2114630591560205,"PIK3CG":-1.279004055182644,"SSR1":0.3897900888763043,"CPNE8":-0.5124537935075797,"CD84":-2.0492459482932786,"CKLF":-2.44742153742978,"ZNF185":-0.031064297620189148,"VMP1":-1.2714681749711827,"HAVCR2":-1.339941150658606,"PIK3R6":0.4373270567906732,"ESYT1":4.242507371781817,"VIM":0.2967500512487655,"S100B":-0.5331573811039868}},"MuSiC CD14 Mono":{"min":-50.0,"max":50.0,"top_text":"High CD14 Mono Correlation","bottom_text":"Low CD14 Mono Correlation","map":{"SEC61B":0.2626436144148487,"TSPAN32":2.794459872394671,"CANX":0.2264897862573834,"GPR35":0.0,"DPEP2":11.272962445068002,"VMP1":10.640977028002663,"HK2":1.9985358614880664,"ADPGK":7.663409701298438,"CD53":16.249439180302517,"ARRB1":3.9786598787249687,"CPNE8":12.36314165967142,"LY86":9.466783408450729,"LAIR1":12.579036691235036,"ACVR1":2.060431104633156,"TBXAS1":2.1660742363497185,"BIN2":9.395333371327261,"TNFSF13":4.545422988352569,"PIK3R6":0.9662162242152431,"S100B":0.25229650003028437,"VSIR":25.119313060240852,"SSR1":0.422754647409483,"TMEM106A":-0.08933229475974266,"CYSLTR1":0.0,"ESYT1":0.028920706174476545,"GLIPR1":7.485787139471243,"AHR":3.9252164611926808,"CD84":2.5695181295534426,"PLCB2":6.399845591209565,"STAT6":8.176913247899394,"HACD4":0.0,"GIT2":4.992149548182332,"CKLF":1.3882988939624263,"ASRGL1":12.381599906002071,"DHRS1":2.233547948001269,"GSTK1":2.341741469491853,"SUSD1":5.115352502476026,"PIK3CG":8.493931752630944,"ZNF385A":5.696131701233108,"CTSO":1.3803688414830013,"ZNF185":2.925319055191426,"RAB4B":13.72496219946487,"CD180":16.641577156066496,"VIM":5.178707624203485,"IFNGR1":23.061245192254635,"CISD3":1.5292384477541943,"MFSD6L":0.0,"IL1RAP":0.9827186976049943,"HAVCR2":5.9164363218632126,"MILR1":16.436087663247108,"CD300A":19.381213236756132,"RGS14":14.702947926365745}},"Mutation NPM1":{"min":-30.0,"max":30.0,"top_text":"High NPM1 Correlation","bottom_text":"Low NPM1 Correlation","map":{"DHRS1":1.9787286435190952,"TNFSF13":0.5375888894836036,"VMP1":3.125247840606312,"VSIR":7.405632673225956,"PIK3R6":4.289136719992717,"GIT2":1.5895296401904082,"BIN2":-0.0323925221172327,"GLIPR1":4.442426215270369,"SSR1":0.7141010437203434,"CANX":-0.9598249786965297,"IFNGR1":2.6436042200176613,"HK2":-3.110372654029277,"ADPGK":4.151045665718276,"ASRGL1":3.3553559946677654,"S100B":-0.5461147734260448,"CTSO":5.976960235311543,"CD84":0.11718709479405884,"RAB4B":1.6595008348527196,"CPNE8":12.10487541870732,"HACD4":0.0,"IL1RAP":3.555236422232012,"ACVR1":5.220169208747852,"RGS14":3.710569362712673,"ESYT1":1.0528863802612993,"VIM":13.248987868003187,"HAVCR2":1.1634819454450602,"ZNF185":0.35366751202177826,"GSTK1":5.116382789449968,"ARRB1":4.9845102217498924,"MFSD6L":0.0,"CISD3":3.9952954653483785,"TBXAS1":10.004657251900001,"CKLF":0.0935041961795305,"CD300A":1.195190903821783,"SEC61B":0.37175122495508905,"CD53":1.5763300646209093,"GPR35":0.0,"PIK3CG":0.40394627967710406,"PLCB2":0.7738895101022252,"ZNF385A":0.36757228425845073,"TSPAN32":5.112663446054864,"SUSD1":8.224385864303331,"TMEM106A":2.1503972131672895,"MILR1":3.6987478989796183,"STAT6":2.6928395795475524,"CD180":1.1409466171599074,"LY86":0.527195623078376,"AHR":1.357321422396381,"LAIR1":4.144272642429501,"DPEP2":6.000946282403544,"CYSLTR1":0.0}},"NPM1 Subtype":{"min":-37.0,"max":37.0,"top_text":"Committed NPM1 Subtype","bottom_text":"Primative NPM1 Subtype","map":{"ESYT1":0.10700476883214449,"GLIPR1":6.161450647559917,"SSR1":0.4141766763598837,"CD180":16.314185653811137,"IFNGR1":16.452646769747805,"VIM":3.855961736803668,"VMP1":10.637183846012357,"CYSLTR1":0.0,"VSIR":14.057205777008537,"GPR35":0.0,"TBXAS1":2.003568297258835,"IL1RAP":0.18643302774051623,"ACVR1":1.0020792036521495,"SEC61B":0.25786083423916417,"HK2":1.6192548623539693,"HACD4":0.0,"DHRS1":1.1533946907190242,"SUSD1":2.8403185462994793,"GSTK1":1.2477603206302261,"BIN2":7.843197589145475,"PIK3CG":9.192346116169437,"PIK3R6":0.9218148994374609,"PLCB2":3.4714980190110802,"CPNE8":4.681171559587631,"S100B":0.1752900382815648,"HAVCR2":6.8235041353066626,"ASRGL1":7.813146726618124,"CISD3":1.400838204418593,"ARRB1":1.6759617254763166,"ZNF185":2.77125913588659,"MFSD6L":0.0,"CD53":15.71620524035328,"CKLF":2.461499305260658,"CD84":1.8927144600888688,"LY86":11.403846635184195,"MILR1":15.89475267809637,"TSPAN32":2.236794620806927,"ZNF385A":4.856126815124377,"RGS14":11.735608946905295,"LAIR1":8.105410770372577,"CD300A":14.880205166191596,"CTSO":0.2687325460127998,"RAB4B":12.604544137223675,"AHR":3.699144604069775,"GIT2":3.8979345149609586,"TMEM106A":-0.1460467084894214,"CANX":-0.31405400225911134,"DPEP2":6.125315992347685,"ADPGK":7.262912561626822,"STAT6":5.8566276396247785,"TNFSF13":5.588583353163805}},"Mutation FLT3 ITD":{"min":-10.0,"max":10.0,"top_text":"High FLT3 ITD Correlation","bottom_text":"Low FLT3 ITD Correlation","map":{"STAT6":0.8026846033932858,"CD53":0.910359835073922,"VSIR":1.9270088264653056,"VMP1":1.0602127632669789,"IFNGR1":0.893329574741955,"GIT2":1.4641574456311843,"RGS14":1.7838809892189087,"GLIPR1":1.7030337559036428,"IL1RAP":5.495883633675487,"ESYT1":-0.1576328437373613,"ASRGL1":0.5125051214001454,"CISD3":1.3398259189564028,"CTSO":4.152533115976878,"ZNF385A":0.2301167840051913,"GSTK1":1.687286429316474,"VIM":4.518902047611949,"PIK3CG":1.4641670805437423,"TNFSF13":0.5955079083539503,"CD84":0.11634938272180385,"SSR1":0.8486784345731158,"CD180":0.38067285030682363,"CANX":-0.5196418388990681,