{"Overall Survival":{"min":-6.0,"max":6.0,"top_text":"High Survival Correlation","bottom_text":"Low Survival Correlation","map":{"MTARC1":-0.32829426691215613,"RTN3":-0.4078105508371819,"GRN":0.393962026382676,"REEP5":0.7766531789663211,"METTL7A":1.6496363664291136,"RAB1A":-0.01694454700630812,"ATG7":-0.02077491195148693,"OTULINL":0.0854180314963106,"DNAJC5":-0.1066486579191146,"RTN4":0.18829562538979341,"SIRPB1":-0.34383542221321467,"RAB1B":0.1722657468566215,"ATP6AP2":0.758555838414889,"TMX4":0.8252054468172125,"FRAT2":0.0,"HSPA5":-0.34616600396811514,"LYZ":-0.9725158068358468,"TEX264":-0.1826514277795175,"SNX18":-0.03597980954989171,"APLP2":-0.9904789272918657,"WDFY1":-0.015351312443850868,"OSBPL8":1.8182184267217198,"FCGRT":-0.22374763397778233,"RAB5C":0.2348787682636548,"UNC93B1":0.11351402892152572,"SERPINB10":-0.33620563530097763,"CSTA":0.053875049063715735,"B2M":0.11518707011332038,"OGFRL1":0.0692515452665693,"BST1":0.005933080395163951,"TMEM30A":-0.2362460627712342,"PTPN9":-0.2926606345227474,"ITM2B":1.89158751447316,"SERPINC1":0.2926965347699324,"BASP1":0.31910071795087713,"CKAP4":-0.7128373351965334,"CTSH":0.1031040378729365,"GORASP1":0.47790514580234783,"SOAT1":-0.05847566872585197,"PSAP":1.360494408481636,"ATP1B3":0.128566651551076,"STX7":0.5813517976991404,"PLEKHB2":0.3406812528371027,"TEX2":0.05678388325292375,"RAB35":0.719694805196785,"SRGN":-0.2328882228253599,"RAB27A":-0.26739750804550066,"B4GALT5":0.0,"C2CD2L":0.5030741006761515,"RCN3":0.0,"CLEC5A":-0.368774065118409}},"MuSiC CD14 Mono":{"min":-50.0,"max":50.0,"top_text":"High CD14 Mono Correlation","bottom_text":"Low CD14 Mono Correlation","map":{"FCGRT":21.43507732868572,"RAB27A":13.250563581827981,"BST1":14.625381850854964,"OGFRL1":32.554225667859235,"C2CD2L":6.264357067740498,"OSBPL8":8.558682712954797,"TEX2":14.72026904244739,"RAB5C":11.18743479736458,"DNAJC5":13.200905355777923,"ITM2B":5.724925189029651,"RCN3":0.0,"REEP5":1.8747028676300124,"HSPA5":4.97179697442953,"FRAT2":0.0,"SOAT1":11.814996291279877,"RTN3":5.771533479794196,"BASP1":16.345967698328348,"TMX4":0.7203170315004007,"LYZ":16.05749843246149,"PSAP":10.70363884863997,"CKAP4":16.361205608478617,"WDFY1":16.493662016266367,"RAB1B":9.83438415272472,"GORASP1":2.6940282688688013,"B2M":0.5122657752305886,"RAB1A":17.70543135647485,"RAB35":9.646633740505852,"METTL7A":2.5633794731224264,"RTN4":7.232262737723753,"TEX264":1.238109764434691,"APLP2":3.9944323456932076,"SRGN":12.9335693021442,"ATP1B3":12.205578213857457,"STX7":7.278791771582772,"OTULINL":3.483607090262179,"TMEM30A":6.293225249643875,"SNX18":20.314995753543844,"UNC93B1":23.693073612474716,"PLEKHB2":10.376503158448843,"GRN":6.9470003324956675,"B4GALT5":0.0,"ATG7":25.61314330732795,"SERPINC1":2.4558488879807694,"PTPN9":14.282677100073832,"SERPINB10":13.22019050368066,"CSTA":15.721814775315558,"CLEC5A":3.760139130200997,"SIRPB1":30.999885866834994,"ATP6AP2":4.564533912527659,"CTSH":21.766955710573935,"MTARC1":17.04661236808106}},"Blast Percent":{"min":-11.0,"max":11.0,"top_text":"High Blast Percent Correlation","bottom_text":"Low Blast Percent Correlation","map":{"ATP1B3":-4.713901457332547,"OSBPL8":-0.07020687103013075,"SERPINC1":-4.4395662863635845,"CTSH":-4.0371749537902835,"RAB1B":-5.817284908128709,"DNAJC5":-3.616107663485694,"B4GALT5":0.0,"OGFRL1":-3.865642780296441,"BST1":-4.161992725496231,"TMX4":-0.0662097897775004,"SRGN":-3.0212590913650588,"RAB27A":-0.9938635341511712,"RAB35":-2.641799515126824,"BASP1":-6.205598271092591,"B2M":-0.26342227537376417,"FCGRT":-2.674421714842083,"ATP6AP2":-3.653226339470858,"APLP2":-0.08636406763094993,"MTARC1":-2.0006394108612326,"TEX2":-4.638800791049467,"RCN3":0.0,"TEX264":-4.350343406256523,"GRN":-0.9375401688273576,"ITM2B":-0.1371799461974804,"PLEKHB2":-1.4233409786799132,"SERPINB10":-2.966005229822383,"RTN4":-1.6308484571836515,"SNX18":-2.5813623041257334,"RTN3":-3.9971493561322355,"RAB1A":-6.743346474758448,"METTL7A":0.9454921432661189,"LYZ":-1.427606023666051,"UNC93B1":-4.481493754994245,"HSPA5":-2.6282094107148257,"WDFY1":-0.3160792356422416,"PSAP":-0.8989517958165484,"CLEC5A":-3.541495554472262,"STX7":-1.9700777977188588,"RAB5C":-6.235907376326455,"PTPN9":-0.5017191064486022,"TMEM30A":-3.625093620624551,"SOAT1":-0.4274287885546299,"CKAP4":-6.148425443857611,"REEP5":-2.1784230303551526,"C2CD2L":-4.656689778216035,"OTULINL":-4.339327655537938,"SIRPB1":-4.261889514888887,"CSTA":-2.7689495321923743,"GORASP1":-0.12004256763344687,"ATG7":-4.937583420429171,"FRAT2":0.0}},"Mutation NPM1":{"min":-30.0,"max":30.0,"top_text":"High NPM1 Correlation","bottom_text":"Low NPM1 Correlation","map":{"TEX2":-1.2614220476560052,"CKAP4":-1.6510757886347813,"RAB1B":-0.12825881048925086,"LYZ":0.2437586540141673,"HSPA5":-1.4044340475369372,"SIRPB1":-0.32755466027085284,"PLEKHB2":0.055418023819928754,"RAB35":0.5470041419794166,"GRN":0.14563552784451594,"CTSH":0.6948623410002703,"TEX264":0.6571227518403001,"PTPN9":5.157455947024392,"SOAT1":0.9949419227378167,"RCN3":0.0,"CLEC5A":-4.120501336493778,"RTN3":0.31323160130052624,"METTL7A":3.8320350744347746,"STX7":-1.4667243273059174,"C2CD2L":-3.237530841824501,"FRAT2":0.0,"CSTA":1.0417418583451368,"BASP1":0.5924082621585396,"RTN4":2.4717315761624015,"B4GALT5":0.0,"OTULINL":-10.738180230113308,"DNAJC5":-0.08751682033151269,"RAB1A":0.41548367348545046,"RAB5C":-0.5770151584312811,"TMEM30A":-0.6791470804357239,"UNC93B1":2.0001712552418414,"OSBPL8":2.4057622860308383,"WDFY1":1.7606149490308796,"BST1":-0.3775517322734794,"ATP6AP2":-1.2834900551622628,"RAB27A":0.192828717901183,"PSAP":0.23308784020279136,"B2M":-2.1366087725473677,"SERPINC1":-0.6680063814432631,"ATG7":1.3269031097925,"GORASP1":3.4610235136304124,"SERPINB10":0.054166503028258595,"FCGRT":-1.663544234416137,"SRGN":0.9131226827227121,"MTARC1":1.0240630980862173,"REEP5":-2.722941117690207,"SNX18":-0.6030213453157286,"TMX4":0.5583183502814625,"OGFRL1":-0.37290885026268566,"ITM2B":0.28229807291512016,"APLP2":1.9323812676116914,"ATP1B3":0.015434048625849635}},"Mutation FLT3 ITD":{"min":-10.0,"max":10.0,"top_text":"High FLT3 ITD Correlation","bottom_text":"Low FLT3 ITD Correlation","map":{"FRAT2":0.0,"CTSH":0.1311261299771378,"OSBPL8":0.044886532994027555,"SERPINB10":-0.8656745141962935,"WDFY1":-0.3514553674269484,"CLEC5A":-2.6286148250293264,"RAB5C":-1.3583057221959507,"OTULINL":-2.354207848688825,"B2M":-0.5673212816057012,"TMX4":0.5086199115854396,"PLEKHB2":-0.3627374289629287,"ATP1B3":-0.1418769816460399,"REEP5":-0.05690157681493947,"SIRPB1":-0.20347953977888264,"GORASP1":0.5698486878978831,"UNC93B1":1.3128008441031083,"RCN3":0.0,"SOAT1":0.36751166017754217,"SERPINC1":-2.731412589237161,"RAB35":-1.6330288134284061,"CKAP4":-0.8385968672033979,"MTARC1":0.2741810198025682,"APLP2":-0.812563802747718,"METTL7A":0.49249745510680615,"BASP1":-0.05353847759332736,"FCGRT":-1.3730511485816697,"BST1":-0.3316902226865898,"RAB1A":0.07794940552015603,"OGFRL1":-0.8168016598074184,"PSAP":-0.6431621760737547,"CSTA":0.10951046119147137,"LYZ":-0.39754593297508745,"RAB27A":-1.6243187688143816,"ATP6AP2":-1.1780678576302184,"HSPA5":-0.5569495972062595,"SRGN":-0.8910107137647496,"ATG7":-0.08094884340709299,"TMEM30A":-1.4554748174661245,"PTPN9":0.28912338708174923,"GRN":-0.7568733586492429,"TEX2":-1.6138504015446367,"DNAJC5":-0.16122570612363318,"RTN3":-0.4153221873755033,"RAB1B":-0.2520970629157665,"STX7":-0.3143328177525132,"RTN4":1.2233761700482864,"SNX18":-0.6271961851007016,"B4GALT5":0.0,"TEX264":0.15495953913566188,"ITM2B":-0.08711373373843556,"C2CD2L":-2.213133734929422}},"NPM1 Subtype":{"min":-37.0,"max":37.0,"top_text":"Committed NPM1 Subtype","bottom_text":"Primative NPM1 Subtype","map":{"SERPINB10":11.672827410288022,"ITM2B":5.407078609089499,"TEX2":13.926836518447761,"SOAT1":13.57790406048268,"MTARC1":9.477936929415646,"B2M":1.113506566619618,"ATP6AP2":3.597205606233515,"RAB1A":12.073309440660637,"LYZ":12.639380109561376,"FRAT2":0.0,"RAB35":8.093972135126743,"APLP2":4.248011251511093,"TEX264":3.6884340182736097,"RAB1B":7.8643461660497795,