{"Mutation NPM1":{"min":-30.0,"max":30.0,"top_text":"High NPM1 Correlation","bottom_text":"Low NPM1 Correlation","map":{"ATP2C1":1.4206017911186035,"FSCN1":-0.23055747170755242,"SUCNR1":-0.2177852996238378,"CLC":1.9424113513863384,"BCR":-4.182508081375444,"TESPA1":0.4749409561515058,"NTRK1":0.0,"GUCY1B1":-1.8661481234998556,"RHEX":0.204230016499817,"MAST4":-1.2296707639617797,"TIE1":-0.0398501670706457,"CPXM1":-0.5184706890800188,"TMEM63A":1.3576757756527964,"STX3":0.5250882970443058,"LRBA":-1.5160152653669894,"CFAP36":1.5905877379039957,"NAT14":-0.2741770277644153,"SVIL":2.1292069596381658,"DOCK7":-1.5530440545367767,"SMARCD1":1.0924050059584112,"ALG9":0.0,"ANGPT1":0.6902339986248217,"TTC7B":-0.01641471680445912,"WT1":1.0995837181360901,"ITPR2":1.965105175636678,"STON2":-0.20001886611501932,"TWSG1":0.04091751091414855,"GATA2":0.44998353921600787,"GCSAML":-0.037205797000719715,"PRKCQ":-1.239849032533528,"ERG":-4.503817327962426,"TFDP2":1.1096273158080896,"EMID1":0.26087208103584086,"DNMT3B":0.1408634972499533,"ARID1B":0.9380413386583786,"ABCC1":0.6515161476121698,"TRAF3IP2":0.930691163036868,"PDZD8":-1.7962698098772838,"ELMO1":0.1983318951842198,"MCTP2":-1.500118971881497,"EMC1":0.44826566246504856,"GOLGB1":0.694815969385187,"SLC45A3":0.0,"STXBP5":2.882962687274359,"MPL":0.0,"RAB37":2.2195390284203986,"PIK3CB":2.7938575703263595,"TMEM17":0.0,"TMEM165":0.14823034717041306,"SPN":1.9220694204924034,"QPRT":5.879421576194691}},"Blast Percent":{"min":-11.0,"max":11.0,"top_text":"High Blast Percent Correlation","bottom_text":"Low Blast Percent Correlation","map":{"LRBA":-2.2676852663450657,"ATP2C1":-0.020100761250095578,"EMID1":2.148970157246306,"RHEX":0.44601103998766867,"NAT14":1.1394048667966814,"ANGPT1":-2.9962218604145066,"ITPR2":2.984545235281376,"NTRK1":0.0,"GUCY1B1":-0.32862282588107444,"BCR":1.4749568097138717,"STON2":-0.17357285593514518,"STXBP5":-0.1604190784574604,"TIE1":0.07817003798018508,"SLC45A3":0.0,"ERG":0.9351368134676249,"SMARCD1":4.642827884575543,"SUCNR1":-0.3675229983345413,"TWSG1":-0.31503457990344036,"TFDP2":2.694075693015928,"PDZD8":-0.4696502469609185,"TMEM17":0.0,"SVIL":-0.8645690277827491,"SPN":-0.03600949922276236,"STX3":-3.1344704022400873,"PIK3CB":-0.27065144652787587,"ALG9":0.0,"CLC":-1.075168464899162,"RAB37":0.6801920023202975,"FSCN1":0.9969820944682954,"DOCK7":0.2428330025794907,"MAST4":2.0315516279764707,"TRAF3IP2":0.5027863305378972,"TMEM63A":-0.1263669372712409,"ABCC1":0.15707254838797027,"TESPA1":1.1929755487713076,"CPXM1":0.9520655296396864,"ARID1B":4.592395379645711,"PRKCQ":-0.12893225090134586,"ELMO1":2.310437363134044,"CFAP36":0.23028696589379888,"MCTP2":-0.4948555125441849,"GOLGB1":1.4774499423019523,"MPL":0.0,"GCSAML":-0.5407405394912563,"DNMT3B":-0.21460569327911647,"EMC1":-1.710449702120781,"GATA2":2.181443482071388,"WT1":0.09477562821347077,"TTC7B":0.18951486887407237,"TMEM165":-1.3879180890415774,"QPRT":1.6655224322701014}},"Overall Survival":{"min":-6.0,"max":6.0,"top_text":"High Survival Correlation","bottom_text":"Low Survival Correlation","map":{"SLC45A3":0.0,"PIK3CB":-0.4026277663199958,"GCSAML":0.20056374944964334,"CPXM1":-0.18568296879122104,"LRBA":-1.464776302549817,"EMID1":1.0727633226436253,"SMARCD1":-1.008390655723318,"DNMT3B":-0.22396835471948065,"NTRK1":0.0,"MPL":0.0,"WT1":0.17258276835154188,"BCR":-0.11766660491321289,"GUCY1B1":0.21591796335926855,"PDZD8":-0.6369800269664037,"ELMO1":0.4733859253772612,"CFAP36":0.6015321847457779,"CLC":-0.07090639544685934,"TMEM63A":0.329504112269424,"ALG9":0.0,"STXBP5":0.23564267601538086,"DOCK7":-0.24130253404159072,"TWSG1":0.07863397338444382,"TMEM17":0.0,"ATP2C1":-0.2880326364932168,"ABCC1":-0.2727391471376989,"ITPR2":0.030499798353995404,"PRKCQ":0.26399411240713794,"ERG":0.29019636495793544,"MAST4":-0.3074383986507726,"QPRT":-0.2554136108399244,"TTC7B":0.043566907590365356,"TRAF3IP2":-0.2881877317209619,"RHEX":-0.06962077638177652,"RAB37":-0.10312103156986321,"MCTP2":0.0029250911708881013,"SUCNR1":0.35316671664192945,"GOLGB1":-0.043720161523216956,"TIE1":1.1072548345460684,"SVIL":-0.8062972005279089,"GATA2":0.5009761748483645,"TFDP2":-0.03867650109457897,"SPN":-0.4251196097007037,"ANGPT1":-0.31997356307784613,"FSCN1":-0.05046192100944185,"NAT14":-1.213224070635367,"EMC1":0.46202888826007077,"TMEM165":0.19259798487990853,"STON2":0.01938125001449757,"STX3":0.16024574319478954,"ARID1B":-0.012138351962708745,"TESPA1":-0.668898734663596}},"NPM1 Subtype":{"min":-37.0,"max":37.0,"top_text":"Committed NPM1 Subtype","bottom_text":"Primative NPM1 Subtype","map":{"ABCC1":-5.648738804901557,"MPL":0.0,"ALG9":0.0,"EMC1":0.41894554841718623,"MCTP2":-1.2506055783266048,"DNMT3B":-7.406540828493902,"FSCN1":-6.09143299270942,"TMEM165":3.6657646451640757,"TIE1":-1.777243257069489,"ERG":-10.557557454632004,"SVIL":-0.4750601229490078,"PIK3CB":-0.522580741990849,"NAT14":-5.302271336197883,"SLC45A3":0.0,"ELMO1":-2.101087747642233,"ANGPT1":-0.2994063715365523,"RAB37":-0.4583680829256794,"GATA2":-10.815560273683571,"BCR":-7.99735119501129,"GUCY1B1":-4.688985159770727,"STXBP5":-0.39385965438327536,"TRAF3IP2":-0.9545264005783122,"ITPR2":-8.612099718969283,"SUCNR1":-0.1313140875177487,"GOLGB1":-3.767010853076365,"NTRK1":0.0,"PDZD8":-1.6931619076926159,"ARID1B":-15.261242390816948,"WT1":-4.683706207545683,"TTC7B":-3.8313864929035453,"SMARCD1":-6.985411063085492,"TMEM63A":-0.0007126679759332045,"GCSAML":-5.497464772256559,"STX3":12.107126801000804,"RHEX":-3.3001668574372864,"TMEM17":0.0,"ATP2C1":-0.7589614992998057,"TFDP2":-16.88148221365081,"LRBA":-3.080778536731013,"EMID1":-4.708213681443309,"CFAP36":-7.651894930347283,"CPXM1":-2.8405557333033324,"QPRT":-7.638582386344571,"MAST4":-14.343658327538924,"DOCK7":-5.605742957958063,"CLC":2.2154428019715438,"TESPA1":-9.887705231520592,"SPN":-0.6452330553011815,"STON2":-6.0239242878048085,"PRKCQ":-9.368467195350158,"TWSG1":-3.5131687570176977}},"MuSiC CD14 Mono":{"min":-50.0,"max":50.0,"top_text":"High CD14 Mono Correlation","bottom_text":"Low CD14 Mono Correlation","map":{"QPRT":-5.704029961687266,"LRBA":-3.568338420016155,"ARID1B":-16.15634768517813,"STXBP5":-0.3562600836698187,"PDZD8":-1.7132708043900482,"ERG":-13.55008584252855,"MCTP2":-1.095241632533007,"ANGPT1":-0.5958004017916336,"ITPR2":-9.156310674061169,"NTRK1":0.0,"STON2":-5.716750480650801,"TMEM165":2.4335629244179056,"MPL":0.0,"ELMO1":-3.4409621153433556,"SPN":-0.5993287343148388,"ALG9":0.0,"CPXM1":-3.4623630453132326,"NAT14":-5.133737279054642,"DOCK7":-8.57005227233235,"STX3":14.046518864454777,"GUCY1B1":-5.577135993686749,"TMEM63A":0.128534095501461,"TMEM17":0.0,"TFDP2":-11.958138492796463,"TTC7B":-4.131101215825001,"TWSG1":-3.8857556129569377,"PRKCQ":-8.272460409941031,"TRAF3IP2":-1.9258935125756045,"SMARCD1":-7.641533646953706,"CFAP36":-8.32554352012613,"ABCC1":-4.992465498228638,"SLC45A3":0.0,"DNMT3B":-5.7236339509675895,"RHEX":-3.6090703110133346,"RAB37":-0.2958837439902757,"WT1":-3.9827921886139106,"TESPA1":-7.611912559984845,"MAST4":-17.514574525930133,"FSCN1":-5.505964062315051,"PIK3CB":-0.2733403240600328,"EMC1":0.28107614631441236,"CLC":2.812591686014215,"SUCNR1":-1.0607469880849976,"TIE1":-2.5003849203453883,"SVIL":0.2870597493659656,"BCR":-11.108514638116905,"ATP2C1":-1.9917527644701662,"GCSAML":-4.2837639384034425,"GOLGB1":-4.313311804609197,"EMID1":-4.31586332763635,"GATA2":-12.65611469009414}},"Mutation FLT3 ITD":{"min":-10.0,"max":10.0,"top_text":"High FLT3 ITD Correlation","bottom_text":"Low FLT3 ITD Correlation","map":{"WT1":0.869802800833502,"PDZD8":-2.4507444923433224,"LRBA":0.12488051804770521,"RAB37":-0.3359464838617755,"SUCNR1":-1.8143453480903085,"CLC":0.0761653062891279,"TMEM165":1.0007932908798403,"TRAF3IP2":0.05302189384251933,"ABCC1":2.808023571528819,"GATA2":-0.10448547025785537,"SMARCD1":0.34796485559634593,"RHEX":-0.39908078267407116,"ITPR2":2.6900884749866742,"ALG9":0.0,"QPRT":3.004015922664639,"STX3":-1.1554454964589684,"CPXM1":0.38274754076192,"ERG":0.027986286118687788,"ATP2C1":1.1650255048831601,"FSCN1":1.9097304126721957,