{"Overall Survival":{"min":-6.0,"max":6.0,"top_text":"High Survival Correlation","bottom_text":"Low Survival Correlation","map":{"TLR4":-0.3850861444003824,"NAIP":0.19613423296514232,"ADAP2":0.6400124420516285,"UNC93B1":0.11351402892152572,"LILRB2":-0.12049208428118349,"PECAM1":0.6271908570894307,"FCGR1A":0.5450412945601931,"GIMAP8":0.011777411140946804,"CD86":0.35870248123465204,"ARHGEF10L":-0.2643259129537337,"ITGAX":0.2968371428877415,"TLR2":-0.05899844165693156,"KCTD12":0.0687810479562567,"LRP1":-0.12504985072056685,"JAK2":0.5019971245379542,"LILRB1":-0.1758080172233773,"PLXNB2":0.2503976551295319,"CD1D":0.0,"NLRC4":-0.21300262035002057,"NCF2":-0.019509324057518825,"RBM47":-0.20731196464717086,"SRGAP2":0.02734649704659683,"OGFRL1":0.0692515452665693,"LILRB4":-0.03467591798744458,"CD93":-0.29062932988391926,"TLR7":0.6974037736712816,"TLR6":-0.04733552957307621,"TNFRSF1B":-0.02021402083463938,"SIGLEC9":-0.07487375879248456,"SCIMP":0.09020067453397347,"RASSF5":0.13578692370092038,"FGD2":-0.08394717041369525,"C5AR1":-0.07654769095433445,"ITGB2":-0.11186430715555226,"C19orf38":-0.021002304930134306,"MPEG1":0.046734191493992064,"CD14":0.09774012993357803,"TLR1":0.062417134309592635,"CD300E":0.0,"IGSF6":-0.1470602874198284,"LRRC25":-0.007597822846789251,"CCR1":-0.062432581439242456,"SAMHD1":0.5042724986773917,"FGL2":-0.13758115529750067,"TLR8":-0.1729226712594077,"SLC7A7":0.06596763943694112,"VCAN":0.08209896532615112,"LILRB3":-0.07583403163275591,"PILRA":-0.1531169381310281,"LGALS2":0.17033914735938468,"C9orf72":0.132033575937419}},"Mutation FLT3 ITD":{"min":-10.0,"max":10.0,"top_text":"High FLT3 ITD Correlation","bottom_text":"Low FLT3 ITD Correlation","map":{"CD14":-0.19211856005111033,"ADAP2":0.12604816447862147,"FGD2":0.22454699764000619,"OGFRL1":-0.8168016598074184,"SCIMP":-0.08255563229246131,"KCTD12":-0.12622991136817602,"VCAN":0.43565587413685997,"SLC7A7":-0.6389402655034053,"CD93":0.04705189363086108,"ITGAX":0.520945258401781,"LRRC25":-0.18531249020545637,"NAIP":-0.050691211146523946,"SRGAP2":-0.3577452442144117,"FGL2":0.11549934125240473,"NLRC4":-1.391724387427898,"PECAM1":-0.49830028481706506,"RASSF5":-2.0757411643498154,"TLR1":-1.1622082993441505,"GIMAP8":-0.6414619487886295,"C19orf38":-0.7881124024586543,"CD1D":0.0,"CD86":0.9116834852469006,"C5AR1":-0.7406060277987441,"LRP1":-0.17524403971057403,"JAK2":-0.12576094645295602,"IGSF6":-0.010164300964797873,"TLR7":-0.20452685309784177,"CCR1":0.3984972074706011,"PILRA":-0.022188155286033448,"TLR6":0.8759837857915936,"LILRB2":-0.03874662579074988,"TLR8":-0.012883721601115625,"RBM47":0.3819901380014061,"LILRB1":-0.48959744820973583,"NCF2":-0.08306613204837221,"ITGB2":-0.0379677775269902,"TNFRSF1B":-0.15045784377373791,"TLR2":0.8542503957140567,"C9orf72":-0.6711574986208109,"TLR4":-0.3839042500743411,"LILRB4":0.056820949480642,"LGALS2":0.12365284410508397,"SIGLEC9":-0.052174769707358196,"MPEG1":-0.17743093391604256,"LILRB3":0.28112948384831904,"PLXNB2":0.6798684492442585,"SAMHD1":0.255990183885412,"FCGR1A":-0.2243937118031373,"CD300E":0.0,"ARHGEF10L":0.17000396041410573,"UNC93B1":1.3128008441031083}},"NPM1 Subtype":{"min":-37.0,"max":37.0,"top_text":"Committed NPM1 Subtype","bottom_text":"Primative NPM1 Subtype","map":{"TLR4":20.211998536543607,"LGALS2":14.703925629110215,"CCR1":24.58489212417773,"MPEG1":36.008109592181476,"TNFRSF1B":18.1605424071289,"NAIP":24.123393492955255,"LRRC25":27.975006963441704,"ITGAX":20.546544838123275,"ARHGEF10L":28.18891908967271,"SAMHD1":25.44740858663137,"TLR2":27.115370977944597,"TLR7":18.1415783420664,"VCAN":25.96998053815302,"C9orf72":24.293538713037282,"SRGAP2":20.285019437264644,"LILRB4":18.010115126063425,"SIGLEC9":27.15184105468452,"CD300E":0.0,"TLR8":33.143119765919366,"LILRB2":28.822862577795505,"JAK2":22.596280416070343,"SCIMP":16.450728608874265,"LRP1":31.6657276321637,"CD93":25.440229519345042,"TLR1":17.57304936868321,"FGL2":29.362122917513453,"RBM47":25.091221509280366,"LILRB3":28.17595630791758,"UNC93B1":23.74920501540926,"ITGB2":26.49989474464419,"TLR6":7.7395173399325845,"LILRB1":28.673172716751218,"NLRC4":22.653629592241913,"C5AR1":20.443010774912853,"PECAM1":12.706354427110258,"FGD2":30.137190100495527,"SLC7A7":25.29147993424758,"KCTD12":35.22410051968064,"RASSF5":5.22598634489875,"C19orf38":19.962227929240754,"OGFRL1":25.724054077376238,"ADAP2":12.418121960647191,"CD1D":0.0,"FCGR1A":24.84721151195265,"CD86":17.24555436705078,"PLXNB2":15.21839217409097,"IGSF6":32.194183293984075,"GIMAP8":20.695196674584746,"PILRA":26.011163017780078,"CD14":26.81407849171288,"NCF2":28.355382136840316}},"Blast Percent":{"min":-11.0,"max":11.0,"top_text":"High Blast Percent Correlation","bottom_text":"Low Blast Percent Correlation","map":{"TLR1":-6.367374579783765,"MPEG1":-4.189472338485521,"ARHGEF10L":-2.6276051015053987,"UNC93B1":-4.481493754994245,"CD93":-4.080702630390057,"ADAP2":-2.368896246676448,"CD300E":0.0,"TLR8":-4.162279905677805,"NAIP":-3.770360358640677,"CCR1":-1.7725283504955869,"LILRB2":-5.369717465697387,"JAK2":-1.602533604980836,"OGFRL1":-3.865642780296441,"IGSF6":-6.064146327082331,"TLR4":-1.95653767844091,"TLR7":-3.2988106390345946,"CD86":-1.7936601924223867,"LGALS2":-2.8809749615507187,"ITGB2":-4.235212018982832,"SRGAP2":-2.271507554984798,"CD14":-3.8561023156161527,"C5AR1":-5.416288521531332,"PECAM1":-2.5267045809631847,"GIMAP8":-4.0511821285588345,"TLR2":-1.7168201195804198,"FCGR1A":-2.8168265893672872,"PLXNB2":-0.7221043258173302,"ITGAX":-3.2041614842338997,"TLR6":-3.1300298355838927,"LILRB1":-3.926681127641219,"FGD2":-2.8674791132072865,"LRRC25":-3.1315554529185565,"SAMHD1":-2.258713079973951,"RBM47":-3.5185168847245234,"NCF2":-4.944081293254442,"PILRA":-2.9533395339923807,"LILRB3":-5.184022919758817,"C9orf72":-1.206197466828209,"CD1D":0.0,"LILRB4":-2.1155229003200793,"NLRC4":-6.520024137507555,"SLC7A7":-1.7570283301023466,"SCIMP":-1.8586310273729216,"C19orf38":-6.372762297992655,"KCTD12":-4.071733776049882,"SIGLEC9":-4.069360608777189,"RASSF5":-0.8338625876187723,"LRP1":-4.171799497621999,"TNFRSF1B":-2.519750766761322,"FGL2":-3.5413977255062448,"VCAN":-3.4458049230696077}},"Mutation NPM1":{"min":-30.0,"max":30.0,"top_text":"High NPM1 Correlation","bottom_text":"Low NPM1 Correlation","map":{"TLR2":3.1759898791046055,"FGD2":1.481865388326418,"SCIMP":0.8058970935976253,"NAIP":0.3249946954539813,"JAK2":0.06876821903656835,"LRP1":0.5698565652854491,"ARHGEF10L":1.1916229883655756,"LILRB1":0.6935368073776728,"SAMHD1":1.1328577463144518,"KCTD12":0.060874748575241694,"RASSF5":-0.162793608309904,"TLR6":-0.22538287284313907,"ITGAX":3.3614424674686116,"LILRB4":0.9895577783896703,"PILRA":2.355058838937572,"NCF2":0.45457160637262867,"CD14":0.46064586874553337,"OGFRL1":-0.37290885026268566,"CCR1":2.355662390331561,"LILRB3":1.1529114730962569,"PECAM1":0.014290226615576612,"FGL2":1.5349737018892111,"C19orf38":-1.1934327672774885,"SRGAP2":-0.21884590199474163,"CD1D":0.0,"ADAP2":0.09469044455646847,"UNC93B1":2.0001712552418414,"TLR1":-0.44761839495962474,"CD86":3.2568416458406273,"LILRB2":1.3206564603287247,"LRRC25":1.6289088785837058,"FCGR1A":1.157017851677827,"TNFRSF1B":1.5014390675963332,"RBM47":0.1291503667231287,"SLC7A7":0.2726807394195328,"IGSF6":0.1472045840525362,"PLXNB2":2.8661540148948155,"NLRC4":-0.8448238774690455,"VCAN":2.5039317698904964,"GIMAP8":0.025056487083098312,"SIGLEC9":1.3126225411873655,"LGALS2":1.918696269334183,"TLR7":0.23284539868641022,"C9orf72":0.2822903274329539,"MPEG1":0.34204262062474017,"CD93":0.278247953404777,"C5AR1":0.13640271729085762,"CD300E":0.0,"ITGB2":1.7772617678875287,"TLR4":3.4323227330777315,"TLR8":1.0227912593891755}},"MuSiC CD14 Mono":{"min":-50.0,"max":50.0,"top_text":"High CD14 Mono Correlation","bottom_text":"Low CD14 Mono Correlation","map":{"TLR6":9.855160068892129,"RASSF5":5.660248276484809,"ITGAX":29.55006563905008,"CD1D":0.0,"C5AR1":27.309197415501416,"IGSF6":43.77765471171112,"SCIMP":22.654293708048638,"JAK2":23.05867691260447,"CD300E":0.0,"FGD2":33.19703413439391,"KCTD12":38.33527724042499,