{"Mutation NPM1":{"min":-30.0,"max":30.0,"top_text":"High NPM1 Correlation","bottom_text":"Low NPM1 Correlation","map":{"SEC61B":0.37175122495508905,"PIGH":-1.172146635357941,"RPN1":0.13593365058046744,"FAM20B":1.7017621438132837,"TMED9":0.053975785720508644,"P2RY8":-2.8265792936696954,"CXXC1":-0.10428311906230786,"DNAJC16":-0.6330336199581321,"TMED1":-0.5473153342252393,"TMEM245":-0.47032963733128685,"NFKBIL1":-0.2506304017564567,"LMAN1":-1.2926866244034598,"QPCTL":0.3997396976302719,"CHST14":0.396928658823832,"SLC27A2":-0.034493548928108034,"PPM1H":-0.3964284289847792,"VDAC2":0.13646031269739384,"MIA3":-0.2963906752291445,"SAP18":0.9087472987652537,"DERL1":-0.8500704883713309,"SUCO":-3.229210144918812,"SLC39A7":0.6545723487239031,"TIMM23":-0.2678556880170776,"AGPAT1":-0.017355852511321986,"B3GAT3":1.3663900533150932,"LNPK":-0.9847507079338197,"PDZD8":-1.7962698098772838,"HDGFL2":0.9265016222366756,"TMED2":0.2029403813581202,"CANX":-0.9598249786965297,"GPR89A":0.0,"CERS2":0.9678848989527158,"BRD2":-0.005973119993878607,"PBXIP1":4.704250600266507,"STXBP5":2.882962687274359,"LMAN2L":0.3426240887004025,"TMEM164":0.0,"CRACD":-11.219870295509736,"CENPH":-0.6660824266641292,"GALNT6":0.017584381906596648,"SRPRB":-0.6033248514580255,"CWC22":0.4229205822590142,"SEC62":-0.030366950705896817,"BCAP31":-0.6261764674167594,"RNF5":-0.15909934031189696,"GALNT10":3.8766326010286285,"ATP2A3":1.333841063481059,"HACD3":1.3300618243996385,"SLC18A2":0.0,"ABCA2":0.19482179081275355,"TMED10":0.5774017010370608}},"NPM1 Subtype":{"min":-37.0,"max":37.0,"top_text":"Committed NPM1 Subtype","bottom_text":"Primative NPM1 Subtype","map":{"CRACD":-4.409023816811944,"QPCTL":-2.1050490535662543,"GALNT6":2.8681906469919016,"PIGH":-1.7534097665355026,"SLC18A2":0.0,"LMAN2L":-9.567300390826945,"GPR89A":0.0,"GALNT10":0.9174173880529913,"PPM1H":-4.374651837871151,"SUCO":-0.8241354401152202,"HACD3":-8.289198938464915,"CENPH":0.2938249119526783,"RNF5":-0.2210410282882656,"ABCA2":-5.408718333606263,"CHST14":-4.714144191123965,"TMED2":0.07248363758804091,"LMAN1":-3.010368951923429,"SLC39A7":0.08854204596353157,"CERS2":-1.8982779460404124,"TMEM245":-1.9371858359965353,"TMED1":-4.141567080913665,"B3GAT3":-0.4762377182769782,"SAP18":-7.323283109103374,"TMED10":0.4446825201345466,"CWC22":-1.969151115114871,"TIMM23":-2.0553954458528727,"DERL1":-0.09254726814192704,"SRPRB":0.109811227174239,"STXBP5":-0.39385965438327536,"NFKBIL1":-1.347337710630786,"PDZD8":-1.6931619076926159,"HDGFL2":-7.1125882816499635,"TMED9":0.25490551404540346,"CANX":-0.31405400225911134,"SEC61B":0.25786083423916417,"DNAJC16":-0.6895740188463297,"AGPAT1":-1.6399092801513435,"FAM20B":-3.4837515901741503,"RPN1":-0.9730784441664453,"MIA3":0.0514120471758986,"SEC62":0.4546177000622151,"VDAC2":-4.75711659873763,"BRD2":-6.479974527871316,"TMEM164":0.0,"LNPK":1.0905944321941976,"ATP2A3":-1.8047743305459245,"CXXC1":-3.722222750735667,"PBXIP1":-7.6775909265222815,"P2RY8":-0.49117787745085967,"BCAP31":-0.6889417854605071,"SLC27A2":-6.871204123711522}},"MuSiC CD14 Mono":{"min":-50.0,"max":50.0,"top_text":"High CD14 Mono Correlation","bottom_text":"Low CD14 Mono Correlation","map":{"SEC62":0.2010644172173444,"GALNT6":2.2361677242885354,"PIGH":-1.6996596438394571,"AGPAT1":-2.070325357631241,"RPN1":-0.8539539384471044,"P2RY8":-0.7264024092729892,"HACD3":-7.747031958191066,"TMEM245":-2.6066848072739845,"DERL1":-0.4517278695652508,"FAM20B":-3.1105072692049403,"TMEM164":0.0,"HDGFL2":-7.769007628457436,"CHST14":-5.033565424754318,"PPM1H":-3.070464228829286,"CWC22":-2.004073797040754,"ATP2A3":-3.3233326510591397,"SLC18A2":0.0,"DNAJC16":-0.8751969089511086,"SEC61B":0.2626436144148487,"TMED1":-4.614406795714721,"TMED2":-0.08442637597294819,"QPCTL":-1.5189714014175433,"SRPRB":-0.11838442330457982,"SUCO":-0.5224915726565557,"PDZD8":-1.7132708043900482,"MIA3":0.05504844875566271,"CXXC1":-2.989175663296628,"LNPK":0.7859201368905928,"TIMM23":-3.426899325180114,"CANX":0.2264897862573834,"ABCA2":-2.7288241630649117,"LMAN2L":-9.155366693713482,"B3GAT3":-1.6511935236177415,"CRACD":-5.598244096793303,"LMAN1":-5.281402989924098,"CENPH":-0.9865336255616893,"SLC39A7":0.22441770139874165,"GALNT10":1.5570379237800278,"SAP18":-9.834135713147598,"TMED9":0.07977269106854665,"VDAC2":-2.769441781203919,"NFKBIL1":-1.208357634105088,"BRD2":-10.425943926185528,"RNF5":-0.6503824966687557,"PBXIP1":-6.652784541542795,"STXBP5":-0.3562600836698187,"GPR89A":0.0,"TMED10":0.30817083558546937,"CERS2":-1.3950212353660634,"BCAP31":-0.7530936817154861,"SLC27A2":-9.572849174148672}},"Blast Percent":{"min":-11.0,"max":11.0,"top_text":"High Blast Percent Correlation","bottom_text":"Low Blast Percent Correlation","map":{"VDAC2":1.667557680445874,"GPR89A":0.0,"ATP2A3":0.3240339017690355,"MIA3":-0.9444943799037876,"DERL1":-4.574506219329879,"CRACD":-0.22667461378071604,"PPM1H":0.1876861277653146,"TMED10":-0.7353258925410062,"B3GAT3":0.5475914312837129,"PIGH":-0.4018081390894931,"TMED1":0.20012773058213754,"RPN1":0.14679113053446632,"TMEM164":0.0,"SEC61B":0.31896317272431707,"CHST14":1.8261031661902742,"TMED9":-0.1503867924467138,"TMED2":-1.6262557123667474,"CERS2":0.2866906906857552,"BCAP31":-0.45050058651424496,"CWC22":1.2229965645530207,"LNPK":-2.555222084232098,"NFKBIL1":1.7003870810717332,"AGPAT1":0.3588878394118268,"TMEM245":-0.03098996123667544,"TIMM23":-0.104199141184724,"HACD3":0.6027982851185375,"CENPH":0.34903180872760564,"LMAN1":-0.13047318018906384,"GALNT6":-2.8900985711009053,"P2RY8":-0.10341180180296057,"SLC18A2":0.0,"SRPRB":-1.4401826018128914,"STXBP5":-0.1604190784574604,"GALNT10":-0.4364403736055372,"SUCO":-2.1122774563887052,"SAP18":5.7317555385395185,"BRD2":2.9769915539608527,"LMAN2L":1.5256442484036534,"QPCTL":-0.14820051875549273,"CXXC1":3.5776373352881077,"PDZD8":-0.4696502469609185,"HDGFL2":5.106753155308491,"SEC62":-0.25580354966569024,"RNF5":0.1095648220740814,"DNAJC16":-1.4965015679657985,"PBXIP1":1.9776532271373484,"ABCA2":-0.2781576704684711,"SLC27A2":0.8570396711163593,"CANX":-1.6554512699106405,"FAM20B":0.46711832013706606,"SLC39A7":-0.3035693858754927}},"Overall Survival":{"min":-6.0,"max":6.0,"top_text":"High Survival Correlation","bottom_text":"Low Survival Correlation","map":{"RPN1":-0.270082755236151,"AGPAT1":0.2958108990782665,"TMED9":0.18010005544396812,"CANX":0.9516411478360907,"CHST14":0.844675842126993,"NFKBIL1":0.2934616049491455,"TIMM23":0.03925592805847368,"SLC27A2":-0.07557081838905474,"CRACD":0.2579642605411089,"ABCA2":-0.60608175703485,"CXXC1":0.1663944808171298,"HACD3":-0.357653121005131,"LMAN2L":-1.2630121628835507,"SEC61B":0.7188928083702123,"SEC62":2.646217261517524,"FAM20B":0.1313470102326257,"STXBP5":0.23564267601538086,"MIA3":0.4306896469548568,"TMED1":-0.03498541951033036,"B3GAT3":0.45092520174483447,"QPCTL":-0.1380514021862655,"GALNT6":0.4761969499996685,"LMAN1":-0.6382603608032953,"SUCO":-0.11612484493702895,"CERS2":1.0283193338678678,"TMEM164":0.0,"TMEM245":0.48651394968801237,"VDAC2":-0.08276333548463652,"SRPRB":0.7880105288421919,"RNF5":0.9382038877740025,"ATP2A3":0.06010158585887277,"TMED2":0.08169500718689629,"CWC22":-0.8913850240951178,"DERL1":0.7663919117759522,"SLC39A7":2.0064324167464695,"P2RY8":-0.042061834418823246,"PBXIP1":-0.07105627593007403,"LNPK":-0.4302265477295737,"BRD2":-0.007089908610046045,"CENPH":-0.4337803366559462,"DNAJC16":0.43403934582202147,"PPM1H":-0.4181643136453657,"TMED10":0.02707039186134701,"GALNT10":0.5294878223784969,"HDGFL2":-1.0253000014036513,"GPR89A":0.0,"PIGH":0.2655988192570584,"PDZD8":-0.6369800269664037,"SLC18A2":0.0,"BCAP31":0.2413845383773433,"SAP18":-0.4674504633327721}},"Mutation FLT3 ITD":{"min":-10.0,"max":10.0,"top_text":"High FLT3 ITD Correlation","bottom_text":"Low FLT3 ITD Correlation","map":{"RNF5":-0.23509084694513843,"DERL1":-1.3309721209135228,"PPM1H":0.29918523415859766,"GPR89A":0.0,"ATP2A3":0.5641343356787891,"SEC61B":0.13365342418189674,"TMED10":0.21135202381067864,"SLC39A7":-0.17103851864860442,"FAM20B":0.026009167850270822,"LMAN1":-0.8064451529480122,