{"NPM1 Subtype":{"min":-37.0,"max":37.0,"top_text":"Committed NPM1 Subtype","bottom_text":"Primative NPM1 Subtype","map":{"CYB5R1":0.43982530553324806,"TMC8":4.796591413972721,"ATP11A":20.06806963155517,"MR1":0.36728278664184033,"SVIP":-0.64271466383647,"LYST":10.582857226872528,"ARL8B":6.6685605887237935,"CD63":3.54732540346194,"GRN":5.779800207397377,"XIAP":0.6991012419635648,"CSTA":12.209248197472256,"DHRS7":0.4437141271890355,"LGALS3":13.84404584297216,"ATP8A1":0.7982792665304125,"CSGALNACT2":9.493676516067108,"NETO2":0.0,"FCAR":12.26943762499202,"WDFY1":12.26446779985217,"TMEM30A":7.1436772207026,"TMEM59":0.2267842988989673,"RAB27A":9.648279992472382,"RPN1":-0.9730784441664453,"ATG7":18.12137069384102,"SRGN":11.63968791582331,"CYFIP2":-0.826097989697681,"ZNRF2":5.35687006256056,"PLEKHB2":7.7441584872825935,"BST1":10.021586889923153,"TMED7":0.0,"SLC15A4":9.65824689221112,"TMX4":0.6109771324823946,"SERPINB10":11.672827410288022,"VAMP7":7.4070977738167025,"ATP11B":9.307133008934173,"MCU":6.667997395147425,"MTARC1":9.477936929415646,"TEX2":13.926836518447761,"ADPGK":7.262912561626822,"DNAJC5":10.73333268017894,"CLEC4E":5.9225658402099794,"CBL":18.932964507898838,"GNG7":-1.429665443315028,"ATXN3":0.13093517055610016,"SLC17A5":6.254230928439826,"TEX264":3.6884340182736097,"LYZ":12.639380109561376,"UBE2W":4.553964330663676,"CANX":-0.31405400225911134,"EDEM2":0.3934577227363387,"PSEN1":5.229157374863923,"EMB":21.207057627789656}},"MuSiC CD14 Mono":{"min":-50.0,"max":50.0,"top_text":"High CD14 Mono Correlation","bottom_text":"Low CD14 Mono Correlation","map":{"EDEM2":0.5368990515055512,"CD63":3.834474431085008,"GNG7":-2.402994970127669,"CYFIP2":-1.0014734959679494,"SLC17A5":6.896553079840574,"TMX4":0.7203170315004007,"CYB5R1":1.6597289556365091,"SERPINB10":13.22019050368066,"TMC8":3.568080437938888,"SRGN":12.9335693021442,"CBL":19.518588068698016,"ARL8B":8.07596859051939,"EMB":26.538903243061494,"NETO2":0.0,"LGALS3":18.975775394376473,"VAMP7":11.463314225039554,"RAB27A":13.250563581827981,"CLEC4E":5.555077896804099,"ATP11A":22.797477726736155,"LYZ":16.05749843246149,"XIAP":1.5795152384652131,"CSGALNACT2":8.40605505202665,"BST1":14.625381850854964,"CANX":0.2264897862573834,"TMEM59":0.13122059006525488,"TEX2":14.72026904244739,"SLC15A4":8.320577663930651,"DHRS7":0.4705124812206501,"PLEKHB2":10.376503158448843,"UBE2W":3.5366246331747773,"ZNRF2":3.8883337100973865,"TEX264":1.238109764434691,"ATP11B":11.579872453346443,"RPN1":-0.8539539384471044,"SVIP":-0.6840393154206083,"ATXN3":1.6405882468988553,"GRN":6.9470003324956675,"MR1":0.09428720292474267,"ADPGK":7.663409701298438,"ATG7":25.61314330732795,"FCAR":14.23022954315972,"ATP8A1":0.08220484092845604,"PSEN1":6.739679765881816,"MTARC1":17.04661236808106,"LYST":12.746861789773638,"CSTA":15.721814775315558,"MCU":9.457983436347147,"WDFY1":16.493662016266367,"DNAJC5":13.200905355777923,"TMEM30A":6.293225249643875,"TMED7":0.0}},"Mutation FLT3 ITD":{"min":-10.0,"max":10.0,"top_text":"High FLT3 ITD Correlation","bottom_text":"Low FLT3 ITD Correlation","map":{"CYB5R1":2.6365337206410473,"LYZ":-0.39754593297508745,"TEX264":0.15495953913566188,"MTARC1":0.2741810198025682,"EDEM2":-0.24588535934967742,"EMB":-0.24799959114654033,"GRN":-0.7568733586492429,"DNAJC5":-0.16122570612363318,"ADPGK":0.5355559964968171,"WDFY1":-0.3514553674269484,"ATP8A1":-2.3532617354001846,"CBL":-2.0880097101636164,"ATP11B":-1.3218843208912399,"SVIP":-0.8921103195154864,"XIAP":0.4709963954719037,"SERPINB10":-0.8656745141962935,"MR1":0.033222724243214714,"CANX":-0.5196418388990681,"TMX4":0.5086199115854396,"ATXN3":0.780004067839936,"MCU":-2.4536824299433255,"TMEM59":-0.09757505673309867,"DHRS7":-0.8671262892702128,"NETO2":0.0,"FCAR":-1.2104563684904852,"UBE2W":-2.318210258876723,"SRGN":-0.8910107137647496,"TMEM30A":-1.4554748174661245,"ZNRF2":-0.2119746955616584,"TEX2":-1.6138504015446367,"SLC15A4":-0.1275295930534843,"CLEC4E":-0.9733108892158092,"RPN1":-0.012225016413125043,"LYST":-0.13655246716180647,"LGALS3":0.1564256075500409,"CSGALNACT2":-1.0965664907029602,"GNG7":-2.8880794533473084,"CSTA":0.10951046119147137,"CD63":-0.16208468326339723,"CYFIP2":1.4531656056293003,"PSEN1":0.20164969851547004,"TMC8":-2.639880356962914,"RAB27A":-1.6243187688143816,"ARL8B":0.4223075546341123,"SLC17A5":-0.15548668690239367,"VAMP7":0.4316730968932497,"ATG7":-0.08094884340709299,"PLEKHB2":-0.3627374289629287,"BST1":-0.3316902226865898,"ATP11A":0.04016945434458875,"TMED7":0.0}},"Mutation NPM1":{"min":-30.0,"max":30.0,"top_text":"High NPM1 Correlation","bottom_text":"Low NPM1 Correlation","map":{"BST1":-0.3775517322734794,"EDEM2":-0.448410403289649,"LGALS3":0.9427948333775169,"ATP11B":-0.1954668779810091,"ADPGK":4.151045665718276,"TMX4":0.5583183502814625,"GNG7":-12.215608285975081,"CANX":-0.9598249786965297,"ATXN3":0.5094843848576791,"NETO2":0.0,"RPN1":0.13593365058046744,"SERPINB10":0.054166503028258595,"LYST":0.3071074538787278,"FCAR":-2.0751507886110385,"CLEC4E":-1.148693408729581,"SLC17A5":0.16562755856671393,"SLC15A4":-0.32925244598956405,"TEX264":0.6571227518403001,"SRGN":0.9131226827227121,"ARL8B":2.80919175493968,"MR1":0.39118104374551,"SVIP":-6.1505483702837145,"MCU":-0.6243656975866172,"RAB27A":0.192828717901183,"PSEN1":2.5037732243843234,"ZNRF2":-0.27354840660913754,"WDFY1":1.7606149490308796,"CBL":-0.9976313037172426,"CSTA":1.0417418583451368,"CSGALNACT2":-0.8952524326157594,"ATG7":1.3269031097925,"GRN":0.14563552784451594,"ATP11A":1.3078172417607177,"TMED7":0.0,"VAMP7":3.471629077823683,"DHRS7":-0.44079587825858607,"PLEKHB2":0.055418023819928754,"DNAJC5":-0.08751682033151269,"TMEM59":0.2998148464166764,"EMB":0.4832529219657249,"UBE2W":0.5534195794123689,"CD63":0.07271473808013454,"TMEM30A":-0.6791470804357239,"ATP8A1":-6.02781962804393,"MTARC1":1.0240630980862173,"LYZ":0.2437586540141673,"CYB5R1":-0.03550109598175567,"TMC8":-1.8934798434272726,"CYFIP2":-2.7946010980928744,"XIAP":0.9969001549253139,"TEX2":-1.2614220476560052}},"Blast Percent":{"min":-11.0,"max":11.0,"top_text":"High Blast Percent Correlation","bottom_text":"Low Blast Percent Correlation","map":{"ATP11A":-1.2380373341578557,"ARL8B":0.0670793634835119,"LYZ":-1.427606023666051,"TMEM30A":-3.625093620624551,"CLEC4E":-2.236206502968236,"TMEM59":0.40272055141320323,"TMC8":-3.2104094393200024,"ZNRF2":-0.31778184682618615,"SVIP":-3.0656323005388324,"CSTA":-2.7689495321923743,"LGALS3":-2.543771976681929,"UBE2W":-0.9194596240376789,"SRGN":-3.0212590913650588,"EMB":-4.914783240351414,"FCAR":-4.8133620079862345,"XIAP":0.886124688925818,"MCU":-2.2234957968445452,"TEX2":-4.638800791049467,"TMED7":0.0,"BST1":-4.161992725496231,"CYB5R1":-0.6276465301253616,"CBL":-1.8041329373669555,"SLC17A5":-1.579619280365767,"CANX":-1.6554512699106405,"EDEM2":-1.5132350817349511,"CSGALNACT2":-2.728210075420011,"NETO2":0.0,"ATG7":-4.937583420429171,"PLEKHB2":-1.4233409786799132,"MR1":-1.557714894215239,"GRN":-0.9375401688273576,"GNG7":0.02530037456798006,"RAB27A":-0.9938635341511712,"CD63":-1.3847064335664174,"DNAJC5":-3.616107663485694,"VAMP7":-0.8894366628779149,"ADPGK":-0.3121932778284424,"PSEN1":-0.7921090867068005,"ATP11B":-3.9321258945123883,"TMX4":-0.0662097897775004,"TEX264":-4.350343406256523,"WDFY1":-0.3160792356422416,"DHRS7":-0.3142774196153831,"SERPINB10":-2.966005229822383,"CYFIP2":-0.734109060308746,"ATXN3":-0.9283273317280136,"SLC15A4":-1.779286763691725,"ATP8A1":-3.834909711553698,"RPN1":0.14679113053446632,"MTARC1":-2.0006394108612326,"LYST":-0.7595776369911179}},"Overall Survival":{"min":-6.0,"max":6.0,"top_text":"High Survival Correlation","bottom_text":"Low Survival Correlation","map":{"ADPGK":0.14189134680212073,"EMB":0.06982855077071291,"SLC17A5":0.23857255892603527,"MR1":0.22468141681369896,"CYB5R1":-0.0816902684880599,"SRGN":-0.2328882228253599,"RPN1":-0.270082755236151,"EDEM2":0.07232560795306538,"SERPINB10":-0.33620563530097763,"CD63":0.9322006419931693,"CANX":0.9516411478360907,"TMEM30A":-0.2362460627712342,"TMX4":0.8252054468172125,"GRN":0.393962026382676,"PLEKHB2":0.3406812528371027,