{"Mutation NPM1":{"min":-30.0,"max":30.0,"top_text":"High NPM1 Correlation","bottom_text":"Low NPM1 Correlation","map":{"RBM47":0.1291503667231287,"ADAP2":0.09469044455646847,"ZBTB7B":0.587810211897379,"SIGLEC9":1.3126225411873655,"VCAN":2.5039317698904964,"FGR":0.5369833495773482,"SLC7A7":0.2726807394195328,"EFHD2":0.2616066141334628,"LRRC25":1.6289088785837058,"CD86":3.2568416458406273,"LILRB1":0.6935368073776728,"ITGB2":1.7772617678875287,"CD14":0.46064586874553337,"THEMIS2":0.42740930089672236,"FGD2":1.481865388326418,"LILRB2":1.3206564603287247,"SCIMP":0.8058970935976253,"LILRB3":1.1529114730962569,"MEFV":0.3553036205631615,"ITGAL":0.8609224410601551,"NCF1":1.3308727683039403,"CD300E":0.0,"HCK":0.4451194347705823,"TBC1D2":1.5063602805123206,"TNFRSF1B":1.5014390675963332,"TLR7":0.23284539868641022,"TCIRG1":1.0886680902921486,"CTSS":-0.16802996573971335,"MYO1F":0.06518730630627353,"MPEG1":0.34204262062474017,"SLC11A1":-1.2415223749632542,"FGL2":1.5349737018892111,"TYMP":2.6051925471525013,"TLR8":1.0227912593891755,"IL1RN":0.08059816128011264,"LILRA5":0.22692319363800295,"PECAM1":0.014290226615576612,"TFEB":1.8330954470146008,"C5AR1":0.13640271729085762,"PILRA":2.355058838937572,"POU2F2":-0.386431936633203,"MAFB":2.9307549922713863,"CD1D":0.0,"LRP1":0.5698565652854491,"SECTM1":0.6207477645161033,"CEBPB":2.415515284157467,"ASGR2":0.0,"NCF2":0.45457160637262867,"LILRB4":0.9895577783896703,"TNFAIP2":3.30595760481882,"ITGAX":3.3614424674686116}},"NPM1 Subtype":{"min":-37.0,"max":37.0,"top_text":"Committed NPM1 Subtype","bottom_text":"Primative NPM1 Subtype","map":{"SECTM1":23.191570989513757,"NCF1":25.19352991635475,"TCIRG1":22.456583987637988,"IL1RN":20.907110839037664,"CD86":17.24555436705078,"THEMIS2":23.286398030646854,"TNFRSF1B":18.1605424071289,"TLR8":33.143119765919366,"MEFV":28.669384912028473,"LILRB2":28.822862577795505,"HCK":26.430476455167806,"CD1D":0.0,"CTSS":23.125276095835,"SIGLEC9":27.15184105468452,"TFEB":21.902413606021344,"TYMP":19.972053053534477,"ITGAL":21.476238153573288,"ZBTB7B":20.27312434041019,"MPEG1":36.008109592181476,"LRP1":31.6657276321637,"CD14":26.81407849171288,"SCIMP":16.450728608874265,"ITGAX":20.546544838123275,"CEBPB":27.172047697699416,"ITGB2":26.49989474464419,"FGL2":29.362122917513453,"TNFAIP2":22.391681870885204,"SLC7A7":25.29147993424758,"ADAP2":12.418121960647191,"LILRB4":18.010115126063425,"PECAM1":12.706354427110258,"FGD2":30.137190100495527,"MYO1F":25.790542472842166,"LRRC25":27.975006963441704,"EFHD2":23.496971224776196,"CD300E":0.0,"VCAN":25.96998053815302,"PILRA":26.011163017780078,"POU2F2":18.526864843434275,"FGR":28.423210901313855,"RBM47":25.091221509280366,"LILRA5":26.918170972316993,"LILRB1":28.673172716751218,"C5AR1":20.443010774912853,"SLC11A1":8.02935461602885,"TBC1D2":23.00064889052277,"MAFB":11.348208818603966,"TLR7":18.1415783420664,"LILRB3":28.17595630791758,"ASGR2":0.0,"NCF2":28.355382136840316}},"Blast Percent":{"min":-11.0,"max":11.0,"top_text":"High Blast Percent Correlation","bottom_text":"Low Blast Percent Correlation","map":{"NCF2":-4.944081293254442,"LRP1":-4.171799497621999,"TLR8":-4.162279905677805,"CD300E":0.0,"LILRA5":-3.9625186495871607,"TLR7":-3.2988106390345946,"EFHD2":-5.843611383064671,"TCIRG1":-2.019469286341579,"POU2F2":-1.1117541650753533,"SLC11A1":-5.3795647070912604,"TNFAIP2":-2.617672701592341,"MAFB":-0.710311753034598,"LRRC25":-3.1315554529185565,"LILRB2":-5.369717465697387,"FGD2":-2.8674791132072865,"CD14":-3.8561023156161527,"RBM47":-3.5185168847245234,"SCIMP":-1.8586310273729216,"TYMP":-1.2167765937811985,"ZBTB7B":-2.115936947721485,"ASGR2":0.0,"C5AR1":-5.416288521531332,"ADAP2":-2.368896246676448,"CTSS":-3.7735080607128575,"CEBPB":-1.9725152274746078,"CD86":-1.7936601924223867,"TNFRSF1B":-2.519750766761322,"MYO1F":-2.5945702838273466,"MEFV":-5.7851330366159885,"ITGAL":-3.2244082185245357,"ITGAX":-3.2041614842338997,"MPEG1":-4.189472338485521,"PILRA":-2.9533395339923807,"LILRB1":-3.926681127641219,"SECTM1":-3.552985706565623,"SIGLEC9":-4.069360608777189,"TBC1D2":-2.284418143970197,"FGR":-5.628540178880434,"FGL2":-3.5413977255062448,"TFEB":-1.973359333221496,"HCK":-6.750838701866421,"ITGB2":-4.235212018982832,"LILRB3":-5.184022919758817,"NCF1":-3.8197172140356055,"CD1D":0.0,"LILRB4":-2.1155229003200793,"IL1RN":-4.9293391577906505,"VCAN":-3.4458049230696077,"SLC7A7":-1.7570283301023466,"PECAM1":-2.5267045809631847,"THEMIS2":-6.362598393559543}},"Overall Survival":{"min":-6.0,"max":6.0,"top_text":"High Survival Correlation","bottom_text":"Low Survival Correlation","map":{"CD300E":0.0,"MEFV":0.3205624168416945,"THEMIS2":-0.5780102924322493,"CD1D":0.0,"ITGAX":0.2968371428877415,"ITGAL":0.24743359829349587,"ADAP2":0.6400124420516285,"SCIMP":0.09020067453397347,"ZBTB7B":-0.08099079037879058,"SIGLEC9":-0.07487375879248456,"LILRB1":-0.1758080172233773,"FGD2":-0.08394717041369525,"HCK":0.0812532820905132,"RBM47":-0.20731196464717086,"LILRA5":-0.3661586155612313,"SLC11A1":0.0018656246008571047,"ITGB2":-0.11186430715555226,"CTSS":0.7909866537939843,"TFEB":-0.18233584655530422,"TLR7":0.6974037736712816,"MPEG1":0.046734191493992064,"ASGR2":0.0,"TCIRG1":0.06848196241095127,"CD14":0.09774012993357803,"POU2F2":-0.35064438188297425,"FGL2":-0.13758115529750067,"CEBPB":-0.663826993771242,"IL1RN":-0.22981964446160255,"MAFB":0.12068739060165312,"LILRB2":-0.12049208428118349,"SLC7A7":0.06596763943694112,"TNFRSF1B":-0.02021402083463938,"NCF1":0.60121460535505,"MYO1F":-0.04628138924635739,"CD86":0.35870248123465204,"LILRB3":-0.07583403163275591,"TBC1D2":-0.33813321777836197,"C5AR1":-0.07654769095433445,"PECAM1":0.6271908570894307,"PILRA":-0.1531169381310281,"LILRB4":-0.03467591798744458,"FGR":-0.3290928073302311,"TYMP":-0.4500927947042232,"EFHD2":0.049421647840428726,"TLR8":-0.1729226712594077,"VCAN":0.08209896532615112,"LRRC25":-0.007597822846789251,"NCF2":-0.019509324057518825,"LRP1":-0.12504985072056685,"TNFAIP2":-0.05101934144066145,"SECTM1":-0.10042567402188134}},"MuSiC CD14 Mono":{"min":-50.0,"max":50.0,"top_text":"High CD14 Mono Correlation","bottom_text":"Low CD14 Mono Correlation","map":{"TLR7":17.341407876211957,"SLC11A1":9.696471294348955,"CTSS":25.80203265360317,"LRRC25":38.15060557847691,"LILRA5":38.57223368368178,"MPEG1":39.589755821071314,"RBM47":38.31980182612095,"SIGLEC9":35.08140685072037,"ADAP2":15.51346900647865,"ITGB2":39.10528101949876,"LILRB2":45.48938665199628,"HCK":39.994003632624164,"FGD2":33.19703413439391,"LILRB1":35.46772017636017,"MAFB":16.6299236921064,"C5AR1":27.309197415501416,"IL1RN":29.974714900199984,"TFEB":31.721368285852595,"TLR8":48.240138500737594,"CEBPB":31.967884749353214,"CD86":21.68474692023959,"SCIMP":22.654293708048638,"ITGAX":29.55006563905008,"MEFV":36.143579758867915,"PILRA":36.29603420228325,"TYMP":21.97781847953703,"LILRB3":41.32085737072299,"THEMIS2":37.626263539631175,"VCAN":37.38227869576263,"TNFAIP2":36.67983774044464,"EFHD2":33.10523128224174,"CD300E":0.0,"NCF2":48.93765806880984,"FGL2":36.00102153905948,"POU2F2":16.112451823647888,"ZBTB7B":27.34153416160199,"TNFRSF1B":23.58189877394734,"CD1D":0.0,"PECAM1":14.670558968847258,"MYO1F":35.9803479518468,"LILRB4":24.870118289059832,"SECTM1":32.7265236783681,"CD14":36.76744024455036,"ITGAL":28.324966623220327,"TCIRG1":29.208774866757505,"ASGR2":0.0,"LRP1":38.91544560323843,"TBC1D2":42.02646346020972,"FGR":47.92358853616047,"NCF1":33.26619383709963,"SLC7A7":25.201130879667023}},"Mutation FLT3 ITD":{"min":-10.0,"max":10.0,"top_text":"High FLT3 ITD Correlation","bottom_text":"Low FLT3 ITD Correlation","map":{"TNFRSF1B":-0.15045784377373791,"ITGB2":-0.0379677775269902,"TCIRG1":-0.03859416670066572,"TBC1D2":0.4830443877466163,"TLR8":-0.012883721601115625,"ITGAL":0.24265602182163332,"MYO1F":-0.9722689994588645,"LRRC25":-0.18531249020545637,"ITGAX":0.520945258401781,"EFHD2":0.23261934874262663,"LILRB4":0.056820949480642,"RBM47":0.3819901380014061,"SIGLEC9":-0.052174769707358196,"LILRB3":0.28112948384831904,"NCF2":-0.08306613204837221,"VCAN":0.43565587413685997,"CD86":0.9116834852469006,