{"MuSiC CD14 Mono":{"min":-50.0,"max":50.0,"top_text":"High CD14 Mono Correlation","bottom_text":"Low CD14 Mono Correlation","map":{"PSD4":13.900207797026678,"JOSD2":9.955417953421568,"PDLIM7":5.904465191950698,"IRF3":2.2270305679827054,"PPP2R1A":3.099205687022397,"SH3KBP1":13.778617110124268,"USP5":-0.9688450194305203,"ATM":7.735797660104207,"AP1M1":21.036598347992545,"RGS14":14.702947926365745,"ARHGAP45":24.9899149918335,"CHMP4B":17.825615272255245,"ATXN3":1.6405882468988553,"RASSF5":5.660248276484809,"PDLIM2":11.392895357870456,"ACTB":16.511643228357524,"ANKRD44":17.516548946410108,"RNPEP":10.891134172557907,"UBE2L3":3.221609742375012,"ATG3":23.3517955875155,"TANK":17.834041607217454,"CHMP1A":5.983208660915194,"FAM98C":5.537383770963672,"ACTR2":19.95160462561039,"IKBKG":17.09949150958655,"NT5C2":2.201801071760219,"AKR7A2":6.264448286910133,"YWHAB":8.302937919116895,"CHMP5":1.6584240131105281,"S100A6":17.37254677056145,"CYLD":11.398854956898514,"STXBP2":28.25514040872148,"BTK":4.357210420059043,"EML2":18.056424975664633,"BCL10":11.17350113133047,"TRADD":8.49908129311183,"INPP4A":14.179258243659756,"HERC4":6.5573208151132985,"FLII":16.883490856434868,"CAP1":24.76973990649351,"PGP":10.547823335050817,"FADD":6.235483993348533,"NUDT18":4.157749494050525,"SYNRG":5.384041244732073,"DDX58":0.6823469071381174,"BPNT1":-0.24209214758317218,"UEVLD":14.95629444115688,"MVP":20.026330025147427,"HK3":39.45954550729712,"PLOD1":8.552833190116761,"HS1BP3":18.354316876721104}},"Mutation NPM1":{"min":-30.0,"max":30.0,"top_text":"High NPM1 Correlation","bottom_text":"Low NPM1 Correlation","map":{"CAP1":0.02715473680011235,"YWHAB":1.575539933887276,"FAM98C":1.6859928728025098,"ANKRD44":0.14535804217796622,"TRADD":1.8049525497582453,"IRF3":0.14227423830336283,"ATXN3":0.5094843848576791,"SH3KBP1":-0.37910257304798384,"PSD4":0.3151335745812089,"FADD":-0.3010033832164798,"ARHGAP45":0.8361432517201013,"PGP":0.2779757783333093,"JOSD2":2.257637793920954,"UBE2L3":-1.3987482431576974,"S100A6":0.5698045006599135,"USP5":0.9953838870733358,"HS1BP3":5.078081339592265,"ATM":6.97743391180496,"RASSF5":-0.162793608309904,"IKBKG":-0.016851167492180213,"DDX58":0.7306029205318584,"FLII":0.1892171926534383,"BPNT1":-0.44223020705984484,"CHMP5":0.09301145616844674,"PDLIM2":3.9344938928501194,"AKR7A2":0.2738807515702993,"SYNRG":2.350004679275132,"CHMP4B":-0.1361769207777706,"MVP":4.8276411136199,"PLOD1":7.087500062068112,"ACTB":-0.5396991830312623,"RNPEP":5.4212651068093685,"NUDT18":6.1264618741958605,"CHMP1A":1.5242064068653285,"HERC4":1.7277461224226573,"ATG3":1.204330306588103,"HK3":1.5429160809313496,"INPP4A":3.018251968879687,"PPP2R1A":-1.1218880837134002,"BTK":1.3543366413520928,"AP1M1":0.7886847934056125,"BCL10":1.1475578079218258,"EML2":2.35353870240907,"CYLD":3.2468066728292015,"NT5C2":0.5960973889251718,"UEVLD":3.1524853595145617,"STXBP2":1.5353120508297105,"PDLIM7":0.8809161841776008,"ACTR2":-0.6903989556768801,"RGS14":3.710569362712673,"TANK":4.519075560973567}},"NPM1 Subtype":{"min":-37.0,"max":37.0,"top_text":"Committed NPM1 Subtype","bottom_text":"Primative NPM1 Subtype","map":{"MVP":15.937079695635902,"CHMP1A":4.4818537367378,"ACTB":12.779563501183883,"UBE2L3":2.0192557305142076,"PGP":7.176606805033509,"PDLIM7":3.2016829873564565,"DDX58":0.2758105784612248,"PSD4":15.128844400841581,"FAM98C":4.242294454023398,"SYNRG":4.214691382563448,"INPP4A":12.481642926174183,"EML2":13.344989183021832,"BTK":3.0198085479841694,"NT5C2":0.9231186945443465,"CHMP5":0.7481513119610551,"ATG3":17.736820492595108,"RNPEP":8.18769951711999,"PLOD1":6.872013297449229,"HK3":24.388939939022872,"ACTR2":17.22137564545635,"HS1BP3":12.282655089489475,"HERC4":2.701552137351187,"CHMP4B":14.961101394093026,"BCL10":9.302058255931108,"FLII":14.358335238958341,"PPP2R1A":1.6328769267655605,"YWHAB":6.516630904060005,"STXBP2":18.32606960748981,"TANK":10.625229610009637,"SH3KBP1":14.200916716020032,"UEVLD":9.84331673222209,"ATXN3":0.13093517055610016,"ATM":5.345436594573082,"RASSF5":5.22598634489875,"TRADD":5.484736995919324,"IRF3":3.339142357246347,"IKBKG":17.959846590639536,"S100A6":10.058024587046697,"RGS14":11.735608946905295,"CYLD":10.260379841657418,"BPNT1":-0.32652392604050917,"AP1M1":14.869698530675981,"NUDT18":2.055124042231676,"AKR7A2":3.252324093565333,"ARHGAP45":18.635075425973273,"JOSD2":7.033014452284554,"CAP1":20.712177577665727,"USP5":-1.3486626032077043,"PDLIM2":7.995254738741852,"FADD":3.964125526496729,"ANKRD44":15.506870081862171}},"Blast Percent":{"min":-11.0,"max":11.0,"top_text":"High Blast Percent Correlation","bottom_text":"Low Blast Percent Correlation","map":{"FADD":-0.8576236688294605,"PPP2R1A":-1.0113817070883602,"RASSF5":-0.8338625876187723,"JOSD2":-0.8519946522985268,"SH3KBP1":-2.289756491523073,"CYLD":-0.25838354960763066,"PSD4":-3.0799247812540136,"TRADD":-0.054076475261669726,"FLII":-0.8797670990908592,"S100A6":-2.0810939216308566,"HS1BP3":-1.4154404428415956,"EML2":-3.1200324648755835,"AKR7A2":-0.081109715402724,"CHMP4B":-4.09547560925909,"PGP":-2.8164837726728633,"ANKRD44":-1.9424202107704167,"UBE2L3":-1.2923588142669549,"INPP4A":-1.3600755616798068,"IKBKG":-3.5512211459081473,"ATM":-0.37248055374528494,"USP5":0.03342194396544675,"CHMP5":-0.05659463158934466,"PDLIM2":-1.7424275571631318,"ARHGAP45":-1.0543336451430547,"TANK":-1.9412578695541638,"ATG3":-3.6860933664554016,"ACTR2":-5.092279667014953,"HK3":-4.16640944004213,"NT5C2":-0.038706874119898524,"RNPEP":-0.3450109140453596,"ATXN3":-0.9283273317280136,"YWHAB":-0.9165708734046399,"UEVLD":-0.7822414087960599,"DDX58":0.7735584549773806,"MVP":-1.7389636110226743,"BCL10":-0.9060052088777626,"HERC4":-0.4621294698443353,"BTK":-0.2552770111395261,"CHMP1A":-0.15432834760056147,"STXBP2":-4.715295618974275,"RGS14":-2.4721437053750717,"PLOD1":-1.731718739927228,"BPNT1":0.2387232163415361,"FAM98C":-0.918214213055695,"PDLIM7":-3.912275993491941,"AP1M1":-2.79800687613278,"SYNRG":-1.2618944592609034,"ACTB":-4.37642113778035,"NUDT18":-0.7642055631848276,"CAP1":-4.2602874651814595,"IRF3":-0.2257971583362443}},"Overall Survival":{"min":-6.0,"max":6.0,"top_text":"High Survival Correlation","bottom_text":"Low Survival Correlation","map":{"UBE2L3":-0.5326015749253017,"JOSD2":-0.07926006298589021,"CHMP1A":-0.5507769321000356,"MVP":-0.007626372821010224,"CAP1":0.4896694927558918,"ATXN3":-0.46466356857654945,"NUDT18":-0.3249988959354875,"DDX58":0.8423548400468702,"FAM98C":1.2048834743142216,"HK3":-0.02973079096549854,"SYNRG":0.3666234987000586,"RGS14":0.2693326056321631,"RASSF5":0.13578692370092038,"ACTR2":1.0890581337930718,"BPNT1":-0.22844889252659228,"IRF3":0.2953396224745949,"S100A6":0.08271475728442854,"IKBKG":1.1962934655393556,"NT5C2":-0.662115820793604,"UEVLD":-0.008307301898396187,"YWHAB":0.5920735437054088,"PPP2R1A":0.026748844471600832,"FADD":0.031234694011936293,"STXBP2":0.3360595209716136,"PDLIM2":0.1924706229323011,"ACTB":1.250040045445864,"RNPEP":-0.6862060013912905,"HERC4":0.7520356273338707,"TANK":0.04230981833492491,"BTK":2.480688648574268,"CHMP4B":0.08966193312235235,"EML2":0.20459914404404675,"BCL10":-0.21181874309241977,"CYLD":0.8582190529105759,"INPP4A":-0.20701749085589932,"PLOD1":-0.12502446118670954,"PDLIM7":0.39358009048523723,"TRADD":-0.3380901500452151,"HS1BP3":-0.10138987428394518,"AP1M1":0.20217190593659445,"PSD4":2.401997506163094,"USP5":-0.022477386490054367,"SH3KBP1":0.5826056003025487,"PGP":0.10504012008974123,"ATM":-0.13933018070812814,"ANKRD44":0.49619563690570756,"CHMP5":-0.007875949525714302,"AKR7A2":-0.4308549049174948,"ARHGAP45":0.6669417541536772,"ATG3":-0.09864911004394755,"FLII":0.027063125153957302}},"Mutation FLT3 ITD":{"min":-10.0,"max":10.0,"top_text":"High FLT3 ITD Correlation","bottom_text":"Low FLT3 ITD Correlation","map":{"BCL10":0.22622262262471798,"CHMP5":-0.409953427983529,"TANK":-0.32523550266307666,"PLOD1":2.2925190325505285,"AKR7A2":-0.48650276312207213,"INPP4A":0.46473366778138964,"HS1BP3":1.3980005214333107,"SH3KBP1":-0.6099844261485831,"HERC4":0.9758679553542629,"CYLD":0.5209011836531567,