{"Mutation NPM1":{"min":-30.0,"max":30.0,"top_text":"High NPM1 Correlation","bottom_text":"Low NPM1 Correlation","map":{"ATXN3":0.5094843848576791,"PSMD7":0.2493092946565739,"HIF1A":0.0,"EEF1A1":0.1786372684644568,"TICAM1":0.05429850133238968,"TAB2":-3.9867116669686182,"CUL3":-2.2515911466766627,"EIF2AK2":-6.846306757676809,"SMURF1":0.0,"PRKAA1":-1.744612798883019,"SLC25A52":0.0,"CRTC2":-0.5157818484267627,"RANBP9":-0.6273781357519869,"MAP3K5":4.286208170857799,"PSMC1":0.4215582740288365,"PDLIM7":0.8809161841776008,"KRAS":0.3120119779791907,"ZRANB1":0.0,"PIK3CA":-2.8941735961319064,"UBXN7":1.152386307987533,"RELA":-0.32743348958358015,"ITCH":-0.5307995623621549,"IRAK1":3.7498520648486395,"BCL10":1.1475578079218258,"CYLD":3.2468066728292015,"ULK1":-0.3534684233362086,"UBE2O":-5.5603235819998895,"MAP1LC3B":-0.6931220322908582,"SQSTM1":2.0558057047611222,"CTNNB1":0.49678202627901763,"TRIM25":-0.009583914399497226,"PTPN11":-7.0798336636155055,"YOD1":-6.478504824804754,"GSK3B":0.17219019920514167,"TRAF6":0.34286158086840657,"USP14":-5.551333472536455,"UBE2V1":-4.998245592696704,"ARPC5L":0.7101288428033817,"PSMD1":0.43232886131262993,"VAV3":1.8824974221787796,"DCP1A":-0.07578270558327845,"PRDX1":-3.0646915420184855,"NECAP1":-1.4149651534488161,"UBC":0.0,"CFLAR":1.4983475878777268,"CHUK":-0.0977340165306826,"USP9X":-2.2693757633917895,"HTT":-0.10550113011799316,"CASP8":4.49775958519116,"PSMC5":-0.513726097860457,"PLEKHF2":-2.7462268551630666}},"MuSiC CD14 Mono":{"min":-50.0,"max":50.0,"top_text":"High CD14 Mono Correlation","bottom_text":"Low CD14 Mono Correlation","map":{"UBE2V1":0.9564684910765754,"DCP1A":-2.7680489590719266,"PRDX1":0.31288637383343904,"RANBP9":0.19712972023013026,"MAP1LC3B":0.21690227910470888,"ARPC5L":0.9382204326288134,"PRKAA1":4.66226410395116,"CUL3":-0.05964923269274174,"IRAK1":10.123255890697893,"NECAP1":3.6416582944451052,"UBC":0.0,"PLEKHF2":3.3620699335299444,"CYLD":11.398854956898514,"PTPN11":-2.775798085917383,"PSMC1":1.8306433569825162,"HTT":5.916062628475343,"UBXN7":-3.804864447462134,"TAB2":0.6098631272115994,"SLC25A52":0.0,"HIF1A":0.0,"EEF1A1":2.488939444481099,"MAP3K5":6.749540302534695,"SMURF1":0.0,"PIK3CA":-8.42262258104375,"ATXN3":1.6405882468988553,"CRTC2":2.9607940261675267,"SQSTM1":1.0106204979758515,"PSMD1":2.871113388995566,"EIF2AK2":-4.563487517433744,"ZRANB1":0.0,"CFLAR":21.467321864082518,"USP9X":5.374110229014715,"CHUK":13.204791677027456,"USP14":-1.3858062703127574,"GSK3B":5.631406696089327,"RELA":2.6129893009849794,"ULK1":0.05517415123520474,"TRAF6":2.6388893798519937,"CTNNB1":-0.5009367214219028,"ITCH":2.7462614060020627,"PSMC5":2.3494073593785254,"PSMD7":2.0340472622238037,"PDLIM7":5.904465191950698,"TICAM1":2.3159395563693357,"KRAS":10.118181926267097,"YOD1":-0.10038926939348335,"BCL10":11.17350113133047,"TRIM25":14.73726704406685,"VAV3":-0.2642234671264003,"UBE2O":-0.6388077595598092,"CASP8":0.5101901274834633}},"NPM1 Subtype":{"min":-37.0,"max":37.0,"top_text":"Committed NPM1 Subtype","bottom_text":"Primative NPM1 Subtype","map":{"DCP1A":-2.6821518551612282,"ITCH":4.180594005972725,"UBXN7":-4.691294211759064,"GSK3B":3.896163060043158,"USP14":-0.602835512508913,"PDLIM7":3.2016829873564565,"PRKAA1":4.43282959610028,"ULK1":-0.07179072493517773,"CRTC2":3.912711605026654,"UBE2O":-0.6773210840662062,"ZRANB1":0.0,"TICAM1":1.3012768348239958,"ATXN3":0.13093517055610016,"CTNNB1":-0.511473725892018,"VAV3":-0.775921223752538,"TAB2":1.1302243970590382,"USP9X":1.08421215741836,"PSMD7":1.0214478249246814,"KRAS":6.744270177015504,"UBC":0.0,"PSMC5":0.47153889060615395,"HIF1A":0.0,"PIK3CA":-4.395131855410552,"RELA":2.8403198358674584,"EEF1A1":2.1004485086548934,"PTPN11":-1.4268121009718746,"UBE2V1":0.33823075385501994,"YOD1":-0.06380084003293655,"IRAK1":6.022277300320183,"CASP8":0.49241674799796686,"PRDX1":-0.45558320378704925,"MAP1LC3B":-0.2899666501600424,"ARPC5L":0.9981574936278778,"MAP3K5":5.089172629888423,"SLC25A52":0.0,"EIF2AK2":-2.0592085630720307,"HTT":4.222772163262343,"RANBP9":0.5909362841690934,"PSMD1":0.40996123509628135,"NECAP1":2.065840679682315,"TRAF6":3.795976165863826,"CHUK":11.65420024396751,"SMURF1":0.0,"BCL10":9.302058255931108,"PLEKHF2":3.4684666546205687,"CUL3":0.24580918014352354,"CFLAR":14.385067633729387,"SQSTM1":0.5535871151997752,"CYLD":10.260379841657418,"TRIM25":11.765828088857688,"PSMC1":0.40737702922714664}},"Overall Survival":{"min":-6.0,"max":6.0,"top_text":"High Survival Correlation","bottom_text":"Low Survival Correlation","map":{"NECAP1":-0.3147074049664904,"VAV3":-1.4918846659853167,"CTNNB1":-2.132978317636448,"CYLD":0.8582190529105759,"EIF2AK2":-0.23697234954745205,"CFLAR":-0.379705822551164,"ZRANB1":0.0,"CASP8":-0.451653571470131,"SQSTM1":0.7218164811438149,"MAP3K5":0.209310676645371,"UBC":0.0,"TRAF6":0.6431532893458309,"MAP1LC3B":0.2086413753923673,"SMURF1":0.0,"CHUK":0.6162855795993624,"UBXN7":-1.201218629546011,"PSMC5":0.355332681980446,"YOD1":-0.9410285759865138,"PRDX1":-0.6018086335914296,"ATXN3":-0.46466356857654945,"GSK3B":0.16669222493244187,"PSMD7":0.11718995816337002,"PTPN11":-0.7251725826365308,"PIK3CA":0.13095757836364447,"HIF1A":0.0,"KRAS":0.32504972471163424,"RELA":-0.12222903048648386,"TAB2":0.2136848838220485,"USP9X":-0.024976033094742094,"IRAK1":-0.15170436063517653,"PLEKHF2":0.0514809852224684,"TRIM25":0.2458395830255259,"EEF1A1":0.40464788995917894,"CUL3":-1.647714267501817,"TICAM1":-1.109978165800529,"ITCH":2.462498573834689,"USP14":-0.0949056955005452,"UBE2V1":-0.19412383799102312,"PSMC1":-0.021872487916706797,"HTT":0.5171078604853473,"PDLIM7":0.39358009048523723,"CRTC2":1.2523837889579743,"ARPC5L":0.09147732814557485,"PSMD1":0.17543280244405457,"PRKAA1":1.0040585196861627,"ULK1":-1.344476102077315,"DCP1A":-0.8410323071594965,"SLC25A52":0.0,"BCL10":-0.21181874309241977,"UBE2O":-0.5161236002975893,"RANBP9":-0.05456610287827512}},"Blast Percent":{"min":-11.0,"max":11.0,"top_text":"High Blast Percent Correlation","bottom_text":"Low Blast Percent Correlation","map":{"KRAS":-2.1693013764878573,"SQSTM1":-1.0709752577907659,"HTT":-4.630370020507357,"EIF2AK2":0.15609780389801978,"PLEKHF2":-2.6843914425868154,"PSMD7":-0.8665913376249944,"TRIM25":-1.2217001839191042,"UBC":0.0,"PDLIM7":-3.912275993491941,"ATXN3":-0.9283273317280136,"YOD1":-3.922522558275025,"HIF1A":0.0,"UBE2V1":-2.9634754896896163,"CRTC2":-0.30633368647063236,"RELA":-0.730335517409501,"UBE2O":-2.7923749353290046,"TAB2":-0.2696872899549689,"PSMC5":-1.740037480759477,"PIK3CA":1.411331687794608,"NECAP1":-2.913984418807812,"SLC25A52":0.0,"ITCH":-0.1459882833823714,"ULK1":-0.5971011163576102,"TICAM1":-0.8239019496174644,"PSMC1":-1.1874804481625492,"USP14":-0.8725166126085377,"CASP8":0.20733239893886912,"CUL3":-0.6497114066515164,"IRAK1":-0.05263492500513143,"USP9X":-4.79815768706717,"PTPN11":-0.5825515495859609,"PSMD1":-2.2681660211921946,"PRKAA1":-3.60383931907448,"RANBP9":-0.038706874119898524,"CFLAR":-0.9344163809492096,"TRAF6":-1.9442807383659093,"BCL10":-0.9060052088777626,"VAV3":0.30262959331337436,"CTNNB1":-0.03360939052225017,"ZRANB1":0.0,"CYLD":-0.25838354960763066,"DCP1A":2.3777712379647324,"SMURF1":0.0,"CHUK":-2.5211728747980153,"GSK3B":-0.7226868169595438,"EEF1A1":-1.1310637948748319,"UBXN7":7.1170899552936655,"PRDX1":-1.8198338898741955,"MAP3K5":-0.2872763876916949,"ARPC5L":-0.20718817466523629,"MAP1LC3B":-0.978423324371655}},"Mutation FLT3 ITD":{"min":-10.0,"max":10.0,"top_text":"High FLT3 ITD Correlation","bottom_text":"Low FLT3 ITD Correlation","map":{"USP9X":-0.9588847108477531,"CFLAR":-0.08205960182156116,"ATXN3":0.780004067839936,"PSMC1":0.23112092042832388,"CRTC2":-2.952978504083312,"ITCH":-0.1664592991927066,"SMURF1":0.0,"HIF1A":0.0,"CASP8":2.3797816842065624,"MAP3K5":0.5663769267862372,"NECAP1":-0.8556537227668352,"UBXN7":-0.18808365022529738,"PSMD1":0.11784702006949077,"CTNNB1":-0.4334147898916556,"PRKAA1":-1.5190317100855217,"ULK1":-1.0678279242804514,"GSK3B":-1.104383095504364,"UBE2O":-1.4664881970229748,"ARPC5L":0.8220217814199643,"HTT":-0.3026985381040016,