{"Mutation FLT3 ITD":{"min":-10.0,"max":10.0,"top_text":"High FLT3 ITD Correlation","bottom_text":"Low FLT3 ITD Correlation","map":{"DDX50":2.1827536152424853,"XAB2":-0.017154214819576546,"ABT1":-0.00611161245790946,"PAK1IP1":0.06725111374188775,"FBXO6":-0.16846319972339338,"TSPO":0.1910997023683502,"POLRMT":-1.5626307717358912,"CPNE2":-0.2785066063623348,"RNF157":0.0,"CYTH1":-1.612746640329392,"GSN":-0.2332397937449354,"RBMX2":2.2280519875386555,"NELL2":0.0,"ARHGEF6":-0.3051396490412669,"CSK":0.25613328241541566,"FN3K":-1.6792820264667063,"MAPK1":-0.47211321367039466,"VASP":-2.222279022239382,"CFI":0.0,"FYN":-0.2779477243807064,"PXN":-0.3505146384372452,"RSL24D1":-0.38136613857886853,"KEL":-1.4589616451025154,"CD8A":-0.5847212901151305,"VCL":-1.2575632019220189,"ARHGAP27":0.1891539962684581,"PTK2B":-2.4335723272507286,"MAK16":0.33864178922054033,"PABPC4L":-0.09800133913456785,"PLEKHA4":0.3769345099474097,"CBL":-2.0880097101636164,"ZYX":-0.5698531627370537,"FHL3":0.08647153003279835,"PTPN12":-0.23232092531917078,"NPM1":-1.0520844031272854,"GIT2":1.4641574456311843,"RBM19":0.23287625167478573,"ZNF101":0.19772711833154993,"ADAM15":0.6916947010885944,"FBXO2":0.0,"CAP1":-0.1892469128455936,"ILK":-0.2191117048266166,"GCAT":2.545271149002,"PURG":0.0,"ZNF467":-0.03702143936201798,"ATP7B":0.0,"GLG1":0.7233806757096857,"TFR2":0.3171378226883964,"RAB6B":0.4125689906062522,"NVL":0.4088041766404621,"TRIM71":-0.07722898174897795}},"Overall Survival":{"min":-6.0,"max":6.0,"top_text":"High Survival Correlation","bottom_text":"Low Survival Correlation","map":{"ADAM15":0.365244153186812,"GIT2":2.213891493691862,"PURG":0.0,"NVL":-0.886265750606005,"ZNF101":0.30944367370955544,"RBMX2":-0.8651844977259168,"PXN":-1.2024126382108293,"PABPC4L":0.449748591854327,"CSK":1.2751334827472744,"KEL":-0.32719144776210246,"MAPK1":-0.10460361807640729,"PTPN12":-0.2703248659507645,"CAP1":0.4896694927558918,"ILK":1.7558366470200089,"FYN":1.6366995096623498,"RNF157":0.0,"RAB6B":0.2541865225854265,"GCAT":0.770564299659658,"ABT1":-0.022783924617919702,"MAK16":-0.7097483295440539,"TRIM71":-0.0024558466206960196,"ZYX":0.5578955400032496,"XAB2":-0.2721453119021878,"CBL":-0.055113403728386495,"RSL24D1":-0.1348315782577781,"PLEKHA4":-0.12931191660174968,"RBM19":-0.2615342644754019,"PTK2B":-0.690835640877315,"ZNF467":-0.07847893717023276,"VASP":0.9170195196012774,"GLG1":0.838347829336338,"PAK1IP1":0.2900789080986098,"POLRMT":-0.21377301217892442,"FBXO2":0.0,"GSN":0.664793638955503,"FN3K":-0.4177945782832029,"FHL3":0.061737038351340374,"CD8A":1.219874216999563,"DDX50":-0.2532038794942679,"ATP7B":0.0,"TSPO":0.13172476748449596,"ARHGAP27":0.5072628762619831,"FBXO6":-0.042173037120826956,"CFI":0.0,"CYTH1":0.27771550390704225,"NELL2":0.0,"ARHGEF6":4.283853309920455,"NPM1":0.521776265381839,"TFR2":0.5125137460042771,"VCL":-0.09707846071003695,"CPNE2":-0.3059935527242324}},"Mutation NPM1":{"min":-30.0,"max":30.0,"top_text":"High NPM1 Correlation","bottom_text":"Low NPM1 Correlation","map":{"ZNF467":-0.7864326124961546,"PAK1IP1":-1.0032454239068804,"RNF157":0.0,"PLEKHA4":0.09677125775906316,"FHL3":0.34092448219312926,"ATP7B":0.0,"VASP":-0.6990283981722195,"PTPN12":0.7001259683177394,"FN3K":-4.609991986439509,"ARHGEF6":-0.38325748167448953,"ZNF101":0.24286792829290105,"FBXO6":-3.85283664116332,"CYTH1":-5.381265110963956,"CAP1":0.02715473680011235,"TSPO":0.06385680194945254,"ILK":0.20339872062646763,"GCAT":0.030444603075878266,"KEL":-4.334656393837194,"CD8A":-0.16944248264991424,"RSL24D1":-2.9988456085771293,"PTK2B":-2.9874212761273538,"TRIM71":-0.7921924293893398,"CPNE2":-1.6322357921647983,"GLG1":1.5630291146731214,"ADAM15":0.2936312825027705,"PURG":0.0,"NELL2":0.0,"CFI":0.0,"PXN":-0.6020211411048438,"ABT1":-0.3947206801511592,"RBM19":-0.6905490960972944,"RBMX2":1.707141977437594,"NPM1":-10.934537178762957,"XAB2":-0.1248450707031051,"VCL":-0.5214790719296997,"POLRMT":-6.366875800430116,"GIT2":1.5895296401904082,"DDX50":1.7695938273019645,"CSK":0.9528336097970239,"FYN":-0.017499207158208355,"FBXO2":0.0,"NVL":-0.6564486674311262,"PABPC4L":-0.6896175395271895,"GSN":-0.8789417461317662,"MAK16":-0.5516947709127192,"ARHGAP27":0.03979593038792623,"CBL":-0.9976313037172426,"TFR2":0.09702595805471023,"ZYX":-0.2060228014426895,"MAPK1":-0.07252671634313321,"RAB6B":-1.4643531115052846}},"NPM1 Subtype":{"min":-37.0,"max":37.0,"top_text":"Committed NPM1 Subtype","bottom_text":"Primative NPM1 Subtype","map":{"ZNF101":0.019500083228559527,"FYN":9.304634828617822,"NELL2":0.0,"GSN":9.502593190368579,"ZNF467":2.1232587609937847,"ATP7B":0.0,"CYTH1":5.412402589577729,"GCAT":-2.755278289116355,"PTPN12":12.19282711927246,"NPM1":-13.438152303775192,"TRIM71":-0.14186406730283269,"FHL3":-0.525528512968839,"ZYX":13.301714625742589,"MAPK1":13.348949136011804,"PXN":7.0441129063635435,"RBM19":-12.87811060183178,"KEL":-0.027269446095397318,"CBL":18.932964507898838,"TSPO":1.639596122096654,"RSL24D1":-4.993394098947895,"ADAM15":7.675461768602384,"CFI":0.0,"RNF157":0.0,"ABT1":-8.90912605826267,"TFR2":-2.6515674099005606,"RAB6B":-0.02646101138739199,"VCL":5.482420258449412,"VASP":19.858661018047084,"RBMX2":-0.4106268326610334,"MAK16":-6.859329474715265,"FBXO2":0.0,"PABPC4L":0.9195912445250984,"GLG1":3.7744648618951966,"CD8A":0.9989353165712622,"PLEKHA4":1.8341456381337844,"GIT2":3.8979345149609586,"CAP1":20.712177577665727,"CPNE2":5.178932264670973,"DDX50":-9.08043146980406,"POLRMT":-5.507007500722679,"PAK1IP1":-4.545820423446199,"PURG":0.0,"FBXO6":2.5587762026512535,"ARHGEF6":2.311266337682093,"CSK":12.73926275076637,"ARHGAP27":14.206132911276503,"PTK2B":16.136805228253067,"XAB2":-2.2722059507008048,"ILK":4.266786791748416,"NVL":-3.9759703925796126,"FN3K":-0.19418150306993576}},"Blast Percent":{"min":-11.0,"max":11.0,"top_text":"High Blast Percent Correlation","bottom_text":"Low Blast Percent Correlation","map":{"ARHGEF6":0.43143270181220383,"PAK1IP1":1.9841388239056084,"ADAM15":-2.122714126100761,"CD8A":-1.0234885122528339,"FBXO2":0.0,"ILK":-4.518603995524095,"PXN":-3.9567005322923854,"POLRMT":0.21626375151853255,"GSN":-5.554955189269221,"FYN":-3.0233410102981675,"NPM1":2.0044213784871614,"TFR2":-0.6335875100707558,"CAP1":-4.2602874651814595,"DDX50":3.5095900253938894,"NELL2":0.0,"CBL":-1.8041329373669555,"PABPC4L":0.4164492420602427,"GLG1":-0.8720982825543931,"FN3K":-3.3782288789872617,"CPNE2":-4.050405150808134,"FBXO6":-3.530255627097528,"RAB6B":-4.24152695790867,"MAPK1":-4.420069809326606,"RBMX2":3.68565933689744,"FHL3":-0.09121276947294583,"VASP":-7.5015039057164,"ZNF101":0.17615382712944086,"MAK16":1.8614610504280855,"ARHGAP27":-2.870828028853152,"PURG":0.0,"TRIM71":-0.5618017427247938,"RBM19":1.6280962243754031,"CYTH1":-3.720175118426021,"PLEKHA4":-0.10480330229978509,"CSK":-1.382275903739603,"ATP7B":0.0,"TSPO":-4.260433091013245,"ZYX":-3.5794090728358556,"GCAT":-0.7013694779181257,"RSL24D1":0.4692949790887385,"ZNF467":-2.373905942070954,"ABT1":3.405923999621191,"XAB2":6.10010885396347,"CFI":0.0,"GIT2":0.25895047799190113,"PTK2B":-4.1647932414773505,"RNF157":0.0,"PTPN12":-3.408793251255496,"VCL":-5.467147509366645,"KEL":-3.5884398201830376,"NVL":1.782726624355852}},"MuSiC CD14 Mono":{"min":-50.0,"max":50.0,"top_text":"High CD14 Mono Correlation","bottom_text":"Low CD14 Mono Correlation","map":{"FYN":11.980012779053814,"FHL3":-0.6088502879654485,"PURG":0.0,"RNF157":0.0,"ILK":8.6838750690384,"CFI":0.0,"TFR2":-1.2392320957620435,"POLRMT":-6.954813167393469,"FBXO6":1.9174153693487372,"CPNE2":6.592813229055914,"VASP":22.978437292921942,"PXN":9.43300809251604,"TRIM71":0.6407258151836278,"ARHGAP27":13.771860732365552,"MAK16":-5.593746971914235,"NVL":-5.706606987610061,"FBXO2":0.0,"ZYX":18.407531849290617,"GIT2":4.992149548182332,"NPM1":-17.855123193602328,"RBM19":-14.361730374238364,"CD8A":0.5710216162225045,"KEL":-0.06453213438314692,"ATP7B":0.0,"RBMX2":-0.07636211041558702,"ARHGEF6":2.669460900225308,"NELL2":0.0,"ZNF467":4.5779740303555725,"CYTH1":3.821834912890025,"RAB6B":0.06343843804190209,"PTK2B":14.689544229442577,