{"Mutation NPM1":{"min":-30.0,"max":30.0,"top_text":"High NPM1 Correlation","bottom_text":"Low NPM1 Correlation","map":{"PTRH2":5.1975535534016295,"VSIG4":-1.155125652025632,"VAPA":2.674067124047623,"RAB5B":-4.394289840735256,"ATL3":-0.43089384792362334,"EMB":0.4832529219657249,"STX7":-1.4667243273059174,"TRIQK":2.483445807795139,"RTN4":2.4717315761624015,"PRKCD":4.560967519609574,"DERL2":-0.14441492365078062,"RAB11A":0.0,"PTPN9":5.157455947024392,"VMP1":3.125247840606312,"VIM":13.248987868003187,"PFN1":-0.05540330155768563,"PIP4P2":0.6431496052451843,"CDIPT":0.36791079612927,"TM9SF1":0.0,"DERL1":-0.8500704883713309,"TBL2":1.14599094199515,"RAB35":0.5470041419794166,"TMX3":0.9865741529897027,"STX10":0.7221867814726826,"STIM1":-2.6607610522092715,"SNX27":1.0696207839999445,"SCAMP2":-0.09152698081290014,"RAB5C":-0.5770151584312811,"KCNE3":0.0,"SLC22A15":0.0,"SSR1":0.7141010437203434,"OSBPL11":0.8564136921969415,"RAB9A":1.9673013074916559,"SYVN1":0.7923424258159917,"ARL6IP5":2.667571931940446,"RETREG3":1.6680375607880031,"SEC62":-0.030366950705896817,"LPCAT2":1.1365008267231067,"METTL7A":3.8320350744347746,"RTN3":0.31323160130052624,"YIPF5":1.3678935409373743,"MOSPD2":-1.2029704124455622,"BCAP31":-0.6261764674167594,"PRCP":2.5769924388942287,"PKP4":-0.8485704021387651,"LNPK":-0.9847507079338197,"MYADM":-0.5591337505011614,"GOLT1B":0.05430506678261338,"TEX2":-1.2614220476560052,"STAM2":2.5449720198133985,"PRICKLE3":0.0}},"NPM1 Subtype":{"min":-37.0,"max":37.0,"top_text":"Committed NPM1 Subtype","bottom_text":"Primative NPM1 Subtype","map":{"TEX2":13.926836518447761,"PIP4P2":8.310696301231419,"YIPF5":1.1738089495142763,"TM9SF1":0.0,"RAB5C":9.827355473628991,"RAB5B":0.44338512402125974,"TBL2":0.05657790633551403,"STX7":7.051363808817316,"PKP4":0.35703296588404304,"RAB9A":9.213017637782087,"SSR1":0.4141766763598837,"PTRH2":-0.1627870782094234,"RTN4":5.536186176350503,"KCNE3":0.0,"ARL6IP5":1.0086807045703419,"STAM2":5.698298091606378,"RAB35":8.093972135126743,"LPCAT2":-0.2327146338345716,"OSBPL11":26.98559412340262,"STX10":12.686918001004043,"SYVN1":0.14607579904806808,"VSIG4":6.9652939237598845,"LNPK":1.0905944321941976,"VIM":3.855961736803668,"VAPA":0.9630034142882941,"STIM1":2.2629935411547932,"PTPN9":12.392462436310478,"TRIQK":0.044197298364221566,"PRCP":1.2914167580250586,"DERL1":-0.09254726814192704,"MOSPD2":16.34038819760998,"SNX27":25.21383093786504,"SCAMP2":3.7157124986264267,"GOLT1B":1.7612601312924934,"METTL7A":3.6506477764599192,"EMB":21.207057627789656,"DERL2":0.06479461225562003,"RTN3":4.838674509828499,"ATL3":10.6688816160996,"PFN1":15.449185277035332,"MYADM":-0.36557319551829215,"SEC62":0.4546177000622151,"RAB11A":0.0,"RETREG3":0.9562615668096779,"SLC22A15":0.0,"TMX3":0.29236433484361474,"BCAP31":-0.6889417854605071,"VMP1":10.637183846012357,"PRICKLE3":0.0,"PRKCD":16.491025650638733,"CDIPT":0.0000108409206968532}},"Mutation FLT3 ITD":{"min":-10.0,"max":10.0,"top_text":"High FLT3 ITD Correlation","bottom_text":"Low FLT3 ITD Correlation","map":{"STX10":-0.6503591633709994,"SYVN1":-0.5650377825987305,"EMB":-0.24799959114654033,"RAB11A":0.0,"RAB5B":-1.5108755969295715,"VIM":4.518902047611949,"OSBPL11":-0.130007293192253,"ATL3":-1.1234914108216543,"CDIPT":0.08111883356614019,"STAM2":2.3570794239212716,"PTPN9":0.28912338708174923,"TBL2":-0.06379161850921419,"LPCAT2":0.9607155733572436,"TM9SF1":0.0,"VAPA":1.0723514050763805,"SSR1":0.8486784345731158,"PRKCD":0.768439903778786,"DERL1":-1.3309721209135228,"STX7":-0.3143328177525132,"KCNE3":0.0,"DERL2":0.5969541732201493,"STIM1":-4.7980973086716725,"YIPF5":0.7695188993155448,"ARL6IP5":1.4363123764872312,"SNX27":-0.10632046912616772,"PTRH2":1.8170543819899256,"RAB5C":-1.3583057221959507,"VMP1":1.0602127632669789,"METTL7A":0.49249745510680615,"RAB9A":1.4534097491392703,"RETREG3":0.2202399571944,"MYADM":-0.6836240961456104,"TEX2":-1.6138504015446367,"PKP4":-1.2249252156316397,"LNPK":-2.7515156799367677,"PRICKLE3":0.0,"BCAP31":-0.7502788272345486,"RTN4":1.2233761700482864,"MOSPD2":-1.101697967289197,"GOLT1B":0.6295894978394599,"PIP4P2":0.08397376456594977,"RTN3":-0.4153221873755033,"PFN1":-0.09500223794373736,"PRCP":1.8480729911363132,"VSIG4":-0.6711043873703276,"SEC62":-0.5582151813351985,"SCAMP2":0.2943344275001161,"RAB35":-1.6330288134284061,"SLC22A15":0.0,"TRIQK":-0.1217411092453137,"TMX3":0.6800161042476496}},"Blast Percent":{"min":-11.0,"max":11.0,"top_text":"High Blast Percent Correlation","bottom_text":"Low Blast Percent Correlation","map":{"RAB5B":-1.3541647588651635,"KCNE3":0.0,"TMX3":-0.2160175522160955,"METTL7A":0.9454921432661189,"SEC62":-0.25580354966569024,"RTN4":-1.6308484571836515,"SNX27":-1.25385490500183,"RAB11A":0.0,"ATL3":-1.1315556720043263,"SCAMP2":-1.5865630818568421,"RTN3":-3.9971493561322355,"TBL2":0.587851823724072,"PTRH2":0.5624834052647213,"PRCP":-0.8076149691456862,"LPCAT2":-0.6475035399343936,"TM9SF1":0.0,"RETREG3":-0.09640805418145755,"VAPA":0.5684100587329041,"OSBPL11":-2.6945771384592936,"PKP4":-0.6658748776273425,"RAB9A":-1.5714241018676598,"DERL2":-0.1275408533057716,"GOLT1B":-3.216787766389916,"PTPN9":-0.5017191064486022,"MOSPD2":-5.269694041395384,"STIM1":-1.5798484002342077,"SYVN1":0.8774351715828996,"VMP1":-1.2714681749711827,"VSIG4":-1.4193325921082491,"PFN1":-3.8154901834730937,"LNPK":-2.555222084232098,"YIPF5":-0.42545496983998754,"PRICKLE3":0.0,"PRKCD":-3.9546810639706367,"SLC22A15":0.0,"PIP4P2":-3.2566711649398696,"STX10":-2.534126638518659,"MYADM":-1.826125657472422,"BCAP31":-0.45050058651424496,"TRIQK":0.6660393100077928,"STAM2":-0.6713380748392511,"RAB35":-2.641799515126824,"RAB5C":-6.235907376326455,"DERL1":-4.574506219329879,"STX7":-1.9700777977188588,"SSR1":0.3897900888763043,"ARL6IP5":-0.312499478050144,"CDIPT":-0.3770262975391371,"EMB":-4.914783240351414,"TEX2":-4.638800791049467,"VIM":0.2967500512487655}},"MuSiC CD14 Mono":{"min":-50.0,"max":50.0,"top_text":"High CD14 Mono Correlation","bottom_text":"Low CD14 Mono Correlation","map":{"RAB5C":11.18743479736458,"TMX3":-0.020851765563283258,"MOSPD2":21.631672090985983,"BCAP31":-0.7530936817154861,"SEC62":0.2010644172173444,"CDIPT":0.045816757600359546,"PFN1":20.228860549646154,"KCNE3":0.0,"STX10":11.378214372140155,"VAPA":0.9318811738738026,"RAB5B":0.32560532639350415,"MYADM":-0.5774030130577267,"TRIQK":0.7942267609483739,"PRICKLE3":0.0,"RTN3":5.771533479794196,"SYVN1":-0.05856554192849505,"PTPN9":14.282677100073832,"METTL7A":2.5633794731224264,"SNX27":35.93603892271557,"RETREG3":0.4400682498903889,"TEX2":14.72026904244739,"ATL3":11.587450463983156,"STIM1":0.7378233479865958,"YIPF5":0.6298764772461652,"PRCP":5.244342553573139,"LPCAT2":0.25994750443543724,"VSIG4":6.429161356250518,"VMP1":10.640977028002663,"RAB9A":10.31796902440174,"VIM":5.178707624203485,"GOLT1B":2.050704116606457,"OSBPL11":29.714322374760247,"SLC22A15":0.0,"PKP4":-0.23041241385206462,"LNPK":0.7859201368905928,"DERL2":0.07266362268387293,"PIP4P2":9.59235497449766,"ARL6IP5":1.7794463206657836,"STX7":7.278791771582772,"DERL1":-0.4517278695652508,"RTN4":7.232262737723753,"RAB35":9.646633740505852,"SSR1":0.422754647409483,"STAM2":10.926267644769036,"EMB":26.538903243061494,"RAB11A":0.0,"SCAMP2":5.692528288844471,"PRKCD":29.169589852727487,"TBL2":0.0034157199331292447,"PTRH2":0.08882139751794846,"TM9SF1":0.0}},"Overall Survival":{"min":-6.0,"max":6.0,"top_text":"High Survival Correlation","bottom_text":"Low Survival Correlation","map":{"MYADM":-1.029929147674692,"RAB35":0.719694805196785,"TM9SF1":0.0,"OSBPL11":0.02269553725888842,"ARL6IP5":1.057465323226095,"SCAMP2":-0.13158992378110348,"RAB5C":0.2348787682636548,"TMX3":1.466406821262469,"STIM1":0.9539860855716301,"VMP1":1.5493501479458154,"METTL7A":1.6496363664291136,"RTN3":-0.4078105508371819,"SYVN1":1.5630502354034381,"EMB":0.06982855077071291,"DERL1":0.7663919117759522,"SLC22A15":0.0,"RTN4":0.18829562538979341,"TEX2":0.05678388325292375,"TBL2":1.5241576821212093,"VAPA":0.5510431721130271,"RAB11A":0.0,"RETREG3":0.8734793555461045,"KCNE3":0.0,"BCAP31":0.2413845383773433,