{"Mutation NPM1":{"min":-30.0,"max":30.0,"top_text":"High NPM1 Correlation","bottom_text":"Low NPM1 Correlation","map":{"MLST8":0.0912801253671784,"TRMT1":-1.4067589166502974,"ATXN2L":-0.2575938074181575,"FBXL12":0.2722306062569698,"ZNF598":-0.024671068220362507,"SNRNP70":0.7777283309175462,"ZNF837":-1.5734504785322825,"CXXC1":-0.10428311906230786,"TSR1":1.0926522932894185,"SRRT":2.4113870863501394,"INTS11":6.754667295828036,"DUS1L":0.33829404542181774,"GPS1":-4.126611574471985,"CLK2":-0.9661756566506516,"PRMT7":0.037832141559257175,"DICER1":3.426851999504502,"MMS19":-0.28461960098092237,"CHCHD4":1.0602290905760374,"TRMT2A":2.3074572624604537,"STK11IP":11.564265777404355,"BOP1":-0.33289116334484303,"RRP9":-0.05022536253446382,"ATXN2":-0.07820105810349831,"METTL26":2.959204080298795,"PDCD2":2.1771215166399718,"SF3A1":0.46184041643896473,"TBL3":-0.42133712551543956,"ACACA":0.2540505142737062,"AKAP1":0.2474253153501272,"NAA40":0.1286107533528081,"ANKRD17":-0.23948282264805984,"RPS7":-3.263902807631704,"NKRF":2.075994373985301,"FLAD1":-1.6242994637753672,"NACC1":-0.46056719019577,"DHX34":-0.41390881920170625,"CDPF1":-1.023543149805709,"SLC38A10":1.5726585670188427,"MYC":-0.10168434394597319,"PRRC2A":-2.6486381104391308,"THAP8":0.0,"ATR":2.9498959852175104,"RHOT2":4.040832973238979,"MCRIP2":0.08376807535298535,"NPRL3":-0.329220981015094,"DUS3L":0.36324212737530986,"PTER":3.1876738524192554,"YDJC":2.817488878992655,"SFXN3":6.956676195947394,"TARBP2":0.4223283333670499,"THTPA":0.4630598619720304}},"Overall Survival":{"min":-6.0,"max":6.0,"top_text":"High Survival Correlation","bottom_text":"Low Survival Correlation","map":{"NACC1":-0.6182341601949103,"ZNF837":-0.914664155206968,"TBL3":0.15074488814966236,"ATXN2L":0.09027384284819047,"NAA40":0.008354703051605922,"PTER":-0.26971487437846253,"FLAD1":0.5785571507777741,"STK11IP":-0.24339152724821214,"CDPF1":0.29565661202053695,"RHOT2":0.032370563790710905,"ZNF598":0.03387076514136354,"PDCD2":0.22576279424411969,"TRMT2A":-0.5801724296514384,"MMS19":0.10799265340265009,"SF3A1":-1.7525024929971134,"ACACA":-1.464782909122928,"NPRL3":-0.48937603094224275,"RRP9":0.046046423544726094,"MLST8":-0.019152284189860577,"FBXL12":-0.19640107112975358,"NKRF":-0.4357751204878504,"MYC":-0.09746207262172309,"YDJC":0.1511047578385313,"DUS1L":0.2942561720907293,"CHCHD4":0.7520362961012924,"ATR":1.0574660414610089,"THTPA":0.4651921622874238,"PRRC2A":-0.29370802712086813,"ANKRD17":-0.0930329666579842,"TSR1":1.0588987816074733,"METTL26":0.18159237569293524,"DHX34":0.0929932781911542,"DICER1":0.06088485355029759,"RPS7":0.51044872234886,"THAP8":0.0,"SLC38A10":-0.9579356833868222,"SRRT":-0.5911626719767533,"PRMT7":-0.6794205824836403,"AKAP1":-0.40543465526888034,"CLK2":-2.4104083084894987,"MCRIP2":1.4345204332617765,"CXXC1":0.1663944808171298,"INTS11":0.15252056673100883,"ATXN2":-0.972671883366346,"SFXN3":0.037261687363494,"SNRNP70":-1.4833865658861327,"BOP1":-2.017728796491659,"GPS1":-0.6943687510044153,"DUS3L":-0.3938596684790746,"TARBP2":0.9375772869995385,"TRMT1":-0.1518841819898324}},"MuSiC CD14 Mono":{"min":-50.0,"max":50.0,"top_text":"High CD14 Mono Correlation","bottom_text":"Low CD14 Mono Correlation","map":{"DUS3L":-4.732478855719308,"YDJC":-1.8372587020018873,"SFXN3":3.0614882875331086,"ATXN2L":-2.382667347663439,"ZNF598":-5.184689840486101,"THAP8":0.0,"FLAD1":-2.9401138267813134,"NKRF":-2.630546742222402,"NPRL3":-0.4270188111434698,"RHOT2":3.401696115369147,"PTER":-0.42742362811295115,"SRRT":-6.524576243934444,"ZNF837":-4.454730742166051,"CDPF1":-0.8924420068120765,"MMS19":1.9047058246868898,"GPS1":-0.3572703712803937,"TRMT1":-11.258536249413671,"TRMT2A":-0.3671738879465994,"INTS11":-0.07450532385833004,"PRMT7":-1.6607817232143434,"MYC":-3.3149980205941003,"SF3A1":-8.197642871147563,"MCRIP2":-2.249048301189807,"TBL3":-12.932345990171589,"BOP1":-8.659347263268932,"ATR":-2.8836412555843918,"ATXN2":-8.853826632580777,"TSR1":-4.94529003936832,"DHX34":0.10809093483520796,"RRP9":-11.098866038808016,"RPS7":-1.7320790203311454,"NACC1":-5.493543219693093,"STK11IP":-0.24361508452281871,"SLC38A10":1.7992519009539152,"MLST8":-0.011794290409069558,"FBXL12":0.7687073149744548,"CLK2":0.12087123343364961,"DUS1L":-1.5865791371441218,"ACACA":-0.3270540769758499,"SNRNP70":-13.124917924756467,"CXXC1":-2.989175663296628,"AKAP1":-1.079903430943315,"DICER1":10.693990888826736,"TARBP2":0.19506526976442834,"ANKRD17":-3.1803833904601353,"THTPA":2.5704262819823165,"CHCHD4":-1.0126841265328452,"METTL26":-1.457533485067133,"PRRC2A":-6.949831811671797,"NAA40":-0.5677917002610998,"PDCD2":-0.013227405057149528}},"Blast Percent":{"min":-11.0,"max":11.0,"top_text":"High Blast Percent Correlation","bottom_text":"Low Blast Percent Correlation","map":{"THAP8":0.0,"METTL26":0.5217970833506114,"YDJC":2.148590313147039,"RRP9":2.8096894745822527,"NKRF":3.057033254657252,"MMS19":-0.3423850171286254,"NAA40":-1.1301505899345323,"TBL3":4.414152929262847,"GPS1":-1.7050674893529298,"PDCD2":1.8980097568096683,"ATXN2L":1.2396366021781298,"INTS11":1.466348212476941,"ZNF837":1.087749715087712,"CXXC1":3.5776373352881077,"SLC38A10":-2.485115836047203,"AKAP1":0.12031276197350511,"RPS7":-0.4376611815719814,"CHCHD4":1.9753765994122705,"DHX34":-0.5463191198657025,"FLAD1":0.35994844969376466,"ATXN2":1.813553740880735,"SFXN3":-0.18774759780056202,"ZNF598":2.0735946243142127,"PRRC2A":-0.3124382299741674,"PRMT7":-0.17580654510313695,"TRMT2A":1.2362187423162074,"SF3A1":5.651715979103699,"TRMT1":3.0466849235205546,"SNRNP70":6.612830368714271,"SRRT":6.098241428870167,"TARBP2":1.314141836152581,"ATR":1.7010150730025166,"DICER1":0.025881665912939746,"RHOT2":-0.04953233230153931,"NPRL3":0.3639006830324434,"ANKRD17":2.759960873750725,"ACACA":-0.7859129947301333,"CDPF1":0.2175075100465948,"PTER":0.6059119786618363,"THTPA":-1.7060651236983377,"MCRIP2":-0.08819547488516165,"TSR1":2.6788069253844022,"DUS3L":4.867324768266018,"MYC":0.7481112329162724,"NACC1":3.3444811985696363,"STK11IP":3.2618592365562247,"BOP1":2.0544434913050322,"MLST8":0.263731541971146,"DUS1L":1.9527349737716053,"FBXL12":0.7299215336490689,"CLK2":0.037315265665429656}},"NPM1 Subtype":{"min":-37.0,"max":37.0,"top_text":"Committed NPM1 Subtype","bottom_text":"Primative NPM1 Subtype","map":{"DICER1":10.588365831714727,"NPRL3":-0.3148833359360811,"ANKRD17":-3.4085657654263857,"ACACA":-0.4941837573000504,"THTPA":1.6716878615272552,"ATR":-1.6628293462076433,"RHOT2":1.73805146526397,"METTL26":-4.251904296032029,"STK11IP":-0.143036977515251,"GPS1":-0.4803765343875011,"SNRNP70":-8.614781223729564,"THAP8":0.0,"RPS7":-0.8103057098037804,"TRMT2A":-0.6537601760654042,"CHCHD4":-1.2234814502753368,"NACC1":-2.5874224264041548,"DUS1L":-0.7277223088935557,"SRRT":-6.061655913423801,"SLC38A10":1.6915642314969466,"DHX34":0.3355474527663369,"PRRC2A":-7.356325399776876,"TARBP2":0.1689342261303913,"INTS11":-0.29638572649941647,"NKRF":-2.7440464766825716,"MLST8":0.016992021929878757,"BOP1":-7.199055129905211,"YDJC":-3.209542036850404,"TSR1":-2.8946286169876196,"TRMT1":-9.815046036256652,"SF3A1":-6.976783224874729,"DUS3L":-3.991195948872613,"MYC":-2.814978620299115,"MMS19":1.5245417080327972,"CDPF1":-0.3351196145557734,"FBXL12":0.35472944770535164,"NAA40":-0.19666179481344986,"RRP9":-8.183185293734027,"ZNF598":-3.595412747061785,"ATXN2":-7.976478165847016,"ATXN2L":-1.2722136754603368,"SFXN3":1.2072949490354714,"PDCD2":-0.040864590611354445,"MCRIP2":-1.221755172792207,"PTER":-1.1368963544404023,"PRMT7":-0.8817856898283498,"AKAP1":-0.6194353543528118,"FLAD1":-2.983432802335204,"TBL3":-9.987067475322727,"ZNF837":-3.796824430741479,"CLK2":-0.20290888949071106,"CXXC1":-3.722222750735667}},"Mutation FLT3 ITD":{"min":-10.0,"max":10.0,"top_text":"High FLT3 ITD Correlation","bottom_text":"Low FLT3 ITD Correlation","map":{"DICER1":0.878025513728698,"PDCD2":0.5607617629908207,"SFXN3":2.7412345635376307,"TRMT1":0.10237649870617489,"FBXL12":-0.4602833490232754,"SNRNP70":0.17394919618031818,"BOP1":0.7048276756066963,"INTS11":3.424053811249681,