{"MuSiC CD14 Mono":{"min":-50.0,"max":50.0,"top_text":"High CD14 Mono Correlation","bottom_text":"Low CD14 Mono Correlation","map":{"ATF2":-7.3149062069486295,"STX17":-9.619466727276226,"SMAD2":0.20730701522966638,"PGM3":3.5439432686900516,"RICTOR":-1.860222330021394,"UBE3A":-0.04580304149176501,"SMAD4":-1.7735972204146644,"ZNF510":0.0,"XPO1":-1.4175754679797263,"YY1":-3.3668681402280103,"PIAS2":-4.237896532180207,"ZNF268":-5.580184642351871,"TRIM33":-6.5860251311272195,"EP300":3.2515858328739564,"MLH3":-1.5733095186726858,"TTC9C":-1.1656556221011767,"PPFIBP1":-1.983083070319204,"AKAP11":-0.18634639207111284,"RALA":-4.397651296992921,"QRSL1":-4.571413871138934,"DCAF8":-0.881596112748494,"GLMN":-1.544848552903407,"SP1":0.2655963086652064,"TSTD2":-4.265591995279014,"BTF3L4":-0.4881042316944132,"SKIL":0.0,"HMG20A":-18.560741832581783,"PIAS1":-0.3246475007966022,"NAA25":-5.463822175841141,"APEX1":-8.554182832038181,"USP19":0.5113240694056389,"UBA6":-0.4018090120779482,"SBNO1":-4.0498955105136005,"PHF3":-12.961577679336992,"ZMYM2":-9.524331092496315,"SMURF2":-2.6035088651299976,"SKI":-0.515022487418083,"EXOC8":0.6952777906973736,"MCTS1":-0.47095616062236445,"USP24":-0.33674104843519465,"PPP1R12A":5.826127903819495,"CSNK1D":2.20067362429963,"PRPF39":-1.824660617480469,"RIOK2":-3.9312243969028393,"ZMIZ1":-2.0568395913363884,"STXBP4":-2.799685630217745,"SORD":-8.518018952538569,"LRCH3":-0.2569954215906594,"SMG8":-0.1610719753365585,"SMAD5":-0.8478907101060307,"PAIP1":-0.2543925416194317}},"Mutation NPM1":{"min":-30.0,"max":30.0,"top_text":"High NPM1 Correlation","bottom_text":"Low NPM1 Correlation","map":{"MCTS1":-0.7191380802159101,"PHF3":-0.1830491710438191,"RIOK2":2.6592975920076354,"SP1":1.1728449890268615,"ZMIZ1":1.2268342408830601,"RALA":-0.4073028513175372,"TRIM33":2.2628328892152902,"SORD":-0.04647427886835298,"STXBP4":0.4469738875642527,"PIAS2":-0.1804177302127655,"USP19":0.32144929551303736,"DCAF8":-1.0932065118474483,"ZNF268":-0.004676917495395363,"PRPF39":-0.5239237007677627,"APEX1":-0.12706186365657723,"TTC9C":-2.1481053369238534,"HMG20A":0.16690610058578387,"SBNO1":0.27011574502838864,"ZNF510":0.0,"BTF3L4":0.2497399240050312,"PGM3":1.9710059929802184,"LRCH3":1.4683936843701704,"RICTOR":-10.105026364493801,"GLMN":-1.0553299580443223,"UBA6":-1.6610445100930735,"EXOC8":-0.3650966914075443,"AKAP11":1.732268063599659,"SMAD4":2.528879578326301,"XPO1":0.6703624323215266,"SMAD5":2.0999751298924867,"EP300":1.1861962538320805,"MLH3":-0.21216639020975497,"TSTD2":0.861574604305122,"ZMYM2":0.5768331298126343,"NAA25":-10.590267080316163,"USP24":-2.1447600206533872,"STX17":0.018996874043907017,"SMAD2":2.676016637080947,"PPP1R12A":-1.8323008715403553,"CSNK1D":0.40642381555570634,"PIAS1":0.4339490932651839,"QRSL1":-0.3235848904219504,"SKI":6.5440838960132925,"SMG8":-0.827611447709798,"ATF2":-0.030514165064743852,"SKIL":0.0,"YY1":-0.042156714907525754,"SMURF2":-1.8050248318918685,"UBE3A":-3.517287949608765,"PPFIBP1":7.4358767034987725,"PAIP1":0.3420696182362687}},"Mutation FLT3 ITD":{"min":-10.0,"max":10.0,"top_text":"High FLT3 ITD Correlation","bottom_text":"Low FLT3 ITD Correlation","map":{"ATF2":-0.366178571420141,"TRIM33":1.1815655145037092,"NAA25":-3.759460539988195,"RIOK2":3.1782095402005295,"PPP1R12A":-3.0388652432068,"RALA":1.1802458907106892,"SMAD4":0.6007956135210275,"EXOC8":-0.07854205176703319,"QRSL1":0.1402630421653468,"UBA6":-1.684584964590288,"PAIP1":-0.2740047710149944,"LRCH3":0.2638960862255101,"HMG20A":0.26114458119182477,"SP1":0.13441853735601678,"SBNO1":0.2350860289700408,"AKAP11":4.978931097311209,"TSTD2":0.11292163353468304,"MCTS1":-0.10452285519661898,"SMURF2":-1.0126108533771196,"SKIL":0.0,"RICTOR":-3.9888701782183382,"APEX1":0.16260193036553675,"PIAS2":0.09570803047234831,"SMAD2":1.3601333147928536,"ZNF510":0.0,"UBE3A":-1.1099667616777529,"PIAS1":0.2059616354768976,"PRPF39":-1.085284689446129,"CSNK1D":-0.03222743850567041,"STXBP4":1.7428014095581812,"SORD":-0.1599604739747368,"SMG8":-2.559424588283866,"PPFIBP1":1.8599791411906965,"ZMYM2":0.3384800774538115,"BTF3L4":0.3324100443039492,"PHF3":0.4354393681810527,"DCAF8":0.08640042507403904,"ZNF268":0.052633341457787364,"USP19":-0.14353458916930903,"XPO1":0.2544644500796783,"PGM3":0.44970483026494545,"SMAD5":0.46109218871996066,"GLMN":0.2355110981887897,"YY1":-0.10950975674698453,"TTC9C":-1.4388424290611097,"EP300":-0.034602454011254884,"ZMIZ1":1.019172089628285,"MLH3":0.5883347734101918,"STX17":0.07121224164278499,"SKI":1.0287782835484964,"USP24":-3.1753594518501487}},"Blast Percent":{"min":-11.0,"max":11.0,"top_text":"High Blast Percent Correlation","bottom_text":"Low Blast Percent Correlation","map":{"SMAD4":3.3204381761589765,"BTF3L4":0.3832133654900355,"CSNK1D":0.17976497235448907,"ZNF268":1.92870535390535,"PAIP1":0.36525743201820965,"DCAF8":-0.3000073141817087,"GLMN":-2.0364623231446783,"USP19":0.10703933456992891,"XPO1":0.5857500169604274,"PIAS2":1.6750718091449488,"PGM3":-0.9389354642614609,"RICTOR":-0.011834535413421856,"TRIM33":4.8116755299709695,"YY1":3.2149074007067724,"UBE3A":-0.12371605746866794,"EP300":0.862749302531665,"UBA6":0.1688784080878236,"TSTD2":3.509006185827576,"SKIL":0.0,"TTC9C":0.840808954320295,"APEX1":5.490836922945718,"SKI":2.887200404198582,"PPFIBP1":0.7421857244663651,"PHF3":4.69491194398458,"PPP1R12A":-2.390647790736949,"ZMIZ1":2.110728051357378,"RALA":1.4751175910897816,"SP1":0.7127001637099892,"SORD":1.1848544963029906,"ATF2":3.526578704960488,"SMURF2":2.140395184870103,"SMAD5":2.2926064255954497,"EXOC8":-2.306272531250886,"MLH3":-0.06054159313930281,"ZNF510":0.0,"STXBP4":-0.15955681709757505,"STX17":3.106720655361131,"RIOK2":1.2522464110600462,"USP24":-1.1639157418057635,"MCTS1":-0.42396265673439487,"PIAS1":3.219100564424669,"PRPF39":-0.013888778562177597,"SBNO1":0.8045236006893506,"QRSL1":0.01787398790248764,"NAA25":-0.8166514660415934,"LRCH3":3.299749257813923,"SMAD2":0.6152677739554413,"SMG8":0.2875346134600787,"AKAP11":0.15087822888056382,"ZMYM2":5.506566318296612,"HMG20A":4.9897150198088385}},"NPM1 Subtype":{"min":-37.0,"max":37.0,"top_text":"Committed NPM1 Subtype","bottom_text":"Primative NPM1 Subtype","map":{"STXBP4":-2.0238670227916717,"USP24":-0.05100103476908292,"PPFIBP1":-2.5922829929360014,"DCAF8":-1.5472980001531784,"SORD":-6.080454742112036,"QRSL1":-2.8999020261515276,"EXOC8":-0.4288003669856902,"SMG8":0.019676135674135578,"SMAD4":-2.469584552533857,"STX17":-9.299082337596868,"SMAD2":-0.4322679142849834,"YY1":-2.61413909744744,"LRCH3":-0.2703981721518085,"USP19":0.5885255121004864,"HMG20A":-16.635650461594825,"SP1":0.44815574376343803,"PHF3":-10.535609558550146,"PPP1R12A":7.52640803160813,"MCTS1":-0.9047358902446127,"PAIP1":-0.15862655558136776,"PRPF39":-2.974067880952402,"NAA25":-3.5453025544042487,"TRIM33":-7.834487061594487,"TSTD2":-5.3519194438224815,"XPO1":-1.6671056804186337,"RALA":-3.2515308245088113,"CSNK1D":2.6658753907371233,"RIOK2":-2.5394035822431533,"ZNF510":0.0,"TTC9C":-0.7231855609975087,"SBNO1":-4.166992486633128,"UBE3A":-0.42842692749842537,"ZNF268":-5.119844121366398,"BTF3L4":-0.8486410513718636,"EP300":1.921502290883876,"GLMN":-0.9481712019407977,"ZMYM2":-11.786659746251797,"SKIL":0.0,"SKI":-0.9652148473174947,"UBA6":-0.20414894474501782,"ATF2":-7.672828326434868,"MLH3":-2.59885220571809,"ZMIZ1":-3.196371232073834,"PGM3":2.0436469548479383,"RICTOR":-2.5064783437883857,"APEX1":-10.20635800762673,"SMAD5":-1.0867275955749913,"AKAP11":-0.35372962197681357,"PIAS2":-2.374160645919731,"SMURF2":-1.8037653818121118,"PIAS1":-0.2380397695592762}},"Overall Survival":{"min":-6.0,"max":6.0,"top_text":"High Survival Correlation","bottom_text":"Low Survival Correlation","map":{"EP300":-0.33887591101364556,"STX17":0.018690495546874148,"PAIP1":-0.8950818238792015,"PPP1R12A":-0.32910457202160265,"TSTD2":0.22985961947705527,"NAA25":-0.10180240040737884,"USP19":-0.10229165247872143,"RIOK2":0.43218034837504493,"ZNF510":0.0,"SMAD2":0.48078183628425286,"SKIL":0.0,"SP1":0.885280499472992,"PGM3":-0.3671810460756405,"LRCH3":0.21469646932351072,