{"MuSiC CD14 Mono":{"min":-50.0,"max":50.0,"top_text":"High CD14 Mono Correlation","bottom_text":"Low CD14 Mono Correlation","map":{"BRAF":0.2802800837102017,"ZMYM3":-14.60444011047265,"CD96":-1.8638032254287054,"DCAF7":-12.004081374041544,"H2BC10":0.0,"ADA":-5.991802346872466,"SSBP2":-9.451478735316226,"ARHGAP5":-7.068558816586883,"DYNLL2":-2.9095352679293742,"RNF111":0.0,"ANKRD17":-3.1803833904601353,"CDR2":-2.247422222541463,"ZNF609":-11.343646347831436,"CNOT3":-5.365430052333335,"SMAD4":-1.7735972204146644,"YTHDF2":-4.329724133701688,"DYRK1A":-2.980917986353556,"TGIF2":0.0,"SKIL":0.0,"KDM1A":-12.788789772906915,"RLIM":0.10005141958482172,"FXR1":-5.1350233429049394,"RRP1B":-11.568091968497875,"SMG7":-2.080007809469699,"TTC3":-10.20226874602621,"PUM1":-6.3171339401873245,"CNOT2":-5.105334490732924,"EIF4ENIF1":-10.060343961603103,"CNOT10":-4.375617512719644,"SMURF1":0.0,"RNF214":-13.501584121857956,"DENND11":-11.224381451365785,"CLSTN1":-0.19520946334786063,"TP53BP1":-24.199875826740755,"ZMYM2":-9.524331092496315,"SATB1":-8.068189511935485,"ADNP":-17.05972211914831,"ZMYND11":-13.823889880559792,"UNK":-7.350127022766308,"SUDS3":-10.856887133741125,"DNAL4":-3.1864215538643963,"RUNX3":-0.8239879006335973,"SMARCC1":-14.722138021838626,"MYBBP1A":-14.785630708539758,"CNOT1":-1.2718927490672431,"UBAP2L":-3.850646031888466,"TLK1":-12.079700171307568,"SMURF2":-2.6035088651299976,"DYNLL1":-0.9547157486228275,"GOLGB1":-4.313311804609197,"IGLL1":-8.749749369172017}},"Mutation NPM1":{"min":-30.0,"max":30.0,"top_text":"High NPM1 Correlation","bottom_text":"Low NPM1 Correlation","map":{"CNOT10":-1.0246758638118223,"SMAD4":2.528879578326301,"BRAF":0.30923619754172466,"UBAP2L":-0.6522478022080188,"ANKRD17":-0.23948282264805984,"SMG7":-2.1151428012349394,"ZMYND11":-1.7730941497614399,"GOLGB1":0.694815969385187,"FXR1":-0.14148894229712425,"KDM1A":-0.3359988292238178,"IGLL1":-3.082770850141571,"RUNX3":-6.109523406190902,"ZNF609":1.4202267393521635,"DENND11":-0.30427211624949035,"TP53BP1":0.42544576075244883,"ADNP":-0.18151071700362442,"CNOT1":-0.43627944564591814,"ADA":-0.22799134855535927,"H2BC10":0.0,"ARHGAP5":-2.1934492637154177,"SKIL":0.0,"YTHDF2":-0.001283285518315066,"DYRK1A":-4.161333774168971,"SMARCC1":-0.9261258530031201,"CNOT2":-1.6103868343554766,"SUDS3":-0.23038885458982525,"DYNLL2":-0.766589175571308,"SSBP2":-0.4296000873406348,"SMURF1":0.0,"PUM1":0.14166231336632512,"MYBBP1A":-0.5636328747815655,"RRP1B":-3.831735811683717,"CD96":-0.08330528988630385,"SATB1":0.13488147629876215,"RNF111":0.0,"SMURF2":-1.8050248318918685,"RLIM":1.2650962101685042,"DYNLL1":2.7568058712233316,"UNK":-0.04479558097662234,"ZMYM2":0.5768331298126343,"CNOT3":-2.0239507466006628,"DCAF7":-0.5874534026997669,"TTC3":-1.2807256572514705,"ZMYM3":0.283436023449797,"TLK1":-1.2812912732178454,"EIF4ENIF1":-1.797643700644,"CLSTN1":-1.0452633149548924,"TGIF2":0.0,"DNAL4":0.689467305493381,"CDR2":-3.036212629406297,"RNF214":-0.7043324992920448}},"Mutation FLT3 ITD":{"min":-10.0,"max":10.0,"top_text":"High FLT3 ITD Correlation","bottom_text":"Low FLT3 ITD Correlation","map":{"SKIL":0.0,"ZMYND11":-0.9332730968300189,"GOLGB1":1.1350933163362957,"DYRK1A":-3.4162324988720525,"SMURF1":0.0,"TP53BP1":1.301258928226229,"UNK":-0.5831625065257054,"ANKRD17":0.019817623128020122,"DCAF7":-0.9777659846173286,"TLK1":0.2895810707710724,"ADA":-0.058652930047477916,"TGIF2":0.0,"SMG7":-0.44045033761400726,"ZMYM2":0.3384800774538115,"H2BC10":0.0,"DENND11":-0.25974528148196235,"RNF214":-0.5515592110210428,"RLIM":0.01999829350067707,"BRAF":-0.3959719316578061,"ARHGAP5":-1.2704490634762091,"IGLL1":0.22625184494866304,"MYBBP1A":0.1016030091511709,"SMARCC1":-0.09422128941975079,"RRP1B":-0.07219636185653593,"SATB1":0.1677791873613586,"ZNF609":0.8593983326454129,"PUM1":-0.19006676430068978,"CNOT3":-1.80717729757972,"SUDS3":-0.28202036410007875,"SSBP2":-0.2393560584913123,"UBAP2L":0.9066254174299238,"CDR2":-2.4413867872784163,"FXR1":-0.05419574126121839,"CNOT10":-0.7093565650760137,"ZMYM3":0.06582016940149317,"DYNLL2":-1.08362969179946,"KDM1A":0.19866792907262892,"RUNX3":-0.8716648052933239,"CLSTN1":-1.215071894655931,"DYNLL1":0.9709939063933902,"CNOT1":-0.7539049743073024,"EIF4ENIF1":0.5557625542216302,"ADNP":0.18408555971675689,"RNF111":0.0,"DNAL4":0.09214486804669991,"YTHDF2":-0.16883875318817818,"TTC3":0.43215920320027484,"CD96":0.8951648221648401,"SMAD4":0.6007956135210275,"CNOT2":-3.2102582375684747,"SMURF2":-1.0126108533771196}},"NPM1 Subtype":{"min":-37.0,"max":37.0,"top_text":"Committed NPM1 Subtype","bottom_text":"Primative NPM1 Subtype","map":{"SMARCC1":-11.425483867736347,"ADNP":-14.496376424468377,"IGLL1":-6.246691677415451,"UBAP2L":-2.126544008758878,"SSBP2":-7.024589916029452,"DENND11":-7.653586215511895,"RUNX3":-0.12145519873394908,"SMAD4":-2.469584552533857,"RNF214":-6.184135810496849,"SMURF1":0.0,"BRAF":0.041377026975135775,"ADA":-6.882286673658963,"TP53BP1":-19.92905316119152,"YTHDF2":-2.2071401232124086,"CNOT3":-2.6359222610601765,"RNF111":0.0,"PUM1":-6.057181674522193,"RLIM":0.31414621148508637,"SATB1":-3.3156990991115878,"DYNLL1":-2.2385630300367767,"DNAL4":-2.9367753124100053,"GOLGB1":-3.767010853076365,"SKIL":0.0,"RRP1B":-7.9678132630183764,"ZMYM3":-14.31475667647688,"TGIF2":0.0,"TTC3":-6.479059728806612,"CD96":-0.7859987947801543,"UNK":-6.771170161369924,"ZNF609":-9.23831660573384,"ZMYM2":-11.786659746251797,"DCAF7":-8.77202294856486,"CNOT1":-1.6153419326646392,"DYRK1A":-3.4935634064856744,"CNOT2":-2.693876383335918,"SUDS3":-7.854782561868156,"CLSTN1":0.3323230841209308,"FXR1":-5.124068132851216,"DYNLL2":-3.089191975431689,"ANKRD17":-3.4085657654263857,"H2BC10":0.0,"CNOT10":-4.05079009234509,"CDR2":-0.30808906103129763,"EIF4ENIF1":-7.009593233351023,"SMG7":-3.290069137520409,"SMURF2":-1.8037653818121118,"MYBBP1A":-10.68510960157813,"ARHGAP5":-3.484021441762308,"TLK1":-6.781459364834441,"KDM1A":-11.454216703226782,"ZMYND11":-8.217122887366727}},"Blast Percent":{"min":-11.0,"max":11.0,"top_text":"High Blast Percent Correlation","bottom_text":"Low Blast Percent Correlation","map":{"DCAF7":2.2017049539085085,"CD96":-0.10470256644778562,"RLIM":0.4774656897343827,"MYBBP1A":5.993577847191054,"RNF214":1.6166478905333326,"ADNP":5.426808320522711,"PUM1":3.3516443462144037,"DYRK1A":-0.2746656524904478,"TGIF2":0.0,"ZNF609":4.74288231758048,"SMARCC1":4.429979273448409,"EIF4ENIF1":0.01622728798005389,"UBAP2L":0.9883804146505466,"FXR1":5.603267652794936,"SUDS3":5.868147810008543,"CDR2":-0.3200731638331707,"ZMYM3":5.232096884569037,"SSBP2":2.144764658893192,"CNOT2":1.0679167304503736,"CNOT10":1.2847831074481812,"TLK1":2.1635277894963094,"ZMYND11":4.944839058980807,"ARHGAP5":0.15378418215707784,"TTC3":2.480645739682078,"ZMYM2":5.506566318296612,"ANKRD17":2.759960873750725,"CLSTN1":-0.4606699578484101,"CNOT1":2.4289050966163273,"IGLL1":0.23671817380009577,"DYNLL1":0.002215973306221141,"GOLGB1":1.4774499423019523,"DNAL4":0.7849206935024059,"KDM1A":3.8407230546841316,"H2BC10":0.0,"DYNLL2":0.513423078618417,"RUNX3":-0.04658788910508378,"CNOT3":0.749984417139794,"SMURF2":2.140395184870103,"SMG7":0.21440550841348338,"RNF111":0.0,"SMAD4":3.3204381761589765,"DENND11":1.895599527710854,"YTHDF2":1.256241831791291,"BRAF":-2.6755592595571054,"TP53BP1":5.981875617955371,"UNK":4.799371374209819,"SKIL":0.0,"RRP1B":1.1450001455449053,"SATB1":2.1103388830354017,"ADA":2.0497246847570443,"SMURF1":0.0}},"Overall Survival":{"min":-6.0,"max":6.0,"top_text":"High Survival Correlation","bottom_text":"Low Survival Correlation","map":{"UBAP2L":0.23148290664488536,"IGLL1":0.18735690602736335,"TGIF2":0.0,"ADNP":-0.5935639364265656,"TLK1":-0.6412479753132194,"YTHDF2":-0.1947362951964125,"RNF111":0.0,"H2BC10":0.0,"UNK":0.1509551106028646,"SMG7":-0.08024666350743229,"CDR2":1.5488063292912984,"RRP1B":-0.48896634392091365,"SMURF1":0.0,"EIF4ENIF1":-0.08500097159311452,"DNAL4":-0.4787790859865669,"ADA":-0.3762998812392218,"DCAF7":0.025576315871556395,"KDM1A":-1.484905755397661,"RNF214":-0.20075580689070693,"DYNLL2":-0.19161450100808172,