{"MuSiC CD14 Mono":{"min":-50.0,"max":50.0,"top_text":"High CD14 Mono Correlation","bottom_text":"Low CD14 Mono Correlation","map":{"DDX50":-9.526273264648804,"PRKRA":-12.55123585574052,"NOP56":-12.287173456586517,"NSA2":-11.240283148408857,"RPL4":-1.6443148504195038,"RBM19":-14.361730374238364,"ABT1":-12.92928811231637,"H4C1":0.0,"FBL":-8.97889053298179,"NOP2":-8.546536827716121,"RPL13":-1.023164646669976,"ILF3":-11.911758106549213,"WDR46":-8.94251754776547,"PUM3":-12.407773648544316,"ZNF346":-6.415767943369869,"CCDC137":-2.2807130399868467,"REXO4":-11.888405314522938,"NIFK":-8.18716442599924,"RBM28":-9.034522810645504,"GTPBP4":-6.23803081489971,"SURF6":-15.631332858690403,"FTSJ3":-15.421110154460724,"RRS1":-12.868403292893431,"RPL35":-0.274573470707126,"CEBPZ":-16.719284807840733,"RPL3":-1.0051274634680696,"MYBBP1A":-14.785630708539758,"BMS1":-19.79233884036587,"RBM34":-12.125713558834304,"RPL31":-1.00636866626139,"DDX31":-8.890984631515398,"LARP7":-12.105085096774983,"TTF1":-9.541091702294896,"NOC2L":-13.660289017197156,"RPL10A":0.22574393918174993,"RPS8":-0.08142716620199128,"DDX54":-10.147255596509488,"RRP8":-7.857759757795853,"DGCR8":-0.032819814409556246,"DDX21":-3.782395840795795,"H4C2":0.0,"NPM1":-17.855123193602328,"DKC1":-14.010924546487777,"KRR1":-8.646648278757858,"PPAN":0.0,"RPS6":-0.3158886071888914,"POLR1E":-11.279699461315776,"UTP23":-6.145507495017794,"EBNA1BP2":-15.524230339806167,"RSL1D1":-7.4660997329294005,"RPL7A":0.4821725370573606}},"NPM1 Subtype":{"min":-37.0,"max":37.0,"top_text":"Committed NPM1 Subtype","bottom_text":"Primative NPM1 Subtype","map":{"NOC2L":-11.761019622264989,"NPM1":-13.438152303775192,"RPL13":-1.2165466715245763,"DDX50":-9.08043146980406,"RRS1":-11.478921217968526,"GTPBP4":-4.3629393222878345,"ZNF346":-8.831832713652773,"RPL10A":0.2555674298972103,"PUM3":-10.264371078119446,"LARP7":-11.33709038402434,"UTP23":-6.224429232313896,"NOP56":-10.680387656754194,"DDX54":-7.023159929330027,"RBM34":-8.044671331911882,"PPAN":0.0,"EBNA1BP2":-11.159132587295273,"DDX21":-1.1255676636816119,"FTSJ3":-11.626232321045588,"POLR1E":-10.925333612076162,"H4C1":0.0,"H4C2":0.0,"SURF6":-12.366320027592076,"REXO4":-9.574112687553159,"ILF3":-11.277614677704031,"DKC1":-12.58475261131641,"ABT1":-8.90912605826267,"RSL1D1":-5.528697070183275,"RPL3":0.6710160927774381,"NSA2":-9.988107755585773,"CCDC137":-1.8775424718706473,"RRP8":-5.382267223566811,"RBM28":-8.212440511903713,"FBL":-10.109692936407185,"NOP2":-6.31166900364867,"BMS1":-13.564458056377818,"RPL4":-1.52888610886292,"RBM19":-12.87811060183178,"RPL35":-0.40845240936604327,"WDR46":-6.7711579606952705,"PRKRA":-8.652721980244607,"RPL31":-0.6297047231703583,"RPS6":0.007810008892230348,"TTF1":-7.852382449558903,"KRR1":-5.596537760572822,"NIFK":-6.440812693758712,"RPS8":0.14476340699783075,"MYBBP1A":-10.68510960157813,"CEBPZ":-13.857701486723345,"RPL7A":0.5489403941094042,"DGCR8":0.029295442912797585,"DDX31":-6.366409553336949}},"Mutation NPM1":{"min":-30.0,"max":30.0,"top_text":"High NPM1 Correlation","bottom_text":"Low NPM1 Correlation","map":{"DKC1":0.1741933865196276,"FTSJ3":-4.891311934634959,"DDX54":-15.6236908510407,"NSA2":-5.7638375639775,"RSL1D1":-1.2245118755277333,"RRP8":-1.1184294359433926,"DGCR8":1.5599913338073144,"RBM28":-1.2826211849143154,"REXO4":-1.0636358644422221,"DDX50":1.7695938273019645,"RPL7A":0.3045067109752096,"CCDC137":-1.6260674624923772,"EBNA1BP2":-8.33629018798704,"CEBPZ":-1.9544114269886197,"ILF3":1.3262304082673484,"DDX31":-1.2311876030020787,"PPAN":0.0,"WDR46":-2.428636619801485,"GTPBP4":-5.931162078751271,"TTF1":-0.4029789227614615,"BMS1":-2.283805816651445,"RPL13":-0.4140033473074155,"UTP23":-0.6379200248752754,"SURF6":-10.172520681717767,"NOP56":0.20947392553763705,"RPL3":-2.1174415801168673,"RBM34":-3.5145832775478247,"NOC2L":-2.3524037718843913,"RPL10A":-0.2709087768490584,"RPL31":-0.37945355641120365,"LARP7":1.0918054474406005,"ZNF346":2.242042025279875,"PUM3":-3.043304825488322,"H4C1":0.0,"RPL4":-0.46807765306186916,"DDX21":-2.0568335082339075,"RPL35":-0.7033065484162377,"H4C2":0.0,"PRKRA":0.1960858906866309,"NOP2":-0.16986479373592345,"POLR1E":0.40857927065745425,"KRR1":-8.223669577980502,"NPM1":-10.934537178762957,"RPS6":-1.2886536925634187,"FBL":0.3979013124031621,"ABT1":-0.3947206801511592,"RBM19":-0.6905490960972944,"RPS8":0.2416929718370745,"RRS1":-6.764646753434744,"MYBBP1A":-0.5636328747815655,"NIFK":-2.261789793941134}},"Overall Survival":{"min":-6.0,"max":6.0,"top_text":"High Survival Correlation","bottom_text":"Low Survival Correlation","map":{"CCDC137":0.03846770320088716,"PPAN":0.0,"PUM3":-1.1927558889695937,"LARP7":-0.384015151740743,"PRKRA":-0.270353730911241,"RPL7A":0.8793248573133643,"RPL4":2.092187270185198,"ABT1":-0.022783924617919702,"NIFK":0.8003144230297862,"KRR1":0.5051985211340179,"DDX50":-0.2532038794942679,"NPM1":0.521776265381839,"UTP23":-0.10027856814826083,"ILF3":-0.673717588424537,"RBM28":-0.2114554487872429,"REXO4":-0.7781353219272235,"RPL31":1.1973036373386845,"DDX31":-0.1171781640102957,"RBM34":-0.2577311208632447,"MYBBP1A":0.14813471712952658,"H4C1":0.0,"SURF6":0.22418623930255233,"RRS1":-0.0716894707535641,"RPL35":0.9411548296220251,"RPL10A":0.8670455052621319,"NSA2":0.2055237789227334,"ZNF346":-0.44372924402726777,"DDX21":0.5859588008676385,"TTF1":-0.5216571631703777,"BMS1":-0.034309487095320154,"RPS8":2.581408544530062,"RSL1D1":0.2162058356049636,"GTPBP4":0.25898307673904336,"EBNA1BP2":-0.0012940062183737144,"NOP2":-0.4143222924376503,"NOC2L":-0.0018758652511020341,"RRP8":0.3105833203025478,"RBM19":-0.2615342644754019,"DKC1":-0.9407539581713261,"DGCR8":0.10831494286881216,"FTSJ3":0.011628932732926523,"POLR1E":-1.7448081807433278,"RPS6":1.2495431582095673,"RPL3":0.9244568717507486,"RPL13":0.45050134360241867,"DDX54":0.1170301905301747,"CEBPZ":-0.024675197107666604,"WDR46":0.29376657096397296,"FBL":-0.9098694125031116,"H4C2":0.0,"NOP56":-0.23643080054952165}},"Blast Percent":{"min":-11.0,"max":11.0,"top_text":"High Blast Percent Correlation","bottom_text":"Low Blast Percent Correlation","map":{"EBNA1BP2":1.9855502582925566,"RPL7A":-0.028328188636819514,"RPL35":-0.7309781153148557,"ILF3":7.17349298523562,"WDR46":1.8670783326573703,"H4C1":0.0,"DDX21":0.9272585157892512,"NSA2":1.973476585591646,"NIFK":1.4201465125713717,"TTF1":1.1600526929520165,"RPS8":-0.4706099995325852,"NOP2":1.7755402437989636,"MYBBP1A":5.993577847191054,"RRP8":2.243014926294887,"DDX50":3.5095900253938894,"ABT1":3.405923999621191,"ZNF346":3.4390697963033032,"SURF6":2.2762460430407954,"FTSJ3":2.996754582635453,"RRS1":1.7794198536521433,"NOC2L":2.503228320174259,"RPL4":1.0571351985337578,"RPL31":-0.6855816905156188,"RBM19":1.6280962243754031,"FBL":4.2505010336902656,"PUM3":2.523723060811962,"CCDC137":-0.043016047605337566,"DDX31":1.325663952488323,"GTPBP4":0.49028081735385803,"RSL1D1":1.8582584976565182,"UTP23":2.357585108479957,"REXO4":1.5708010181628254,"H4C2":0.0,"RPL3":-0.6913802452549015,"RBM28":2.2577033592395326,"LARP7":5.1093985539321904,"NPM1":2.0044213784871614,"PRKRA":5.497952119995679,"KRR1":0.46381365454384327,"RPL10A":-0.15203744000090666,"DDX54":0.6955093969541514,"RPL13":0.9841915305531751,"CEBPZ":3.250060996859164,"PPAN":0.0,"DKC1":4.808970083454023,"DGCR8":-0.05756968416066435,"NOP56":4.841025110767836,"RBM34":1.320741331436895,"RPS6":-0.8534169068407181,"BMS1":7.051611806893314,"POLR1E":2.6228283215015646}},"Mutation FLT3 ITD":{"min":-10.0,"max":10.0,"top_text":"High FLT3 ITD Correlation","bottom_text":"Low FLT3 ITD Correlation","map":{"RBM34":-0.4458604177888122,"KRR1":-1.1356429124529246,"MYBBP1A":0.1016030091511709,"H4C1":0.0,"RPS6":-0.20478221392021723,"RPL10A":0.6744613667051331,"PUM3":0.1976500500155467,"DDX31":0.13139865304570109,"RPL7A":0.8956986859365025,"BMS1":0.435294612636052,"RBM28":-0.03760821847459456,"FBL":0.6601583046057095,"PPAN":0.0,"ZNF346":0.6141479879632505,"NIFK":-0.0632311811086734,"CEBPZ":0.1354183518804598,"PRKRA":-0.2073231854087779,"ILF3":0.6269173487915035,"RPL31":0.3432749088827293,