{"Mutation FLT3 ITD":{"min":-10.0,"max":10.0,"top_text":"High FLT3 ITD Correlation","bottom_text":"Low FLT3 ITD Correlation","map":{"KIFC1":-2.7480661237588015,"RECQL4":-1.5400984684828587,"CDCA2":-1.8156699941618497,"CCNA2":-2.1053400010406236,"DLGAP5":-1.9624087560086163,"CKAP2":-1.926689289670142,"CCNB1":1.0633928462710631,"BUB1B":-1.815661374978917,"SPC24":-2.173190302334768,"SPAG5":-1.7687212390868534,"KIF14":-3.1164970754261745,"SHCBP1":-2.1458215100116114,"CDK1":-2.6743485490325334,"ANLN":-1.8148720539518408,"HJURP":-1.5502155613880306,"CCNB2":-1.6699634667733958,"NCAPH":-1.6808552800479717,"CDC20":-0.5202472885255106,"KIF23":-2.4927200100074387,"TOP2A":-1.5199453422727545,"CDCA3":-1.7572593538037877,"KNSTRN":-1.869237253561682,"CKAP2L":-1.276662701183012,"KIF4A":-1.8418848131597758,"MKI67":-2.080138184792762,"NCAPD3":-1.0345243903773507,"KIF15":-1.79985207716335,"AURKA":-2.061400947836364,"AURKB":-1.3211854956046967,"CDCA8":-1.422341139260501,"CENPF":-1.72815454490254,"KNL1":-1.0169710527522602,"INCENP":-1.493742643601615,"KIF2C":-2.1810710420934067,"SASS6":-1.7231352309977488,"TTK":-0.8452875976911247,"NDC80":-1.2821049916816711,"RACGAP1":-1.6208191072755878,"CLSPN":-1.2706442714132113,"KIF11":-1.9122610099363992,"RRM2":-1.7429648556245427,"BUB1":-1.5717980466506056,"NUF2":-0.9212012073002022,"PLK1":-1.2843183895800578,"NCAPG":-1.4857475672563156,"ZWINT":-1.514244660052344,"CIT":-0.6348507608881219,"GTSE1":-1.8699535302835442,"CDCA5":-2.1332041441684426,"HMMR":-0.5310943988124586,"TPX2":-1.6591680940946956}},"Mutation NPM1":{"min":-30.0,"max":30.0,"top_text":"High NPM1 Correlation","bottom_text":"Low NPM1 Correlation","map":{"CCNA2":-1.5198664967718478,"CLSPN":0.7447947167398818,"CDCA8":-2.2754080657823916,"TPX2":-1.3974049707206846,"BUB1":-1.586519687686178,"CENPF":-0.9571921654332103,"SHCBP1":-2.429747547008354,"GTSE1":-1.1290607897839104,"CDCA2":-2.914688930558942,"SASS6":-0.9353656151736486,"RECQL4":-2.9112628616717,"CKAP2L":-0.5966301746392466,"KNL1":-0.3732832466382216,"NDC80":-0.719839385018763,"KIFC1":-1.7729047750552664,"KIF11":-1.1541124778550933,"KIF2C":-1.8948548438584705,"AURKA":-0.9382028271786929,"CDC20":-0.4296976945426112,"TOP2A":-0.8058098634877077,"KIF14":-1.8993918982643894,"RRM2":-1.6088005103161476,"SPC24":-2.655727415102937,"SPAG5":-1.8963497188724836,"PLK1":-1.4490295127864021,"CDCA5":-1.412683969020701,"CKAP2":-1.0712717943898555,"HJURP":-2.3984952134633004,"KNSTRN":-2.1069058075337725,"NCAPD3":0.20970514078761346,"CDK1":-3.2009679038940413,"NUF2":-0.794653392985494,"NCAPG":-2.19145466862639,"AURKB":-1.4079529910624258,"KIF4A":-2.4467911502568023,"KIF23":-2.375624425833666,"CIT":-0.05638857856792259,"RACGAP1":-1.7235875774612748,"BUB1B":-1.6964179054452235,"DLGAP5":-1.5632808669583766,"CDCA3":-1.0264979648258925,"MKI67":-3.758397876139451,"ZWINT":-0.480644569751237,"ANLN":-0.7652132219498247,"KIF15":-3.3755655125632265,"CCNB1":-1.1514116056407238,"TTK":-0.7517367265386965,"CCNB2":-1.3761693801197608,"INCENP":-1.2610215274922927,"HMMR":-0.31776692384417315,"NCAPH":-2.1626591421682098}},"Blast Percent":{"min":-11.0,"max":11.0,"top_text":"High Blast Percent Correlation","bottom_text":"Low Blast Percent Correlation","map":{"PLK1":-2.311025373483345,"RACGAP1":-1.5868344850589668,"KNL1":-1.4715423533723002,"BUB1B":-1.2476116525272083,"KIF11":-1.5689948070315627,"TPX2":-1.6156571405625912,"CDK1":-1.658548298107838,"CCNB2":-2.226825958783279,"CIT":-2.4696228016746655,"SPC24":-1.8161316823250928,"DLGAP5":-2.9570390570418765,"CDCA8":-0.9521513957629487,"TTK":-1.4163259079116184,"NDC80":-1.1005487704943424,"KIF23":-1.9003067459822134,"NCAPH":-5.008789235303078,"RRM2":-2.291079431575882,"KIF15":-3.9282065953859,"SPAG5":-2.2463359814579498,"BUB1":-1.7775474842573824,"SHCBP1":-2.7605539533786003,"CDCA5":-0.929221120460265,"HMMR":-0.6831546940432841,"HJURP":-2.1413136558181036,"ZWINT":-1.5517731803644221,"KNSTRN":-0.8641062153173416,"KIFC1":-1.0992321326057852,"CKAP2L":-1.5885066756197852,"CDCA2":-2.84254807031194,"CLSPN":-0.9382946669586997,"RECQL4":-1.832676923117597,"GTSE1":-2.4201564068231045,"TOP2A":-1.253780928400787,"CDCA3":-2.3000713255300353,"MKI67":-2.8475186116450195,"NCAPD3":-0.810861555290496,"NCAPG":-4.63814898705214,"AURKA":-3.0861462038116816,"CKAP2":-0.5934070691693837,"NUF2":-1.5348832010609665,"KIF14":-2.3783946645236163,"KIF2C":-2.5333462112146226,"SASS6":-1.9113070258130662,"CCNA2":-1.4572863469304775,"CENPF":-1.022201140298072,"CDC20":-0.9048825692926917,"KIF4A":-1.6881334292561871,"ANLN":-1.1383473546741258,"CCNB1":-1.7275018054865032,"INCENP":-1.1145424728675792,"AURKB":-1.0354634974696724}},"NPM1 Subtype":{"min":-37.0,"max":37.0,"top_text":"Committed NPM1 Subtype","bottom_text":"Primative NPM1 Subtype","map":{"AURKB":0.9889055167436234,"NCAPH":2.4903183471711947,"CCNB1":0.9424552451088607,"CDK1":0.5154729779547357,"NCAPD3":1.0125128988069607,"CENPF":-0.25257208564909744,"NCAPG":2.5506834262899694,"CDCA5":0.9087061297730263,"SHCBP1":1.6207954813328382,"TOP2A":1.0548961220309934,"CDCA3":1.560466767683399,"CDCA2":0.6663000863057635,"MKI67":1.2792450508849282,"RACGAP1":0.9490055216992039,"NUF2":2.450583044399066,"KIF15":1.0963680850961408,"KIF14":1.1070031297304213,"CLSPN":1.6288494170435353,"SPC24":1.3496651852104127,"CKAP2":0.5918452525818627,"KIFC1":0.5986933458480881,"KIF4A":0.48856483826291786,"HMMR":1.0991403338181092,"ZWINT":0.9078860125970595,"KNL1":1.3974299546608069,"CIT":1.404050365311681,"ANLN":2.1311214657681146,"GTSE1":1.2644516040728386,"RRM2":1.1726543224934527,"KNSTRN":-0.29923718804783783,"CKAP2L":0.4009409576121444,"KIF2C":1.0665650520517223,"BUB1":0.5518802083448231,"DLGAP5":-0.49652767781385915,"NDC80":2.263156909759963,"RECQL4":0.6821669158080454,"KIF11":0.8543569205015441,"SASS6":-0.04275574389854109,"CCNB2":1.1984220121394902,"TPX2":-0.36430666740786716,"TTK":0.5125588486407769,"BUB1B":0.580098670768584,"CCNA2":1.3496336759764287,"SPAG5":-0.8697882655714508,"CDCA8":0.5227570130490687,"INCENP":0.7515315502815286,"PLK1":1.6545352886243025,"KIF23":0.5010606230705682,"AURKA":0.4768629993178821,"HJURP":-0.10256425804949905,"CDC20":2.5144403640762008}},"Overall Survival":{"min":-6.0,"max":6.0,"top_text":"High Survival Correlation","bottom_text":"Low Survival Correlation","map":{"KNSTRN":0.06161907249007374,"CLSPN":-0.21497701534882804,"KIF2C":-1.43761994314117,"KIF23":-0.3865782835404145,"KIF15":0.06748406078580846,"CDCA3":-0.44856758135144176,"CDC20":-0.4429352678808497,"KIF4A":-0.4270415291881948,"AURKA":-0.0847729433062355,"NCAPD3":-0.4510321733173514,"MKI67":-0.9074378830287178,"KIFC1":-0.8076768748238335,"TTK":-0.03710704516082806,"NCAPG":-0.04807048723401925,"ANLN":-1.2313299768404802,"CDCA2":-1.067871625962004,"CDCA8":0.02352329158972153,"CIT":-0.5323773144182699,"TOP2A":-0.7521973254776794,"ZWINT":-0.9661832664344746,"SPC24":0.04705416562389378,"PLK1":-1.2110006950014727,"CCNA2":-0.7448015830923687,"NDC80":-0.545689004771714,"KNL1":-0.4051193783003098,"KIF11":-1.1831765416390707,"CCNB2":-2.1769377354935684,"NUF2":-0.6204791793846218,"CENPF":-1.2659014786835214,"AURKB":-0.305928709774209,"TPX2":-1.13897847295325,"KIF14":-0.7367163576824233,"BUB1B":-1.21400712929416,"RACGAP1":-0.8418040978864305,"GTSE1":-0.38398596618565106,"NCAPH":-0.355356929716138,"SHCBP1":-0.15180720352801289,"CDCA5":-1.1306642068327637,"CKAP2":-0.416736089104592,"CKAP2L":-1.020275171539011,"SPAG5":-0.16624916479022592,"BUB1":-0.38744587074750364,"DLGAP5":-0.8694411547239562,"RRM2":-1.1094093911317633,"HMMR":-0.02515574999965409,"HJURP":-0.049268965498733955,"INCENP":-0.8815504022773207,"CCNB1":-0.5499195133740654,"CDK1":-0.5325623945150357,"RECQL4":-0.13224721165994976,"SASS6":-1.0164333102318903}},"MuSiC CD14 Mono":{"min":-50.0,"max":50.0,"top_text":"High CD14 Mono Correlation","bottom_text":"Low CD14 Mono Correlation","map":{"NCAPD3":0.7025573158483888,"CDCA5":0.03145886988788106,"SASS6":-0.5408448488876839,"BUB1":-0.41677019450301367,"CDCA8":0.05134693277014945,"KIF14":0.11455644680214193,