{"Overall Survival":{"min":-6.0,"max":6.0,"top_text":"High Survival Correlation","bottom_text":"Low Survival Correlation","map":{"COQ8A":-0.15128116237215952,"POLR1A":-0.6606184808817644,"NOL8":-0.8619543063672749,"POLR1B":-1.2828956136747198,"DKC1":-0.9407539581713261,"NIPSNAP1":0.11508250930103267,"EXD2":-0.2750283590380771,"DDX31":-0.1171781640102957,"UBTF":0.014478017292877813,"SRSF7":-1.008571232476117,"AARS2":-0.2747305863779508,"URB1":-0.2512553833735511,"RFX7":-0.06508532119980623,"NOL9":-0.4580243226044319,"PUS7":-0.7396934455977664,"TEX10":-0.7554401327145012,"ZBTB9":0.19967613129845535,"RBMX":-0.6859037233595938,"POLR1C":-0.4957201997992322,"MYC":-0.09746207262172309,"TFAM":-0.17591895583375114,"TGIF2":0.0,"RBFA":-0.8915186723913325,"BYSL":-0.063577863569275,"DHX33":0.028347884848860378,"MAST4":-0.3074383986507726,"ZNF8":-0.21765247503237106,"HSCB":-0.22264712208481363,"AUH":-0.15733993054497689,"TWNK":-0.14876376608195074,"TRUB2":-0.2584629672704425,"SETMAR":-0.47091640055474504,"POLR3A":-0.6314975662385526,"GFM2":1.1634007838353047,"TFAP4":-0.023091922031488202,"NDUFAF2":-0.18626688266154143,"MDN1":-0.19632078979843715,"MARS2":-0.4774638949940107,"RCOR3":-0.12231805473228279,"GCSH":-0.271909087116874,"UNG":-0.7848623467034658,"NOLC1":-1.3405494209057638,"PDHA1":-0.12012533797567616,"TSFM":0.29143956406308363,"SUPV3L1":-0.007635544706009739,"C1QBP":0.06273721282783516,"LDB1":0.13759140242299708,"URB2":-0.6644708022300878,"DNAJC19":0.21816422745291122,"TMEM177":-2.406516097051584,"AGPAT5":0.9494182726084598}},"MuSiC CD14 Mono":{"min":-50.0,"max":50.0,"top_text":"High CD14 Mono Correlation","bottom_text":"Low CD14 Mono Correlation","map":{"URB1":-16.891709647295684,"DKC1":-14.010924546487777,"SRSF7":-3.290082080288045,"DNAJC19":-9.373236349739138,"TFAP4":-18.484716726505024,"ZBTB9":-6.888075833022951,"UNG":-15.721814775315558,"ZNF8":-11.50639455007824,"POLR1C":-10.303052296650813,"GFM2":-7.637059499640864,"URB2":-14.39321919522078,"MARS2":-6.182698896626606,"NOLC1":-18.38441344385712,"MYC":-3.3149980205941003,"NDUFAF2":-7.9964770925672655,"BYSL":-16.061156946420294,"UBTF":-20.182209467645457,"EXD2":-10.302409691624145,"TSFM":-5.825431476818724,"MAST4":-17.514574525930133,"C1QBP":-4.8160760207016615,"RFX7":-18.158968330182134,"TWNK":-20.790800115225146,"PUS7":-16.38780862534617,"DHX33":-18.58864798754131,"NOL9":-14.190297505235211,"RBFA":-7.49471952517445,"AGPAT5":-8.05372550956424,"SETMAR":-14.860650926855708,"LDB1":-11.905164166252023,"MDN1":-10.880824807741687,"SUPV3L1":-13.277869056153726,"COQ8A":-6.402528366314566,"DDX31":-8.890984631515398,"TFAM":-11.739526246300523,"POLR1B":-11.959289000699536,"NOL8":-16.78951304738196,"AUH":-9.185608443755365,"PDHA1":-8.58143238333792,"NIPSNAP1":-13.566760981485256,"AARS2":-9.547534388044598,"TEX10":-12.932651809548112,"HSCB":-5.832746614891735,"TRUB2":-10.113490168132186,"TGIF2":0.0,"TMEM177":-4.724916812265029,"POLR3A":-17.9596579437722,"GCSH":-13.869445423464411,"POLR1A":-14.049461150374393,"RCOR3":-22.474887273338286,"RBMX":-9.857135678449355}},"Mutation FLT3 ITD":{"min":-10.0,"max":10.0,"top_text":"High FLT3 ITD Correlation","bottom_text":"Low FLT3 ITD Correlation","map":{"DNAJC19":0.6705557258476431,"POLR3A":0.4806645428863988,"TGIF2":0.0,"GFM2":0.5398395335359185,"TFAP4":-0.15063080864843642,"UNG":-0.9542002295200857,"TEX10":-0.0594854722283666,"SRSF7":-0.08430712565274263,"RBFA":0.9584187382305329,"MARS2":-3.4006828978133106,"SETMAR":0.5643544782039402,"ZBTB9":0.24963245999913494,"AARS2":0.0804361921032858,"DKC1":0.5444385288202916,"NIPSNAP1":-0.19177881164982669,"UBTF":0.13621507281463235,"MDN1":0.34487205680553573,"POLR1A":1.366865701516865,"RFX7":0.057713352409644744,"MAST4":-0.47082208379142343,"NOL9":-0.034493671248996625,"NDUFAF2":1.2912398900437634,"TMEM177":1.5817809782996906,"HSCB":-0.5613903368243137,"RBMX":0.4327341318224084,"GCSH":2.1523848053278294,"PDHA1":-0.025580503147306685,"URB2":0.643321082807318,"NOLC1":1.9778248335544204,"AUH":0.8240015538572524,"EXD2":0.8422203438844423,"TRUB2":1.3258914482501605,"DHX33":-0.36980701297748075,"MYC":0.29382053195509006,"NOL8":1.6273984313885113,"POLR1C":1.4906762707978958,"SUPV3L1":0.06649142801165656,"LDB1":-0.019225491120302807,"TSFM":0.4907041039332716,"TWNK":0.505328732853943,"ZNF8":-0.3004690186491878,"URB1":1.3516651482656474,"C1QBP":1.602391820244794,"BYSL":0.5774878155361782,"PUS7":1.1886208591490206,"RCOR3":0.11384061954540337,"TFAM":-0.005320517617689102,"DDX31":0.13139865304570109,"POLR1B":0.9670344802409564,"AGPAT5":0.0015031176201134072,"COQ8A":1.453021160666608}},"Blast Percent":{"min":-11.0,"max":11.0,"top_text":"High Blast Percent Correlation","bottom_text":"Low Blast Percent Correlation","map":{"POLR1C":2.221393949842935,"NOL9":5.016552320408838,"AARS2":0.9204129064816449,"NOL8":3.184172444867408,"NOLC1":2.446708931988946,"URB2":2.9270497895040584,"MDN1":1.9519655877866415,"PUS7":1.982939532157653,"AGPAT5":0.5595044026036112,"POLR3A":5.804657558866529,"SUPV3L1":1.4653866369072974,"DHX33":3.258130796273787,"TFAP4":3.258596715965457,"MYC":0.7481112329162724,"POLR1B":5.049578419417357,"NIPSNAP1":3.322982454939803,"TEX10":5.008789235303078,"NDUFAF2":0.5489154328997522,"GFM2":2.1712030774406195,"EXD2":1.4810124716496171,"RBFA":1.0800563964351737,"DKC1":4.808970083454023,"AUH":3.878740829829209,"DDX31":1.325663952488323,"UBTF":3.3671054460536523,"BYSL":4.53669966619041,"TSFM":2.303847092275237,"GCSH":3.8091208071269658,"TGIF2":0.0,"UNG":1.7982164251738613,"DNAJC19":3.607167811340664,"COQ8A":2.2961206459002903,"RBMX":10.846546445785382,"ZNF8":2.538219357363262,"LDB1":3.5423434720192413,"ZBTB9":1.7839282710602355,"RCOR3":5.708851314413248,"TMEM177":0.5585255783464873,"TWNK":2.63098474372662,"SETMAR":6.372762297992655,"PDHA1":3.833952722002807,"POLR1A":4.404525060889557,"C1QBP":2.584490667622572,"RFX7":2.298210215106387,"SRSF7":6.214860751170421,"HSCB":4.173129690860308,"TFAM":4.287608431396111,"MAST4":2.0315516279764707,"MARS2":1.2678760682639614,"URB1":2.4229953297677094,"TRUB2":1.8841219797493594}},"Mutation NPM1":{"min":-30.0,"max":30.0,"top_text":"High NPM1 Correlation","bottom_text":"Low NPM1 Correlation","map":{"URB1":-0.13535765736365915,"TRUB2":-0.20105470884199902,"TFAM":-0.6301395867220757,"RBMX":1.2692141627163753,"AUH":0.06539950636343504,"POLR1B":1.994857753651942,"EXD2":0.5722944330273253,"DDX31":-1.2311876030020787,"TWNK":-0.1976137575001137,"MAST4":-1.2296707639617797,"MDN1":-0.19954763728314284,"TEX10":-0.7501966601360157,"TSFM":-0.923760116744688,"HSCB":-0.332388838208586,"LDB1":0.14238005538044365,"TFAP4":-0.3716198445191645,"TGIF2":0.0,"NIPSNAP1":0.5774719661217482,"MYC":-0.10168434394597319,"ZNF8":-1.5158171997203527,"COQ8A":1.0628053992885498,"PDHA1":-0.38342436450199746,"GCSH":0.1724249634713566,"DKC1":0.1741933865196276,"NDUFAF2":-0.3450906517806303,"PUS7":0.36225895436945543,"NOLC1":0.7576319017022068,"GFM2":0.025083285184245425,"ZBTB9":-0.47721386306365265,"SETMAR":0.9661654866000439,"AGPAT5":-0.5714604624999414,"POLR3A":0.699939389360341,"AARS2":-0.6623659046111925,"RFX7":-0.12044838952668901,"SUPV3L1":-1.7208397916454448,"UNG":-1.9407323941131345,"UBTF":-0.08373825583771066,"RCOR3":0.025799974582615466,"DNAJC19":-0.022253724533082497,"URB2":0.12453201345640547,"NOL8":0.7586524705427842,"POLR1A":2.082583036218178,"NOL9":-0.1341442813256561,"C1QBP":-0.41379299397816716,"DHX33":-3.429485146962966,"MARS2":-9.426866307079285,"TMEM177":0.78686962639808,"RBFA":1.2521479661644777,"SRSF7":0.9487421695873682,"POLR1C":2.4620003631367235,"BYSL":0.20988290663132878}},"NPM1 Subtype":{"min":-37.0,"max":37.0,"top_text":"Committed NPM1 Subtype","bottom_text":"Primative NPM1 Subtype","map":{"AUH":-7.299704646831616,"BYSL":-11.495942598956955,"POLR1B":-11.874413027382408,"AARS2":-9.951992637832708,"GCSH":-15.259691548054095,"TFAM":-11.00922572682379,"TRUB2":-10.388962559786796,"HSCB":-6.229036582661704,"DDX31":-6.366409553336949,"TMEM177":-5.852450073540268,"TFAP4":-10.458704313771312,"UBTF":-17.23490309871621,