{"Mutation NPM1":{"min":-30.0,"max":30.0,"top_text":"High NPM1 Correlation","bottom_text":"Low NPM1 Correlation","map":{"CSNK2B":0.01871145778535242,"NUDT3":0.6307704504134068,"NUBP1":1.5216275548210783,"HCLS1":0.7455127006592046,"MIB2":2.693257065947194,"LY86":0.527195623078376,"PREX1":-0.20094114492974988,"QARS1":-0.022587418948821096,"UBXN1":-2.3654541943755283,"CBL":-0.9976313037172426,"MAP1S":-1.3881774409942644,"FASN":0.6134882505655121,"PTPN23":4.124566351987189,"PPP6C":-2.889281521164526,"GRB2":0.03976063579371648,"UBE2E2":-1.3536702404786733,"DOCK10":0.178310579148414,"ZNF598":-0.024671068220362507,"ARHGAP45":0.8361432517201013,"ITGAL":0.8609224410601551,"LYPLA2":0.41663953238254087,"TMEM30A":-0.6791470804357239,"GET4":-3.06065384177849,"RNF126":0.7564219647210988,"EEA1":0.6122196509535499,"PPP1CA":1.1699425260695409,"EPRS1":0.8166369360008543,"HSF1":2.073701145396612,"CSK":0.9528336097970239,"XIAP":0.9969001549253139,"IKBKB":-0.2530923931801148,"RASSF5":-0.162793608309904,"ZNRF2":-0.27354840660913754,"DYNLT1":2.3254350711571377,"UBE2W":0.5534195794123689,"UBE2D2":-0.06263421828378997,"POLD1":0.6336536889120328,"CYLD":3.2468066728292015,"RASSF2":3.9774914335653735,"AIP":1.4743049488290179,"FAM189B":0.0,"SMYD2":0.19796795963676178,"ANKFY1":0.20088806160959632,"NFKB1":-0.28195840221434254,"ATXN3":0.5094843848576791,"ANKRD44":0.14535804217796622,"C6orf136":0.0,"CAPN15":1.2377673991823808,"ARHGAP30":0.8700430709677675,"SH3KBP1":-0.37910257304798384,"OTUB1":3.6148980954327676}},"Blast Percent":{"min":-11.0,"max":11.0,"top_text":"High Blast Percent Correlation","bottom_text":"Low Blast Percent Correlation","map":{"AIP":1.5891737364645206,"CAPN15":0.745669670735528,"CSK":-1.382275903739603,"RASSF5":-0.8338625876187723,"DYNLT1":0.4609296311440334,"IKBKB":-1.7778674678024418,"MIB2":1.5083715842311067,"QARS1":-1.1125902950946103,"PPP1CA":-0.06949978671584128,"OTUB1":-0.6823511588334613,"POLD1":0.39573091656868237,"PTPN23":2.0227476240387,"UBE2W":-0.9194596240376789,"HSF1":2.794564368753496,"NUDT3":0.3032661219581002,"ZNRF2":-0.31778184682618615,"XIAP":0.886124688925818,"GET4":-1.2397469348604115,"TMEM30A":-3.625093620624551,"MAP1S":0.8500768327617687,"ARHGAP30":-1.3207982968138874,"ZNF598":2.0735946243142127,"LY86":-0.4450624977936947,"NFKB1":-1.1174215302821393,"GRB2":-1.799443526639074,"RNF126":-1.0166260694326237,"CBL":-1.8041329373669555,"UBE2D2":-0.6519904320651189,"PPP6C":-4.640334669145118,"UBXN1":-1.243593277951509,"ANKFY1":-3.644796267196812,"ITGAL":-3.2244082185245357,"CYLD":-0.25838354960763066,"NUBP1":-0.35883430275815736,"DOCK10":-1.9514294459775872,"RASSF2":-0.2543109527315837,"FAM189B":0.0,"UBE2E2":0.5301423669290684,"FASN":-2.773053637227859,"SMYD2":-0.6571582349814464,"CSNK2B":1.4351055085581041,"LYPLA2":0.06354463626318291,"ATXN3":-0.9283273317280136,"HCLS1":-1.9933700266897372,"SH3KBP1":-2.289756491523073,"EEA1":-0.13528102848907306,"C6orf136":0.0,"ARHGAP45":-1.0543336451430547,"ANKRD44":-1.9424202107704167,"PREX1":-0.5224768065072679,"EPRS1":0.005318106083931111}},"NPM1 Subtype":{"min":-37.0,"max":37.0,"top_text":"Committed NPM1 Subtype","bottom_text":"Primative NPM1 Subtype","map":{"ARHGAP45":18.635075425973273,"LY86":11.403846635184195,"SMYD2":0.3605297303227238,"NFKB1":8.738027640904155,"OTUB1":5.050596463124636,"IKBKB":11.406536237545891,"ATXN3":0.13093517055610016,"DYNLT1":2.4776841772765796,"CBL":18.932964507898838,"XIAP":0.6991012419635648,"CYLD":10.260379841657418,"TMEM30A":7.1436772207026,"ANKFY1":15.213977348518682,"RNF126":3.1480242722442666,"NUDT3":0.43289014833841344,"UBXN1":0.3414692854713817,"CSK":12.73926275076637,"UBE2D2":3.158417352263401,"ZNF598":-3.595412747061785,"UBE2E2":0.18596910377831263,"EPRS1":0.03115830605826826,"HCLS1":12.893095079771465,"MIB2":-0.3073745383133334,"HSF1":-0.9862860295759129,"NUBP1":6.172288507079666,"GET4":-0.7503207498981652,"ZNRF2":5.35687006256056,"POLD1":0.5293412796623368,"FASN":1.6067280803550188,"CAPN15":0.13129261943775675,"PPP6C":3.751775604451568,"MAP1S":0.16023043021984898,"ANKRD44":15.506870081862171,"CSNK2B":-2.3919156197137044,"ARHGAP30":17.653414341628068,"SH3KBP1":14.200916716020032,"QARS1":3.9578678266749336,"EEA1":14.480898350871051,"PPP1CA":3.269633951130448,"PTPN23":0.6514023444572463,"C6orf136":0.0,"DOCK10":17.198337477401846,"PREX1":15.381702110690172,"ITGAL":21.476238153573288,"AIP":2.897366333035411,"RASSF2":9.183699616752786,"FAM189B":0.0,"RASSF5":5.22598634489875,"GRB2":16.273473727153373,"LYPLA2":2.9202455997066044,"UBE2W":4.553964330663676}},"MuSiC CD14 Mono":{"min":-50.0,"max":50.0,"top_text":"High CD14 Mono Correlation","bottom_text":"Low CD14 Mono Correlation","map":{"GRB2":17.20549236045125,"HSF1":-0.8217605225082197,"UBXN1":0.12568514555705415,"EPRS1":0.8816574551500462,"C6orf136":0.0,"CBL":19.518588068698016,"ITGAL":28.324966623220327,"GET4":-0.7702046794359713,"NUDT3":0.2892919477519234,"IKBKB":13.754981567946231,"NUBP1":7.460773748373844,"LY86":9.466783408450729,"CAPN15":-0.333857656645903,"CSNK2B":-2.959868001404504,"RASSF2":15.80354129935725,"ANKFY1":21.715884593912985,"ARHGAP45":24.9899149918335,"OTUB1":6.975741169799056,"PREX1":15.097170490051871,"UBE2E2":0.09062764414000725,"EEA1":14.844218458881075,"MAP1S":1.2673105405782805,"CYLD":11.398854956898514,"CSK":13.96531535718625,"FAM189B":0.0,"RASSF5":5.660248276484809,"SH3KBP1":13.778617110124268,"NFKB1":9.45713808474592,"PPP6C":4.766792063697307,"ZNF598":-5.184689840486101,"RNF126":3.780326820123535,"XIAP":1.5795152384652131,"FASN":1.7781359287249805,"ZNRF2":3.8883337100973865,"ARHGAP30":21.301830479336605,"UBE2W":3.5366246331747773,"AIP":2.557781804091295,"TMEM30A":6.293225249643875,"ANKRD44":17.516548946410108,"LYPLA2":5.470929212453232,"DYNLT1":3.7964294688750178,"UBE2D2":3.331877053043693,"POLD1":0.18419138209402292,"DOCK10":17.994828161577836,"HCLS1":16.656866679957332,"ATXN3":1.6405882468988553,"PTPN23":1.9834535469911696,"PPP1CA":5.381309065035854,"QARS1":5.764094542093071,"MIB2":-0.09425415640906765,"SMYD2":-0.2793296336514325}},"Overall Survival":{"min":-6.0,"max":6.0,"top_text":"High Survival Correlation","bottom_text":"Low Survival Correlation","map":{"SH3KBP1":0.5826056003025487,"MAP1S":0.3584644508247593,"GRB2":-0.028500014139479373,"IKBKB":0.30403427456258353,"CAPN15":0.8028954903080915,"PTPN23":-0.7871918891209322,"DOCK10":0.4957987767230098,"XIAP":1.8056870121549051,"ARHGAP45":0.6669417541536772,"RASSF2":0.147981833696716,"PPP6C":0.1839053083703538,"AIP":0.43690264136437934,"OTUB1":-0.6314946903973878,"RNF126":-0.2875746567510865,"GET4":-0.9593066854972826,"CBL":-0.055113403728386495,"ATXN3":-0.46466356857654945,"ARHGAP30":0.4556488122426129,"UBE2W":-0.24883166307435875,"UBE2D2":0.139999178582484,"HSF1":-0.15996383112036078,"SMYD2":1.5559676216490879,"POLD1":-0.10921604074561984,"ANKRD44":0.49619563690570756,"QARS1":0.8636439868408692,"EPRS1":-0.3579096515550418,"CSK":1.2751334827472744,"FAM189B":0.0,"DYNLT1":-0.4108976245436844,"CSNK2B":-0.7037374715244648,"EEA1":0.1517928673429128,"ZNRF2":0.19055635260841716,"PPP1CA":0.4418906905259564,"HCLS1":0.364212631594191,"LYPLA2":-0.26077439364814037,"TMEM30A":-0.2362460627712342,"MIB2":0.025621962868207775,"C6orf136":0.0,"UBXN1":0.6500280660887363,"ZNF598":0.03387076514136354,"UBE2E2":-0.7435289464568017,"LY86":2.761590391925081,"NUBP1":0.3098157633462982,"NUDT3":-0.5355964477258465,"PREX1":0.6801279886938615,"ITGAL":0.24743359829349587,"CYLD":0.8582190529105759,"ANKFY1":0.018081742023439287,"NFKB1":0.9414336261886128,"RASSF5":0.13578692370092038,"FASN":-0.30592078093630487}},"Mutation FLT3 ITD":{"min":-10.0,"max":10.0,"top_text":"High FLT3 ITD Correlation","bottom_text":"Low FLT3 ITD Correlation","map":{"CAPN15":0.4264704151532484,"C6orf136":0.0,"RASSF5":-2.0757411643498154,"CSK":0.25613328241541566,"EPRS1":0.8272010647474587,"XIAP":0.4709963954719037,"EEA1":-0.29781369779534406,"UBE2E2":-0.069060642548738,"OTUB1":0.4386015424410824,"QARS1":0.13566442614825133,"GET4":-1.8073505511603096,"CSNK2B":0.344268534688043,