{"Overall Survival":{"min":-6.0,"max":6.0,"top_text":"High Survival Correlation","bottom_text":"Low Survival Correlation","map":{"UBE3A":-0.01911298860480445,"PSMA5":0.4643476707450346,"PSMC4":0.09306528491929081,"UBQLN1":-0.496627198833579,"UBB":0.05722283883214676,"CSK":1.2751334827472744,"PSMD14":-0.16537730410760274,"PSMA7":0.20163659185461907,"UBXN6":0.5481636457198487,"MDH1":-0.1443697921638091,"UBL7":0.2344679181915149,"PSMB4":0.053755969014917304,"PSMA6":-0.13850451271556555,"NSFL1C":-0.26457598108802705,"YWHAE":-0.5509604084690057,"PSMB3":0.22948333757947714,"UBA6":1.6787494542389532,"ZPR1":-0.525049942797534,"VBP1":0.5964063417289294,"TWF2":0.19603203965359378,"PSMA1":0.09159994296182927,"AHSA1":0.06620434319481094,"HSP90AA1":-0.4395977594417577,"UBA2":-0.7498191905129501,"RTCA":0.0797752377475527,"CSE1L":0.19995125303461,"HDAC6":-0.03675066262273879,"TTC9C":0.08145336952391309,"VCP":-0.43301810464155616,"NEDD8":-0.3381276698427038,"PSME1":1.106934880960037,"HSPA8":-0.07295063683679716,"CAND1":-1.0703811446593767,"RAD23A":-1.1805167779110879,"PSMD4":0.601283888840335,"UBE2M":-0.9517093549070187,"UBE4B":0.15932989778057827,"KDELR1":0.0,"PSMC1":-0.021872487916706797,"UPF1":-1.3064074851223233,"PPP2R1A":0.026748844471600832,"DDX3X":1.6002890017361384,"USP9X":-0.024976033094742094,"APRT":0.5893621750882367,"H2BC17":0.0,"UBE2A":-0.17257786638036995,"SH3GLB1":-0.35320541717138504,"RAD23B":0.4636897442374125,"COPS4":0.13046193695647001,"UCHL3":-0.7017609718404277,"PSMD2":0.7261992125092539}},"MuSiC CD14 Mono":{"min":-50.0,"max":50.0,"top_text":"High CD14 Mono Correlation","bottom_text":"Low CD14 Mono Correlation","map":{"UBE3A":-0.04580304149176501,"SH3GLB1":0.13294331977148988,"UBE2M":-5.74647315359,"UBE4B":-0.5218919122020217,"PSMA1":1.1725843162233396,"PSMB4":2.124845475690792,"CSK":13.96531535718625,"NEDD8":-0.7783192247304325,"VCP":1.5189312094049967,"VBP1":-0.29754417320614274,"DDX3X":2.0294490893096935,"UBQLN1":-1.5084199725790433,"AHSA1":-1.0522149712935986,"UPF1":1.3139946640447007,"PSMB3":1.6608238412459608,"CSE1L":-1.0595730578227733,"RTCA":-0.049879261892071966,"RAD23B":0.03962781210929519,"PSME1":0.9373676981616659,"UBXN6":0.32281604748384135,"TWF2":8.108436994727928,"PSMC4":1.2756012843941646,"UCHL3":1.3372633770718934,"RAD23A":-0.12311628463952756,"COPS4":-0.34124795374069794,"YWHAE":-0.16466344982753647,"HSP90AA1":-1.4447769369335224,"HSPA8":0.21490910916296246,"UBL7":-0.7061543411387735,"MDH1":-0.010977398784429397,"PSMA6":2.8946572204263425,"PSMC1":1.8306433569825162,"USP9X":5.374110229014715,"NSFL1C":-0.09799996871543488,"UBA2":-6.597907313012263,"PSMA7":1.7396242061405585,"PSMD4":0.7604382774080172,"HDAC6":-0.7811003641611215,"PSMD14":1.4541129719867671,"PSMD2":1.8932609705089276,"APRT":0.059931075530176785,"H2BC17":0.0,"ZPR1":-2.3829746263211495,"UBA6":-0.4018090120779482,"UBE2A":0.5340949430776394,"KDELR1":0.0,"TTC9C":-1.1656556221011767,"UBB":1.0804550092509715,"PSMA5":0.36100457589991386,"CAND1":-1.5314979986477768,"PPP2R1A":3.099205687022397}},"Mutation FLT3 ITD":{"min":-10.0,"max":10.0,"top_text":"High FLT3 ITD Correlation","bottom_text":"Low FLT3 ITD Correlation","map":{"PSMC1":0.23112092042832388,"VBP1":-2.335700542448014,"PSMA1":1.0774211117185255,"HSPA8":0.001898457853518998,"UBE2M":-4.418356512066106,"PSMC4":0.6883981511442515,"UBA6":-1.684584964590288,"RAD23A":-2.0891630301173354,"H2BC17":0.0,"UBL7":-0.7580799970808675,"UBQLN1":-2.310059815683143,"UCHL3":0.6050765098586821,"ZPR1":0.3738352055922018,"PSMB3":0.16251802541836244,"KDELR1":0.0,"PSMA6":0.18071520900539922,"PSME1":-1.0296194235663243,"COPS4":0.09549876239653987,"NSFL1C":-2.3795261044619562,"YWHAE":0.6321194024960436,"SH3GLB1":0.05895284791237212,"UPF1":0.03664328784526744,"CSE1L":0.15117845538383207,"UBXN6":-0.4313779842674909,"UBE3A":-1.1099667616777529,"TTC9C":-1.4388424290611097,"PSMA5":0.6600605751071296,"VCP":0.6465270878514207,"NEDD8":-3.3178975957330676,"TWF2":1.9893945810555644,"MDH1":-0.6402590334808038,"CAND1":-0.6500378395584071,"PSMD2":0.1956599107665046,"HSP90AA1":-0.06635588925647547,"USP9X":-0.9588847108477531,"PSMD14":0.42283331310834377,"PSMA7":0.2270064004483134,"RTCA":-0.3903697019117624,"UBA2":0.333637112433682,"APRT":0.5300045220773416,"UBE2A":-0.11261049857544358,"HDAC6":-1.0563578801490314,"PSMD4":1.3795618165961643,"AHSA1":0.2462929836710318,"DDX3X":-0.4718270934642163,"PSMB4":0.22200772469519983,"PPP2R1A":-0.7517559486201403,"CSK":0.25613328241541566,"UBB":-0.34641490987530543,"UBE4B":-6.600288782327307,"RAD23B":-2.981405565307319}},"Mutation NPM1":{"min":-30.0,"max":30.0,"top_text":"High NPM1 Correlation","bottom_text":"Low NPM1 Correlation","map":{"COPS4":-0.693014252322001,"RAD23B":-12.59621854123339,"PSME1":-2.6550174520321885,"PSMD14":1.1580674389224166,"PSMB4":0.06330607615928294,"UBE2M":-4.5197693237220395,"CSE1L":-0.9690267318179804,"HDAC6":-1.217078410528151,"ZPR1":0.1550229631398173,"NSFL1C":-6.3515453043590995,"KDELR1":0.0,"PPP2R1A":-1.1218880837134002,"PSMD2":-2.1061319232346625,"RAD23A":-3.6637155208799657,"UBB":-1.2582162421075922,"UBXN6":-0.43749083355783586,"PSMA1":0.5446826300587723,"PSMC4":0.13244459801459507,"PSMA6":0.04048339783800986,"UCHL3":0.24360689611385622,"PSMA7":0.08580847906426262,"APRT":0.945000102254014,"VCP":0.11302685320097508,"YWHAE":0.024387365718097163,"H2BC17":0.0,"UBE3A":-3.517287949608765,"PSMB3":0.06644468115503709,"VBP1":-4.480092637465026,"UBQLN1":-4.031911110170222,"PSMD4":1.0390171966197843,"UBA2":0.9102973740187278,"PSMC1":0.4215582740288365,"UBE4B":-9.38815694159673,"CAND1":-2.084174301256255,"AHSA1":-0.08015542562063996,"NEDD8":-4.430615852958788,"RTCA":-0.38387589383653564,"HSPA8":-1.109637443395507,"HSP90AA1":-0.017310282792451177,"USP9X":-2.2693757633917895,"CSK":0.9528336097970239,"PSMA5":0.37706269624959127,"UBL7":-1.7090728245124382,"UBE2A":-0.2183334631641541,"TWF2":4.569215254276922,"TTC9C":-2.1481053369238534,"MDH1":-1.4044107955137461,"UBA6":-1.6610445100930735,"SH3GLB1":0.4709639330773141,"UPF1":0.08499629813666772,"DDX3X":0.5089671629250507}},"NPM1 Subtype":{"min":-37.0,"max":37.0,"top_text":"Committed NPM1 Subtype","bottom_text":"Primative NPM1 Subtype","map":{"HSP90AA1":-0.84375389413137,"PSMB4":1.0004930173199433,"RAD23B":0.0696666514235993,"RTCA":-0.07313881456772425,"SH3GLB1":-0.37437113454665066,"YWHAE":-0.03670043455846413,"TTC9C":-0.7231855609975087,"UBQLN1":-1.4208360511427858,"PSMD14":0.2422766170007199,"UBL7":-1.2692642437117305,"RAD23A":0.04666083955539869,"HDAC6":-0.6477402815322517,"CSE1L":-0.7891628559889796,"PSMA6":1.3568862414953653,"PSMC4":0.2514880639879128,"UCHL3":1.3391243964079826,"PSMA7":1.0422575438406674,"KDELR1":0.0,"VBP1":0.2578659271132476,"UBB":0.4789369538044619,"UBA2":-7.472377500629946,"UBE4B":-0.6808392845097184,"PPP2R1A":1.6328769267655605,"CSK":12.73926275076637,"PSMD4":0.11971810009356319,"TWF2":6.265388336277354,"UBE2M":-3.5231166303496937,"HSPA8":-0.2149080663792353,"VCP":0.2996924545798663,"UPF1":0.29795341701585665,"PSMA1":0.6860795727949068,"PSMD2":0.26151707945862007,"DDX3X":1.1107845639265226,"PSMB3":0.8733162934153392,"PSME1":1.2217908339287904,"COPS4":-0.4249972298733191,"NSFL1C":-0.26745435468251894,"MDH1":-0.08124557198117033,"H2BC17":0.0,"APRT":0.011639333689151368,"UBA6":-0.20414894474501782,"PSMA5":0.304091029191208,"CAND1":-1.2909473816782353,"UBXN6":-0.2601560414573014,"ZPR1":-1.7915042329935027,"UBE2A":0.9683471873955601,"NEDD8":-0.5929777580495417,"AHSA1":-0.5830258239713039,"PSMC1":0.40737702922714664,"UBE3A":-0.42842692749842537,"USP9X":1.08421215741836}},"Blast Percent":{"min":-11.0,"max":11.0,"top_text":"High Blast Percent Correlation","bottom_text":"Low Blast Percent Correlation","map":{"NEDD8":-1.3585340184221262,"APRT":2.5307636885118616,"UBL7":0.1959336594440809,"HDAC6":-0.014599518087474448,"CAND1":-0.22250843543020635,"UPF1":0.42439533629512294,"UBE4B":-1.9339669536785835,"UBA6":0.1688784080878236,"VBP1":-0.6037828893313332,"PSMD2":-3.0511986216909186,"PSMC4":-1.0379205162097946,"PSMD4":-0.020635984763530523,