{"NPM1 Subtype":{"min":-37.0,"max":37.0,"top_text":"Committed NPM1 Subtype","bottom_text":"Primative NPM1 Subtype","map":{"BSDC1":-1.0316416236127617,"RAD23A":0.04666083955539869,"ATG2B":0.22307153864986326,"UBE4B":-0.6808392845097184,"USP9X":1.08421215741836,"GAPVD1":0.5223441765798165,"WIPI1":0.8831213000131866,"PHKG2":6.7879038132987795,"PSMD11":0.5063531170712627,"GABARAPL1":1.019222654804673,"CAND1":-1.2909473816782353,"UBQLN1":-1.4208360511427858,"AGO2":-0.4210406641266647,"RAD23B":0.0696666514235993,"HERC1":1.6762017584120439,"ATG2A":0.016966250157591203,"KCMF1":1.174433300247098,"STAM":-1.462214924584072,"CALCOCO1":-1.1246763966236673,"TFRC":-1.4828612404654282,"PRKAB1":1.2079954594858209,"CYLD":10.260379841657418,"LMBR1L":0.0,"ELP2":0.6447034962992072,"ZRANB1":0.0,"CAMKK2":7.33210727765977,"PSMD7":1.0214478249246814,"USP24":-0.05100103476908292,"NHLRC2":2.1501139343667584,"PSMD3":0.29571275312401035,"RNF123":-0.042521644802099044,"GMPPA":7.853967549912388,"UBAP1":6.14931445167458,"UBR4":0.4758891701490661,"PRKAG1":2.3874767831580233,"NARF":-3.311947239479246,"CD2AP":-1.3729560434632153,"GTPBP1":-1.3267241415140758,"NSFL1C":-0.26745435468251894,"YARS1":-1.835595930120907,"SMAD4":-2.469584552533857,"PPP6C":3.751775604451568,"USP15":2.095333986342339,"PSMD13":0.7324496857065,"WDR45":0.6502189037080361,"HTT":4.222772163262343,"CNOT2":-2.693876383335918,"DCAF6":-0.4748274620818072,"EIF2AK1":-0.7304225755849036,"PRKAA1":4.43282959610028,"AP2M1":4.953669835504327}},"Overall Survival":{"min":-6.0,"max":6.0,"top_text":"High Survival Correlation","bottom_text":"Low Survival Correlation","map":{"DCAF6":-0.7058266636397906,"RNF123":-0.5280031513759131,"WIPI1":-0.1754126865379243,"UBR4":-0.3098419743351967,"ATG2B":-0.7807987338070891,"SMAD4":-1.0469771847646887,"EIF2AK1":-0.5972985912850018,"RAD23A":-1.1805167779110879,"CAMKK2":0.7989178030091236,"CAND1":-1.0703811446593767,"AP2M1":-0.1079440946835144,"KCMF1":0.020337257135405892,"ATG2A":-1.1494874771371622,"NSFL1C":-0.26457598108802705,"PRKAA1":1.0040585196861627,"NHLRC2":-0.021931789283060943,"HTT":0.5171078604853473,"UBAP1":0.7537592790837491,"GTPBP1":0.145671172286801,"CD2AP":0.7500838829781761,"PPP6C":0.1839053083703538,"CNOT2":0.22650640415036513,"PRKAG1":-0.028674183626705298,"CYLD":0.8582190529105759,"BSDC1":-0.6037432332841083,"YARS1":-1.3794421890183497,"RAD23B":0.4636897442374125,"UBE4B":0.15932989778057827,"GABARAPL1":0.3929408379708928,"CALCOCO1":-0.043776605549495334,"PRKAB1":1.4589971009717049,"STAM":0.00798117280109469,"USP15":-0.45281930380904195,"ZRANB1":0.0,"PSMD3":-0.04159084324827069,"UBQLN1":-0.496627198833579,"GMPPA":0.023595392036602773,"GAPVD1":0.1216608562567337,"AGO2":-1.2404939180205392,"HERC1":0.14058624962619515,"LMBR1L":0.0,"PHKG2":-0.4892078077210932,"PSMD7":0.11718995816337002,"ELP2":-0.6368468488357775,"USP9X":-0.024976033094742094,"WDR45":-0.008255470880384141,"USP24":-0.8115762769228432,"PSMD11":-0.03634128157736263,"NARF":0.2266678144467226,"TFRC":-0.008713384120155957,"PSMD13":-0.4682574631377838}},"Blast Percent":{"min":-11.0,"max":11.0,"top_text":"High Blast Percent Correlation","bottom_text":"Low Blast Percent Correlation","map":{"LMBR1L":0.0,"PSMD13":-4.117267271889447,"BSDC1":-3.233832509383382,"CYLD":-0.25838354960763066,"ATG2A":-3.8183533519002983,"AGO2":-1.0389142262952271,"PSMD7":-0.8665913376249944,"RAD23B":-3.4205080399127863,"ZRANB1":0.0,"PRKAB1":-1.2192189049725581,"SMAD4":3.3204381761589765,"WDR45":-4.6825612396287655,"NHLRC2":-1.3624088459058852,"PRKAG1":-5.6495040854452165,"KCMF1":-2.8255478129195573,"GTPBP1":-1.1839918043204942,"ATG2B":-3.7942608589275415,"UBE4B":-1.9339669536785835,"GABARAPL1":-2.8786382353325255,"CAND1":-0.22250843543020635,"DCAF6":-2.6242553522622596,"RAD23A":-1.4350064387551846,"PSMD3":-3.151596888622102,"PSMD11":-2.0829770899652122,"USP24":-1.1639157418057635,"UBQLN1":-0.37932850016579656,"CD2AP":-1.5546255693649842,"NSFL1C":-1.9849385699660826,"GMPPA":-4.476614849133169,"NARF":-0.21713062790464543,"GAPVD1":-4.558139019160084,"HERC1":-5.804701679865617,"STAM":-0.20744960122288975,"PPP6C":-4.640334669145118,"EIF2AK1":-2.8136278892978552,"RNF123":-3.638398421891589,"AP2M1":-4.707746942998365,"TFRC":-2.60019173675419,"YARS1":-1.5557824822879038,"HTT":-4.630370020507357,"UBR4":-4.506426620477273,"CALCOCO1":-3.029085424087374,"ELP2":-0.690182607126146,"CAMKK2":-2.008112527886406,"CNOT2":1.0679167304503736,"USP9X":-4.79815768706717,"UBAP1":-4.712972157120274,"USP15":-6.407596288920305,"PRKAA1":-3.60383931907448,"WIPI1":-4.428190100864961,"PHKG2":-1.6814322111180207}},"MuSiC CD14 Mono":{"min":-50.0,"max":50.0,"top_text":"High CD14 Mono Correlation","bottom_text":"Low CD14 Mono Correlation","map":{"SMAD4":-1.7735972204146644,"CNOT2":-5.105334490732924,"PHKG2":10.75834480486123,"UBR4":1.9551282706507656,"USP15":4.959830447578367,"GTPBP1":-0.9120198449506275,"CYLD":11.398854956898514,"PSMD7":2.0340472622238037,"NSFL1C":-0.09799996871543488,"ZRANB1":0.0,"UBAP1":6.50184033690187,"ATG2A":0.09833207680384068,"UBE4B":-0.5218919122020217,"NARF":-3.5156170062001713,"ELP2":2.3607539112178006,"RAD23B":0.03962781210929519,"USP9X":5.374110229014715,"PSMD3":1.6228124477320665,"TFRC":-2.8358051621460496,"BSDC1":-1.6543022729792702,"USP24":-0.33674104843519465,"KCMF1":1.3656816471418327,"GAPVD1":2.2057250990341037,"AP2M1":12.04712308989827,"PSMD11":1.9293491318653666,"HERC1":2.226241294597681,"CALCOCO1":-1.462337070617095,"RNF123":0.10999721481948381,"NHLRC2":2.475840967817459,"HTT":5.916062628475343,"GABARAPL1":2.365757488356116,"EIF2AK1":-0.6091358875252747,"LMBR1L":0.0,"WIPI1":1.1352665110030242,"YARS1":-1.5691138558454716,"PSMD13":2.005657590495357,"DCAF6":-0.8372612317855677,"AGO2":-0.34542183136136395,"ATG2B":0.5434407619343617,"PRKAA1":4.66226410395116,"GMPPA":10.667591313283474,"CAMKK2":5.58823475830111,"RAD23A":-0.12311628463952756,"UBQLN1":-1.5084199725790433,"CD2AP":-2.599582321345656,"WDR45":2.314087760856325,"PRKAG1":3.122727669920737,"PPP6C":4.766792063697307,"CAND1":-1.5314979986477768,"PRKAB1":2.1079103319546593,"STAM":-1.5087003133521328}},"Mutation FLT3 ITD":{"min":-10.0,"max":10.0,"top_text":"High FLT3 ITD Correlation","bottom_text":"Low FLT3 ITD Correlation","map":{"USP24":-3.1753594518501487,"WIPI1":-2.0355006069693795,"PRKAG1":-2.9152374590787056,"AP2M1":-0.7700670324266429,"RAD23A":-2.0891630301173354,"ATG2A":0.6916490506515075,"LMBR1L":0.0,"ZRANB1":0.0,"KCMF1":-1.7566489694038172,"UBE4B":-6.600288782327307,"DCAF6":-1.9558279697561924,"YARS1":-2.5092852834075234,"GMPPA":-0.9229832080370266,"HERC1":-1.0242870864855558,"STAM":-2.888067695313713,"BSDC1":-2.7461770842514848,"PPP6C":-2.5723267158397554,"ELP2":0.27042424018875316,"PSMD3":-0.5810032902766465,"CAND1":-0.6500378395584071,"TFRC":-2.8100319129335984,"CAMKK2":-1.3318133829201644,"HTT":-0.3026985381040016,"NARF":-1.9167917488111037,"RNF123":-1.9947135023050977,"WDR45":0.009854487420436254,"UBAP1":-0.39226339018492506,"USP15":0.10823428946239996,"PSMD13":-1.1571030697763978,"NHLRC2":-2.5041545125388573,"CALCOCO1":-2.3053140133192858,"EIF2AK1":-1.796082487696726,"PSMD7":0.17019852858388143,"PSMD11":0.04860338995874558,"GABARAPL1":-0.4721472469728747,"UBQLN1":-2.310059815683143,"GAPVD1":-3.3050803211002555,"RAD23B":-2.981405565307319,"CNOT2":-3.2102582375684747,"CD2AP":-0.6779213903952324,"NSFL1C":-2.3795261044619562,"AGO2":-2.0804460697985765,"ATG2B":-1.9486107726446542,"UBR4":-2.759374749257947,"USP9X":-0.9588847108477531,"GTPBP1":-1.5734726699937733,"CYLD":0.5209011836531567,"PRKAA1":-1.5190317100855217,"PHKG2":-0.16657618429000912,"PRKAB1":-0.4511371683855971,"SMAD4":0.6007956135210275}},"Mutation NPM1":{"min":-30.0,"max":30.0,"top_text":"High NPM1 Correlation","bottom_text":"Low NPM1 Correlation","map":{"GTPBP1":-4.433621616522695,"GMPPA":-0.9796556628635965,"PHKG2":1.7937902343385568,"PSMD13":-3.176753337836246,"CNOT2":-1.6103868343554766,"UBQLN1":-4.031911110170222,"UBAP1":-1.434204156424303,"WIPI1":-3.190926044575343,"DCAF6":-4.016747218670877,