{"Overall Survival":{"min":-6.0,"max":6.0,"top_text":"High Survival Correlation","bottom_text":"Low Survival Correlation","map":{"RPN2":-0.1435354006305826,"OPA1":0.33062117398421986,"DNAJC25":0.34323372122918444,"RAB5A":0.10054113953336556,"SEC62":2.646217261517524,"SEL1L":0.914448542561046,"TIMM23":0.03925592805847368,"MLEC":1.0826755372354708,"DERL2":3.0470426459272058,"HSPA5":-0.34616600396811514,"MOGS":0.1355804561660412,"STT3A":-0.07960408818351955,"SEC61B":0.7188928083702123,"ERGIC2":0.3914075323122725,"EDEM3":0.3243603762293519,"DERL1":0.7663919117759522,"UBE2J1":0.34754867810913775,"PEX3":0.1547253680945192,"ODR4":0.0056087219701304826,"UBQLN1":-0.496627198833579,"BCAP31":0.2413845383773433,"SLC33A1":-0.0015477826794351689,"CANX":0.9516411478360907,"AUP1":0.586591548603561,"TMEM209":0.5395198458909011,"EMC1":0.46202888826007077,"ACBD5":0.3453433553174945,"SEC63":0.09982867801459024,"HM13":0.8122417622452699,"FBXO11":0.00582920491733123,"LMAN1":-0.6382603608032953,"SSR1":-0.18301981331069386,"MTCH2":-0.03163266316160394,"STT3B":0.5421410325855953,"MAGT1":0.534490667413374,"OCIAD1":1.1171405536274979,"CCDC47":0.42316983165242317,"MARCHF5":0.13120413512597295,"SEC61A1":1.0919723319359687,"SPCS2":1.686821060311731,"AMFR":1.1463707255122415,"TMED2":0.08169500718689629,"RPN1":-0.270082755236151,"UBXN4":0.6672621404883534,"SYVN1":1.5630502354034381,"LAMP2":-0.06860901626581786,"VAPA":0.5510431721130271,"MMGT1":0.9682035264642729,"PTRH2":0.362416007204729,"ERLEC1":0.5842333579611797,"SF3B1":-1.0082074528948128}},"Mutation NPM1":{"min":-30.0,"max":30.0,"top_text":"High NPM1 Correlation","bottom_text":"Low NPM1 Correlation","map":{"PEX3":0.23803453073704392,"RAB5A":0.01577026018868355,"VAPA":2.674067124047623,"AUP1":-0.2737731443085092,"HM13":0.21043867192202875,"ERGIC2":-1.5736882981490021,"ACBD5":2.617567066287897,"SYVN1":0.7923424258159917,"MMGT1":1.0757198739670153,"SEC63":0.4912229669815017,"SEC62":-0.030366950705896817,"MAGT1":0.01009373634851255,"UBXN4":0.11517552521784638,"PTRH2":5.1975535534016295,"EMC1":0.44826566246504856,"SSR1":0.7141010437203434,"MOGS":0.720305047527579,"AMFR":-0.1261625902383599,"OPA1":1.0588051143409076,"STT3B":-0.805532020397997,"ODR4":4.281167168141538,"RPN1":0.13593365058046744,"CANX":-0.9598249786965297,"SEC61B":0.37175122495508905,"SEL1L":0.6134845711361476,"FBXO11":0.9158756611746108,"SF3B1":1.1929500894852785,"UBQLN1":-4.031911110170222,"CCDC47":2.2936238740910926,"DERL2":-0.14441492365078062,"TIMM23":-0.2678556880170776,"LAMP2":4.867900200301865,"HSPA5":-1.4044340475369372,"SLC33A1":0.1978790790818737,"RPN2":-0.004090891409675298,"MLEC":0.44746363346022133,"DNAJC25":0.5627086301619403,"OCIAD1":1.0736056301648607,"SEC61A1":0.37909031734077525,"TMED2":0.2029403813581202,"EDEM3":0.41586001852946414,"BCAP31":-0.6261764674167594,"STT3A":-0.4251720169910112,"TMEM209":0.3772772783142751,"DERL1":-0.8500704883713309,"SPCS2":0.29877605122953454,"MARCHF5":0.6885697195693156,"LMAN1":-1.2926866244034598,"MTCH2":2.446159409206866,"UBE2J1":-0.6163110463990331,"ERLEC1":2.9436920664706405}},"MuSiC CD14 Mono":{"min":-50.0,"max":50.0,"top_text":"High CD14 Mono Correlation","bottom_text":"Low CD14 Mono Correlation","map":{"EMC1":0.28107614631441236,"TMEM209":-3.832052178685588,"ACBD5":8.308998654169827,"VAPA":0.9318811738738026,"SPCS2":4.097620501958987,"MAGT1":-1.6679076759649016,"STT3B":-2.3483912120481674,"UBE2J1":0.47490983392994107,"HSPA5":4.97179697442953,"RAB5A":4.168069823818585,"PTRH2":0.08882139751794846,"SEC62":0.2010644172173444,"PEX3":-0.7329148937163479,"AUP1":1.2189647488153719,"SEC63":2.9386727739276646,"SSR1":0.422754647409483,"OCIAD1":-5.897706755296865,"MOGS":-1.559604052189992,"UBQLN1":-1.5084199725790433,"STT3A":-0.1097970814791633,"CCDC47":0.026765200875812974,"MLEC":-0.9775250763936937,"CANX":0.2264897862573834,"SF3B1":-8.234828562810192,"LAMP2":0.3403573314743197,"DERL1":-0.4517278695652508,"EDEM3":1.5385298472632511,"DERL2":0.07266362268387293,"SEC61B":0.2626436144148487,"RPN1":-0.8539539384471044,"MTCH2":0.027425364939130337,"TMED2":-0.08442637597294819,"MARCHF5":-1.4100238207790738,"RPN2":-0.30010002951116477,"ERGIC2":-0.8561912577118986,"ODR4":0.10533441470002586,"OPA1":-5.602828430598222,"LMAN1":-5.281402989924098,"BCAP31":-0.7530936817154861,"SYVN1":-0.05856554192849505,"TIMM23":-3.426899325180114,"UBXN4":-1.0939140087656978,"AMFR":0.4926135974658332,"FBXO11":0.8252364536514092,"SEC61A1":0.8164262158908863,"SEL1L":0.002864404405516473,"ERLEC1":0.31865754058451395,"DNAJC25":-0.7815855788579331,"HM13":2.9206075147899817,"SLC33A1":1.228536530767714,"MMGT1":-0.019849558626108408}},"Blast Percent":{"min":-11.0,"max":11.0,"top_text":"High Blast Percent Correlation","bottom_text":"Low Blast Percent Correlation","map":{"BCAP31":-0.45050058651424496,"AUP1":-1.4656270001685092,"LAMP2":0.6506198858577893,"SEC62":-0.25580354966569024,"RAB5A":-1.4401429011325702,"SEC63":-1.6629106706932695,"SEL1L":-0.8773419550792229,"AMFR":-1.153977363413596,"ACBD5":-0.1818090137415808,"CCDC47":0.22523425063710437,"OPA1":4.419920897871041,"VAPA":0.5684100587329041,"MMGT1":0.07639071887208661,"PTRH2":0.5624834052647213,"STT3B":-0.1514534153247713,"DERL2":-0.1275408533057716,"DNAJC25":-0.06270010228081209,"SF3B1":7.856372888365048,"STT3A":-1.2534295696329008,"ERGIC2":-3.9082993765192824,"MLEC":-0.01659416936988686,"EDEM3":-0.6493048045599361,"UBXN4":0.1684166641152241,"SYVN1":0.8774351715828996,"UBQLN1":-0.37932850016579656,"SLC33A1":-1.1897129911223985,"TMEM209":3.2865602828934564,"SPCS2":-0.7742913366135832,"CANX":-1.6554512699106405,"SEC61B":0.31896317272431707,"UBE2J1":-0.457607062721992,"MOGS":0.5940329342131309,"ERLEC1":0.006887002077229696,"ODR4":0.056537750302702576,"FBXO11":-0.23987788679275157,"DERL1":-4.574506219329879,"MARCHF5":1.8645755865040308,"SEC61A1":-0.06651398094308174,"RPN1":0.14679113053446632,"HM13":-5.5418367694125426,"TMED2":-1.6262557123667474,"LMAN1":-0.13047318018906384,"MAGT1":0.32408557271418514,"RPN2":-0.11418295349688311,"OCIAD1":0.6310823871686287,"HSPA5":-2.6282094107148257,"SSR1":0.3897900888763043,"MTCH2":1.217377830213272,"EMC1":-1.710449702120781,"TIMM23":-0.104199141184724,"PEX3":-0.20636841715943618}},"NPM1 Subtype":{"min":-37.0,"max":37.0,"top_text":"Committed NPM1 Subtype","bottom_text":"Primative NPM1 Subtype","map":{"OCIAD1":-5.0610820953573965,"VAPA":0.9630034142882941,"MMGT1":0.0010111186496850962,"EMC1":0.41894554841718623,"OPA1":-8.046098903554151,"DERL2":0.06479461225562003,"RAB5A":3.975612951453259,"UBXN4":-0.43685351563089225,"SSR1":0.4141766763598837,"MARCHF5":-2.1991071202178007,"DERL1":-0.09254726814192704,"HM13":2.490196010691524,"SF3B1":-6.1078047150514765,"HSPA5":5.471162936873546,"UBE2J1":0.5632385739661386,"ODR4":-0.10447713929983085,"LMAN1":-3.010368951923429,"ERGIC2":-0.09541175681093558,"ERLEC1":0.46087590568144043,"SEL1L":0.22616285973713762,"RPN2":0.09647857189759645,"SEC61A1":0.725836348467317,"RPN1":-0.9730784441664453,"ACBD5":7.424185118027729,"AMFR":0.8058228707492067,"SEC62":0.4546177000622151,"MTCH2":-0.23698763226802888,"LAMP2":0.31965275692512285,"MLEC":-0.4972295165915076,"DNAJC25":-0.14891999966050126,"SLC33A1":1.0365491653811163,"EDEM3":0.5755647645897197,"CCDC47":-0.38577350902119606,"SPCS2":1.855643281730663,"SYVN1":0.14607579904806808,"TMED2":0.07248363758804091,"SEC63":2.1755561082409702,"CANX":-0.31405400225911134,"UBQLN1":-1.4208360511427858,"MAGT1":-1.6676227513875428,"BCAP31":-0.6889417854605071,"PTRH2":-0.1627870782094234,"SEC61B":0.25786083423916417,"FBXO11":1.277274751363599,"TIMM23":-2.0553954458528727,"PEX3":-0.9008100525712294,"STT3B":-1.6142168281949107,"STT3A":0.06646948101093977,"TMEM209":-3.733537372840212,"MOGS":-1.056111820729721,"AUP1":3.735059585255992}},"Mutation FLT3 ITD":{"min":-10.0,"max":10.0,"top_text":"High FLT3 ITD Correlation","bottom_text":"Low FLT3 ITD Correlation","map":{"SEC61B":0.13365342418189674,"SYVN1":-0.5650377825987305,"ODR4":0.8987682104144271,"SEL1L":-0.9977725618568296,"SPCS2":0.09109602229570846,