{"Mutation FLT3 ITD":{"min":-10.0,"max":10.0,"top_text":"High FLT3 ITD Correlation","bottom_text":"Low FLT3 ITD Correlation","map":{"CAND1":-0.6500378395584071,"MYNN":0.0,"YWHAE":0.6321194024960436,"DDB1":0.8020223125692515,"ZBTB11":-0.251882777321892,"UBE2M":-4.418356512066106,"PDCD2":0.5607617629908207,"PSMD3":-0.5810032902766465,"SEC23A":2.639213605420931,"RNF26":0.0,"PIP4K2C":-0.7053467533196833,"RO60":0.39764229206906865,"SMG7":-0.44045033761400726,"ZNF24":0.04666131615571872,"NAA10":-1.0423700922875763,"SNRNP27":-0.29468683489944786,"USP9X":-0.9588847108477531,"OSGEP":-0.4622383903612652,"HYPK":-0.04976856049741819,"EIF2S1":0.6235279188743552,"NAA25":-3.759460539988195,"NAA16":-0.6396841868653838,"USP38":-1.3268333361841604,"STAU1":-0.11071135705765182,"CUL4B":0.14787808367150748,"NAA50":-4.3554611647590225,"NAA15":-0.7945079177582579,"NIPA2":0.1683943468669301,"HNRNPK":0.19156539617136967,"EIF3J":-1.2578567047204503,"NEDD8":-3.3178975957330676,"DCUN1D1":-1.3591064958340384,"COPS8":0.8608752300014657,"TBC1D23":-0.5089056443250642,"UBE2D3":0.0,"LSM12":0.5093804840310546,"VBP1":-2.335700542448014,"GART":0.05185894009920454,"SCYL2":1.5854453599768656,"RPL35A":0.4540048784991646,"COPS2":-0.7100786347873926,"ZC3H15":0.655356413719746,"COPS5":-1.0479167878421678,"CUL2":-1.3828666995623367,"RC3H1":-0.22498266936224756,"TARS1":-0.8222555105995165,"CLTC":-0.03908201161744767,"DDX3X":-0.4718270934642163,"CUL5":-1.4729242173773154,"CUL3":-0.9784886029101236,"COPS3":1.0153165047580917}},"MuSiC CD14 Mono":{"min":-50.0,"max":50.0,"top_text":"High CD14 Mono Correlation","bottom_text":"Low CD14 Mono Correlation","map":{"EIF3J":-1.356907943846368,"GART":-1.3068425468837068,"DCUN1D1":-0.052082341826097944,"CUL3":-0.05964923269274174,"PSMD3":1.6228124477320665,"CLTC":14.896650047471034,"TARS1":-2.4659641227941407,"COPS8":0.00966581179075051,"CUL5":-0.23601020089418956,"SMG7":-2.080007809469699,"YWHAE":-0.16466344982753647,"NAA15":-2.902434155616917,"COPS2":-1.109760767193383,"SNRNP27":-2.618762447495289,"ZNF24":-8.511067993931409,"EIF2S1":2.0725065063446872,"RC3H1":1.7671489456229206,"ZBTB11":-2.0037943745027684,"NAA10":-2.8954572377688494,"RNF26":0.0,"NAA25":-5.463822175841141,"PIP4K2C":4.9869381641690484,"NAA16":0.08313064500537938,"TBC1D23":2.884496560458436,"SEC23A":1.7172552192808106,"COPS3":-2.2973920075229235,"NAA50":-3.38116170427597,"HNRNPK":-7.103179998141122,"HYPK":-2.027433307865652,"NEDD8":-0.7783192247304325,"LSM12":-2.1837999534363743,"USP38":-3.3835369774069717,"NIPA2":-0.2822035104620399,"OSGEP":-3.030601938783533,"CUL2":3.6143691229224224,"CAND1":-1.5314979986477768,"MYNN":0.0,"PDCD2":-0.013227405057149528,"STAU1":2.33910477319821,"USP9X":5.374110229014715,"DDB1":-1.1098978658705614,"VBP1":-0.29754417320614274,"UBE2M":-5.74647315359,"SCYL2":0.26944047409165667,"DDX3X":2.0294490893096935,"UBE2D3":0.0,"RPL35A":-1.545902984811401,"ZC3H15":-3.7935534066456773,"CUL4B":-11.937587587752768,"RO60":-3.6202856101512175,"COPS5":-2.264250487522636}},"Mutation NPM1":{"min":-30.0,"max":30.0,"top_text":"High NPM1 Correlation","bottom_text":"Low NPM1 Correlation","map":{"SMG7":-2.1151428012349394,"NIPA2":-0.8960910581730069,"RPL35A":-0.7184321437276513,"ZBTB11":0.11386611110427522,"SNRNP27":-1.6013772299210813,"MYNN":0.0,"YWHAE":0.024387365718097163,"CUL2":-3.8418835669647695,"NAA10":-3.657724168286218,"NAA50":-4.5093175205202005,"COPS5":-4.006551956231067,"SEC23A":6.332360265987454,"GART":-1.197377236886388,"UBE2M":-4.5197693237220395,"CAND1":-2.084174301256255,"UBE2D3":0.0,"ZC3H15":-0.13640056296276717,"NAA25":-10.590267080316163,"TBC1D23":0.12339834223755484,"CLTC":0.625315346948538,"RNF26":0.0,"RO60":0.8705098034779343,"PIP4K2C":0.5387003453272401,"NAA15":-4.7502324899518875,"NAA16":-0.8024435196700648,"DCUN1D1":-2.5765031041391846,"HYPK":-0.17719710072059516,"STAU1":0.261103359607683,"COPS2":-2.1101147376874865,"TARS1":-2.3541929204814145,"HNRNPK":1.2853741884054384,"DDB1":0.6417149698946824,"PSMD3":-1.9540168438234147,"USP38":-1.0921102566416312,"VBP1":-4.480092637465026,"CUL4B":-1.8832616139383882,"ZNF24":0.0034437035016035298,"COPS3":-4.313965584498953,"SCYL2":1.5415320399736325,"CUL3":-2.2515911466766627,"USP9X":-2.2693757633917895,"RC3H1":1.5125010391554123,"NEDD8":-4.430615852958788,"LSM12":0.8267289673515046,"COPS8":-1.6841192927225836,"DDX3X":0.5089671629250507,"OSGEP":-1.8907545143774704,"PDCD2":2.1771215166399718,"EIF3J":-3.1388323955477695,"EIF2S1":-1.3760823939384406,"CUL5":-1.9762356597123538}},"Blast Percent":{"min":-11.0,"max":11.0,"top_text":"High Blast Percent Correlation","bottom_text":"Low Blast Percent Correlation","map":{"UBE2M":-0.01971789233558775,"TARS1":-0.46567729678189884,"COPS8":-0.6698673951207424,"NAA16":-1.0216830700381883,"DDB1":0.09287355584762477,"CUL2":-2.087471471563317,"EIF3J":-1.528079196048356,"UBE2D3":0.0,"SCYL2":-0.028664307200413092,"RO60":1.3652269393508074,"GART":-0.5317071643381196,"CUL3":-0.6497114066515164,"DDX3X":-0.11777438695171445,"CUL4B":2.713559282626058,"NAA50":-2.1991915194182456,"COPS3":-0.20314301781234353,"EIF2S1":-2.613207289842856,"NAA15":-0.5156589475043754,"ZNF24":4.5992960138393455,"HNRNPK":6.21712012705405,"COPS5":-0.7621519789868738,"VBP1":-0.6037828893313332,"RNF26":0.0,"TBC1D23":-0.8999263817086003,"SNRNP27":1.6635741098799226,"YWHAE":0.12413977051627836,"NEDD8":-1.3585340184221262,"USP38":0.023560772932780496,"SMG7":0.21440550841348338,"NAA10":-0.2989605039301353,"PIP4K2C":-0.6302527605864411,"LSM12":2.0583523504678594,"ZBTB11":1.7241845398287947,"RPL35A":0.4319599898124047,"PSMD3":-3.151596888622102,"ZC3H15":0.19107464998774873,"OSGEP":0.3779203878114449,"MYNN":0.0,"DCUN1D1":-2.2019538946521386,"HYPK":0.006688182155826029,"NIPA2":-2.7714681948763427,"CAND1":-0.22250843543020635,"USP9X":-4.79815768706717,"STAU1":-0.9533146213376777,"NAA25":-0.8166514660415934,"RC3H1":0.48412776869139296,"PDCD2":1.8980097568096683,"COPS2":-0.13618497057052079,"CLTC":-2.661096756869362,"SEC23A":0.5706649130235438,"CUL5":-0.9267004123206183}},"NPM1 Subtype":{"min":-37.0,"max":37.0,"top_text":"Committed NPM1 Subtype","bottom_text":"Primative NPM1 Subtype","map":{"STAU1":0.8516433839956619,"RPL35A":-0.9277704420398861,"TARS1":-2.295056130520013,"RNF26":0.0,"VBP1":0.2578659271132476,"HNRNPK":-7.046078815464744,"COPS8":-0.17623797716217768,"ZC3H15":-2.1471575026682768,"UBE2M":-3.5231166303496937,"DDX3X":1.1107845639265226,"USP38":-2.9454790838495413,"CUL2":1.336767534314438,"SEC23A":0.9809025822207942,"RC3H1":2.3952128641966133,"YWHAE":-0.03670043455846413,"NAA50":-1.9299417934266898,"DDB1":-1.290449321383976,"SMG7":-3.290069137520409,"GART":-0.9212232006879588,"SNRNP27":-2.7100853139651604,"USP9X":1.08421215741836,"COPS5":-0.9630556384946116,"DCUN1D1":-0.2429454434832073,"RO60":-4.319048382503926,"NAA15":-2.1708380614201337,"NIPA2":0.14201390288573978,"PIP4K2C":2.852920088791769,"MYNN":0.0,"CUL5":-0.3108873112202089,"NAA16":0.3437728291638098,"CUL4B":-9.059761812793415,"ZNF24":-5.4378265041422695,"CUL3":0.24580918014352354,"EIF2S1":1.211110183464235,"HYPK":-1.7261061782969513,"EIF3J":-0.7234263562306938,"COPS2":-0.8401497042470162,"OSGEP":-2.582918629709021,"NAA25":-3.5453025544042487,"PDCD2":-0.040864590611354445,"CAND1":-1.2909473816782353,"PSMD3":0.29571275312401035,"TBC1D23":2.322111401926701,"COPS3":-1.527070478347759,"CLTC":9.219061812629135,"NAA10":-1.5276732966383706,"UBE2D3":0.0,"SCYL2":-0.03766757638638341,"LSM12":-0.7574024750600017,"ZBTB11":-1.9164010752757805,"NEDD8":-0.5929777580495417}},"Overall Survival":{"min":-6.0,"max":6.0,"top_text":"High Survival Correlation","bottom_text":"Low Survival Correlation","map":{"UBE2D3":0.0,"SEC23A":-0.45465404543442295,"LSM12":-0.49964645008996694,"CAND1":-1.0703811446593767,"RO60":-0.34113068945499525,"PIP4K2C":0.09706105593403874,"NAA25":-0.10180240040737884,"RPL35A":1.3455723622337257,"TARS1":-0.9445620661381138,"RC3H1":-0.009653013660425456,"COPS8":-0.09653289661226434,"USP9X":-0.024976033094742094,"SCYL2":-0.06231533550620665,"DDX3X":1.6002890017361384,