{"MuSiC CD14 Mono":{"min":-50.0,"max":50.0,"top_text":"High CD14 Mono Correlation","bottom_text":"Low CD14 Mono Correlation","map":{"LAIR1":12.579036691235036,"CTF1":0.0,"PIGS":1.2551807737241727,"ACBD5":8.308998654169827,"STX7":7.278791771582772,"NUCB2":-2.947556078532481,"PIGT":1.8942547019497733,"TENT5A":0.0,"RNASE3":3.406589977536097,"SMCO4":0.0,"PLPPR3":-1.2676120069375836,"CEBPA":0.45654013810405725,"STAR":0.0,"VLDLR":-0.5033359038334663,"SLC9A6":4.549823116202634,"UNC93B1":23.693073612474716,"RAB44":2.382923411683483,"WDFY1":16.493662016266367,"CSTA":15.721814775315558,"HAL":1.9212759497840326,"MARCKS":13.206035493190852,"ALDH3A2":16.679162356582108,"TMEM120A":11.356634551420806,"RAB27A":13.250563581827981,"LAMP2":0.3403573314743197,"RPN1":-0.8539539384471044,"HOMER3":4.378969315674445,"LRMDA":2.3876377173525767,"MS4A4A":0.0,"CTSG":0.8736997911073654,"CCNA1":0.0,"PDIA4":1.697169170708281,"TNFSF13B":6.798438297639741,"C16orf74":0.0,"RFX8":0.0,"C11orf97":0.0,"ATL3":11.587450463983156,"LPAR4":0.0,"CKAP4":16.361205608478617,"SRGN":12.9335693021442,"ATP6V1C1":22.626277834482647,"HEXA":3.386601265482492,"KBTBD11":6.121572561161078,"FUT4":-0.3779689282433835,"RNASE2":4.7316382614701205,"TGM5":0.0,"ALDH3A1":0.0,"PPP1R27":0.0,"PIWIL4":0.0,"AP5B1":3.069223232112643,"ABHD15":0.22842132232651347}},"Overall Survival":{"min":-6.0,"max":6.0,"top_text":"High Survival Correlation","bottom_text":"Low Survival Correlation","map":{"SRGN":-0.2328882228253599,"CKAP4":-0.7128373351965334,"LPAR4":0.0,"PPP1R27":0.0,"ABHD15":0.37783068304304,"ALDH3A2":0.1339521150989731,"WDFY1":-0.015351312443850868,"ATL3":0.28169260788983536,"RFX8":0.0,"UNC93B1":0.11351402892152572,"MS4A4A":0.0,"PIGT":-0.30178392018899153,"ALDH3A1":0.0,"LRMDA":-0.08451468078729632,"TNFSF13B":-0.4389924409812727,"FUT4":0.1745967895076237,"RAB27A":-0.26739750804550066,"TENT5A":0.0,"HOMER3":-0.7582022336624934,"KBTBD11":-0.9585925987708666,"PDIA4":-0.25954857757061595,"PIGS":-0.06975839229756829,"STAR":0.0,"SMCO4":0.0,"CTF1":0.0,"HEXA":-1.0293184647524927,"RPN1":-0.270082755236151,"AP5B1":-1.788704086984772,"NUCB2":-0.4125174893519193,"CEBPA":0.06405379819036439,"RNASE3":-0.7975966146590289,"ACBD5":0.3453433553174945,"CCNA1":0.0,"SLC9A6":0.16537816107887843,"C11orf97":0.0,"STX7":0.5813517976991404,"RNASE2":-0.0700290204575429,"C16orf74":0.0,"ATP6V1C1":0.0008810677612074492,"CTSG":-0.6555381294808762,"TMEM120A":0.39892220190299216,"VLDLR":-0.7241952970481766,"MARCKS":-0.4569111707143705,"PLPPR3":0.9308306702820609,"CSTA":0.053875049063715735,"PIWIL4":0.0,"RAB44":0.1656221275646418,"LAIR1":-0.13643214011141205,"HAL":-1.2936368197265742,"TGM5":0.0,"LAMP2":-0.06860901626581786}},"Mutation FLT3 ITD":{"min":-10.0,"max":10.0,"top_text":"High FLT3 ITD Correlation","bottom_text":"Low FLT3 ITD Correlation","map":{"WDFY1":-0.3514553674269484,"ALDH3A1":0.0,"LRMDA":2.1996320006690357,"CKAP4":-0.8385968672033979,"MS4A4A":0.0,"PLPPR3":0.4747045095364928,"ALDH3A2":-0.39614276337027754,"NUCB2":-0.2324005156273749,"PPP1R27":0.0,"C16orf74":0.0,"SMCO4":0.0,"SLC9A6":-0.0784932472325778,"SRGN":-0.8910107137647496,"CEBPA":-0.5120682016815907,"RNASE3":-0.503265180086372,"RFX8":0.0,"TMEM120A":-0.14246417165928618,"RAB27A":-1.6243187688143816,"LAIR1":2.540334480267361,"PDIA4":0.36071255750306724,"CSTA":0.10951046119147137,"LAMP2":0.6557950557727829,"PIGS":1.409982512337842,"RPN1":-0.012225016413125043,"TNFSF13B":-0.7896457410038475,"RAB44":1.5096194486532943,"HEXA":-0.8886361456075882,"RNASE2":-0.8820015916698496,"CTF1":0.0,"CTSG":-0.6479019092618672,"TENT5A":0.0,"HAL":-0.7230266816093615,"PIWIL4":0.0,"LPAR4":0.0,"ATL3":-1.1234914108216543,"CCNA1":0.0,"UNC93B1":1.3128008441031083,"VLDLR":-1.0683398788488878,"MARCKS":-0.6117563295803227,"ATP6V1C1":-0.7681732102378552,"TGM5":0.0,"AP5B1":-1.243863427366093,"HOMER3":-0.3478023301425631,"FUT4":-0.09523586008267303,"C11orf97":0.0,"ABHD15":-1.5727547376720523,"KBTBD11":-0.9447407127546201,"PIGT":0.7404327014071744,"ACBD5":0.005684613865458901,"STAR":0.0,"STX7":-0.3143328177525132}},"Blast Percent":{"min":-11.0,"max":11.0,"top_text":"High Blast Percent Correlation","bottom_text":"Low Blast Percent Correlation","map":{"LRMDA":1.0164593794440142,"ATL3":-1.1315556720043263,"LPAR4":0.0,"HOMER3":0.9863423948975227,"ACBD5":-0.1818090137415808,"MARCKS":-4.362816407069534,"RNASE3":-1.0294675308800991,"SMCO4":0.0,"RNASE2":-1.7494543761135637,"LAIR1":-0.3188603900267763,"SLC9A6":-2.5802203019667056,"PLPPR3":-0.007886954507294259,"VLDLR":-0.2113129454847184,"MS4A4A":0.0,"FUT4":1.6558355624926895,"STAR":0.0,"CTSG":-1.509856223363492,"C16orf74":0.0,"RAB27A":-0.9938635341511712,"KBTBD11":-0.3781931291789889,"HAL":0.3261800376661028,"CTF1":0.0,"TGM5":0.0,"PPP1R27":0.0,"HEXA":-0.24716247639196742,"AP5B1":-0.6018668258382422,"PIWIL4":0.0,"ALDH3A2":-0.7881285988500125,"ALDH3A1":0.0,"CCNA1":0.0,"PIGT":0.017151602330378216,"WDFY1":-0.3160792356422416,"SRGN":-3.0212590913650588,"CSTA":-2.7689495321923743,"TENT5A":0.0,"CEBPA":1.1917312841456595,"TMEM120A":-1.1245914549805862,"PIGS":-0.12034455723778878,"CKAP4":-6.148425443857611,"UNC93B1":-4.481493754994245,"C11orf97":0.0,"ATP6V1C1":-4.827731456994691,"PDIA4":0.2500867955337129,"RPN1":0.14679113053446632,"TNFSF13B":-3.1728802726593064,"RAB44":0.14564922672181577,"LAMP2":0.6506198858577893,"NUCB2":0.6711180697962926,"RFX8":0.0,"ABHD15":0.3676954927408096,"STX7":-1.9700777977188588}},"Mutation NPM1":{"min":-30.0,"max":30.0,"top_text":"High NPM1 Correlation","bottom_text":"Low NPM1 Correlation","map":{"FUT4":1.929924054264576,"CEBPA":2.264807548311406,"UNC93B1":2.0001712552418414,"RNASE3":1.027834841682377,"STAR":0.0,"CCNA1":0.0,"CKAP4":-1.6510757886347813,"CSTA":1.0417418583451368,"RNASE2":1.3683656810949252,"AP5B1":0.23018558217311985,"HAL":0.2647284547188197,"PDIA4":1.3753143382494448,"RPN1":0.13593365058046744,"PIGT":7.789477023535885,"ALDH3A1":0.0,"RAB44":2.8392339442961325,"KBTBD11":0.13785256057648929,"LAIR1":4.144272642429501,"TGM5":0.0,"PIWIL4":0.0,"PLPPR3":1.4039498363600293,"C11orf97":0.0,"ATL3":-0.43089384792362334,"STX7":-1.4667243273059174,"MS4A4A":0.0,"CTSG":0.13089724177739673,"TMEM120A":1.5502427419250824,"TENT5A":0.0,"RAB27A":0.192828717901183,"CTF1":0.0,"ACBD5":2.617567066287897,"LAMP2":4.867900200301865,"LRMDA":7.225198902875077,"C16orf74":0.0,"VLDLR":0.11920123020509862,"ABHD15":-1.1611543275700378,"PIGS":7.122563257751848,"LPAR4":0.0,"HEXA":0.073374553640493,"PPP1R27":0.0,"SRGN":0.9131226827227121,"ATP6V1C1":-0.021239291772117048,"WDFY1":1.7606149490308796,"TNFSF13B":0.20124246737400742,"RFX8":0.0,"NUCB2":0.7949008882248987,"SMCO4":0.0,"MARCKS":0.08562052564508797,"ALDH3A2":1.4162690944686187,"HOMER3":4.171471977437946,"SLC9A6":0.9842203507156712}},"NPM1 Subtype":{"min":-37.0,"max":37.0,"top_text":"Committed NPM1 Subtype","bottom_text":"Primative NPM1 Subtype","map":{"LAMP2":0.31965275692512285,"PLPPR3":-1.6552020373051983,"ACBD5":7.424185118027729,"C16orf74":0.0,"SLC9A6":4.839566882770652,"HEXA":1.1235451163276855,"TGM5":0.0,"HAL":1.6273302733323953,"CCNA1":0.0,"LPAR4":0.0,"ALDH3A2":10.150944854360922,"AP5B1":3.2329091080657504,"STAR":0.0,"MS4A4A":0.0,"HOMER3":3.7646536276571965,"CKAP4":11.458506283049383,"STX7":7.051363808817316,"CTF1":0.0,"PIGS":0.32073710474855965,"WDFY1":12.26446779985217,"RPN1":-0.9730784441664453,"RAB27A":9.648279992472382,"C11orf97":0.0,"PIGT":0.8502264365774772,"LRMDA":1.6487202704968702,"MARCKS":11.138076006323027,"RFX8":0.0,"SRGN":11.63968791582331,"KBTBD11":4.81614332363162,"PPP1R27":0.0,"CSTA":12.209248197472256,"TENT5A":0.0,"UNC93B1":23.74920501540926,"LAIR1":8.105410770372577,"ATL3":10.6688816160996,"ABHD15":1.6145609116019084,"RNASE3":2.4897829861280623,"TNFSF13B":6.077014583911168,"PIWIL4":0.0,"NUCB2":-1.7479953299099267,"FUT4":0.18838997577898914,"ALDH3A1":0.0,"SMCO4":0.0,"CEBPA":0.7847410864241726,"CTSG":0.901137661408873,"RNASE2":3.8468544744329445,"TMEM120A":9.554235875554653,"RAB44":2.1448363409214735,"PDIA4":1.0518458739375836,"VLDLR":-0.14195147777628261,"ATP6V1C1":18.133651126575007}}}