{"Mutation FLT3 ITD":{"min":-10.0,"max":10.0,"top_text":"High FLT3 ITD Correlation","bottom_text":"Low FLT3 ITD Correlation","map":{"INPPL1":-0.17071073453537278,"TRAPPC8":-0.45398989049977384,"MON1B":-1.1595900897040319,"TRAPPC2L":-0.11245740483200246,"PPP1R21":1.0897838414305776,"GATD1":0.6664182604226893,"VIPAS39":-0.4695487223872102,"UVRAG":-1.6237433319409111,"TRAPPC5":-0.022314938634430917,"VPS33A":0.5510717827735191,"TBC1D14":0.1505936865781528,"ATG3":-0.2545729404362811,"TRAPPC13":-0.3469824649742639,"TGFBRAP1":-0.26554648920188373,"TRAPPC12":-0.8383760280060047,"VPS39":-0.19281855691359395,"VPS16":0.05566036890596177,"VPS41":1.277051070831089,"C12orf4":0.5907469246768633,"TSC2":0.0543653340194712,"ATG7":-0.08094884340709299,"VPS18":0.07937899429227473,"VPS8":0.9689293105703468,"TBK1":-0.8419287332092773,"BICD2":2.9636323633510426,"STX7":-0.3143328177525132,"NAT1":0.02087044222008071,"TRAPPC1":-1.012476670958028,"TRAPPC6B":-2.0935715786142177,"COMMD8":-0.09864541281635343,"TRAPPC9":-0.06947914749158098,"FBXW5":-1.4338604351437847,"CRYZL1":1.413190711617555,"TECPR2":0.2364513603643455,"CCDC22":2.157970320683464,"CIAO2A":-0.18835387897166225,"ERG":0.027986286118687788,"RAB7A":-0.3307547964297888,"BCR":-0.6438383239351482,"NT5C2":2.5612569786065817,"VPS11":-0.2726119036692869,"TRAPPC11":-1.8334288897749609,"TBCK":0.4606217515126252,"ARAF":-2.070794192889826,"TRAPPC10":0.1293482849491194,"IKBKB":-0.13683563680317842,"PARP4":1.3373066621672738,"TRAPPC4":-0.007564350982016865,"CYLD":0.5209011836531567,"PPP6C":-2.5723267158397554,"MYO9B":-1.261625379794486}},"Overall Survival":{"min":-6.0,"max":6.0,"top_text":"High Survival Correlation","bottom_text":"Low Survival Correlation","map":{"TRAPPC4":0.6629574121135627,"NT5C2":-0.662115820793604,"UVRAG":-0.05303505546189792,"CRYZL1":0.7090931798545618,"ARAF":0.8497848878996224,"VIPAS39":0.3173976891660028,"TSC2":-0.20679881765854224,"RAB7A":0.435204056403725,"VPS8":-0.047889918995242926,"COMMD8":0.11345227380994262,"C12orf4":-0.7726884262328848,"PPP6C":0.1839053083703538,"TRAPPC10":3.6675628684726442,"TRAPPC8":0.7660618191548368,"PARP4":0.14716687031353728,"VPS16":-0.3759227321135933,"ATG7":-0.02077491195148693,"TRAPPC5":-0.18081061087273534,"ATG3":-0.09864911004394755,"ERG":0.29019636495793544,"MON1B":-0.22639520636080157,"TRAPPC12":0.6432254478584002,"CCDC22":-0.08493504387932033,"IKBKB":0.30403427456258353,"PPP1R21":-0.3920708046906941,"TRAPPC2L":1.546969579162876,"VPS33A":0.37491082500665845,"TRAPPC9":1.0735714379183603,"VPS11":-0.14343603683034767,"STX7":0.5813517976991404,"CYLD":0.8582190529105759,"BCR":-0.11766660491321289,"INPPL1":0.024004771949424093,"MYO9B":0.08117643817492287,"VPS39":0.23738099619606387,"TRAPPC11":1.8420782649354264,"TRAPPC13":0.9917597374802866,"TBK1":0.2894680956165346,"TRAPPC1":-0.22185114526061026,"TRAPPC6B":0.005712669245690306,"FBXW5":0.1092743740821822,"CIAO2A":0.06613471718780325,"VPS18":-0.38795239247549695,"BICD2":-0.008722051066009533,"GATD1":0.16862318817562913,"TBCK":-0.3807094972107316,"NAT1":-1.3883519177189259,"TBC1D14":-0.5967693104199909,"TECPR2":-0.43130915757603444,"VPS41":0.5183122247300274,"TGFBRAP1":-0.45433166810382264}},"Blast Percent":{"min":-11.0,"max":11.0,"top_text":"High Blast Percent Correlation","bottom_text":"Low Blast Percent Correlation","map":{"VPS16":-0.2777547899928879,"PPP1R21":-2.1851850914451636,"TBC1D14":-1.2965877547995814,"TBK1":-5.980976055989309,"VPS41":-1.3942357309690794,"CRYZL1":0.5549975961273659,"GATD1":-0.427451627600588,"BICD2":-0.36605509486614835,"TRAPPC1":-0.6005035453488867,"CIAO2A":-0.877947151915639,"ATG7":-4.937583420429171,"IKBKB":-1.7778674678024418,"TRAPPC11":-2.7955598879289805,"VIPAS39":-1.2480728931143024,"TECPR2":-1.0150763646173044,"ERG":0.9351368134676249,"MYO9B":-1.5743335368290676,"VPS33A":-0.15540960070404344,"ARAF":-0.8949486708155837,"BCR":1.4749568097138717,"VPS39":-1.0216329409798457,"TRAPPC2L":-1.4517196647589723,"PARP4":-1.1065180099200356,"VPS18":-0.030625203174927482,"NT5C2":-0.038706874119898524,"TRAPPC6B":-2.9338289169213327,"TSC2":-0.3977741325733389,"COMMD8":-0.8185305228155537,"FBXW5":-2.850710407121386,"UVRAG":-0.9968830199602517,"RAB7A":-2.2192681942343015,"CCDC22":0.20373496063370355,"TBCK":-0.8247682451139333,"PPP6C":-4.640334669145118,"TRAPPC8":-1.8920216594781052,"TRAPPC12":-2.2302340743159585,"TRAPPC5":-2.4784921210473745,"TRAPPC4":-0.5698445321575153,"NAT1":-3.339815760111014,"MON1B":-0.8998163227937512,"ATG3":-3.6860933664554016,"STX7":-1.9700777977188588,"CYLD":-0.25838354960763066,"INPPL1":-0.4999692837897246,"VPS11":-0.5461428567281524,"TRAPPC9":-2.009959484468779,"C12orf4":-1.2471689424583823,"TRAPPC13":-0.750461317943798,"TRAPPC10":-1.8960125927636946,"VPS8":-1.2330440302625538,"TGFBRAP1":0.8553194979261887}},"MuSiC CD14 Mono":{"min":-50.0,"max":50.0,"top_text":"High CD14 Mono Correlation","bottom_text":"Low CD14 Mono Correlation","map":{"VPS8":2.4196464416885317,"VIPAS39":5.269875515335353,"TGFBRAP1":-2.830894252933414,"VPS41":14.587232532371264,"VPS33A":10.8207213515478,"ATG7":25.61314330732795,"VPS16":10.214012728857522,"TRAPPC12":13.073785653607416,"TBC1D14":10.830721296103219,"TRAPPC11":9.355729354430148,"VPS18":8.092840966454181,"RAB7A":10.109813958326479,"NT5C2":2.201801071760219,"VPS39":17.050467250393346,"TBK1":16.289028014495408,"TRAPPC6B":4.17543068656759,"CCDC22":13.779260715183959,"TRAPPC2L":4.584443290914861,"PARP4":20.26205225843369,"PPP6C":4.766792063697307,"TRAPPC9":13.339353869871744,"TRAPPC5":13.255397268232919,"STX7":7.278791771582772,"NAT1":7.40683955167514,"CYLD":11.398854956898514,"INPPL1":11.399825348539512,"CIAO2A":1.62581704042665,"MYO9B":11.670918166632033,"BCR":-11.108514638116905,"MON1B":3.5548091740812113,"IKBKB":13.754981567946231,"ATG3":23.3517955875155,"UVRAG":8.182692076996952,"C12orf4":6.182065791631972,"TECPR2":2.2397788635222478,"ARAF":6.973000551711284,"VPS11":7.04981164228623,"ERG":-13.55008584252855,"COMMD8":12.371260635199285,"TRAPPC10":11.323357623029747,"TBCK":3.748243148670413,"PPP1R21":10.573085198663891,"TRAPPC8":13.55929482269101,"TRAPPC4":2.8226075041742975,"BICD2":15.417930178115045,"TRAPPC1":2.0830505154670527,"TSC2":2.195824318764886,"TRAPPC13":11.692810922085716,"FBXW5":5.416729305014933,"CRYZL1":3.502333114097488,"GATD1":5.124339043901065}},"Mutation NPM1":{"min":-30.0,"max":30.0,"top_text":"High NPM1 Correlation","bottom_text":"Low NPM1 Correlation","map":{"TBK1":0.11185696500901147,"TRAPPC11":-0.6255135976295895,"NAT1":0.3861401108918526,"ERG":-4.503817327962426,"CRYZL1":3.7250548187958454,"ATG7":1.3269031097925,"PARP4":5.563727254200283,"PPP1R21":4.929778703710292,"VPS39":2.0403350703170697,"VPS41":3.492164061182639,"TRAPPC13":0.448113345896037,"ATG3":1.204330306588103,"TRAPPC5":0.5869657593203516,"TBCK":4.4671683410211,"TRAPPC12":-0.11009790394664598,"MON1B":0.5107110075002926,"TRAPPC4":0.020052701733572324,"COMMD8":1.2984542496534528,"IKBKB":-0.2530923931801148,"BICD2":6.165405961958559,"TRAPPC8":-0.1224228902797149,"INPPL1":1.4922592536069261,"TRAPPC9":1.7771229321509423,"TSC2":1.8299807284317338,"BCR":-4.182508081375444,"ARAF":-0.4405918552344068,"RAB7A":-1.2837774868374832,"UVRAG":-2.4110881862694287,"PPP6C":-2.889281521164526,"TRAPPC10":2.0455597898705076,"VPS18":2.2126725635002558,"VPS8":0.7856100315477516,"NT5C2":0.5960973889251718,"CIAO2A":-0.025837324208369556,"TRAPPC6B":-1.697226482534601,"TRAPPC1":-1.1921048524947477,"C12orf4":5.121519509652959,"TBC1D14":-0.10814754999200805,"FBXW5":-1.415729279057584,"TECPR2":-0.09593576662825694,"CCDC22":5.757707233759037,"VIPAS39":-0.038699285051928024,"VPS16":2.566523333737795,"TGFBRAP1":-0.07333716634446201,"GATD1":3.9879372849407724,"CYLD":3.2468066728292015,"MYO9B":-1.978922754886514,"VPS33A":2.166484937084498,"STX7":-1.4667243273059174,"VPS11":0.6704634085504594,"TRAPPC2L":1.5044120527764875}},"NPM1 Subtype":{"min":-37.0,"max":37.0,"top_text":"Committed NPM1 Subtype","bottom_text":"Primative NPM1 Subtype","map":{"TRAPPC6B":3.410584027437719,"C12orf4":7.702222199190196,