{"Mutation FLT3 ITD":{"min":-10.0,"max":10.0,"top_text":"High FLT3 ITD Correlation","bottom_text":"Low FLT3 ITD Correlation","map":{"MACF1":0.652064555798693,"ATG5":-0.031892782124656745,"DOCK11":-1.0428810834158184,"ETFB":1.18792693925077,"PPP1CB":0.4831490142979049,"DOCK5":-1.937878480837258,"INSYN2B":0.0,"PFN1":-0.09500223794373736,"UBA7":0.30616987092401204,"UBA6":-1.684584964590288,"ATG12":0.366130862295999,"SPRYD3":-0.47829399218655577,"PAK2":0.714041225782236,"AKAP11":4.978931097311209,"ARHGEF6":-0.3051396490412669,"ELMO1":1.0915937042391546,"RAPGEF6":-1.8005824100598227,"PRKACB":1.5059810383245578,"CDKN2AIP":0.41168231737997063,"RIOX2":3.253673267283798,"NCKAP1L":-0.02882178460548684,"PLEKHF2":-2.5895838467168124,"VPS13C":0.5068787967521442,"KCNAB2":-0.9816712984228215,"PRKAR1A":0.8877969853018366,"YTHDC2":-0.3069330339099803,"EEA1":-0.29781369779534406,"FBXO45":-0.3708540673175968,"STAT2":-0.16164498287021364,"PRKAR1B":0.11186647129237388,"DOCK2":2.4474538983012826,"STX7":-0.3143328177525132,"SMAD4":0.6007956135210275,"PIGN":2.158819782189889,"DCLRE1C":0.3011805407922037,"MYCBP2":-0.6020309020981415,"RASGRP2":-1.4240958747247359,"VAV1":-0.028394414884949492,"PIK3CD":-1.6199336194738476,"DOCK8":-0.3495929516435853,"ELMO2":0.10945092325599694,"MYO1G":0.5754637992244009,"AGO4":-1.7614085023280586,"PLEKHA2":-0.8023769192851914,"GIT2":1.4641574456311843,"IMPA2":-1.533162238147894,"XPO1":0.2544644500796783,"DMXL1":-0.5388676094776259,"PGK1":-0.1146774714963383,"VPS26B":-0.07236383919325523,"PPIP5K2":-2.84841372339989}},"Mutation NPM1":{"min":-30.0,"max":30.0,"top_text":"High NPM1 Correlation","bottom_text":"Low NPM1 Correlation","map":{"ETFB":0.5987781155589953,"RASGRP2":-0.07393134865315744,"ARHGEF6":-0.38325748167448953,"PFN1":-0.05540330155768563,"DMXL1":-0.3046135453673622,"PPIP5K2":-1.7471588641385392,"MYCBP2":0.0933053408459921,"EEA1":0.6122196509535499,"STAT2":-0.4519358441979369,"KCNAB2":-0.28212769662907067,"RAPGEF6":-1.9470035531847196,"DOCK11":-2.7737625728613,"PIGN":1.4807113016192304,"FBXO45":0.18401937160458287,"MYO1G":2.1101084581139515,"DCLRE1C":4.670075282908172,"PPP1CB":1.5794039710023247,"STX7":-1.4667243273059174,"IMPA2":-2.8060386584202774,"ATG12":1.1756481173218547,"PGK1":-0.35046875236071173,"INSYN2B":0.0,"AKAP11":1.732268063599659,"ATG5":1.164047705646682,"DOCK5":-1.2253418753586847,"VPS13C":1.9540553216893841,"PLEKHF2":-2.7462268551630666,"NCKAP1L":-2.535450130961067,"PRKAR1A":-0.008730415178088946,"AGO4":-0.13254311163083193,"UBA6":-1.6610445100930735,"GIT2":1.5895296401904082,"YTHDC2":-0.4425779598540806,"PRKAR1B":-2.2424219971551937,"PRKACB":1.2248864099898367,"CDKN2AIP":1.4497312007073497,"RIOX2":0.9762052318219033,"MACF1":-0.1925621692404164,"SPRYD3":0.047470439430754775,"DOCK8":1.4284645051817928,"VAV1":-0.20662010535342815,"ELMO1":0.1983318951842198,"VPS26B":0.5238208661042171,"SMAD4":2.528879578326301,"ELMO2":2.667176882402479,"PLEKHA2":0.1326758897078261,"PIK3CD":-0.4049081719598435,"PAK2":-0.47543606371018027,"UBA7":0.7265430765861683,"DOCK2":3.1626888509354347,"XPO1":0.6703624323215266}},"NPM1 Subtype":{"min":-37.0,"max":37.0,"top_text":"Committed NPM1 Subtype","bottom_text":"Primative NPM1 Subtype","map":{"PGK1":2.4902386986364866,"EEA1":14.480898350871051,"DOCK8":4.921237725756636,"ARHGEF6":2.311266337682093,"ATG12":7.5370397044570705,"CDKN2AIP":-10.131902829879458,"MYCBP2":4.676008627891645,"DMXL1":1.078515624563356,"VPS26B":3.1223136337482438,"ATG5":4.8532080067015535,"RIOX2":-0.24820082198890778,"RASGRP2":5.548914435941354,"DOCK11":7.816162174683557,"KCNAB2":3.067564452367634,"ELMO2":17.593047519098718,"MYO1G":3.993861348781887,"DOCK5":3.387535201576421,"GIT2":3.8979345149609586,"PPIP5K2":-0.5192833625104891,"STAT2":11.942006814130563,"UBA7":2.05980342069288,"PPP1CB":1.6477853167595684,"FBXO45":0.7957995985612264,"VPS13C":0.47111161136954294,"RAPGEF6":-0.48248174784633097,"PRKACB":-5.095359294200253,"PAK2":6.492887510911326,"DCLRE1C":0.5337438375844187,"IMPA2":3.32760026545703,"AGO4":5.326716273820453,"ETFB":-1.5001989736894799,"PRKAR1B":-4.543560847593174,"MACF1":-0.8022995933181489,"ELMO1":-2.101087747642233,"AKAP11":-0.35372962197681357,"VAV1":13.413071470518876,"PRKAR1A":-0.27394931246518334,"STX7":7.051363808817316,"PLEKHF2":3.4684666546205687,"NCKAP1L":2.065634955492536,"PLEKHA2":2.0225807927337613,"XPO1":-1.6671056804186337,"PIK3CD":5.395915896337114,"UBA6":-0.20414894474501782,"YTHDC2":5.475453277184319,"DOCK2":1.0026828815994,"SPRYD3":2.0696215781284364,"PIGN":-1.2290258266512426,"SMAD4":-2.469584552533857,"INSYN2B":0.0,"PFN1":15.449185277035332}},"MuSiC CD14 Mono":{"min":-50.0,"max":50.0,"top_text":"High CD14 Mono Correlation","bottom_text":"Low CD14 Mono Correlation","map":{"DMXL1":2.2444335497392336,"ARHGEF6":2.669460900225308,"PRKAR1B":-5.298846805146362,"MACF1":-0.8918681763568128,"UBA7":2.3356592681132406,"PFN1":20.228860549646154,"MYCBP2":4.622311793707637,"VPS26B":5.127470595403479,"PRKAR1A":0.1853974018205343,"GIT2":4.992149548182332,"KCNAB2":3.978178338300789,"UBA6":-0.4018090120779482,"PGK1":3.2204553533664906,"RAPGEF6":0.02072148703025436,"VPS13C":1.3336150941444376,"RASGRP2":6.754042929299936,"PLEKHA2":1.2336255587858223,"SPRYD3":2.4288032125729497,"STAT2":13.50142584956845,"ATG12":6.4448091631089754,"PAK2":9.7614153648372,"CDKN2AIP":-9.371436605258799,"RIOX2":-0.7448164959247753,"AKAP11":-0.18634639207111284,"MYO1G":6.839583435298398,"DOCK11":5.0950087334459795,"ELMO1":-3.4409621153433556,"PLEKHF2":3.3620699335299444,"PIK3CD":6.499130464867576,"PIGN":-1.7726815006503998,"INSYN2B":0.0,"ETFB":-0.4003814740913137,"EEA1":14.844218458881075,"DOCK8":5.494633529504347,"IMPA2":2.107144486744539,"XPO1":-1.4175754679797263,"DOCK5":3.1156305142329446,"PPIP5K2":0.1426307225948212,"FBXO45":-0.310154470106394,"ATG5":7.182838509083107,"DOCK2":1.0776051149526842,"PRKACB":-3.0538234774380957,"SMAD4":-1.7735972204146644,"PPP1CB":2.775240184743193,"VAV1":16.401403705717435,"STX7":7.278791771582772,"ELMO2":21.143713899299335,"NCKAP1L":1.5266985315465875,"DCLRE1C":0.4380001987792995,"YTHDC2":3.621716825222898,"AGO4":6.496608144563106}},"Blast Percent":{"min":-11.0,"max":11.0,"top_text":"High Blast Percent Correlation","bottom_text":"Low Blast Percent Correlation","map":{"FBXO45":3.851131741133676,"PPIP5K2":-1.5906994000604397,"STAT2":-0.8418296053981082,"PPP1CB":0.8142341868399736,"MYCBP2":0.794955813337744,"PAK2":0.052649038376183475,"GIT2":0.25895047799190113,"RIOX2":0.14206256139548265,"ARHGEF6":0.43143270181220383,"ATG12":-0.8527422702375947,"PRKAR1B":-0.7056411062689883,"DOCK11":-0.188951693595186,"ELMO2":-1.1329440395777646,"PLEKHF2":-2.6843914425868154,"VPS26B":-1.1485372928166926,"YTHDC2":-1.8124559087046679,"UBA7":-0.19926206171725505,"DMXL1":0.16353575728873304,"PRKAR1A":-0.018367171862012813,"EEA1":-0.13528102848907306,"DOCK5":-0.2525633977784128,"DCLRE1C":1.0770537449414281,"KCNAB2":-0.1043539961820722,"AGO4":0.10355692107777237,"XPO1":0.5857500169604274,"UBA6":0.1688784080878236,"AKAP11":0.15087822888056382,"RAPGEF6":-0.5645241383223518,"MACF1":2.3606366895923547,"IMPA2":0.11881228185869247,"CDKN2AIP":2.305685190208351,"PGK1":-0.18238412777433144,"PLEKHA2":0.16964009410777253,"PIGN":0.21101027077201165,"RASGRP2":-0.23539045424798544,"ATG5":-0.8730900328630196,"STX7":-1.9700777977188588,"PRKACB":0.942789693246557,"ETFB":0.3640728685100787,"DOCK8":0.5443815220769008,"PFN1":-3.8154901834730937,"SPRYD3":0.040769940023689444,"ELMO1":2.310437363134044,"DOCK2":1.445050212322786,"SMAD4":3.3204381761589765,"VPS13C":1.9424667122350237,"PIK3CD":-0.24657505958409484,"VAV1":-2.84685750325997,"INSYN2B":0.0,"MYO1G":0.3930606370497704,"NCKAP1L":-1.465947516281917}},"Overall Survival":{"min":-6.0,"max":6.0,"top_text":"High Survival Correlation","bottom_text":"Low Survival Correlation","map":{"MACF1":1.2700445383470713,"PLEKHA2":0.12552559728591703,"AGO4":0.5349016665315485,"ATG12":0.15748805427758836,"STAT2":0.5732187541268703,"PIGN":1.4046839067038321,"DMXL1":1.1497043278725356,"YTHDC2":1.5438478251176324,