{"Mutation NPM1":{"min":-30.0,"max":30.0,"top_text":"High NPM1 Correlation","bottom_text":"Low NPM1 Correlation","map":{"SELENBP1":-5.220985852152947,"TMCC2":-6.503110183546216,"GATA1":-0.8850657540454211,"MGAT3":-0.618437554279532,"EPB42":-5.786828996070951,"SLC4A1":-5.137210697082837,"STOM":-6.307471780725508,"MBOAT2":-1.026602506043932,"H4C12":0.0,"ALAS2":-5.971472228237738,"ANK1":-5.899756618779289,"SVIP":-6.1505483702837145,"RHAG":-5.18305783574925,"HBB":-4.450555262738051,"BCAM":-6.036563642030394,"GYPA":-5.11531102570187,"KEL":-4.334656393837194,"SLC2A1":-5.033925565690486,"TFRC":-6.842089008452067,"TINAGL1":0.0,"H2AC17":0.0,"TRIM10":-4.715984712794871,"COL1A2":-1.8212602710517567,"EPB41":-6.4537118986131,"KLF1":-2.335139909392419,"COL4A2":0.031724939248614824,"SPTA1":-5.430170400808431,"SYNE1":-8.135591737196442,"CD59":0.0,"H4C2":0.0,"SLC25A37":-5.336130983425408,"MYH10":-6.27913658027065,"DBN1":0.5557587363030468,"POMGNT2":-0.8408512638860757,"RHCE":-3.7814193012235924,"H2BC10":0.0,"DHRS13":0.3728743845602447,"MYL4":-7.19455168334244,"AHSP":-5.179452388317399,"DMTN":-4.990928927370866,"HBD":-4.4008919373768745,"HEMGN":-6.318991227236466,"VPS13A":-2.0467850970044026,"ERMAP":-5.001310923731788,"WWOX":0.3789263126153946,"AQP1":-4.860806999210285,"DNAJC6":-2.9980320523843744,"SLC40A1":-1.9292704108942793,"CALCOCO1":-5.296643102995235,"CYGB":0.0,"COL4A1":0.0}},"Overall Survival":{"min":-6.0,"max":6.0,"top_text":"High Survival Correlation","bottom_text":"Low Survival Correlation","map":{"SELENBP1":-0.25084987871681225,"AQP1":0.054084712021300524,"CALCOCO1":-0.043776605549495334,"HBD":-0.4059713672861655,"SLC25A37":-0.38646033201641794,"BCAM":-0.14511679079711298,"SYNE1":0.9395105979371231,"TINAGL1":0.0,"GATA1":0.9225733980245929,"GYPA":-0.029080906170927883,"RHAG":-0.18454719919333296,"MYL4":-0.7187118097875516,"COL4A2":-1.462578425148857,"DNAJC6":-1.3238816734815018,"DMTN":-0.8890314825445215,"TRIM10":-0.19612592240267107,"ANK1":-0.3442621206647322,"SLC40A1":-0.040895208123701246,"MYH10":-0.7716926467919801,"STOM":-0.3301993251181008,"TMCC2":-0.22688144647478017,"HBB":-0.6386468777488546,"POMGNT2":0.09223023708162989,"MGAT3":0.010076409842223983,"SLC2A1":-0.4562968490857076,"HEMGN":-0.2619163171428238,"H2BC10":0.0,"CYGB":0.0,"H2AC17":0.0,"DHRS13":-0.37856290096877254,"AHSP":-0.019409560920139922,"SVIP":-0.14892521472299333,"SPTA1":-0.1584855188943252,"H4C2":0.0,"TFRC":-0.008713384120155957,"WWOX":-0.19996553463613068,"H4C12":0.0,"COL1A2":1.296955019233559,"ALAS2":-0.13345170476723872,"EPB42":-0.0674040338724231,"KLF1":0.2199536377058525,"EPB41":-0.46666784630859914,"COL4A1":0.0,"DBN1":-0.5178524727504311,"ERMAP":-0.08776921714918896,"SLC4A1":-0.25333246615206206,"MBOAT2":-0.6325473594215871,"VPS13A":-0.4591274219278759,"CD59":0.0,"RHCE":-0.044051279232806335,"KEL":-0.32719144776210246}},"Blast Percent":{"min":-11.0,"max":11.0,"top_text":"High Blast Percent Correlation","bottom_text":"Low Blast Percent Correlation","map":{"MGAT3":-1.3221084933792633,"TINAGL1":0.0,"SYNE1":-4.81697151208145,"H4C2":0.0,"SVIP":-3.0656323005388324,"HBB":-3.2719383923665055,"DNAJC6":-2.043840454383044,"KEL":-3.5884398201830376,"HBD":-3.2935259868143847,"RHCE":-2.9109561614173316,"TRIM10":-3.4878319736891203,"ALAS2":-2.780809116451492,"CD59":0.0,"COL4A2":-0.7064687412384596,"COL4A1":0.0,"COL1A2":-1.7952954933526935,"AQP1":-4.342494329749399,"HEMGN":-2.331118397553374,"AHSP":-3.761095538065638,"DHRS13":-0.8118283591982731,"MYL4":-3.72030940105292,"DMTN":-4.307811207812558,"TFRC":-2.60019173675419,"POMGNT2":-0.15703794269143395,"WWOX":0.13402087414197614,"MBOAT2":-4.353994496570553,"ANK1":-3.8295797210259126,"EPB42":-3.3923938160343394,"GATA1":-1.7479818907364875,"SLC25A37":-5.568179213753654,"ERMAP":-3.315353020448716,"DBN1":1.1903615415489683,"SLC4A1":-3.5850886713232577,"STOM":-4.952660216336466,"VPS13A":-0.9236575810604163,"H2BC10":0.0,"RHAG":-2.63076469406695,"CALCOCO1":-3.029085424087374,"SPTA1":-3.713598783328491,"SLC2A1":-3.2215377531880747,"H2AC17":0.0,"MYH10":-4.400328489836827,"BCAM":-2.741048577318472,"SLC40A1":-3.7091112910586683,"GYPA":-4.293092626504701,"TMCC2":-2.984899583273289,"SELENBP1":-3.673552089920359,"H4C12":0.0,"CYGB":0.0,"EPB41":-3.0145133890546214,"KLF1":-1.107206382596239}},"NPM1 Subtype":{"min":-37.0,"max":37.0,"top_text":"Committed NPM1 Subtype","bottom_text":"Primative NPM1 Subtype","map":{"EPB42":0.06752980069095556,"GYPA":-0.36244202045057516,"TFRC":-1.4828612404654282,"H4C12":0.0,"HBD":0.04251256710393525,"HBB":0.052779343819319265,"STOM":0.5633754876541733,"CALCOCO1":-1.1246763966236673,"KLF1":-1.0117916640871745,"SLC2A1":-0.0035470548121659044,"DMTN":-0.22361960897319863,"H4C2":0.0,"COL4A2":0.3348453661190633,"COL4A1":0.0,"SELENBP1":-0.2998811343057042,"AQP1":-0.5433283975052574,"RHCE":-0.13814456500111402,"DHRS13":-3.492824381109867,"MYH10":-0.8764275847257939,"SLC40A1":-0.5440773858895825,"ALAS2":-0.4919090054775318,"SPTA1":0.15000786216402123,"TRIM10":-0.305112411587868,"ERMAP":-0.05042046650553701,"HEMGN":-1.6634002276018283,"SYNE1":-0.2683799905068095,"BCAM":-0.8871778055927574,"ANK1":-0.12651363830856954,"DNAJC6":-1.7022805573569801,"MYL4":-0.63661957300552,"WWOX":-5.186629581782101,"VPS13A":-1.3299627807300194,"SLC4A1":0.03621585096606926,"RHAG":-0.2494082306711897,"TMCC2":-0.7197661592375802,"AHSP":-0.4821692886546524,"GATA1":-1.6503314818022978,"EPB41":-0.2675812581949203,"H2AC17":0.0,"KEL":-0.027269446095397318,"COL1A2":0.3721132665539138,"DBN1":-6.4113959349357135,"H2BC10":0.0,"MBOAT2":-0.43495645497854385,"POMGNT2":-3.0052481014355767,"SVIP":-0.64271466383647,"CD59":0.0,"MGAT3":-0.06997740671382334,"TINAGL1":0.0,"SLC25A37":-0.16481813278748186,"CYGB":0.0}},"Mutation FLT3 ITD":{"min":-10.0,"max":10.0,"top_text":"High FLT3 ITD Correlation","bottom_text":"Low FLT3 ITD Correlation","map":{"KEL":-1.4589616451025154,"WWOX":1.2590400194093117,"SLC25A37":-1.9258598953227837,"AQP1":-1.3735736683591322,"EPB41":-1.637950084855441,"VPS13A":1.1645320485477162,"MGAT3":0.6976253051656068,"RHAG":-1.3719195758059772,"H2AC17":0.0,"COL1A2":-0.7590674959536498,"TMCC2":-2.063717039988007,"H2BC10":0.0,"SYNE1":-1.3332460102555426,"H4C2":0.0,"CYGB":0.0,"MYL4":-2.740907080271586,"AHSP":-1.4480583084125984,"TFRC":-2.8100319129335984,"SVIP":-0.8921103195154864,"EPB42":-1.8996119024478297,"POMGNT2":-0.6812325821438284,"ANK1":-1.868495534890838,"SLC4A1":-1.2572473094871304,"MYH10":-1.4769544742393115,"SPTA1":-1.7043327569392814,"CD59":0.0,"MBOAT2":-0.1994932281017135,"HBD":-1.5699704946908264,"COL4A2":-0.40328702591238197,"H4C12":0.0,"HEMGN":-2.621711252825069,"ERMAP":-1.3562614306387524,"TINAGL1":0.0,"TRIM10":-2.000609989679705,"ALAS2":-2.74718770029434,"GATA1":-0.13522455423885382,"COL4A1":0.0,"HBB":-1.4643514725194948,"KLF1":-0.870449294880981,"RHCE":-0.9951043994308717,"SELENBP1":-2.0774441250773683,"DNAJC6":-2.1622673706888005,"DMTN":-1.6425040913243936,"CALCOCO1":-2.3053140133192858,"DBN1":0.841203168333625,"DHRS13":0.44707469018406387,"STOM":-1.8280613857499852,"SLC40A1":-0.43114729271285035,"BCAM":-0.9653484736764157,"SLC2A1":-0.9754541686952591,"GYPA":-1.4460665727274855}},"MuSiC CD14 Mono":{"min":-50.0,"max":50.0,"top_text":"High CD14 Mono Correlation","bottom_text":"Low CD14 Mono Correlation","map":{"SLC4A1":-0.004721581977353015,"HEMGN":-1.5187302576487762,"TFRC":-2.8358051621460496,"MYL4":-0.4469583288295205,"MBOAT2":-0.0501420264660079,"EPB41":-0.41785979823676433,"VPS13A":-1.8793781671797676,"POMGNT2":-2.5210726034672954,"DHRS13":-2.3468703140285574,"TMCC2":-0.677579952947642,"GATA1":-0.8060705578818932,"ANK1":-0.11804111797854876,"H2AC17":0.0,"ERMAP":-0.12940715934049082,"HBB":0.05997336493256027,"RHAG":-0.6874446338154889,"DNAJC6":-1.4879884594087178,"H2BC10":0.0,"RHCE":-0.07585377564739677,"SVIP":-0.6840393154206083,"COL4A2":0.24316657700418573,"COL4A1":0.0,"KLF1":-0.5810845167002542,"TINAGL1":0.0,"DMTN":-0.17843029294865387,"SPTA1":-0.08996637969519299,"TRIM10":-0.09087506312546689,"SLC2A1":0.0227579759535933,"H4C2":0.0,"H4C12":0.0,