{"NPM1 Subtype":{"min":-37.0,"max":37.0,"top_text":"Committed NPM1 Subtype","bottom_text":"Primative NPM1 Subtype","map":{"VPS50":6.209461245781175,"TTC1":0.04486408836875206,"EXOC2":1.0643466377906834,"C1orf198":-0.7201674939538973,"TRAPPC5":14.483323668737654,"HGS":1.1227905349421656,"CRK":3.7607106813788573,"UBR3":2.9607725963984097,"STX7":7.051363808817316,"VPS51":4.223624637674317,"PSMC5":0.47153889060615395,"COG6":-0.0019147886932786276,"RAB3GAP2":5.24418803580666,"GOLGA1":5.518413357426009,"CREB3":0.0,"VPS54":1.6900414933930725,"ISCA2":-1.9663228666064676,"PHKA2":8.915212880459908,"ATG7":18.12137069384102,"VPS52":4.441751222229924,"CLASP2":4.620776174318523,"SH3GLB2":1.447121563661022,"GRIPAP1":8.846955336381944,"PTAR1":3.5832477849806037,"RNF41":1.367415685609079,"PDLIM5":6.636490295220011,"EXOC4":0.9089190489626446,"TRAPPC2L":2.926114483189457,"RRM2B":2.777402581389653,"RAB8A":-0.8117853299462023,"UBE3C":3.355032708189986,"SLC2A9":7.29394939505908,"VPS53":10.179444236835025,"VPS36":1.5395739140331344,"MON2":8.260740229747034,"MYH9":13.176780338482924,"AP4M1":3.841184083587523,"TRIM25":11.765828088857688,"RABGEF1":2.782834147151468,"PRKAA1":4.43282959610028,"EXOC1":0.8213679069260349,"LTN1":8.507879932388246,"MARK4":1.7374033037016008,"CALM2":0.0,"AVL9":10.306607368754197,"EXOC3":1.2932012653040246,"EXOC7":-0.05694929563286052,"VPS35":8.156862628010533,"RPS6KA1":9.518153030113536,"KLHL36":0.5201864332855947,"HDAC4":17.273339859982656}},"Overall Survival":{"min":-6.0,"max":6.0,"top_text":"High Survival Correlation","bottom_text":"Low Survival Correlation","map":{"MARK4":0.14787188693470424,"TRAPPC5":-0.18081061087273534,"GRIPAP1":0.25625168862701825,"ISCA2":-0.35302552008960936,"HGS":-0.15261306687825335,"RPS6KA1":-0.19709164813078592,"EXOC4":0.012359363005906458,"EXOC1":0.027895526467181575,"VPS54":-1.2216963720835594,"VPS50":0.24282836805327318,"TTC1":0.40467216586544635,"RNF41":-0.5080605288721503,"VPS53":0.024539394851879795,"PSMC5":0.355332681980446,"UBE3C":0.5503234773769867,"EXOC3":-0.9429563629051395,"CLASP2":0.8780190545665282,"PDLIM5":1.0652178607213112,"PTAR1":-0.4275519354723552,"MON2":0.3295189245919459,"COG6":-0.9101465913216984,"PRKAA1":1.0040585196861627,"TRAPPC2L":1.546969579162876,"CRK":-1.3398415845975915,"KLHL36":-0.004114167628508778,"LTN1":0.20774038931690228,"VPS36":0.15888383234027398,"MYH9":1.0737103680222333,"SLC2A9":-0.33054787961265014,"VPS35":0.3349249790063554,"GOLGA1":0.056615652929612306,"TRIM25":0.2458395830255259,"PHKA2":-0.5195310440289863,"HDAC4":0.1798870229004178,"RABGEF1":0.42967422580866055,"VPS52":-0.2662454508433148,"AP4M1":0.14580318665379527,"EXOC2":-0.3632898910667183,"CREB3":0.0,"VPS51":-0.2464206307521908,"C1orf198":-0.3621171560164865,"CALM2":0.0,"RAB8A":0.8131908979441944,"EXOC7":0.1711262489083932,"SH3GLB2":-0.16726890944437844,"AVL9":-0.8486523918734886,"RRM2B":0.6303595869116976,"ATG7":-0.02077491195148693,"RAB3GAP2":-0.16156470031992348,"STX7":0.5813517976991404,"UBR3":2.0127797203142768}},"Mutation NPM1":{"min":-30.0,"max":30.0,"top_text":"High NPM1 Correlation","bottom_text":"Low NPM1 Correlation","map":{"MARK4":-0.04249594432470225,"COG6":1.0323382928334648,"VPS52":0.31860498444236013,"EXOC2":-0.36672718320655034,"CLASP2":0.9999896771351742,"CALM2":0.0,"AVL9":2.1679686349772624,"LTN1":-0.9445939832795391,"ISCA2":0.7915312139736222,"RAB8A":-1.494532438863269,"GRIPAP1":2.290724586752862,"HDAC4":0.16054439084734898,"PDLIM5":2.179313171208259,"KLHL36":-0.017741200023519376,"VPS35":1.4015795937447542,"RNF41":-0.33952595629941096,"RPS6KA1":0.4761564254198798,"VPS51":2.0856979510408835,"C1orf198":-0.9104171060391656,"RAB3GAP2":1.3610419133678213,"UBR3":-0.2245365442992949,"VPS54":-1.8805739690077197,"EXOC1":2.979497135572936,"EXOC7":-0.5668403766590914,"GOLGA1":0.2412481984539116,"PSMC5":-0.513726097860457,"PHKA2":4.000778184347211,"MYH9":-0.006899456921615533,"HGS":-0.4000089188896549,"UBE3C":-0.6289253996004891,"VPS53":0.4573326724699542,"CREB3":0.0,"CRK":1.4943464791769667,"VPS50":1.0848185545438356,"TRIM25":-0.009583914399497226,"TTC1":0.048918823921047225,"AP4M1":-0.7740657502854603,"EXOC4":2.138302332535988,"SH3GLB2":-1.2631621343184778,"ATG7":1.3269031097925,"EXOC3":2.0237254578429393,"PRKAA1":-1.744612798883019,"RRM2B":-0.17180570333407383,"PTAR1":-1.9717044201916667,"RABGEF1":1.1607705984884018,"SLC2A9":2.350668844832428,"STX7":-1.4667243273059174,"VPS36":0.25258495035070805,"TRAPPC5":0.5869657593203516,"TRAPPC2L":1.5044120527764875,"MON2":0.024814330014471083}},"Blast Percent":{"min":-11.0,"max":11.0,"top_text":"High Blast Percent Correlation","bottom_text":"Low Blast Percent Correlation","map":{"EXOC1":-0.3014284646056153,"HDAC4":-0.8884674635379312,"AVL9":-2.3563702580380093,"SLC2A9":-0.901189579004448,"PRKAA1":-3.60383931907448,"PTAR1":-2.3627068040318187,"TRAPPC5":-2.4784921210473745,"VPS35":-0.13107927352405085,"PSMC5":-1.740037480759477,"UBR3":-1.909095019624305,"UBE3C":-4.585006163087909,"RABGEF1":-0.12687274637817986,"CREB3":0.0,"VPS50":-2.7303147100915566,"TRIM25":-1.2217001839191042,"MYH9":-5.129980406574905,"CALM2":0.0,"EXOC2":-1.3212920491632827,"CRK":-0.17458102804100328,"VPS54":-4.992523115452127,"C1orf198":-1.4540128400831263,"STX7":-1.9700777977188588,"RAB3GAP2":-1.8734798990122064,"KLHL36":0.24072380394860318,"AP4M1":-1.9440713809799388,"MON2":-6.455305772781064,"VPS51":-0.39883057886450773,"MARK4":-0.7296503602290088,"RRM2B":-0.7684663811721585,"ISCA2":1.7288558729897905,"CLASP2":0.010642669438011903,"VPS52":-2.7094214600936435,"PHKA2":-1.4972508768340234,"COG6":0.09359547024311535,"VPS36":-0.8455972916122385,"PDLIM5":-3.5243020939961824,"GRIPAP1":-2.1448095903312483,"TTC1":-0.32706654913550515,"RAB8A":-1.1140368360251012,"EXOC7":-0.8870145995148783,"EXOC4":-0.307510771281952,"VPS53":-2.875421973608618,"RNF41":-0.9203175570994998,"HGS":-0.7485978509498585,"RPS6KA1":-2.0174751902649506,"LTN1":-1.0656128563646696,"EXOC3":-0.3928393370641151,"ATG7":-4.937583420429171,"GOLGA1":-5.212083807265288,"SH3GLB2":-5.083307606536544,"TRAPPC2L":-1.4517196647589723}},"MuSiC CD14 Mono":{"min":-50.0,"max":50.0,"top_text":"High CD14 Mono Correlation","bottom_text":"Low CD14 Mono Correlation","map":{"MON2":12.123969253543898,"VPS54":1.5214643878304694,"PRKAA1":4.66226410395116,"VPS36":2.2100459637254493,"STX7":7.278791771582772,"EXOC3":4.553852631188799,"PDLIM5":10.005137918924502,"RRM2B":3.0938012126368526,"PSMC5":2.3494073593785254,"VPS51":6.350392270812671,"CALM2":0.0,"AVL9":14.289803687012672,"VPS53":13.338883655982677,"ATG7":25.61314330732795,"PHKA2":13.99559932941842,"KLHL36":0.9443583761839652,"HDAC4":20.259114835304086,"CRK":6.186046005641653,"TRAPPC5":13.255397268232919,"CREB3":0.0,"PTAR1":2.402686259738946,"VPS52":4.50504882982199,"RAB3GAP2":7.657050852222283,"SLC2A9":12.509132099065864,"RNF41":2.1946496142072953,"EXOC1":2.517733677133227,"VPS50":9.865599537383403,"RPS6KA1":15.337732097833342,"CLASP2":4.772705017197262,"RABGEF1":2.4023775713993385,"LTN1":8.016998286690033,"TRIM25":14.73726704406685,"COG6":-0.040617796850089025,"UBR3":4.190459752507795,"UBE3C":4.997838548388535,"GOLGA1":7.668415906684973,"SH3GLB2":3.7670610188839033,"RAB8A":-0.3493000007794935,"C1orf198":-0.7681029869365014,"MARK4":1.3795656453671397,"MYH9":18.85590437042841,"TTC1":-0.2789807462181976,"HGS":2.3218548790265987,"AP4M1":2.830837833835431,"ISCA2":-0.9663764183624763,"EXOC2":2.991445907580372,"TRAPPC2L":4.584443290914861,"EXOC4":3.113068284465052,"EXOC7":-0.01767039994468693,"GRIPAP1":10.290462618082936,"VPS35":10.034351825439265}},"Mutation FLT3 ITD":{"min":-10.0,"max":10.0,"top_text":"High FLT3 ITD Correlation","bottom_text":"Low FLT3 ITD Correlation","map":{"RRM2B":-0.2960367454741143,"CLASP2":0.8061085745917483,"VPS36":-2.024756657638381,"EXOC3":1.5990487331736187,"TTC1":-0.023893739286173853,"RNF41":-0.31634201420806535,"LTN1":-1.8321755293668247,"TRAPPC2L":-0.11245740483200246,"GRIPAP1":0.16953270787675068,"HGS":-1.8305867382046899,"AVL9":-0.0992049105960533,"PSMC5":0.005577146424971855,