{"Mutation FLT3 ITD":{"min":-10.0,"max":10.0,"top_text":"High FLT3 ITD Correlation","bottom_text":"Low FLT3 ITD Correlation","map":{"SNX2":2.1543642927726667,"WASHC2C":0.9896204191151298,"WASHC5":1.0998660997068483,"CCDC22":2.157970320683464,"ROCK1":-2.5583450882601433,"VPS29":-0.38026168287318907,"COPB1":1.3472150078584273,"VPS41":1.277051070831089,"VPS36":-2.024756657638381,"RILPL2":0.5618382323782608,"EIF3F":0.6839175568761072,"WASHC2A":1.330747896736055,"LAMP1":0.5877136652067444,"SNX1":0.007234949724781879,"VPS35":-0.24872175024463863,"CDV3":0.24515413166049008,"COPE":0.6844538864014061,"COMMD5":1.6871014747455966,"CRYZL1":1.413190711617555,"CAPZB":-1.7324347104746427,"PSEN1":0.20164969851547004,"VPS18":0.07937899429227473,"VPS26B":-0.07236383919325523,"COPB2":0.82890609832999,"STAM2":2.3570794239212716,"VPS26A":0.3600273055581627,"CCDC93":2.557064745092291,"CYLD":0.5209011836531567,"WASHC3":0.5971731316559158,"CAPZA1":0.15573944860462316,"WASHC4":0.7646489730953373,"LAMP2":0.6557950557727829,"COMMD6":1.982605468661448,"PPP2R1A":-0.7517559486201403,"FKBP15":-0.1726025445729545,"SNX6":1.08680721834708,"COMMD4":0.7948016225172744,"WASHC1":1.547994037062695,"COMMD9":1.4404320240701314,"DNM1L":1.196209054188388,"MON2":-0.6165019324301265,"CAPZA2":0.2815737242385327,"RAB7A":-0.3307547964297888,"ATG7":-0.08094884340709299,"COMMD7":2.5861602931470458,"HOOK3":0.023776291769183028,"PHKA2":0.04580425509526178,"PXK":-1.5908920848844743,"AP3M1":0.6942566667261499,"VPS33A":0.5510717827735191,"GDAP2":0.5066875185950841}},"MuSiC CD14 Mono":{"min":-50.0,"max":50.0,"top_text":"High CD14 Mono Correlation","bottom_text":"Low CD14 Mono Correlation","map":{"CCDC93":11.02771661795474,"COMMD5":8.658326326569387,"ATG7":25.61314330732795,"VPS29":8.58030516877181,"COPB2":10.836991450831313,"DNM1L":1.6437702371925595,"COPE":7.956184738590105,"LAMP2":0.3403573314743197,"ROCK1":6.440071370204859,"FKBP15":31.866267909529014,"VPS18":8.092840966454181,"WASHC5":9.32759946801369,"VPS26A":6.0603020670594265,"PXK":1.8897400007789225,"HOOK3":6.795906468353223,"PSEN1":6.739679765881816,"CRYZL1":3.502333114097488,"VPS26B":5.127470595403479,"WASHC4":6.611693135456282,"PHKA2":13.99559932941842,"WASHC3":7.846310192957928,"GDAP2":14.728086091079234,"WASHC1":5.208580798026332,"COMMD7":11.517288687555002,"CDV3":2.317011349023167,"VPS35":10.034351825439265,"SNX2":9.631941999431707,"RAB7A":10.109813958326479,"STAM2":10.926267644769036,"COMMD6":5.393154816532634,"CAPZB":13.388643307772574,"PPP2R1A":3.099205687022397,"CAPZA1":6.9954359038422735,"VPS36":2.2100459637254493,"CCDC22":13.779260715183959,"SNX6":11.340470101656729,"RILPL2":7.03129442367803,"EIF3F":0.413652807692151,"CAPZA2":3.9110376585166415,"COMMD9":8.617557961860411,"MON2":12.123969253543898,"COPB1":8.709704446816756,"COMMD4":11.949224956420501,"SNX1":15.212420735811426,"AP3M1":11.588994597616034,"VPS41":14.587232532371264,"LAMP1":2.8056263248899254,"WASHC2A":2.631737637176849,"VPS33A":10.8207213515478,"WASHC2C":7.116762453605861,"CYLD":11.398854956898514}},"NPM1 Subtype":{"min":-37.0,"max":37.0,"top_text":"Committed NPM1 Subtype","bottom_text":"Primative NPM1 Subtype","map":{"VPS29":6.6084231548273165,"PSEN1":5.229157374863923,"COPB2":6.368119481837307,"COMMD7":7.085311614100784,"COMMD5":6.580719385200754,"HOOK3":4.654802800242444,"ROCK1":8.9162109144539,"LAMP1":2.038364452151814,"ATG7":18.12137069384102,"PHKA2":8.915212880459908,"CCDC22":9.755688811882381,"CCDC93":7.075671947222225,"COMMD6":2.8020263623630264,"SNX2":8.763683633326215,"WASHC3":2.778498017992913,"WASHC5":4.045583399404989,"FKBP15":27.103434111600887,"VPS33A":10.519546051806778,"CDV3":0.9912057276323931,"COPE":4.413985479403299,"COPB1":4.632683499775661,"CAPZB":12.380136678671906,"CAPZA2":2.803696047784565,"CAPZA1":5.230695281339192,"CRYZL1":2.214003521969506,"RILPL2":6.366434977052123,"LAMP2":0.31965275692512285,"VPS41":13.004235327087315,"AP3M1":7.538076606514288,"CYLD":10.260379841657418,"MON2":8.260740229747034,"COMMD9":5.676615625099989,"VPS26A":4.117195472287467,"STAM2":5.698298091606378,"PXK":3.5566445645203912,"WASHC2C":5.352336033056843,"RAB7A":7.757035592683755,"PPP2R1A":1.6328769267655605,"VPS36":1.5395739140331344,"VPS18":6.0414599626192365,"VPS35":8.156862628010533,"COMMD4":9.223004631110626,"SNX6":9.820258213379642,"VPS26B":3.1223136337482438,"WASHC2A":2.008774901966354,"EIF3F":0.5326189648201313,"DNM1L":0.4658287391789375,"GDAP2":9.028291506052799,"WASHC1":2.343452250969413,"SNX1":12.43472625551355,"WASHC4":3.9876718217064986}},"Blast Percent":{"min":-11.0,"max":11.0,"top_text":"High Blast Percent Correlation","bottom_text":"Low Blast Percent Correlation","map":{"VPS29":0.13246331104539896,"WASHC4":0.10522192482804142,"SNX2":-0.7731481797905584,"WASHC3":0.06149524636490326,"PSEN1":-0.7921090867068005,"WASHC1":0.8055982387181918,"CCDC93":0.5049578991494926,"CAPZB":-5.062033415539668,"CCDC22":0.20373496063370355,"HOOK3":-0.2635768946826057,"COMMD9":0.26369287752580983,"RAB7A":-2.2192681942343015,"VPS41":-1.3942357309690794,"GDAP2":-0.9295244633257044,"VPS33A":-0.15540960070404344,"COMMD7":0.09677491528878403,"DNM1L":-0.11140318242842832,"CAPZA2":-0.4996171869564137,"COPE":-0.26547325252457094,"ATG7":-4.937583420429171,"SNX1":-3.35000266043728,"WASHC2C":0.4436690361474311,"MON2":-6.455305772781064,"LAMP1":0.2801649957712335,"VPS26A":-0.10257558202267189,"LAMP2":0.6506198858577893,"FKBP15":-3.940527288690418,"VPS26B":-1.1485372928166926,"ROCK1":-1.4079549329783416,"PHKA2":-1.4972508768340234,"COPB1":-0.6656693622464817,"PXK":0.11609052022585624,"SNX6":-0.19845975571555124,"PPP2R1A":-1.0113817070883602,"WASHC5":0.2562633434397498,"COMMD6":0.6757448483697164,"CAPZA1":-0.6104436424104389,"EIF3F":0.17676598937101257,"WASHC2A":-0.14422872664104208,"VPS18":-0.030625203174927482,"STAM2":-0.6713380748392511,"VPS35":-0.13107927352405085,"AP3M1":-0.32576122754156334,"CYLD":-0.25838354960763066,"COMMD4":-0.6322473373083426,"RILPL2":0.5120736443752458,"COMMD5":0.49210141286073766,"COPB2":-1.0331101170008634,"CDV3":-2.252129139486666,"CRYZL1":0.5549975961273659,"VPS36":-0.8455972916122385}},"Overall Survival":{"min":-6.0,"max":6.0,"top_text":"High Survival Correlation","bottom_text":"Low Survival Correlation","map":{"AP3M1":0.5218844287614766,"CAPZA1":1.1519223448780782,"VPS29":-0.7778905992406077,"COMMD9":-0.19299092176523602,"COMMD6":0.2579325061649042,"COMMD4":0.040071603050989876,"DNM1L":0.09533102086890272,"VPS26B":-0.437364991733044,"COPE":-0.48269694432986376,"CYLD":0.8582190529105759,"WASHC2C":-0.16265673098540906,"COPB2":0.0720840954247431,"RAB7A":0.435204056403725,"MON2":0.3295189245919459,"PPP2R1A":0.026748844471600832,"SNX6":0.2838884086646696,"WASHC5":-0.6590011817338006,"WASHC2A":-0.0767125459548901,"VPS41":0.5183122247300274,"VPS18":-0.38795239247549695,"CCDC22":-0.08493504387932033,"SNX2":0.5489309347565439,"GDAP2":0.04762758487354317,"ATG7":-0.02077491195148693,"FKBP15":0.5094496643443283,"COPB1":0.05547447994275629,"WASHC3":-0.5440113431099602,"CRYZL1":0.7090931798545618,"WASHC4":0.09772827573027977,"ROCK1":1.2595792487105513,"STAM2":-0.036636620678676936,"RILPL2":-0.31482090897722026,"CDV3":-0.0004861128864337542,"SNX1":-0.2607690358378586,"VPS36":0.15888383234027398,"VPS33A":0.37491082500665845,"CAPZA2":0.8517683520710453,"COMMD7":0.1819601535483594,"CCDC93":0.2202027198144714,"VPS35":0.3349249790063554,"CAPZB":0.2647567135386062,"LAMP1":0.38990334943231947,"EIF3F":0.48394214682597253,"WASHC1":0.06708858684683096,"COMMD5":-0.1509696890145803,"HOOK3":0.10279400123159114,"VPS26A":0.40088854934097157,"PSEN1":0.6191631622006792,"PXK":-0.07834431846005135,"LAMP2":-0.06860901626581786,"PHKA2":-0.5195310440289863}},"Mutation NPM1":{"min":-30.0,"max":30.0,"top_text":"High NPM1 Correlation","bottom_text":"Low NPM1 Correlation","map":{"WASHC3":3.3514321718658993,"DNM1L":2.4791790238827733,"VPS26A":0.6660722168272041,"CAPZA1":0.8131363612802983,"COMMD9":3.1999712236621063,"VPS33A":2.166484937084498,"CAPZA2":0.7090482748563051,"CCDC93":6.870773503356418,