{"Mutation NPM1":{"min":-30.0,"max":30.0,"top_text":"High NPM1 Correlation","bottom_text":"Low NPM1 Correlation","map":{"SLC39A10":4.225890496021692,"RNF220":2.583602068671226,"ZKSCAN8":0.3919462290367386,"TMEM67":0.35987389390859936,"POMT2":1.7473301373975922,"IFT122":3.4807360540184744,"IFT22":1.5573608185759455,"RNASEH2B":-0.407604055826155,"DIPK1A":0.0,"ZKSCAN4":-0.1851675957002163,"CCDC40":0.0,"ANAPC4":-0.6046964578116524,"IFT46":1.58009509566014,"ZNF397":1.8284870960260708,"LAMP2":4.867900200301865,"D2HGDH":-0.31780622556177235,"SNAPC4":0.28977039968059015,"PON2":-0.3068575226194777,"WDR35":5.339111864375692,"IFT52":2.085153943303205,"CD99":-0.29830325897404003,"TTC30A":0.783941391564097,"OCLN":16.79811206412342,"ZSCAN31":-0.0554876990673608,"IFT74":1.637833184752751,"IFT43":3.580837435966148,"TRAF3IP1":2.262686076021801,"CFAP36":1.5905877379039957,"FAM229B":0.0,"TTC26":2.165209177777585,"ZNF17":-1.311597816619829,"TULP3":0.0,"CLUAP1":1.929822905090059,"IFT172":2.8113144735427706,"IFT57":2.1041308644140453,"TTC21B":4.693627394563425,"WDR19":3.1431619447393,"IFT81":1.5593065932429164,"IFT80":0.2388074802404737,"IFT88":0.7492288254607732,"DHFR2":0.0,"POMT1":2.519549111634638,"IFT20":0.0016035535199567588,"ZNF761":-0.22712894058473174,"ZSCAN26":0.11564573578560966,"POLI":2.417829362975044,"TTC30B":0.0,"TCTN2":0.0,"ATP1B1":-0.5071352334749113,"IFT140":6.052956693782507,"SLC39A6":3.0193740792536774}},"Overall Survival":{"min":-6.0,"max":6.0,"top_text":"High Survival Correlation","bottom_text":"Low Survival Correlation","map":{"IFT43":0.16181278896180162,"WDR35":-0.03426573418307177,"TTC30B":0.0,"RNASEH2B":0.046556991253887556,"SLC39A6":0.8319788550973319,"SLC39A10":0.49246725216654347,"IFT140":-0.13131015220012932,"RNF220":-0.19493929493844236,"IFT20":-0.24002135571849012,"ZSCAN26":-0.7089747454336368,"TCTN2":0.0,"IFT172":-0.25240696411855246,"TTC26":-0.8882116985433025,"CCDC40":0.0,"ZNF17":-0.20363760181902066,"ATP1B1":0.1369350895699401,"TRAF3IP1":-0.4175239978025772,"ZKSCAN8":0.015411158385727559,"TTC30A":-0.29600046123595986,"LAMP2":-0.06860901626581786,"IFT57":-0.21740044424505764,"IFT80":-0.8384075416404245,"TTC21B":-0.6184394564369764,"DIPK1A":0.0,"IFT52":-0.013281027393418212,"ANAPC4":-0.017872350480522062,"OCLN":-0.7691703790413683,"ZNF397":0.24161647276467857,"CLUAP1":0.13708991093369355,"POMT2":-0.0684345972397756,"IFT122":-1.2092726507312028,"IFT22":-0.2679925568865314,"IFT88":-0.22534743301916724,"POLI":-1.928233434427869,"ZKSCAN4":0.75641240239862,"WDR19":0.034595517903957686,"CD99":0.0552953979654217,"FAM229B":0.0,"ZNF761":0.21043131530071787,"DHFR2":0.0,"IFT46":-0.7039601001883955,"IFT74":-0.16568192489253253,"SNAPC4":-0.659504595539839,"PON2":-0.28097790151460245,"CFAP36":0.6015321847457779,"ZSCAN31":0.10057142688734745,"POMT1":-0.07145149035078235,"TMEM67":-0.4977988138333971,"TULP3":0.0,"IFT81":-1.0768739261138986,"D2HGDH":0.4419887629000558}},"NPM1 Subtype":{"min":-37.0,"max":37.0,"top_text":"Committed NPM1 Subtype","bottom_text":"Primative NPM1 Subtype","map":{"IFT172":-5.289416941826018,"PON2":-0.042462090139843825,"LAMP2":0.31965275692512285,"WDR19":-8.448384972816832,"DHFR2":0.0,"SNAPC4":-8.531536438364435,"IFT88":-6.994635667570758,"ANAPC4":0.8669506950626388,"SLC39A10":-8.121561511221186,"ZSCAN26":-7.68890225226772,"POLI":-6.392583589183939,"CD99":-7.923578548667235,"ZKSCAN8":-12.857210854367775,"WDR35":-3.826883353799891,"RNF220":-5.457529682071016,"ZSCAN31":-13.366811663710784,"CCDC40":0.0,"IFT81":-12.282600705076764,"TRAF3IP1":-8.63258560328237,"ZNF397":-5.600882578881476,"TCTN2":0.0,"IFT22":-5.7331041546751,"TTC30B":0.0,"OCLN":-0.40784710101381744,"POMT2":-4.116672688682967,"IFT122":-4.473820914338288,"D2HGDH":-3.3490441674010105,"TULP3":0.0,"CLUAP1":-5.509655059927702,"TTC21B":-3.528860895018888,"POMT1":-3.353167246825609,"IFT20":-0.3165483414333165,"TMEM67":-6.940310367545793,"IFT74":-7.407968774251503,"ATP1B1":-8.280229945690602,"IFT57":-5.669683429081234,"IFT43":-2.423892340750205,"IFT140":-7.189304170117204,"RNASEH2B":-0.8464920439593544,"ZNF761":-0.8159580293709494,"IFT46":-7.234967065270361,"FAM229B":0.0,"IFT52":-1.5713553414604255,"TTC26":-7.068145050451351,"CFAP36":-7.651894930347283,"TTC30A":-3.792844237450825,"DIPK1A":0.0,"SLC39A6":-7.50091324851041,"IFT80":-2.3241710624647443,"ZKSCAN4":-9.648111163720975,"ZNF17":-3.562630193841508}},"MuSiC CD14 Mono":{"min":-50.0,"max":50.0,"top_text":"High CD14 Mono Correlation","bottom_text":"Low CD14 Mono Correlation","map":{"OCLN":0.29792016738778204,"IFT81":-11.85065730892925,"RNF220":-5.857959035946045,"WDR19":-7.288968333574085,"IFT22":-5.38463707665122,"ANAPC4":0.8038657276956458,"IFT88":-8.323446574648955,"IFT140":-6.602531956622171,"ZSCAN31":-12.253282716995495,"TMEM67":-7.071521348457573,"D2HGDH":-4.011693816615067,"LAMP2":0.3403573314743197,"IFT57":-6.254328218822909,"SNAPC4":-8.575797345610843,"CFAP36":-8.32554352012613,"ZNF397":-2.5944774218912654,"PON2":-0.40764853402170953,"POMT1":-4.642552894439499,"ZKSCAN4":-7.036511422177705,"TULP3":0.0,"IFT52":-3.1814820010621885,"TTC30B":0.0,"TTC26":-8.557107566573634,"POLI":-4.8172348628237005,"IFT43":-2.672525556820032,"SLC39A10":-7.137914108535622,"ZNF761":-0.16489279359268463,"DIPK1A":0.0,"CD99":-10.239321512443324,"TRAF3IP1":-9.425657248273122,"CCDC40":0.0,"ZKSCAN8":-14.134514578972361,"IFT80":-2.0864733782492366,"POMT2":-3.406672381884033,"IFT46":-9.878974943901781,"FAM229B":0.0,"ZNF17":-3.638856232207818,"DHFR2":0.0,"CLUAP1":-3.9855053800934943,"TTC30A":-7.2958171966785965,"TCTN2":0.0,"TTC21B":-3.0815869606612156,"IFT122":-4.069391520174469,"SLC39A6":-6.28426324138887,"IFT172":-7.064313131269932,"ATP1B1":-8.265649357512418,"WDR35":-5.063870475056863,"IFT20":-0.8927284324240391,"ZSCAN26":-7.400931030514776,"IFT74":-7.53278829060878,"RNASEH2B":-3.7269659981401326}},"Mutation FLT3 ITD":{"min":-10.0,"max":10.0,"top_text":"High FLT3 ITD Correlation","bottom_text":"Low FLT3 ITD Correlation","map":{"IFT46":1.563623755386294,"TRAF3IP1":1.5018870039604255,"FAM229B":0.0,"IFT43":1.2922449312423352,"IFT172":1.623880077046877,"DHFR2":0.0,"RNASEH2B":-0.18508787027188636,"ZKSCAN8":0.08306477762648558,"POLI":2.249050398058996,"TTC30B":0.0,"IFT81":1.5924518351145511,"CCDC40":0.0,"ZSCAN31":0.1219567886503838,"SLC39A10":3.8104667734209805,"PON2":-0.8852612279218293,"POMT1":0.21173122589027435,"IFT20":0.6846173007611108,"IFT22":1.129047202347474,"POMT2":1.87241715020291,"ZKSCAN4":0.03532540295620807,"CLUAP1":1.9511180732161164,"ZSCAN26":0.042376278542256285,"IFT140":2.804962737331995,"DIPK1A":0.0,"IFT57":1.413595326024436,"LAMP2":0.6557950557727829,"WDR19":4.038938653972439,"RNF220":2.5813497122590126,"WDR35":3.8479403221482236,"TTC26":2.2218921511611374,"TTC30A":0.9957854284136336,"ZNF17":-0.4604170322968995,"SLC39A6":2.772331261251984,"IFT122":2.918127328774606,"IFT74":1.8057222014478573,"TULP3":0.0,"IFT52":0.27429992016677496,"TCTN2":0.0,"CD99":-0.5785523009917439,"ANAPC4":0.06140319581711431,"ATP1B1":1.2986813575081408,"ZNF761":-0.547149009776486,"TMEM67":2.1353200436543203,"SNAPC4":0.135364880535397,"IFT88":1.3479649788390946,"ZNF397":0.9845748239457441,"OCLN":3.396012897356365,"TTC21B":2.596437263732749,"CFAP36":1.5394444291704028,"IFT80":0.32649750640615066,"D2HGDH":-0.187430111041183}},"Blast Percent":{"min":-11.0,"max":11.0,"top_text":"High Blast Percent Correlation","bottom_text":"Low Blast Percent Correlation","map":{"WDR19":2.1525713738295886,"IFT74":1.0102679365065732,"SNAPC4":4.4219314600674124,"IFT122":1.2270179070923712,"TULP3":0.0,"ZSCAN31":0.8821486673283967,"SLC39A6":0.4545277277058862,"CLUAP1":1.5300318807215412,"IFT172":1.360094836631859,"TTC26":1.682530158035839,"IFT20":-0.4592417736416385,"ANAPC4":-1.2002376658056007,"TTC21B":0.8173577567976966,"ZKSCAN8":4.634890809716256,"ATP1B1":1.403171794069347,"POLI":1.1971458595329911,"RNASEH2B":3.2304626534159855,"FAM229B":0.0,"DHFR2":0.0,"WDR35":1.2352089951994492,"OCLN":-0.39954287578427045,"ZKSCAN4":0.8954348741477383,"PON2":-0.2910179989290254,