{"Mutation FLT3 ITD":{"min":-10.0,"max":10.0,"top_text":"High FLT3 ITD Correlation","bottom_text":"Low FLT3 ITD Correlation","map":{"TTC7B":0.12127062700246331,"ELMO1":1.0915937042391546,"KRT8":0.029638050015216442,"STON2":4.704263947795823,"DAPK3":-0.3384645789707067,"CLC":0.0761653062891279,"SPNS3":2.94914967336787,"CELSR1":0.0,"SVIL":3.4514014136503652,"MYO18A":-0.25946446218858477,"STXBP5":1.093270990350689,"DAPK1":2.079256780479701,"CLEC20A":0.0,"PTP4A3":0.0,"FAT3":0.0,"OR2A7":0.0,"CAMK1D":3.144360171064258,"ARHGEF35":0.0,"VWA7":0.0,"LUZP1":-0.4282595016758654,"USP20":0.745635844896245,"RAB27A":-1.6243187688143816,"RAB8A":0.705726022650818,"CACTIN":1.5953133382835865,"PDZD8":-2.4507444923433224,"MYO5C":1.3793631766892358,"OR2A42":0.0,"ARHGEF5":1.440775254673127,"PIK3CB":3.2920425176157573,"MPRIP":1.1902122609207966,"NFIC":0.25811046868423887,"TIE1":0.24466835102881748,"LZTS2":0.9946666830492488,"RAB37":-0.3359464838617755,"MROH5":0.0,"CTAGE8":-0.08999831009566239,"PRDX5":-0.8539538783365124,"ARHGEF17":-0.8502923733039662,"SYTL1":1.1966915115098251,"SCARF1":1.0211487951885396,"ATP8B4":0.9475942099614739,"FAT1":0.0,"SOX30":0.0,"MOV10":-2.1739015932841963,"OR2A1":0.0,"KRT18":1.0765879954676152,"RALGPS2":0.11400357199034104,"C2CD4B":0.0,"WDR47":0.7671678705550519,"CD109":-0.3562409038615358,"CD34":-3.16939560889094}},"NPM1 Subtype":{"min":-37.0,"max":37.0,"top_text":"Committed NPM1 Subtype","bottom_text":"Primative NPM1 Subtype","map":{"PIK3CB":-0.522580741990849,"CD109":-0.4389735270475904,"WDR47":2.4779041329007563,"CLEC20A":0.0,"OR2A1":0.0,"STXBP5":-0.39385965438327536,"C2CD4B":0.0,"ATP8B4":2.6270687455709805,"PTP4A3":0.0,"FAT3":0.0,"ARHGEF35":0.0,"ARHGEF17":-4.748819343354631,"PRDX5":0.17097941051904533,"SOX30":0.0,"MPRIP":-3.5756014628976573,"CAMK1D":-0.007935099638492857,"MROH5":0.0,"LUZP1":-4.153030879435762,"NFIC":-1.180366386040963,"DAPK3":-2.657729986383368,"TTC7B":-3.8313864929035453,"CLC":2.2154428019715438,"CELSR1":0.0,"CACTIN":-2.781253955835246,"DAPK1":-4.40521857216874,"ARHGEF5":-0.4870796985848065,"KRT18":-0.9685880104194401,"MYO18A":-2.8004893288798933,"CD34":-3.506080749711841,"ELMO1":-2.101087747642233,"RAB37":-0.4583680829256794,"SPNS3":0.10546003556891252,"CTAGE8":0.7781745756390664,"SYTL1":-0.6033045697999253,"KRT8":-0.4476846186884619,"MOV10":-8.425331552004,"FAT1":0.0,"SVIL":-0.4750601229490078,"RAB8A":-0.8117853299462023,"RALGPS2":-2.1178487878770156,"USP20":-0.6121552906787633,"OR2A42":0.0,"RAB27A":9.648279992472382,"VWA7":0.0,"STON2":-6.0239242878048085,"TIE1":-1.777243257069489,"LZTS2":-4.543920630820445,"OR2A7":0.0,"MYO5C":-7.950264471610646,"SCARF1":-0.003991080205454554,"PDZD8":-1.6931619076926159}},"Mutation NPM1":{"min":-30.0,"max":30.0,"top_text":"High NPM1 Correlation","bottom_text":"Low NPM1 Correlation","map":{"WDR47":0.4544642864477814,"CELSR1":0.0,"KRT18":0.2616594446071383,"ATP8B4":6.140334661871132,"ELMO1":0.1983318951842198,"MPRIP":1.9486807331539424,"CAMK1D":1.545359707990022,"SYTL1":1.7386658353105573,"RAB27A":0.192828717901183,"DAPK3":-0.8753865919687703,"MOV10":-8.12934365174273,"CD109":-3.45574492352458,"CACTIN":0.4783862534458303,"MROH5":0.0,"PRDX5":-0.5233520678611822,"TTC7B":-0.01641471680445912,"STON2":-0.20001886611501932,"VWA7":0.0,"OR2A42":0.0,"SCARF1":0.2842598718472609,"MYO5C":-1.9673632290263798,"STXBP5":2.882962687274359,"USP20":1.350129507360278,"DAPK1":-0.6923213346704434,"NFIC":-0.16278513543068016,"FAT3":0.0,"ARHGEF17":-4.640633951351912,"RAB8A":-1.494532438863269,"SPNS3":3.875454064694431,"MYO18A":-1.2335747133874129,"CTAGE8":-0.3640751412855203,"FAT1":0.0,"KRT8":0.48105876905946,"PIK3CB":2.7938575703263595,"TIE1":-0.0398501670706457,"LZTS2":1.3154120365349125,"C2CD4B":0.0,"PDZD8":-1.7962698098772838,"CD34":-13.808069773491024,"RALGPS2":2.492399706828705,"LUZP1":-1.5884919055463464,"PTP4A3":0.0,"SVIL":2.1292069596381658,"OR2A7":0.0,"CLC":1.9424113513863384,"RAB37":2.2195390284203986,"ARHGEF5":0.6605566723718935,"CLEC20A":0.0,"OR2A1":0.0,"ARHGEF35":0.0,"SOX30":0.0}},"MuSiC CD14 Mono":{"min":-50.0,"max":50.0,"top_text":"High CD14 Mono Correlation","bottom_text":"Low CD14 Mono Correlation","map":{"OR2A7":0.0,"SYTL1":-0.15008114597614855,"MROH5":0.0,"KRT8":-0.9979561262280329,"CTAGE8":0.3038177573456534,"VWA7":0.0,"MYO18A":-3.5188786162343364,"CLEC20A":0.0,"C2CD4B":0.0,"TIE1":-2.5003849203453883,"DAPK1":-3.051113958309175,"MOV10":-10.707605643912416,"WDR47":2.772563144148786,"SPNS3":-0.002263758364878034,"SVIL":0.2870597493659656,"CACTIN":-2.262309259084968,"PTP4A3":0.0,"STXBP5":-0.3562600836698187,"FAT1":0.0,"USP20":-0.3500314608438638,"CD34":-4.760270017298782,"RALGPS2":-3.988298003335172,"ATP8B4":3.1617182299785753,"STON2":-5.716750480650801,"MYO5C":-7.154726243375096,"OR2A42":0.0,"CAMK1D":0.6432406902337515,"FAT3":0.0,"LZTS2":-3.344158715995544,"PDZD8":-1.7132708043900482,"CD109":-0.15819561122869008,"ARHGEF17":-4.1750766199791585,"SOX30":0.0,"PRDX5":1.525006476409309,"TTC7B":-4.131101215825001,"CLC":2.812591686014215,"ELMO1":-3.4409621153433556,"KRT18":-1.041756373069786,"DAPK3":-3.8690904417598957,"ARHGEF5":0.004922572868946389,"ARHGEF35":0.0,"NFIC":-2.385587383400849,"LUZP1":-7.414178687332047,"RAB27A":13.250563581827981,"PIK3CB":-0.2733403240600328,"RAB37":-0.2958837439902757,"MPRIP":-5.047550547015905,"SCARF1":-0.0967637611990103,"OR2A1":0.0,"CELSR1":0.0,"RAB8A":-0.3493000007794935}},"Overall Survival":{"min":-6.0,"max":6.0,"top_text":"High Survival Correlation","bottom_text":"Low Survival Correlation","map":{"MOV10":0.22411834299170533,"SYTL1":-0.07322709576956166,"MYO5C":-0.14447947350901033,"MYO18A":0.12091212009979814,"OR2A7":0.0,"C2CD4B":0.0,"WDR47":-0.7841071950997578,"LUZP1":-1.2274238778333009,"DAPK3":-1.6382217458820605,"CD34":-0.034974147701158045,"ARHGEF35":0.0,"ARHGEF17":-0.7796952137977552,"CAMK1D":0.4554038278649441,"RALGPS2":0.08774093616823876,"OR2A1":0.0,"CACTIN":0.16268012407681307,"FAT3":0.0,"STXBP5":0.23564267601538086,"USP20":0.029385211156842665,"RAB8A":0.8131908979441944,"SPNS3":0.18524248821891504,"CD109":0.05980988776592318,"ARHGEF5":-0.11150155971527205,"FAT1":0.0,"ATP8B4":-0.48984492975290406,"STON2":0.01938125001449757,"CTAGE8":1.0351310731672203,"VWA7":0.0,"LZTS2":-1.1800159275573285,"PIK3CB":-0.4026277663199958,"PDZD8":-0.6369800269664037,"DAPK1":-0.4276751513116372,"MROH5":0.0,"OR2A42":0.0,"NFIC":-0.38035012679822117,"TTC7B":0.043566907590365356,"TIE1":1.1072548345460684,"CELSR1":0.0,"PRDX5":-2.3640048657701476,"KRT18":-0.455017173802954,"SVIL":-0.8062972005279089,"CLC":-0.07090639544685934,"RAB27A":-0.26739750804550066,"SOX30":0.0,"SCARF1":0.11773235943081775,"MPRIP":-0.4089368726656553,"ELMO1":0.4733859253772612,"RAB37":-0.10312103156986321,"KRT8":-0.16735048969766575,"CLEC20A":0.0,"PTP4A3":0.0}},"Blast Percent":{"min":-11.0,"max":11.0,"top_text":"High Blast Percent Correlation","bottom_text":"Low Blast Percent Correlation","map":{"KRT18":-0.6694003736744836,"SOX30":0.0,"SVIL":-0.8645690277827491,"VWA7":0.0,"NFIC":1.2932040414360504,"CELSR1":0.0,"WDR47":-0.1938410018018292,"MYO18A":0.12211970701642645,"LUZP1":1.5147425868464015,"OR2A7":0.0,"DAPK3":1.211081371237452,"RAB8A":-1.1140368360251012,"TTC7B":0.18951486887407237,"PDZD8":-0.4696502469609185,"SPNS3":-0.8292264004675717,"RAB27A":-0.9938635341511712,"PTP4A3":0.0,"FAT3":0.0,"ATP8B4":-0.5912447821383234,"CLEC20A":0.0,"OR2A42":0.0,"DAPK1":1.008174994470774,"CD109":-1.3982015187651995,"ARHGEF17":-0.44425996784963007,"CD34":-0.011406656620854348,"KRT8":-0.6437320382412458,"ARHGEF35":0.0,"SYTL1":-0.34399769087185506,"MOV10":0.7147066495782385,"CTAGE8":-0.7441859315765383,"MPRIP":0.9391600871167165,"MYO5C":0.3862656728047131,"CAMK1D":-0.4027428839636663,"PRDX5":-1.7165589683711904,"RALGPS2":0.8669929757648149,"STON2":-0.17357285593514518,"C2CD4B":0.0,"TIE1":0.07817003798018508,"PIK3CB":-0.27065144652787587,"LZTS2":1.337638644816477,"ELMO1":2.310437363134044,"RAB37":0.6801920023202975,"FAT1":0.0,"CACTIN":3.0788424997095833,"MROH5":0.0,"CLC":-1.075168464899162,"ARHGEF5":-0.6327589596545421,