{"Mutation FLT3 ITD":{"min":-10.0,"max":10.0,"top_text":"High FLT3 ITD Correlation","bottom_text":"Low FLT3 ITD Correlation","map":{"GOSR1":-0.02184575577671956,"ATP2A2":0.6280632764928717,"RAB5C":-1.3583057221959507,"MAN1A2":1.8696329559070266,"PRPF40A":-0.21374639575262983,"ATP2C1":1.1650255048831601,"ZFPL1":1.2719727370485363,"GALNT1":0.3441626370618923,"SYVN1":-0.5650377825987305,"YIPF4":0.0863398319538762,"SURF4":-0.5536171888010545,"TMEM41B":-0.6343041062872983,"S1PR4":0.0,"EI24":1.2008371923058587,"SLC30A5":3.012547306011866,"MARCHF5":0.8078560427733551,"BSCL2":-1.2665208170412807,"RNF4":0.13921951997635876,"NDUFB3":1.255307926706916,"GOLGB1":1.1350933163362957,"REEP4":-0.10711448000107357,"GPR107":1.3393065613179742,"ELOVL5":-1.1939302091259798,"YIPF3":0.6240596409885841,"TRIM66":0.0,"HSPA13":-1.431469661596984,"NDUFB6":2.2679414187856692,"MAN1B1":0.20246307947456085,"CD63":-0.16208468326339723,"SLC35B2":-0.5051437282976552,"ACAD9":0.7551140308823935,"NUP54":0.0807229231177568,"TMED10":0.21135202381067864,"KIAA2013":-0.10908175367740228,"ERGIC3":0.22875211708035703,"RAB2A":-0.3568025264801468,"GOLGA2":1.9270676210403588,"CRELD1":-0.4545609921241065,"GOLGA5":-0.3763966209981847,"RPN1":-0.012225016413125043,"CANX":-0.5196418388990681,"TMEM165":1.0007932908798403,"FAF2":-0.6691952405260222,"SAMM50":1.3367541663028366,"KRTCAP2":-0.028983417673397217,"RER1":0.2843015298163589,"TM9SF4":1.560209370975082,"GPAA1":0.41803888681381307,"NDUFB8":0.6056490877529265,"YME1L1":-0.1246432979921585,"TM9SF3":1.1134672984730583}},"Overall Survival":{"min":-6.0,"max":6.0,"top_text":"High Survival Correlation","bottom_text":"Low Survival Correlation","map":{"TMEM41B":-0.000786851527559587,"GPR107":0.29745060915144417,"TMEM165":0.19259798487990853,"GOLGB1":-0.043720161523216956,"NUP54":-0.790491537141919,"YIPF3":0.27252047321121525,"ELOVL5":0.45474687335546704,"FAF2":0.29758761820411134,"SLC30A5":-0.6130862368067118,"TRIM66":0.0,"GALNT1":0.12930340493134623,"TM9SF4":-0.024951263162319715,"KRTCAP2":-0.17431042568345587,"SAMM50":0.05254136828112006,"ACAD9":0.9315411111688089,"CANX":0.9516411478360907,"MARCHF5":0.13120413512597295,"HSPA13":1.1690391228544563,"S1PR4":0.0,"GOSR1":-0.33756181521592354,"EI24":0.2775582337237413,"RAB2A":0.14613086682569523,"RNF4":0.04351776808182652,"NDUFB8":0.5657316904000415,"YME1L1":0.28291290636109784,"RPN1":-0.270082755236151,"ATP2C1":-0.2880326364932168,"ZFPL1":0.1285231354313579,"RER1":1.0257852822744318,"SYVN1":1.5630502354034381,"CRELD1":2.3640844339601594,"YIPF4":1.1101534140345712,"ERGIC3":0.38948126787224874,"TM9SF3":0.7301628544191174,"SLC35B2":0.5290151969507467,"MAN1A2":0.38819129456339063,"BSCL2":0.03386986195926231,"PRPF40A":-0.7772160717814213,"KIAA2013":0.8809672263293894,"ATP2A2":1.18009426427091,"SURF4":-0.4116365993092048,"RAB5C":0.2348787682636548,"GOLGA2":-0.22239920311902428,"CD63":0.9322006419931693,"NDUFB3":0.486647019446806,"REEP4":1.3119998799916526,"NDUFB6":0.969602503434868,"MAN1B1":0.18132006180911536,"TMED10":0.02707039186134701,"GPAA1":0.002780341115969517,"GOLGA5":-0.34534054780186635}},"Blast Percent":{"min":-11.0,"max":11.0,"top_text":"High Blast Percent Correlation","bottom_text":"Low Blast Percent Correlation","map":{"NUP54":3.5896887586440056,"GPR107":-0.1854416257930466,"ACAD9":-0.37656864643158616,"NDUFB3":1.0152762620507199,"YME1L1":-0.5251497639464953,"CD63":-1.3847064335664174,"SLC30A5":0.8543065817651069,"GOLGA2":4.365734819948273,"GOSR1":-0.21676550969833755,"TMEM165":-1.3879180890415774,"RPN1":0.14679113053446632,"HSPA13":-2.1746877826384545,"ERGIC3":-0.7457705559293928,"KIAA2013":-2.409106216402829,"BSCL2":-0.7217208492891669,"GPAA1":-0.6763241813262751,"CRELD1":-0.004858096806160436,"MAN1A2":0.04897851481540068,"ATP2C1":-0.020100761250095578,"ZFPL1":0.7250615828626544,"S1PR4":0.0,"MARCHF5":1.8645755865040308,"GOLGB1":1.4774499423019523,"RER1":-2.94717955129894,"TMED10":-0.7353258925410062,"SAMM50":1.672533490782469,"RNF4":3.7950366722293833,"SLC35B2":0.6736362737814015,"PRPF40A":5.40801693285261,"YIPF3":-0.028993932356745748,"KRTCAP2":-0.32317077730031213,"ATP2A2":-0.9657647265898444,"SURF4":-1.8167147927649288,"TM9SF4":0.025213576122556144,"TM9SF3":0.6904610453695654,"YIPF4":0.15693801803651342,"RAB2A":-2.328267741329931,"RAB5C":-6.235907376326455,"GALNT1":1.272697743608278,"SYVN1":0.8774351715828996,"MAN1B1":-1.4151453512065149,"NDUFB6":0.4143844928656675,"FAF2":0.03734949462817336,"REEP4":-2.189302446620056,"EI24":-0.22410963376826473,"GOLGA5":-0.23755144580485413,"TRIM66":0.0,"TMEM41B":0.10674382607479556,"NDUFB8":0.34145866294400873,"CANX":-1.6554512699106405,"ELOVL5":-2.160052906245732}},"NPM1 Subtype":{"min":-37.0,"max":37.0,"top_text":"Committed NPM1 Subtype","bottom_text":"Primative NPM1 Subtype","map":{"RER1":2.7106892987834645,"RPN1":-0.9730784441664453,"GOLGB1":-3.767010853076365,"GOLGA5":5.691098581710827,"KRTCAP2":0.04026280752282808,"ERGIC3":-0.017519134266122168,"TM9SF3":-0.20358403527259172,"GOSR1":-0.34841011219751516,"FAF2":-1.383051307923314,"NDUFB6":-1.7095770854093888,"CD63":3.54732540346194,"RAB5C":9.827355473628991,"CRELD1":0.2714958841807955,"GALNT1":-4.085219833826777,"GPAA1":0.6989593420692846,"S1PR4":0.0,"NDUFB3":-1.5561359883241845,"SLC30A5":-0.39511008312475,"SLC35B2":-0.7097697502726616,"CANX":-0.31405400225911134,"MAN1B1":0.04487550052866115,"REEP4":3.0061429657313146,"SURF4":5.843099679828487,"ATP2C1":-0.7589614992998057,"ATP2A2":1.423199192029772,"TMEM41B":-0.2807737852045759,"YIPF3":-1.0535653641219278,"ACAD9":0.4414278311057601,"GOLGA2":-2.503096381743752,"YIPF4":-0.4447173766904385,"SAMM50":-3.5904986849476535,"PRPF40A":-5.668242511729274,"HSPA13":1.262078155057248,"EI24":-0.5500564242780129,"NDUFB8":-0.9974989091235397,"NUP54":-1.216389245115367,"MAN1A2":0.33813503693336344,"RAB2A":12.031544670795375,"SYVN1":0.14607579904806808,"YME1L1":-0.8503812824056647,"RNF4":-1.7685536470837888,"ELOVL5":1.4580047306053034,"KIAA2013":1.2041833867593241,"TMEM165":3.6657646451640757,"TRIM66":0.0,"BSCL2":-0.1396995468937341,"MARCHF5":-2.1991071202178007,"GPR107":0.017744443551509087,"ZFPL1":-0.5810447882278394,"TMED10":0.4446825201345466,"TM9SF4":0.9481851651004334}},"MuSiC CD14 Mono":{"min":-50.0,"max":50.0,"top_text":"High CD14 Mono Correlation","bottom_text":"Low CD14 Mono Correlation","map":{"SURF4":5.641294442698144,"SLC30A5":-0.6803293641203755,"ATP2A2":1.4309480187703283,"ATP2C1":-1.9917527644701662,"MARCHF5":-1.4100238207790738,"GOLGB1":-4.313311804609197,"YIPF3":-1.7687598412983117,"YME1L1":-1.4341842312096278,"NDUFB6":-1.8344600505923037,"TRIM66":0.0,"RPN1":-0.8539539384471044,"CANX":0.2264897862573834,"RER1":1.2456500580928815,"TM9SF4":0.8931638466613658,"SYVN1":-0.05856554192849505,"TMEM165":2.4335629244179056,"MAN1A2":0.4478511218642816,"BSCL2":-0.3135706004944843,"KRTCAP2":-0.27609924878943487,"TMED10":0.30817083558546937,"FAF2":-0.48822268670824864,"TM9SF3":-0.37154242328168186,"ACAD9":0.694617689042393,"NUP54":-1.893848141547055,"SLC35B2":-2.1014054902614205,"MAN1B1":0.19676189980995074,"CD63":3.834474431085008,"KIAA2013":0.5342178034809401,"CRELD1":-0.034761075465077555,"NDUFB3":-1.6741190946204587,"SAMM50":-3.204319045801859,"RAB2A":14.259990990474959,"TMEM41B":-1.2340952928424382,"GALNT1":-4.699078814888714,"GPR107":0.02677839519648869,"RAB5C":11.18743479736458,"YIPF4":0.07996278052484783,"ELOVL5":1.7223607172146003,"HSPA13":1.2304842699304313,"PRPF40A":-8.369553322138534,"GOLGA2":-1.7707200925422537,"GPAA1":0.8119342149268484,"GOLGA5":2.578875373271572,"GOSR1":-0.6030727750399247,"ERGIC3":-0.5556980015393624,"EI24":0.23534745279323033,"RNF4":-2.5053415465141753,"REEP4":2.715195087312246,"ZFPL1":0.9269752767953057,"NDUFB8":-1.5000622764244003,"S1PR4":0.0}},"Mutation NPM1":{"min":-30.0,"max":30.0,"top_text":"High NPM1 Correlation","bottom_text":"Low NPM1 Correlation","map":{"KIAA2013":-0.8709084038178168,"MARCHF5":0.6885697195693156,"BSCL2":-2.6366229684023215,"RNF4":-0.09196696873314271,"TRIM66":0.0,"ERGIC3":0.5029777075957261,