{"MuSiC CD14 Mono":{"min":-50.0,"max":50.0,"top_text":"High CD14 Mono Correlation","bottom_text":"Low CD14 Mono Correlation","map":{"PRDM10":-2.2851642110964416,"PRR12":-7.002205293533813,"KRR1":-8.646648278757858,"RPL36AL":-0.29066535681446476,"ZFP62":-4.424151282335162,"RPL34":-0.22224240643584178,"ZNF48":-10.906813063106949,"ZFX":-1.3889511902319363,"ZNF865":-1.3185495550401731,"CENPC":-2.865315556721238,"VEZF1":-1.6569092756686055,"PAXIP1":-1.0777402434591625,"NR3C1":0.672366905700955,"RPL31":-1.00636866626139,"RPL3":-1.0051274634680696,"ZNF787":-1.8917257554318918,"ZBTB11":-2.0037943745027684,"ZNF800":-1.3900259034768094,"RPL17":-1.016817508672262,"KDM5C":-4.066324143819117,"BOD1L1":-4.325527084814958,"NCOA6":-0.04683278173974408,"ZNF22":-3.7409438390171807,"ZNF236":-1.186113448109532,"CIC":0.008789311224389562,"CTCF":-1.8787934125639925,"DCAF15":-2.1799461559196414,"KMT2C":-0.1631410624103419,"RPS6":-0.3158886071888914,"KDM6A":-0.678831550056993,"ZNF384":-2.9513679024162265,"SP3":-0.39768529924599516,"ABT1":-12.92928811231637,"RPL26L1":-0.13218422413946904,"HP1BP3":-0.6803293641203755,"REST":-5.344386349690534,"MYC":-3.3149980205941003,"ZNF646":-2.830273678017226,"TCF20":-7.499548061046864,"ZNF512":-2.451944572612937,"MLLT6":-2.3385979048498706,"KDM5A":1.6111013981696645,"KMT2B":-3.1105668139077998,"SRSF3":-9.58613439255454,"WDR5":-4.611999300436258,"MBD1":-1.3648067776954704,"ZNF319":0.10583883254508322,"KMT2D":-4.32690170861386,"DDX21":-3.782395840795795,"ZNF668":-1.9159605452848332,"NIFK":-8.18716442599924}},"Mutation FLT3 ITD":{"min":-10.0,"max":10.0,"top_text":"High FLT3 ITD Correlation","bottom_text":"Low FLT3 ITD Correlation","map":{"ZNF646":-2.326293689593134,"KMT2D":-1.5822096068082152,"VEZF1":0.15077645610470294,"RPL31":0.3432749088827293,"MBD1":-0.31360348363808993,"KRR1":-1.1356429124529246,"BOD1L1":-2.286405019977157,"KMT2C":2.0569000465190235,"ZNF236":-0.46156572495255443,"ZNF865":-0.7822594311767712,"PRR12":-1.351232567231665,"WDR5":-0.23921487223671387,"DCAF15":-0.6993648344986998,"ZNF22":-0.5653623864197391,"PAXIP1":0.13477879604944137,"PRDM10":-1.8126541420077407,"ZNF668":0.15549365448121152,"ZNF800":-0.12598935741104628,"NCOA6":0.9184650286016597,"NR3C1":-0.11524614419996877,"MYC":0.29382053195509006,"DDX21":-0.5922143811294643,"ZNF319":-0.11450471905155125,"RPL34":-0.09000924690294367,"MLLT6":0.5352150616849813,"RPS6":-0.20478221392021723,"HP1BP3":-0.7803433494677897,"KDM6A":-0.23772210713306266,"ZNF384":-1.244433969933107,"SRSF3":0.12295192352285322,"KDM5C":-0.19922590679169888,"RPL17":0.1404080583186928,"RPL36AL":-0.12614363918509117,"KMT2B":-2.352221175389733,"RPL26L1":-1.8825183469922726,"ZFP62":-0.8308568949903365,"KDM5A":4.571209047886007,"CENPC":-0.11919493627537225,"CTCF":-0.30967221296562963,"ZNF512":-0.4701867137922932,"ZBTB11":-0.251882777321892,"ZFX":-0.7684763922879401,"CIC":-5.36346154127916,"ZNF787":0.26301870883014045,"NIFK":-0.0632311811086734,"ABT1":-0.00611161245790946,"RPL3":-0.1952908748917783,"TCF20":-1.1064118461295405,"REST":-0.6648754404567111,"ZNF48":-0.3792925762759964,"SP3":0.4041493097575454}},"Overall Survival":{"min":-6.0,"max":6.0,"top_text":"High Survival Correlation","bottom_text":"Low Survival Correlation","map":{"KRR1":0.5051985211340179,"CTCF":1.3197742139957889,"RPL31":1.1973036373386845,"PRR12":-0.023419080218383084,"RPS6":1.2495431582095673,"ZBTB11":0.40714738336180634,"ABT1":-0.022783924617919702,"RPL36AL":2.490164409602481,"ZNF668":0.2175712714521314,"VEZF1":0.23928724768712634,"DDX21":0.5859588008676385,"ZFX":1.1100772853202883,"ZNF48":0.4049404782938524,"CIC":-0.2769441108597269,"DCAF15":-0.293336051948405,"RPL3":0.9244568717507486,"ZNF236":0.6247707409054821,"NCOA6":0.2212400653186401,"TCF20":-0.24817284351667637,"RPL17":2.1981712405710265,"KDM5A":-0.21580129805585097,"MLLT6":1.0773758970465905,"KMT2D":-0.7175952780378569,"BOD1L1":-0.31396348040856786,"PRDM10":-0.45858731972612343,"REST":0.06675730817751685,"ZNF512":0.018254201794010046,"RPL34":1.2048890299283486,"RPL26L1":0.8018500938424563,"SRSF3":-0.9769920810404777,"MBD1":0.9062815509664106,"PAXIP1":-1.8471784553811463,"KDM6A":-0.4512164662428398,"ZNF319":-0.06392543413823444,"KMT2C":-0.3149283327213824,"KMT2B":-0.6027248199944916,"SP3":0.7684713563119825,"ZNF384":0.7007372137995659,"ZNF22":0.7360290703725277,"ZNF646":-0.3775518956217143,"CENPC":0.6491346247252402,"KDM5C":0.13474912878035475,"ZNF865":0.2766341840231856,"NR3C1":0.15427298290668914,"ZFP62":0.40495722831583286,"WDR5":-0.5549702440508997,"MYC":-0.09746207262172309,"ZNF787":0.06480160530306124,"NIFK":0.8003144230297862,"ZNF800":1.0474519314797486,"HP1BP3":0.1659391632249189}},"Blast Percent":{"min":-11.0,"max":11.0,"top_text":"High Blast Percent Correlation","bottom_text":"Low Blast Percent Correlation","map":{"CENPC":1.5964955493844026,"RPL26L1":-1.0818529406091284,"RPL36AL":-0.47907961534795757,"ZNF22":0.6520718902997782,"ZNF646":0.1312086476495909,"NCOA6":2.2525828641335237,"PRR12":2.952048261445609,"KMT2C":2.150875243294281,"NIFK":1.4201465125713717,"CIC":0.5457778152389781,"KMT2D":3.1383594364130416,"KDM5A":2.2672045677348533,"ZBTB11":1.7241845398287947,"ABT1":3.405923999621191,"RPL17":-0.2766944286065068,"ZNF865":0.650986146117041,"ZNF668":2.0427411724129887,"KMT2B":1.5384759967454373,"RPL34":0.023866904467281652,"VEZF1":3.691872174620409,"ZFX":0.6513524964061134,"KDM5C":2.6329367078840593,"PRDM10":1.2013958603004296,"DDX21":0.9272585157892512,"MLLT6":2.1890294781586532,"CTCF":0.9130530798459884,"SRSF3":4.095795571432106,"ZNF236":0.1662062270695883,"RPL31":-0.6855816905156188,"ZNF319":0.2848269644500978,"MBD1":1.2801999271066526,"ZNF512":0.552022578209487,"ZNF800":0.34187962471457906,"NR3C1":4.107146156547779,"TCF20":2.321700618918423,"SP3":2.593697662128807,"ZFP62":0.23543716797322678,"RPS6":-0.8534169068407181,"KRR1":0.46381365454384327,"BOD1L1":2.200759120152571,"ZNF384":0.1990747802069887,"PAXIP1":1.9103391032761898,"KDM6A":2.8436968890355763,"ZNF48":2.0875681829758643,"WDR5":4.479767002461924,"DCAF15":1.0969644881644791,"MYC":0.7481112329162724,"HP1BP3":0.4768493621710341,"ZNF787":1.442168356667396,"REST":2.474373911382815,"RPL3":-0.6913802452549015}},"Mutation NPM1":{"min":-30.0,"max":30.0,"top_text":"High NPM1 Correlation","bottom_text":"Low NPM1 Correlation","map":{"HP1BP3":-0.8407205497712391,"KDM5C":1.3278481837083602,"CIC":-1.5795653168798245,"VEZF1":0.6548025208216874,"ZNF668":0.31474858600349864,"ZNF22":-0.5832081969090616,"KDM5A":8.855059545551011,"DCAF15":-0.7743887091520042,"SP3":0.7292602459726224,"ZNF319":-0.10149627315451958,"ZNF800":-0.16954380478034256,"RPL31":-0.37945355641120365,"KMT2C":7.1587233666094345,"SRSF3":0.27222886498456167,"NCOA6":2.493189179295415,"PRR12":-1.0790970380446245,"RPL17":-1.5680885406769256,"KDM6A":2.6948736806611704,"NR3C1":2.703722756347426,"KMT2B":-0.24495083072997828,"REST":-1.4160368566846557,"ZNF865":-1.9877379477175303,"KMT2D":-0.31608180172020967,"MYC":-0.10168434394597319,"RPS6":-1.2886536925634187,"ZBTB11":0.11386611110427522,"ZFX":-0.8888289852136599,"ZNF236":-0.7209995425446061,"CTCF":-0.44908392458058227,"WDR5":-0.03650034802598876,"RPL26L1":-3.4108665144015045,"DDX21":-2.0568335082339075,"ZNF384":-2.5386520359732434,"PRDM10":-0.8082967270362296,"ABT1":-0.3947206801511592,"RPL36AL":-0.8490879506227428,"NIFK":-2.261789793941134,"PAXIP1":0.10493912975980516,"ZFP62":-1.687646115971949,"ZNF646":-1.1160068940390346,"ZNF48":-0.45284627730591653,"KRR1":-8.223669577980502,"MBD1":0.1739122924701702,"TCF20":-0.5576469096584029,"MLLT6":0.9896026037163934,"ZNF512":-0.9929750744007148,"RPL34":-0.6186371186886185,"RPL3":-2.1174415801168673,"ZNF787":-0.01658505795737814,"BOD1L1":-0.7412125455095037,"CENPC":-0.42459819569681084}},"NPM1 Subtype":{"min":-37.0,"max":37.0,"top_text":"Committed NPM1 Subtype","bottom_text":"Primative NPM1 Subtype","map":{"MBD1":-1.712946909632559,"RPL17":-0.33257457418152564,"ZNF22":-2.820333178818391,"NCOA6":-0.0458773429485822,"REST":-4.379022854856123,"RPL36AL":-0.06686587074854768,