{"NPM1 Subtype":{"min":-37.0,"max":37.0,"top_text":"Committed NPM1 Subtype","bottom_text":"Primative NPM1 Subtype","map":{"H4C4":0.0,"RNF2":-9.646383838273994,"NTHL1":-7.3043620608212905,"H3C2":0.0,"NUP153":-5.266537038683539,"RNF4":-1.7685536470837888,"H4C14":0.0,"ZMYND8":-4.731743814978264,"H4C2":0.0,"KCNT2":0.0,"H2BC6":0.0,"ZNF592":0.3029052405891923,"H4C1":0.0,"H3C7":0.0,"MARCHF4":0.0,"ZMYM2":-11.786659746251797,"H2BC7":0.0,"AMHR2":0.0,"MGA":-8.741331611854589,"MRM3":-5.3961777422024975,"RREB1":-5.029060253387249,"KMT2B":-3.204146862490907,"H4C15":0.0,"H2BC10":0.0,"POLR1E":-10.925333612076162,"ADNP":-14.496376424468377,"HDAC1":-5.655537515814193,"CIC":0.6941804164640062,"H2AC8":0.0,"KDM1A":-11.454216703226782,"H4C8":0.0,"H4C9":0.0,"FCER1A":0.0,"H4C6":0.0,"CXCL3":0.0,"H4C11":0.0,"H3C1":0.0,"H2BC17":0.0,"H3C8":0.0,"THAP4":-5.937249738501764,"H2BC8":0.0,"H4C12":0.0,"HDAC2":-8.44012458482962,"CTNNBL1":-5.270160998350154,"H4C5":0.0,"H4C13":0.0,"RCOR1":-4.938249709509632,"RRP15":-8.576582231172535,"H4C3":0.0,"TUBAL3":0.9075788278342332,"ZNF687":-8.745859318512851}},"Overall Survival":{"min":-6.0,"max":6.0,"top_text":"High Survival Correlation","bottom_text":"Low Survival Correlation","map":{"MGA":-0.1890848924113294,"TUBAL3":0.8698402337050645,"RNF2":-2.377289758397529,"KDM1A":-1.484905755397661,"KMT2B":-0.6027248199944916,"H2BC7":0.0,"H3C2":0.0,"ZMYM2":-0.20678554478143618,"H2AC8":0.0,"CIC":-0.2769441108597269,"H3C8":0.0,"H4C9":0.0,"POLR1E":-1.7448081807433278,"NUP153":0.03765312967793147,"CTNNBL1":-0.5819393640334305,"MRM3":0.07386902140810982,"H2BC8":0.0,"H4C8":0.0,"H4C15":0.0,"RNF4":0.04351776808182652,"NTHL1":-0.030581818077965915,"CXCL3":0.0,"RREB1":-0.5112437093509471,"ZNF592":0.2943919576063644,"H4C11":0.0,"H2BC17":0.0,"ADNP":-0.5935639364265656,"H4C5":0.0,"HDAC2":-0.6852899224982528,"AMHR2":0.0,"KCNT2":0.0,"RRP15":0.2148136229791661,"H4C4":0.0,"H3C1":0.0,"RCOR1":-2.1998759444597487,"ZNF687":-0.30256640818306735,"H4C12":0.0,"H2BC10":0.0,"HDAC1":-0.04023659155705505,"H4C13":0.0,"FCER1A":0.0,"H4C1":0.0,"H4C2":0.0,"THAP4":-0.42562361074835187,"H4C14":0.0,"MARCHF4":0.0,"H4C6":0.0,"H3C7":0.0,"H4C3":0.0,"ZMYND8":-0.45018370148669046,"H2BC6":0.0}},"Mutation NPM1":{"min":-30.0,"max":30.0,"top_text":"High NPM1 Correlation","bottom_text":"Low NPM1 Correlation","map":{"NTHL1":0.4906804256419578,"RREB1":0.6119827335750941,"RCOR1":-0.0011907419778408453,"ZMYM2":0.5768331298126343,"ADNP":-0.18151071700362442,"ZMYND8":-0.01234633747701215,"H2BC17":0.0,"CTNNBL1":0.701108239025097,"H4C12":0.0,"H2BC8":0.0,"H4C1":0.0,"H2BC6":0.0,"RNF4":-0.09196696873314271,"ZNF687":0.6779438405977655,"TUBAL3":0.24092094218159602,"H4C9":0.0,"H2AC8":0.0,"HDAC1":0.42857678154086615,"KCNT2":0.0,"ZNF592":1.0812956382256584,"RNF2":1.1242591791620595,"MARCHF4":0.0,"H3C2":0.0,"KDM1A":-0.3359988292238178,"H4C5":0.0,"AMHR2":0.0,"H4C11":0.0,"RRP15":-1.0481993586209395,"H4C3":0.0,"H4C15":0.0,"H4C8":0.0,"H4C13":0.0,"H4C4":0.0,"MGA":1.7880183952872128,"THAP4":-0.5385139407955052,"MRM3":1.3464085731758875,"H3C7":0.0,"H4C6":0.0,"CXCL3":0.0,"H2BC10":0.0,"POLR1E":0.40857927065745425,"CIC":-1.5795653168798245,"H4C14":0.0,"KMT2B":-0.24495083072997828,"H3C1":0.0,"H3C8":0.0,"H2BC7":0.0,"HDAC2":0.6601444824937441,"NUP153":0.8629674349443621,"H4C2":0.0,"FCER1A":0.0}},"Blast Percent":{"min":-11.0,"max":11.0,"top_text":"High Blast Percent Correlation","bottom_text":"Low Blast Percent Correlation","map":{"RNF4":3.7950366722293833,"RRP15":2.9291819103742607,"THAP4":0.41471184023967744,"HDAC1":4.408129367480514,"KMT2B":1.5384759967454373,"ADNP":5.426808320522711,"MGA":5.211465612001093,"NUP153":5.2992521352515505,"KCNT2":0.0,"POLR1E":2.6228283215015646,"H2BC17":0.0,"CTNNBL1":6.531732660818148,"KDM1A":3.8407230546841316,"H4C6":0.0,"H2AC8":0.0,"H3C8":0.0,"H4C1":0.0,"H3C1":0.0,"TUBAL3":-0.3393502178068081,"H4C12":0.0,"ZNF592":2.370193483932521,"RNF2":3.6644621413956906,"ZNF687":2.86234459149013,"RREB1":4.329688979785562,"CXCL3":0.0,"MRM3":2.3311697784484675,"H2BC8":0.0,"H4C2":0.0,"H4C5":0.0,"H4C14":0.0,"MARCHF4":0.0,"NTHL1":4.645014918909092,"CIC":0.5457778152389781,"H4C15":0.0,"H3C2":0.0,"H4C11":0.0,"H2BC6":0.0,"H4C9":0.0,"FCER1A":0.0,"H2BC7":0.0,"RCOR1":2.5667010453126737,"ZMYM2":5.506566318296612,"H4C3":0.0,"H3C7":0.0,"H4C4":0.0,"AMHR2":0.0,"HDAC2":8.110049998404987,"ZMYND8":3.094345989032155,"H4C8":0.0,"H4C13":0.0,"H2BC10":0.0}},"MuSiC CD14 Mono":{"min":-50.0,"max":50.0,"top_text":"High CD14 Mono Correlation","bottom_text":"Low CD14 Mono Correlation","map":{"H4C1":0.0,"MARCHF4":0.0,"AMHR2":0.0,"THAP4":-6.76123207381228,"TUBAL3":0.657153760560273,"RRP15":-11.331911410223949,"H4C8":0.0,"ZNF687":-9.045631711062079,"H4C6":0.0,"H4C3":0.0,"H3C2":0.0,"RNF2":-7.987141708151938,"H2BC7":0.0,"CTNNBL1":-5.013979238307553,"MGA":-11.897140562925243,"H4C5":0.0,"H3C8":0.0,"KMT2B":-3.1105668139077998,"NUP153":-8.366562638117259,"H3C7":0.0,"ZMYM2":-9.524331092496315,"MRM3":-7.98810709052811,"FCER1A":0.0,"ZMYND8":-5.17466802918359,"ADNP":-17.05972211914831,"KCNT2":0.0,"H4C12":0.0,"H4C15":0.0,"CIC":0.008789311224389562,"POLR1E":-11.279699461315776,"H2BC8":0.0,"HDAC2":-8.660595189361645,"H4C9":0.0,"ZNF592":0.13600131145586178,"RCOR1":-4.18343741423989,"NTHL1":-8.186400734754145,"RREB1":-5.397134689619453,"H4C2":0.0,"CXCL3":0.0,"HDAC1":-4.679624575278813,"H4C14":0.0,"KDM1A":-12.788789772906915,"H3C1":0.0,"H2AC8":0.0,"RNF4":-2.5053415465141753,"H4C13":0.0,"H2BC10":0.0,"H2BC6":0.0,"H2BC17":0.0,"H4C4":0.0,"H4C11":0.0}},"Mutation FLT3 ITD":{"min":-10.0,"max":10.0,"top_text":"High FLT3 ITD Correlation","bottom_text":"Low FLT3 ITD Correlation","map":{"H4C1":0.0,"THAP4":-0.2429114273527836,"HDAC1":0.25427844551869644,"RNF2":0.6845526946430179,"FCER1A":0.0,"KDM1A":0.19866792907262892,"H2BC7":0.0,"H4C15":0.0,"ZMYND8":1.1469089923963662,"H4C3":0.0,"CIC":-5.36346154127916,"NUP153":1.3067811898483195,"MGA":0.8230390184230322,"RRP15":0.03526327742154657,"MRM3":0.991312826312135,"ZMYM2":0.3384800774538115,"H4C4":0.0,"H4C11":0.0,"H2BC10":0.0,"H4C2":0.0,"TUBAL3":0.14278920137774087,"KMT2B":-2.352221175389733,"CXCL3":0.0,"AMHR2":0.0,"RNF4":0.13921951997635876,"H4C14":0.0,"ZNF687":0.5064416605345481,"H2BC8":0.0,"RREB1":0.594380413318338,"NTHL1":0.7284480634269094,"H4C6":0.0,"H3C2":0.0,"H3C1":0.0,"H4C13":0.0,"CTNNBL1":0.07432007170943598,"H4C8":0.0,"H4C12":0.0,"POLR1E":0.6898211990312643,"HDAC2":0.5237603838265383,"H3C8":0.0,"RCOR1":-0.14245991991340531,"MARCHF4":0.0,"H4C5":0.0,"H2BC6":0.0,"H4C9":0.0,"H2AC8":0.0,"H3C7":0.0,"H2BC17":0.0,"ZNF592":0.22201023132689063,"ADNP":0.18408555971675689,"KCNT2":0.0}}}