{"Blast Percent":{"min":-11.0,"max":11.0,"top_text":"High Blast Percent Correlation","bottom_text":"Low Blast Percent Correlation","map":{"ADNP":5.426808320522711,"ZKSCAN5":0.0,"ZFAT":1.4223349143718866,"ZNF765":1.3662313639871901,"ZNF761":0.17906496568536753,"AHDC1":4.66088021138726,"ZNF195":0.952942961434244,"CBX5":1.948074541068926,"TRIM28":3.596496680403605,"CLK2":0.037315265665429656,"ZNF45":1.5077210231027343,"CHD4":6.40312949392056,"ZSCAN23":0.0,"ZNF397":2.3925500275276095,"ZNF579":2.3083672031691,"ZSCAN29":0.8310154734065291,"ZNF320":0.19220541853917558,"ZKSCAN4":0.8954348741477383,"ZMYM3":5.232096884569037,"ZNF445":-0.1375793206162587,"ZNF8":2.538219357363262,"KDM1A":3.8407230546841316,"ZMYM4":5.713130484140398,"ZNF497":0.0,"TRMT2A":1.2362187423162074,"ZNF768":3.234265482526497,"ZNF816":2.322495309858501,"GPSM1":1.217159181526681,"ZNF420":0.3121255715669514,"RBM4B":1.6100348967154907,"TCF12":4.074036896273261,"ZKSCAN1":4.957652205434855,"ZSCAN26":0.9437383465963539,"ZSCAN20":0.1385140188180223,"ZFY":0.0,"ZKSCAN3":0.5515777072440848,"ZNF224":0.0,"EHMT2":6.911278636104022,"ZNF202":0.805777547218721,"POGZ":5.5898615690738485,"ZMYM2":5.506566318296612,"ZNF319":0.2848269644500978,"RAI1":3.853976499605033,"WIZ":4.786656647743804,"ZSCAN22":0.0,"SMARCAD1":3.5642020836077353,"ZNF837":1.087749715087712,"ZNF17":0.4715045918861725,"ZKSCAN8":4.634890809716256,"ZNF197":0.0,"ZNF764":-0.09703697945904084}},"MuSiC CD14 Mono":{"min":-50.0,"max":50.0,"top_text":"High CD14 Mono Correlation","bottom_text":"Low CD14 Mono Correlation","map":{"TRIM28":-23.59451698900753,"ZNF816":-9.330708729119396,"ZNF497":0.0,"ZKSCAN1":-8.78637015544852,"ZNF195":-12.220634837645767,"GPSM1":-10.036116724918061,"ZNF319":0.10583883254508322,"KDM1A":-12.788789772906915,"ZNF445":-3.4230471559332973,"ZNF837":-4.454730742166051,"ZNF197":0.0,"ZSCAN26":-7.400931030514776,"ZMYM3":-14.60444011047265,"ZKSCAN3":-1.9843801839304396,"ZNF320":-4.047069914061541,"ZNF768":-6.968108369820708,"CHD4":-16.48823355690458,"CBX5":-11.781265970764789,"ZNF420":-4.929362511570122,"POGZ":-10.830054418140113,"ZNF761":-0.16489279359268463,"ZNF8":-11.50639455007824,"ZSCAN20":-2.316628867863455,"WIZ":-21.620115177842433,"ZSCAN29":-5.9277330571173215,"SMARCAD1":-19.480675468099545,"TRMT2A":-0.3671738879465994,"ZSCAN22":0.0,"ZMYM4":-9.286650463979957,"ZNF202":-2.8540043545029117,"ZNF224":0.0,"ZSCAN23":0.0,"CLK2":0.12087123343364961,"ZFAT":-6.394389793213732,"ZNF579":-4.400867126818587,"ZNF17":-3.638856232207818,"ZNF765":-3.867737423071073,"ZFY":0.0,"ZKSCAN8":-14.134514578972361,"ZNF45":-8.768046317970501,"ZMYM2":-9.524331092496315,"AHDC1":-14.736076651280642,"ADNP":-17.05972211914831,"ZNF397":-2.5944774218912654,"RAI1":-13.956533274838018,"ZKSCAN4":-7.036511422177705,"ZNF764":-0.6032011893663386,"ZKSCAN5":0.0,"RBM4B":-7.520118528992818,"EHMT2":-18.95963862828292,"TCF12":-20.65133567957883}},"NPM1 Subtype":{"min":-37.0,"max":37.0,"top_text":"Committed NPM1 Subtype","bottom_text":"Primative NPM1 Subtype","map":{"CLK2":-0.20290888949071106,"EHMT2":-14.404899518465175,"ZMYM3":-14.31475667647688,"CHD4":-14.411108575673477,"ZNF579":-6.341912480430631,"ZNF202":-2.8038282750874917,"ZNF197":0.0,"ZNF320":-3.855070065557742,"ZNF837":-3.796824430741479,"ZKSCAN3":-1.5435142806522273,"ZNF45":-5.08514214516909,"TRIM28":-19.651323646373296,"RBM4B":-5.835275444971075,"ZNF497":0.0,"ZFAT":-5.259805143406425,"ZNF8":-11.845091238203706,"KDM1A":-11.454216703226782,"ZKSCAN4":-9.648111163720975,"ZNF761":-0.8159580293709494,"GPSM1":-13.472524192043776,"TCF12":-19.7276646888006,"ZNF224":0.0,"WIZ":-16.461337163166327,"ZFY":0.0,"POGZ":-12.102713427173365,"AHDC1":-12.321889390545072,"ZMYM2":-11.786659746251797,"ZNF764":-0.46994607969662594,"ZNF397":-5.600882578881476,"TRMT2A":-0.6537601760654042,"RAI1":-12.487600213369026,"ADNP":-14.496376424468377,"ZNF319":-0.20278273858915954,"CBX5":-9.449903643951924,"SMARCAD1":-15.092112518437062,"ZNF420":-4.939690752752213,"ZNF195":-4.2876315730046946,"ZKSCAN5":0.0,"ZSCAN26":-7.68890225226772,"ZNF17":-3.562630193841508,"ZSCAN20":-2.0885853307559543,"ZSCAN22":0.0,"ZKSCAN8":-12.857210854367775,"ZSCAN29":-4.294921521303129,"ZKSCAN1":-8.84509778936728,"ZNF816":-7.647925070435639,"ZNF765":-2.793165528069951,"ZMYM4":-10.161579977438594,"ZNF768":-8.75116249597951,"ZSCAN23":0.0,"ZNF445":-3.634002069487504}},"Overall Survival":{"min":-6.0,"max":6.0,"top_text":"High Survival Correlation","bottom_text":"Low Survival Correlation","map":{"ZKSCAN1":-0.4281090266695894,"ZNF320":0.4872600251990405,"ZNF768":0.11102154008199912,"ZKSCAN3":0.044771827442437274,"CHD4":-0.8250007975486481,"ZSCAN22":0.0,"ZNF497":0.0,"ZNF445":0.9876386803356961,"ZNF761":0.21043131530071787,"KDM1A":-1.484905755397661,"CBX5":-1.2392204892991168,"POGZ":-1.7499935033056957,"ZMYM3":-0.0022091250309730468,"ZNF17":-0.20363760181902066,"ZMYM2":-0.20678554478143618,"ZNF45":0.25898957599276656,"EHMT2":-0.175346104340024,"WIZ":-1.8415182202775933,"TRIM28":0.01712886786621426,"ZSCAN23":0.0,"ZKSCAN5":0.0,"ZNF764":-0.5066592668808488,"TRMT2A":-0.5801724296514384,"ZNF816":-0.23644078024852655,"ZKSCAN8":0.015411158385727559,"ZNF197":0.0,"TCF12":-0.47388354775117414,"ZNF837":-0.914664155206968,"SMARCAD1":-0.1825603726090783,"CLK2":-2.4104083084894987,"ZNF420":-0.9147450287124744,"ZNF765":-1.2144666839851381,"RBM4B":0.10534491336696619,"ZNF224":0.0,"ZNF195":-0.6142422708364675,"ZFAT":-0.003977422647904331,"ZSCAN26":-0.7089747454336368,"ZKSCAN4":0.75641240239862,"GPSM1":-1.6246597624175922,"ZNF202":0.10963070543313388,"ZSCAN29":0.5255526375712356,"ZFY":0.0,"ZNF319":-0.06392543413823444,"ZNF8":-0.21765247503237106,"ZNF397":0.24161647276467857,"ZMYM4":-1.4075366511357041,"ZNF579":-0.18174821070662822,"RAI1":-0.4030082679542457,"ZSCAN20":0.06548655081563651,"AHDC1":0.2499442888207266,"ADNP":-0.5935639364265656}},"Mutation FLT3 ITD":{"min":-10.0,"max":10.0,"top_text":"High FLT3 ITD Correlation","bottom_text":"Low FLT3 ITD Correlation","map":{"CLK2":-0.6699698706923549,"ZKSCAN8":0.08306477762648558,"ZSCAN26":0.042376278542256285,"ZMYM3":0.06582016940149317,"ZMYM2":0.3384800774538115,"CHD4":0.3289789536256447,"CBX5":-0.678163433262751,"WIZ":-0.7692608908420119,"AHDC1":0.5840196183685886,"ZNF320":-0.7330024582041285,"ZNF768":0.32155560537268657,"SMARCAD1":0.15431553452892363,"ZNF195":-0.597802410124594,"ZNF8":-0.3004690186491878,"KDM1A":0.19866792907262892,"ZFY":0.0,"ADNP":0.18408555971675689,"ZSCAN20":0.22564141249059,"ZNF420":0.18254167005802086,"GPSM1":0.7066199269718754,"ZNF765":-0.5164704576222088,"ZNF224":0.0,"RAI1":0.39316055349837314,"ZKSCAN1":1.01702346894527,"ZNF837":-0.8610189110332276,"ZNF497":0.0,"ZNF17":-0.4604170322968995,"ZSCAN22":0.0,"TRMT2A":3.026241972255007,"RBM4B":0.1869123379489022,"ZNF764":-0.2854287712592271,"ZNF319":-0.11450471905155125,"ZKSCAN4":0.03532540295620807,"TCF12":0.08754909322352016,"ZNF45":0.48103277793556026,"ZNF202":-0.07560558971705764,"ZNF761":-0.547149009776486,"TRIM28":0.0631033974275213,"ZKSCAN3":0.020488346295632585,"ZSCAN23":0.0,"ZKSCAN5":0.0,"ZNF197":0.0,"ZMYM4":1.536885503552627,"EHMT2":0.06738307884015166,"ZNF397":0.9845748239457441,"POGZ":0.058755504574832286,"ZFAT":-1.652454479567648,"ZNF445":-0.20296278890241373,"ZSCAN29":0.14221862860519918,"ZNF816":0.5364002760092018,"ZNF579":0.4493703730877258}},"Mutation NPM1":{"min":-30.0,"max":30.0,"top_text":"High NPM1 Correlation","bottom_text":"Low NPM1 Correlation","map":{"ZNF497":0.0,"ZKSCAN1":1.8031323693698926,"ZNF224":0.0,"SMARCAD1":0.15246333223368871,"ZNF45":-0.5215478607347652,"ZNF17":-1.311597816619829,"ZSCAN20":0.1185173849741404,"KDM1A":-0.3359988292238178,"ZKSCAN4":-0.1851675957002163,"ZMYM2":0.5768331298126343,"TRMT2A":2.3074572624604537,"ZNF768":0.16034236915301317,"ZFAT":-1.0477914296467294,"TCF12":-0.5928268161740745,"ZNF579":-0.47320215593581716,"ZKSCAN8":0.3919462290367386,"ZNF8":-1.5158171997203527,"ZNF764":-1.0261703242922953,"ZNF202":-0.2640729215811158,"TRIM28":-0.9403655719892402,"ZKSCAN5":0.0,"CLK2":-0.9661756566506516,"AHDC1":-1.0581778030721833,