{"MuSiC CD14 Mono":{"min":-50.0,"max":50.0,"top_text":"High CD14 Mono Correlation","bottom_text":"Low CD14 Mono Correlation","map":{"ZNF777":-5.533953917646133,"PARP1":-19.567060190214754,"CCAR2":-2.366259999910145,"PRRC2B":-3.6829177410075764,"TP53":-0.8268676921741074,"GPR135":0.0,"HIF1AN":-2.521061912623274,"SERTAD2":0.0,"CCT7":-0.26285282457937953,"ZNF446":-2.35598239535875,"CHTOP":-1.6433513686373826,"PPP2R1A":3.099205687022397,"ZNF414":-3.229879733074457,"PPP6R2":1.3899875135121016,"CUL7":-5.661530398159947,"PLK1":0.5580980243878296,"ZKSCAN8":-14.134514578972361,"CAD":-2.3037204793897654,"ZNF408":-8.481850076834707,"CCT3":-0.2716475955009964,"MOV10":-10.707605643912416,"SF3B1":-8.234828562810192,"CDK16":0.9610967452041529,"PPP2CB":2.2124047579273642,"SAMD4B":-6.709964306342146,"PPP6C":4.766792063697307,"PPP4C":3.145213507694053,"TOPORS":-8.650161869329912,"TRIM28":-23.59451698900753,"CEBPZ":-16.719284807840733,"ZNF142":-3.0700774303762084,"RBM7":-0.21072401752628245,"SNX33":0.5048644879882104,"DMAP1":-11.496345402896724,"PPP2R2A":2.0573119640497146,"NFX1":-3.0171859042984215,"PPP2CA":0.0,"NONO":-9.654966241273916,"ANKLE2":-4.422757992919307,"DHX40":-4.1418045382385635,"CCT2":-1.1269974910023857,"ZNF263":-1.752772721494113,"ANKRD52":-0.22995530310928117,"LENG8":-2.054997901750669,"ILF3":-11.911758106549213,"FBXW8":0.0,"PPP2R2D":0.15615788751124665,"EHMT2":-18.95963862828292,"DNMT3A":-8.19109275816307,"H4C1":0.0,"ATXN2":-8.853826632580777}},"NPM1 Subtype":{"min":-37.0,"max":37.0,"top_text":"Committed NPM1 Subtype","bottom_text":"Primative NPM1 Subtype","map":{"TRIM28":-19.651323646373296,"CEBPZ":-13.857701486723345,"ZNF263":-0.8116767751681115,"EHMT2":-14.404899518465175,"RBM7":-0.4097851933795685,"PPP2R2A":2.3113955715294368,"TOPORS":-5.882974649273324,"MOV10":-8.425331552004,"PPP2CB":2.599876017237291,"CCAR2":-3.7895498820149967,"PARP1":-17.088509040652458,"PPP4C":1.3959381410413025,"CUL7":-6.8517928393924175,"SAMD4B":-5.4955770299220745,"SERTAD2":0.0,"CCT2":-0.46913179787936476,"PRRC2B":-3.628996795674228,"CCT7":-0.0875669214913264,"CAD":-2.4076065711295307,"PPP2R1A":1.6328769267655605,"CCT3":-0.22598528783215893,"ILF3":-11.277614677704031,"CHTOP":-2.120970025854935,"GPR135":0.0,"PPP2R2D":0.34709442800751766,"ZNF446":-3.442667271362798,"ANKRD52":-0.035327037707529416,"DNMT3A":-7.1123812251948895,"PLK1":1.6545352886243025,"CDK16":0.42717974392549996,"ZNF408":-6.073776177197278,"DHX40":-4.901330888507829,"LENG8":-2.480176846449359,"ATXN2":-7.976478165847016,"HIF1AN":-1.6480009091719292,"NFX1":-3.3755454893778865,"PPP2CA":0.0,"FBXW8":0.0,"PPP6R2":1.4375955412749897,"NONO":-8.776938089453266,"TP53":-0.8118343715985066,"SF3B1":-6.1078047150514765,"ZNF777":-6.1739993963897195,"ANKLE2":-1.4426838120717302,"DMAP1":-10.337285575853763,"ZNF142":-5.002088340240388,"ZKSCAN8":-12.857210854367775,"H4C1":0.0,"SNX33":0.16563890747215293,"PPP6C":3.751775604451568,"ZNF414":-4.410678936434033}},"Overall Survival":{"min":-6.0,"max":6.0,"top_text":"High Survival Correlation","bottom_text":"Low Survival Correlation","map":{"DNMT3A":-0.49707939252124284,"NFX1":-0.2150187025911268,"H4C1":0.0,"CDK16":-0.02985145594448518,"DHX40":-0.1381753134856382,"MOV10":0.22411834299170533,"ZNF408":0.06984671174067963,"PPP2CB":-0.3061158749181915,"SAMD4B":-0.23974149294257183,"PPP4C":-0.8436207916068533,"CCT3":-0.05479278900607222,"FBXW8":0.0,"ILF3":-0.673717588424537,"ZNF414":-1.8227329701651875,"LENG8":0.05032542452617708,"PPP6R2":0.43409722423279073,"PPP2R1A":0.026748844471600832,"SF3B1":-1.0082074528948128,"HIF1AN":-0.23037467781029938,"ZNF263":-0.422425255023716,"PLK1":-1.2110006950014727,"PPP2R2A":-1.4127776404871437,"RBM7":-1.479837524356583,"CCT7":0.5057893757741105,"SNX33":-0.007873160259921111,"TOPORS":0.15280191368720458,"NONO":-1.2777073178899991,"CUL7":-0.039204782428750244,"PPP2CA":0.0,"PARP1":-0.346483691553083,"GPR135":0.0,"SERTAD2":0.0,"PPP2R2D":0.795439098890695,"DMAP1":0.976528470851915,"TRIM28":0.01712886786621426,"CEBPZ":-0.024675197107666604,"PRRC2B":-1.7485705927315605,"ZNF142":-0.3302825662032023,"ANKLE2":0.29492823234364085,"CCT2":0.08750996351042277,"TP53":-0.18747418326780263,"ATXN2":-0.972671883366346,"CHTOP":0.33138523267128067,"PPP6C":0.1839053083703538,"ZNF777":0.256930583120024,"EHMT2":-0.175346104340024,"ZKSCAN8":0.015411158385727559,"ANKRD52":0.8390213315797932,"CCAR2":-0.7376822352239281,"ZNF446":0.03108823122138763,"CAD":-0.5691434632559227}},"Blast Percent":{"min":-11.0,"max":11.0,"top_text":"High Blast Percent Correlation","bottom_text":"Low Blast Percent Correlation","map":{"PLK1":-2.311025373483345,"PPP2CB":-1.5913475169136309,"CDK16":-0.8041804530088074,"H4C1":0.0,"ZNF263":0.6799707214735371,"PPP6C":-4.640334669145118,"LENG8":4.597160333052568,"CEBPZ":3.250060996859164,"ANKRD52":-0.35435801050867966,"ZNF777":1.9087429064388879,"CCT7":-0.16053739046580848,"CAD":-0.8624718753634616,"EHMT2":6.911278636104022,"MOV10":0.7147066495782385,"PRRC2B":1.1685527048177098,"ZNF408":1.9201919642936247,"CCAR2":3.059488707276296,"SAMD4B":1.2792469208492827,"DHX40":1.5077006954203405,"ANKLE2":0.4516431106075056,"NFX1":0.09699667180362838,"PPP2R1A":-1.0113817070883602,"PPP4C":-0.7379200591709782,"TP53":-1.1668667584627048,"SERTAD2":0.0,"PPP2CA":0.0,"ILF3":7.17349298523562,"SNX33":0.4389311574103152,"ZNF414":1.4496076132764137,"HIF1AN":-0.06529101898651275,"CUL7":0.569754833085268,"TRIM28":3.596496680403605,"TOPORS":2.959330566538609,"ZNF446":2.57672998678649,"DMAP1":6.030129252236768,"GPR135":0.0,"FBXW8":0.0,"PPP2R2D":0.3066481055964007,"ZNF142":0.520734091657823,"ZKSCAN8":4.634890809716256,"RBM7":3.4662175975476752,"PARP1":3.339563682313568,"CCT2":-0.560802129146755,"ATXN2":1.813553740880735,"CCT3":-0.3142774196153831,"DNMT3A":1.7687230947011316,"NONO":5.189981008271852,"SF3B1":7.856372888365048,"PPP2R2A":-1.0887097454854975,"PPP6R2":-1.6049479782173335,"CHTOP":0.43688938651069714}},"Mutation NPM1":{"min":-30.0,"max":30.0,"top_text":"High NPM1 Correlation","bottom_text":"Low NPM1 Correlation","map":{"DHX40":1.9991466179709885,"SNX33":3.4887153496105046,"CAD":-2.0809505676962092,"TRIM28":-0.9403655719892402,"H4C1":0.0,"ZKSCAN8":0.3919462290367386,"GPR135":0.0,"TOPORS":0.27881889050002395,"TP53":-1.8597512278524304,"PLK1":-1.4490295127864021,"PPP2R1A":-1.1218880837134002,"SAMD4B":-0.37275238225845336,"HIF1AN":-2.742432617019744,"ILF3":1.3262304082673484,"CUL7":-0.36819037957805395,"RBM7":-0.11139045286492567,"PPP2R2A":-1.0626734871870123,"PRRC2B":0.6965354702909616,"ANKLE2":-0.24731017560529586,"PPP2CA":0.0,"MOV10":-8.12934365174273,"CDK16":-0.9123357227850262,"CCT2":-3.48446176793588,"SF3B1":1.1929500894852785,"ZNF142":0.3193022061852301,"NONO":0.8058269801636946,"PPP2CB":0.08749019838693216,"DMAP1":-0.5523586608056368,"ANKRD52":-0.38343784936418557,"CCAR2":3.937991153392173,"CCT7":-1.1839962270374662,"ZNF263":-1.169939124607804,"PPP2R2D":-0.09843307209167348,"ZNF777":-0.4266211543671874,"ATXN2":-0.07820105810349831,"ZNF446":1.5345422037839798,"EHMT2":0.042812316914570464,"NFX1":-0.3557401576186289,"FBXW8":0.0,"LENG8":2.016989326551503,"ZNF414":0.5730947769332203,"CCT3":-1.8919052100657971,"ZNF408":-1.5439947976247275,"PPP6R2":-1.4357860445665627,"CEBPZ":-1.9544114269886197,"CHTOP":-0.6608166777440698,"PPP4C":0.3360308235210196,"PPP6C":-2.889281521164526,"SERTAD2":0.0,"DNMT3A":0.38907011213206577,"PARP1":0.1597850710969594}},"Mutation FLT3 ITD":{"min":-10.0,"max":10.0,"top_text":"High FLT3 ITD Correlation","bottom_text":"Low FLT3 ITD Correlation","map":{"PPP2CB":-1.3611094383542919,"PPP6C":-2.5723267158397554,"PLK1":-1.2843183895800578,"FBXW8":0.0,"ANKRD52":0.3165503440977824,"ZNF446":1.215871576619642,"PPP2R2A":-0.010816251643875688,"CUL7":-0.15372713836183902,"DHX40":0.418818314388527,"PPP4C":0.13556547290521268,"ZNF263":-1.380671074070032,"H4C1":0.0,"PPP2R2D":-0.35602615723355335,"ZKSCAN8":0.08306477762648558,"SAMD4B":-0.9073845881642189,"ZNF414":-1.7395797687189936,"DMAP1":-0.6556135523786704,"CCT3":0.10963602773179969,"TRIM28":0.0631033974275213,