{"Overall Survival":{"min":-6.0,"max":6.0,"top_text":"High Survival Correlation","bottom_text":"Low Survival Correlation","map":{"ZFP82":-0.07407989468727368,"ZNF761":0.21043131530071787,"ZNF773":0.08372936814185106,"ZNF17":-0.20363760181902066,"ZNF225":0.18256270300109978,"ZNF644":-0.4373624873030465,"ZNF45":0.25898957599276656,"ZNF567":-0.09483091559444864,"ZNF568":0.0,"ZNF121":0.0,"ZNF226":-0.16823766345472063,"ZNF227":0.041604311397160094,"ZNF582":0.0,"SMARCAD1":-0.1825603726090783,"ZNF512":0.018254201794010046,"ZNF2":0.22453276329980945,"ZNF480":0.0,"ZNF613":0.19760612201041097,"ZNF181":-0.6955460133286868,"ZNF549":0.04937704802997545,"ZNF816":-0.23644078024852655,"ZNF431":0.0,"ZNF100":0.12113528883192197,"CBX5":-1.2392204892991168,"ZNF569":0.0,"ZNF420":-0.9147450287124744,"ZNF790":0.0,"ZNF570":0.034251036649066716,"TRIM28":0.01712886786621426,"ZKSCAN8":0.015411158385727559,"ZNF616":-0.059042216050149934,"ZNF610":0.0,"GNL3":0.2095982574186179,"ZNF845":0.12276991737483518,"ZNF180":-0.8851604186157859,"DYNLL1":0.25788035467150056,"ZNF581":0.14452907510970767,"ZNF195":-0.6142422708364675,"ZNF160":0.0,"ZNF302":-1.2310891257991758,"ZNF260":0.10565550129949096,"ZBTB48":0.46246983909568873,"ZNF383":0.0,"ZNF566":0.4594317498009198,"ZNF146":-0.6747003843268431,"ZNF461":0.0,"TIGD7":0.0,"ZNF416":0.0,"ZNF48":0.4049404782938524,"ZNF419":-0.11823011416618652,"ZNF614":-0.2008383891239617}},"Mutation NPM1":{"min":-30.0,"max":30.0,"top_text":"High NPM1 Correlation","bottom_text":"Low NPM1 Correlation","map":{"ZNF100":-0.8992716094717427,"DYNLL1":2.7568058712233316,"ZNF644":-2.328407469668528,"CBX5":-4.48247027854312,"ZNF613":-0.18349117188890585,"ZNF568":0.0,"ZNF225":-0.19197408188490114,"ZNF260":0.3158295101983777,"ZNF181":-1.1528723687174642,"ZNF614":-3.5905544582379645,"ZNF761":-0.22712894058473174,"ZNF845":-0.6215559549522193,"SMARCAD1":0.15246333223368871,"ZKSCAN8":0.3919462290367386,"ZNF195":-0.24186713408584,"ZNF567":-2.1376287522293693,"ZNF431":0.0,"ZNF146":-0.7408347364394192,"ZNF582":0.0,"ZNF570":-0.40099683749909,"ZNF416":0.0,"ZNF461":0.0,"ZNF480":0.0,"ZNF773":-3.6236770639200886,"ZNF383":0.0,"ZNF121":0.0,"ZNF816":-2.0107397998746888,"ZNF227":-2.7085433251863855,"GNL3":-6.2279781457928864,"ZNF2":-0.33036650903741765,"ZNF302":0.18871047658761633,"ZBTB48":-0.4214225937415831,"ZNF17":-1.311597816619829,"ZNF226":-0.5102669956836313,"TIGD7":0.0,"ZNF616":-1.5910642036460623,"ZNF419":-0.0242406377333455,"ZNF420":0.10789595681231175,"ZNF45":-0.5215478607347652,"ZNF566":-0.3552864144609426,"ZNF180":-0.20714237557732534,"ZNF512":-0.9929750744007148,"ZNF790":0.0,"ZNF569":0.0,"ZNF549":-2.7198221638560467,"TRIM28":-0.9403655719892402,"ZFP82":-0.4793534865514072,"ZNF160":0.0,"ZNF581":0.5677775715939007,"ZNF610":0.0,"ZNF48":-0.45284627730591653}},"Mutation FLT3 ITD":{"min":-10.0,"max":10.0,"top_text":"High FLT3 ITD Correlation","bottom_text":"Low FLT3 ITD Correlation","map":{"ZNF644":-0.71014002327618,"ZNF566":-0.2766141250363048,"ZNF568":0.0,"ZNF461":0.0,"ZNF614":0.03475495625767579,"ZNF146":-0.7135329467935366,"ZNF761":-0.547149009776486,"ZNF616":-0.6203205900980331,"ZNF431":0.0,"TRIM28":0.0631033974275213,"ZNF845":-0.44212642337267677,"ZNF17":-0.4604170322968995,"ZNF383":0.0,"ZNF581":0.11952006518394018,"ZNF181":-3.6981068137767448,"ZNF567":-0.7728995548183508,"ZNF302":-0.1390304394292249,"ZNF45":0.48103277793556026,"ZNF226":-1.0527906776194393,"TIGD7":0.0,"ZNF419":-0.016306407791840578,"ZFP82":-0.020782560486283512,"ZNF225":-0.1423908481546867,"ZNF420":0.18254167005802086,"ZNF260":0.1067509618147774,"SMARCAD1":0.15431553452892363,"ZNF569":0.0,"ZNF48":-0.3792925762759964,"DYNLL1":0.9709939063933902,"ZNF512":-0.4701867137922932,"ZNF100":0.1583731843891046,"ZNF227":-1.4169469875572223,"ZNF480":0.0,"GNL3":0.5228039924069167,"ZNF773":-1.09175304966014,"ZNF121":0.0,"ZNF2":-0.2815438313737405,"ZNF180":-0.3065592564186321,"ZNF195":-0.597802410124594,"ZNF582":0.0,"ZNF416":0.0,"ZBTB48":-0.01441337579681854,"ZNF610":0.0,"ZNF570":-0.161638762568007,"ZNF613":-0.20413527864774633,"ZNF790":0.0,"ZKSCAN8":0.08306477762648558,"CBX5":-0.678163433262751,"ZNF549":-1.1450041641271658,"ZNF816":0.5364002760092018,"ZNF160":0.0}},"MuSiC CD14 Mono":{"min":-50.0,"max":50.0,"top_text":"High CD14 Mono Correlation","bottom_text":"Low CD14 Mono Correlation","map":{"ZNF613":-1.7261413845075773,"ZNF225":-2.7259792433186507,"ZNF790":0.0,"ZNF568":0.0,"ZBTB48":-0.9232725986937041,"ZNF195":-12.220634837645767,"ZNF416":0.0,"ZNF2":-6.920382881377803,"ZNF582":0.0,"CBX5":-11.781265970764789,"ZNF45":-8.768046317970501,"ZNF644":-11.806022762593605,"ZNF773":-11.681931233743212,"ZNF512":-2.451944572612937,"ZNF420":-4.929362511570122,"ZNF761":-0.16489279359268463,"ZNF17":-3.638856232207818,"ZNF569":0.0,"ZNF461":0.0,"ZNF616":-9.54437343391006,"ZNF160":0.0,"TIGD7":0.0,"ZNF566":-15.505853934573535,"ZNF383":0.0,"ZNF260":-0.9293550244911346,"ZKSCAN8":-14.134514578972361,"ZNF581":-4.657192321867565,"ZNF100":-10.240217110183826,"ZNF48":-10.906813063106949,"TRIM28":-23.59451698900753,"GNL3":-14.642965144328429,"ZNF816":-9.330708729119396,"ZNF226":-2.7087735802989097,"ZNF610":0.0,"ZNF570":-1.74282270112066,"ZNF845":-3.4175218575599873,"ZNF302":-8.219115081233468,"ZNF146":-9.371556580522263,"ZNF480":0.0,"ZNF180":-1.1751543234884791,"ZNF549":-5.8536793675620356,"ZNF419":-0.4265867027246207,"ZNF567":-3.221203386201837,"ZNF227":-4.557734964545045,"ZNF121":0.0,"ZNF181":-3.0194768468454507,"SMARCAD1":-19.480675468099545,"ZNF431":0.0,"ZNF614":-5.029130968029011,"ZFP82":-1.0424883715763447,"DYNLL1":-0.9547157486228275}},"Blast Percent":{"min":-11.0,"max":11.0,"top_text":"High Blast Percent Correlation","bottom_text":"Low Blast Percent Correlation","map":{"ZNF570":-0.9907567713137126,"ZNF644":2.253137484913464,"ZNF2":1.0869177995343668,"ZNF48":2.0875681829758643,"ZNF260":0.014538101831673101,"ZNF567":0.43297064234003496,"ZNF100":4.632170349642182,"ZNF614":0.3026692418143942,"TRIM28":3.596496680403605,"ZNF121":0.0,"ZNF416":0.0,"ZNF195":0.952942961434244,"ZNF431":0.0,"ZNF773":0.4198605576819137,"ZNF227":0.48101504385592875,"TIGD7":0.0,"ZNF420":0.3121255715669514,"ZNF461":0.0,"ZNF566":1.7064646748727053,"CBX5":1.948074541068926,"ZNF419":-0.3228899121231279,"ZNF181":-0.022979586836158816,"ZNF45":1.5077210231027343,"ZNF790":0.0,"ZNF480":0.0,"ZNF582":0.0,"ZNF512":0.552022578209487,"ZNF581":1.3239523314681338,"ZNF383":0.0,"ZNF225":2.1433516307376346,"ZNF302":3.0055506374798147,"DYNLL1":0.002215973306221141,"ZNF180":0.17909703287290446,"ZNF616":1.8538343118688634,"ZNF816":2.322495309858501,"ZNF160":0.0,"ZNF226":0.9923033202090099,"ZNF761":0.17906496568536753,"ZNF845":0.514970567035265,"ZNF568":0.0,"ZKSCAN8":4.634890809716256,"SMARCAD1":3.5642020836077353,"ZBTB48":0.5284615502118367,"ZNF17":0.4715045918861725,"ZNF549":0.15798974206287605,"ZNF146":2.6833351597721937,"ZFP82":-0.1427830991679102,"GNL3":2.64907843900881,"ZNF569":0.0,"ZNF613":1.722287365064036,"ZNF610":0.0}},"NPM1 Subtype":{"min":-37.0,"max":37.0,"top_text":"Committed NPM1 Subtype","bottom_text":"Primative NPM1 Subtype","map":{"ZNF17":-3.562630193841508,"ZNF225":-3.260813281239321,"ZNF790":0.0,"ZNF302":-10.0503755490155,"ZNF45":-5.08514214516909,"ZNF420":-4.939690752752213,"TRIM28":-19.651323646373296,"ZKSCAN8":-12.857210854367775,"ZNF816":-7.647925070435639,"ZNF461":0.0,"GNL3":-12.74489512585038,"ZNF100":-7.670871534637462,"ZNF613":-1.4006498039197806,"ZNF480":0.0,"ZNF416":0.0,"ZNF610":0.0,"ZNF195":-4.2876315730046946,"ZNF644":-8.623564169636008,"ZNF48":-7.2117309805032574,"ZNF614":-5.410246593666801,"ZFP82":-2.364766230198456,"ZNF616":-10.788272452748854,"ZNF383":0.0,"ZNF121":0.0,"ZNF160":0.0,"ZNF570":-0.6981253165506919,"ZBTB48":-1.024297668898389,"ZNF146":-9.044752690552128,"ZNF549":-3.981766266032825,"ZNF227":-5.542710216445014,"ZNF568":0.0,"ZNF419":-0.569102685226174,"ZNF773":-8.531916109961138,"DYNLL1":-2.2385630300367767,"ZNF761":-0.8159580293709494,"ZNF566":-11.926723015565772,"ZNF226":-2.341500626683552,"ZNF567":-3.1841285290282295,"ZNF181":-2.785129705071632,