{"Mutation NPM1":{"min":-30.0,"max":30.0,"top_text":"High NPM1 Correlation","bottom_text":"Low NPM1 Correlation","map":{"HSPBP1":-1.2248251096722933,"PTPN23":4.124566351987189,"ERI3":-1.1143352566809355,"ZMYM3":0.283436023449797,"QRSL1":-0.3235848904219504,"NOC4L":-2.5618915967272198,"CUL4B":-1.8832616139383882,"GRWD1":0.24795821999581685,"PTCD1":0.0,"PIH1D1":0.24224614736882538,"DFFB":0.12551328281220983,"FLYWCH2":1.9622179690000103,"WDR59":0.1741672425064937,"ZNF428":-0.20258261036356268,"MAP2K2":-2.7877318037637333,"FOXK2":0.8554442247380057,"POLR3D":0.9129075869090532,"TRIM28":-0.9403655719892402,"MAX":0.6181388148582919,"POLR1B":1.994857753651942,"CDK6":-1.6750979156757049,"TCEAL1":0.15262058225346728,"GTF3C5":1.271798957422599,"FASN":0.6134882505655121,"TRMT61A":3.006705509214384,"STX17":0.018996874043907017,"SGTA":-8.363312865908071,"PRKACB":1.2248864099898367,"EPDR1":0.8301470799122705,"AHCYL2":-0.19665788523177777,"THEM4":0.058933889681505675,"HSF1":2.073701145396612,"TTC1":0.048918823921047225,"PPME1":-2.805066396454745,"ATG4C":0.7351380150921708,"AHCYL1":2.4644321156470035,"MRPL4":0.08487060796196753,"ZRANB2":0.6756871239916279,"FPGS":-1.3280395139237111,"HSPA8":-1.109637443395507,"THOP1":0.02940885591662527,"SMARCAL1":-0.22775361922156,"DPH2":-0.09480997959932481,"ARMC6":-0.48524082244245326,"PIP4K2B":-0.10188689438794236,"UBQLN4":-0.8030811948265619,"URI1":1.2017066710911226,"HIF1AN":-2.742432617019744,"RUVBL2":-0.9722641329357236,"MLH1":0.7588072184638813,"CASP6":-1.9297022507211885}},"Blast Percent":{"min":-11.0,"max":11.0,"top_text":"High Blast Percent Correlation","bottom_text":"Low Blast Percent Correlation","map":{"TCEAL1":2.450141058047358,"PTCD1":0.0,"MAX":3.7370163515861132,"CDK6":5.4197514506527105,"MLH1":3.224624335005127,"MAP2K2":-3.602719243730383,"UBQLN4":2.993854863159154,"FASN":-2.773053637227859,"NOC4L":3.883870343855653,"HSPBP1":-0.2241280572298988,"GTF3C5":2.6531087532755584,"EPDR1":2.91902579345498,"HSF1":2.794564368753496,"PRKACB":0.942789693246557,"GRWD1":1.544892315901263,"PIP4K2B":1.6304884107083821,"FOXK2":5.3700114225445255,"PIH1D1":-0.2920956062943704,"CASP6":2.9314318216000887,"PTPN23":2.0227476240387,"CUL4B":2.713559282626058,"TTC1":-0.32706654913550515,"HSPA8":-1.2026813871568238,"ARMC6":-0.23273222897789006,"RUVBL2":0.767955096938985,"DFFB":2.2630829899401865,"ZRANB2":2.9379533712566803,"THOP1":0.6376826348870737,"ZMYM3":5.232096884569037,"FLYWCH2":0.7429049429597,"THEM4":0.02022625233059862,"AHCYL1":-0.08523884362150562,"TRMT61A":2.66998512758434,"ATG4C":1.1605152095082918,"POLR1B":5.049578419417357,"PPME1":-0.38650760047604166,"SMARCAL1":3.6119165152053867,"FPGS":0.503057436701723,"WDR59":6.126976807072482,"STX17":3.106720655361131,"DPH2":1.3402582578676747,"TRIM28":3.596496680403605,"QRSL1":0.01787398790248764,"URI1":2.5638827785964624,"SGTA":-1.0234550640575506,"ERI3":2.130701014382282,"MRPL4":0.2417683084869882,"AHCYL2":1.0161093736578002,"ZNF428":0.2655798052752541,"POLR3D":4.116874978006413,"HIF1AN":-0.06529101898651275}},"NPM1 Subtype":{"min":-37.0,"max":37.0,"top_text":"Committed NPM1 Subtype","bottom_text":"Primative NPM1 Subtype","map":{"URI1":-7.002505100406153,"HSPBP1":-2.0682292963718223,"CDK6":-12.44362094950572,"GTF3C5":-2.8287759257279337,"GRWD1":-7.736483358827166,"DPH2":-5.381094046596018,"TRMT61A":-1.383734478078353,"UBQLN4":-18.318494245613046,"FASN":1.6067280803550188,"CUL4B":-9.059761812793415,"SGTA":-1.7815983575922651,"HIF1AN":-1.6480009091719292,"THOP1":-4.429368174510819,"POLR1B":-11.874413027382408,"MAX":-2.7953560058498668,"PTPN23":0.6514023444572463,"NOC4L":-7.560808817848318,"ATG4C":0.6293034101267693,"TCEAL1":-21.97736949085477,"MAP2K2":1.3839902251691674,"AHCYL2":-0.43332605496250337,"AHCYL1":2.502188396668042,"THEM4":-1.9495214649015702,"QRSL1":-2.8999020261515276,"HSPA8":-0.2149080663792353,"ZMYM3":-14.31475667647688,"SMARCAL1":-12.433576401032738,"FLYWCH2":-1.619064762401348,"TTC1":0.04486408836875206,"ERI3":-8.276495042005392,"EPDR1":-6.881552802424869,"ARMC6":0.024200394405897732,"MRPL4":-1.7460875405596334,"TRIM28":-19.651323646373296,"FPGS":-6.536594422223299,"WDR59":-8.561142735019638,"ZNF428":-4.739990486783401,"PPME1":-3.2183494175012552,"FOXK2":-4.952384608363583,"HSF1":-0.9862860295759129,"PTCD1":0.0,"PIP4K2B":-4.282173685708904,"ZRANB2":-4.884452147117817,"PRKACB":-5.095359294200253,"STX17":-9.299082337596868,"DFFB":-4.722815123334205,"RUVBL2":-5.734447525797664,"PIH1D1":-1.3134139264698825,"POLR3D":-13.719295331456909,"MLH1":-9.864552617386122,"CASP6":-10.770115830931584}},"Overall Survival":{"min":-6.0,"max":6.0,"top_text":"High Survival Correlation","bottom_text":"Low Survival Correlation","map":{"MAX":1.574169532559012,"DFFB":-0.25954186521457145,"FASN":-0.30592078093630487,"THEM4":-0.38986565675661283,"FLYWCH2":0.6303069307696708,"DPH2":0.6578952853647814,"EPDR1":0.18845690387962888,"HSPA8":-0.07295063683679716,"PTPN23":-0.7871918891209322,"POLR3D":-1.0546642865140277,"SMARCAL1":1.123421781046207,"ZNF428":0.06647030993027081,"UBQLN4":0.34005289426153024,"THOP1":-0.4944500281680033,"QRSL1":-0.2929095193568826,"PIP4K2B":0.6107105775715027,"STX17":0.018690495546874148,"NOC4L":0.1057978609979554,"HSF1":-0.15996383112036078,"PRKACB":-0.18302338836330123,"CASP6":-0.8922054346379761,"CUL4B":-0.11323587547740435,"ZRANB2":-0.7888366352077877,"PTCD1":0.0,"ARMC6":-0.1486924395641358,"PPME1":-3.031197751503044,"RUVBL2":-0.022029902592081773,"TRMT61A":-0.28196397263308814,"SGTA":-0.43180516125297713,"MRPL4":-0.4781784453320597,"FOXK2":-0.8996085394208106,"ATG4C":-0.11892734327618279,"MLH1":0.35911803807910864,"PIH1D1":-0.45926458497614997,"HSPBP1":-0.5842888451511276,"GTF3C5":0.5702015431600541,"POLR1B":-1.2828956136747198,"CDK6":-0.4017557252599916,"TCEAL1":0.0056397077153242485,"AHCYL2":-0.08067785161018962,"TTC1":0.40467216586544635,"URI1":-0.7423573163104307,"HIF1AN":-0.23037467781029938,"FPGS":-0.779859755788432,"GRWD1":0.08840206773468964,"ZMYM3":-0.0022091250309730468,"MAP2K2":0.24826667004508368,"TRIM28":0.01712886786621426,"ERI3":-0.7836991021340711,"AHCYL1":0.42355144750138457,"WDR59":-0.06856311471684166}},"MuSiC CD14 Mono":{"min":-50.0,"max":50.0,"top_text":"High CD14 Mono Correlation","bottom_text":"Low CD14 Mono Correlation","map":{"TCEAL1":-22.90052259189618,"QRSL1":-4.571413871138934,"PIH1D1":-2.291724653668238,"HIF1AN":-2.521061912623274,"FASN":1.7781359287249805,"DFFB":-3.614499094365928,"STX17":-9.619466727276226,"FLYWCH2":-0.9554803922239811,"AHCYL1":3.9720589316759214,"ZNF428":-4.047670967651841,"FOXK2":-7.197122200651659,"THEM4":-2.001839008219285,"CUL4B":-11.937587587752768,"PPME1":-6.545298878690638,"ZMYM3":-14.60444011047265,"PTCD1":0.0,"ERI3":-6.981224552447646,"MAX":-6.136772352988158,"ARMC6":-0.00666237676749748,"THOP1":-7.226849040564387,"AHCYL2":1.1527674602442575,"CASP6":-14.40539680974006,"PIP4K2B":-5.49211763622897,"ATG4C":0.027214012944877377,"SGTA":-3.711896762498943,"DPH2":-7.35702253827729,"MRPL4":-1.622063601415243,"GRWD1":-9.99231355019172,"NOC4L":-11.329841495973698,"PTPN23":1.9834535469911696,"TRMT61A":-0.7803756717950053,"MLH1":-10.442159927591605,"HSPBP1":-1.598196408703582,"HSF1":-0.8217605225082197,"URI1":-9.845568653640669,"PRKACB":-3.0538234774380957,"WDR59":-8.407833028373892,"POLR3D":-11.825685907737961,"CDK6":-15.668546576023608,"HSPA8":0.21490910916296246,"UBQLN4":-16.89974071123703,"FPGS":-8.92686172871625,"TRIM28":-23.59451698900753,"GTF3C5":-2.920148084506064,"ZRANB2":-4.323357164740768,"MAP2K2":3.718832057077152,"TTC1":-0.2789807462181976,"POLR1B":-11.959289000699536,"RUVBL2":-6.090350177200606,"EPDR1":-7.0386777251751615,"SMARCAL1":-12.978436501162294}},"Mutation FLT3 ITD":{"min":-10.0,"max":10.0,"top_text":"High FLT3 ITD Correlation","bottom_text":"Low FLT3 ITD Correlation","map":{"UBQLN4":0.09164611595931882,"URI1":1.8509428429398735,"PTCD1":0.0,"CDK6":-0.41547751481253276,"CASP6":-0.7741989476712904,"ZNF428":0.0798139144585979,"HSPBP1":-0.07886419543293606,"ERI3":0.35653139915167814,"DPH2":0.7222349774063193,