{"NPM1 Subtype":{"min":-37.0,"max":37.0,"top_text":"Committed NPM1 Subtype","bottom_text":"Primative NPM1 Subtype","map":{"XRCC4":7.297617920283141,"NFKB1":8.738027640904155,"FPR1":15.124582064372433,"ENTPD1":16.650573214140326,"PPP6C":3.751775604451568,"DOCK8":4.921237725756636,"KIF5B":10.263590632949407,"ANKFY1":15.213977348518682,"UBE2W":4.553964330663676,"CSK":12.73926275076637,"STX7":7.051363808817316,"ATXN3":0.13093517055610016,"RNF126":3.1480242722442666,"INPP4A":12.481642926174183,"SUN2":3.210196803616714,"ITGAL":21.476238153573288,"KIAA0930":19.226289565160933,"NPTN":5.3813604416668515,"GGA2":12.302202384539507,"GRB2":16.273473727153373,"ANKRD44":15.506870081862171,"STK4":9.446945091874564,"TBC1D1":12.780231716388087,"VPS45":4.720752836434468,"HCLS1":12.893095079771465,"ARHGAP30":17.653414341628068,"IKBKB":11.406536237545891,"CBL":18.932964507898838,"RASSF5":5.22598634489875,"RASSF2":9.183699616752786,"SH3KBP1":14.200916716020032,"UBE2E2":0.18596910377831263,"ZNRF2":5.35687006256056,"ARHGAP45":18.635075425973273,"PREX1":15.381702110690172,"FYB1":9.298005808763591,"SRGAP2":20.285019437264644,"CYLD":10.260379841657418,"PPP6R1":4.342246394487838,"NUMB":17.77536852286445,"DOCK10":17.198337477401846,"LY86":11.403846635184195,"XIAP":0.6991012419635648,"EEA1":14.480898350871051,"CYRIA":10.764874733739603,"NOTCH2":9.408320927578746,"STX12":15.641647455786988,"CRYBG1":16.95497540901859,"MYO5A":19.982006916822606,"TMEM30A":7.1436772207026,"PAK2":6.492887510911326}},"Blast Percent":{"min":-11.0,"max":11.0,"top_text":"High Blast Percent Correlation","bottom_text":"Low Blast Percent Correlation","map":{"HCLS1":-1.9933700266897372,"GRB2":-1.799443526639074,"ENTPD1":-1.6794955825214704,"TBC1D1":-0.9190466808440267,"ANKFY1":-3.644796267196812,"GGA2":-1.2382762391541968,"PPP6C":-4.640334669145118,"ATXN3":-0.9283273317280136,"STX7":-1.9700777977188588,"STK4":-1.0072288784779213,"VPS45":-1.8708814032197192,"NUMB":-1.116845425071068,"SRGAP2":-2.271507554984798,"NOTCH2":-0.21607225643762737,"CBL":-1.8041329373669555,"XIAP":0.886124688925818,"XRCC4":-0.2058373967685122,"NFKB1":-1.1174215302821393,"SH3KBP1":-2.289756491523073,"RASSF2":-0.2543109527315837,"NPTN":-2.8260057430168004,"ARHGAP45":-1.0543336451430547,"KIF5B":-0.3399552004438337,"UBE2W":-0.9194596240376789,"ARHGAP30":-1.3207982968138874,"PPP6R1":-2.4137659055634146,"IKBKB":-1.7778674678024418,"RASSF5":-0.8338625876187723,"KIAA0930":-2.3295515815832295,"CYRIA":0.18905725606556845,"UBE2E2":0.5301423669290684,"RNF126":-1.0166260694326237,"ZNRF2":-0.31778184682618615,"INPP4A":-1.3600755616798068,"PAK2":0.052649038376183475,"EEA1":-0.13528102848907306,"CYLD":-0.25838354960763066,"DOCK10":-1.9514294459775872,"ITGAL":-3.2244082185245357,"STX12":-3.541723828234016,"FYB1":-2.4943629546751485,"LY86":-0.4450624977936947,"ANKRD44":-1.9424202107704167,"PREX1":-0.5224768065072679,"CSK":-1.382275903739603,"MYO5A":-2.4183257269065077,"FPR1":-3.0308427383209424,"CRYBG1":-1.1335418245987838,"TMEM30A":-3.625093620624551,"SUN2":-0.06263042469974278,"DOCK8":0.5443815220769008}},"MuSiC CD14 Mono":{"min":-50.0,"max":50.0,"top_text":"High CD14 Mono Correlation","bottom_text":"Low CD14 Mono Correlation","map":{"KIAA0930":23.58216158222538,"STX12":18.814768919674385,"ITGAL":28.324966623220327,"LY86":9.466783408450729,"CSK":13.96531535718625,"MYO5A":21.59822196010653,"INPP4A":14.179258243659756,"XRCC4":8.391285739709836,"NOTCH2":14.135171732957991,"SH3KBP1":13.778617110124268,"NPTN":8.751692144433962,"STX7":7.278791771582772,"PPP6C":4.766792063697307,"IKBKB":13.754981567946231,"HCLS1":16.656866679957332,"FYB1":8.176259218428035,"EEA1":14.844218458881075,"ANKRD44":17.516548946410108,"PREX1":15.097170490051871,"CYLD":11.398854956898514,"ARHGAP45":24.9899149918335,"PPP6R1":4.095940260172839,"DOCK10":17.994828161577836,"ATXN3":1.6405882468988553,"RASSF2":15.80354129935725,"XIAP":1.5795152384652131,"DOCK8":5.494633529504347,"RNF126":3.780326820123535,"ZNRF2":3.8883337100973865,"CRYBG1":20.738047707788805,"RASSF5":5.660248276484809,"FPR1":24.1128360842872,"SUN2":2.6337953522251225,"TMEM30A":6.293225249643875,"CBL":19.518588068698016,"ANKFY1":21.715884593912985,"UBE2E2":0.09062764414000725,"NFKB1":9.45713808474592,"CYRIA":12.159620809790695,"KIF5B":10.60036068732707,"ENTPD1":17.27225854904485,"SRGAP2":20.86738302211996,"UBE2W":3.5366246331747773,"STK4":12.184406468173236,"PAK2":9.7614153648372,"NUMB":21.85047439427654,"GGA2":13.180711234796041,"VPS45":4.898001516647425,"GRB2":17.20549236045125,"TBC1D1":11.014608592354977,"ARHGAP30":21.301830479336605}},"Mutation NPM1":{"min":-30.0,"max":30.0,"top_text":"High NPM1 Correlation","bottom_text":"Low NPM1 Correlation","map":{"INPP4A":3.018251968879687,"PPP6R1":-1.4191194229269029,"IKBKB":-0.2530923931801148,"NFKB1":-0.28195840221434254,"UBE2E2":-1.3536702404786733,"NOTCH2":4.489691919748307,"KIF5B":0.716827507887224,"NUMB":1.2281728041784434,"CSK":0.9528336097970239,"FYB1":0.13222910429750484,"PAK2":-0.47543606371018027,"TMEM30A":-0.6791470804357239,"CBL":-0.9976313037172426,"DOCK8":1.4284645051817928,"KIAA0930":-0.5185646525241743,"MYO5A":-0.4165992815683833,"SUN2":0.12959286407771478,"SRGAP2":-0.21884590199474163,"FPR1":0.2704380823394476,"STK4":1.9401933448277442,"CYRIA":1.002314052833229,"XRCC4":3.4969595715545707,"CYLD":3.2468066728292015,"GRB2":0.03976063579371648,"ATXN3":0.5094843848576791,"ENTPD1":0.07105392339061299,"PREX1":-0.20094114492974988,"ITGAL":0.8609224410601551,"VPS45":0.39493733358528343,"DOCK10":0.178310579148414,"UBE2W":0.5534195794123689,"ARHGAP30":0.8700430709677675,"ANKFY1":0.20088806160959632,"ANKRD44":0.14535804217796622,"SH3KBP1":-0.37910257304798384,"EEA1":0.6122196509535499,"RASSF5":-0.162793608309904,"ZNRF2":-0.27354840660913754,"LY86":0.527195623078376,"RASSF2":3.9774914335653735,"CRYBG1":0.47435467696918937,"STX7":-1.4667243273059174,"XIAP":0.9969001549253139,"RNF126":0.7564219647210988,"HCLS1":0.7455127006592046,"ARHGAP45":0.8361432517201013,"PPP6C":-2.889281521164526,"STX12":0.5799153455234968,"TBC1D1":-1.4181074532863573,"NPTN":-0.2629323335872009,"GGA2":-0.4773784888426214}},"Mutation FLT3 ITD":{"min":-10.0,"max":10.0,"top_text":"High FLT3 ITD Correlation","bottom_text":"Low FLT3 ITD Correlation","map":{"RASSF5":-2.0757411643498154,"CYLD":0.5209011836531567,"ARHGAP30":-0.046081310524825385,"INPP4A":0.46473366778138964,"RNF126":1.0725805758339733,"SH3KBP1":-0.6099844261485831,"PPP6C":-2.5723267158397554,"FPR1":-0.1716659637125416,"UBE2W":-2.318210258876723,"SUN2":-0.008674293478208283,"ENTPD1":-0.8516763565032495,"CRYBG1":0.3159570035406974,"XRCC4":1.3940181386167796,"CBL":-2.0880097101636164,"ARHGAP45":-0.31428598942368563,"PPP6R1":-1.3101007155029964,"MYO5A":-0.5962863788146816,"STX12":-0.08834736474224723,"ATXN3":0.780004067839936,"NOTCH2":-0.3041710069128334,"VPS45":-0.012639223964203944,"PAK2":0.714041225782236,"RASSF2":2.0999802151621174,"FYB1":-1.591883635372687,"NUMB":-0.10362939111090118,"CSK":0.25613328241541566,"DOCK10":-0.5648226364204486,"ITGAL":0.24265602182163332,"LY86":-0.21980873210924676,"HCLS1":-0.1546291183568013,"TMEM30A":-1.4554748174661245,"STX7":-0.3143328177525132,"UBE2E2":-0.069060642548738,"SRGAP2":-0.3577452442144117,"GRB2":-0.11806133918238056,"ANKFY1":-0.10800257835010547,"NFKB1":-0.3844193768902665,"STK4":0.43998027024343617,"KIAA0930":-0.23538063404688847,"GGA2":-0.36588641443445824,"DOCK8":-0.3495929516435853,"IKBKB":-0.13683563680317842,"ZNRF2":-0.2119746955616584,"PREX1":-0.4198006206472135,"EEA1":-0.29781369779534406,"ANKRD44":-0.1258160925435239,"CYRIA":-0.3449471670409494,"XIAP":0.4709963954719037,"TBC1D1":-1.1288969253474326,"KIF5B":0.17741063224885942,"NPTN":-0.3681724811146946}},"Overall Survival":{"min":-6.0,"max":6.0,"top_text":"High Survival Correlation","bottom_text":"Low Survival Correlation","map":{"UBE2W":-0.24883166307435875,"IKBKB":0.30403427456258353,"EEA1":0.1517928673429128,"ARHGAP30":0.4556488122426129,"RASSF2":0.147981833696716,"PREX1":0.6801279886938615,"SUN2":3.302449879655201,