{"Mutation FLT3 ITD":{"min":-10.0,"max":10.0,"top_text":"High FLT3 ITD Correlation","bottom_text":"Low FLT3 ITD Correlation","map":{"GPS1":-1.4890496992430484,"HPRT1":0.16030616286860727,"SPAST":1.4015206080635996,"CLEC11A":0.27260488561642454,"RBMS1":0.31886987989758186,"CHMP2A":-0.4829029932335668,"GFI1":0.011078208899387583,"NUFIP2":1.0703803286125142,"ITPRID2":0.2750826393853694,"TLR8":-0.012883721601115625,"PRPSAP1":-0.2541926232249526,"KRAS":0.07625659147457894,"ZYG11B":-0.003453565150294713,"STAM2":2.3570794239212716,"CAPN2":0.18384206786218665,"MAFB":1.318170244251184,"UBE2D1":0.0,"GALC":-0.7203279976025811,"CHMP4B":-0.6269746267439624,"EPB41L3":0.3412511960323215,"LAMB2":1.4147343025370844,"LRP1":-0.17524403971057403,"AP3M1":0.6942566667261499,"TBCK":0.4606217515126252,"CD14":-0.19211856005111033,"PLPPR3":0.4747045095364928,"AP3B1":-0.2717058341719399,"MFSD10":-0.45959148635207664,"NACC2":-0.3987900206576237,"PRPSAP2":-1.9426476972965954,"AHNAK":1.936195072061582,"PLEC":0.39039400195161567,"ATP6V1F":0.2108291104912472,"PAPOLA":1.0035928904914448,"HSPA5":-0.5569495972062595,"PACS2":-0.4315374278398689,"SCYL2":1.5854453599768656,"AP3S1":-0.22184566289658977,"PEX6":0.8353791822799316,"IL17RA":-0.7096851775947619,"VTA1":-1.6723328401175213,"AP3D1":-0.12262254044100278,"ARHGDIA":-0.7941865786107286,"PRPS2":-0.2967323260030193,"PRPS1":-2.9909529205636103,"IPO9":-1.4816559229255195,"PANK4":-3.9854558715539885,"CUL2":-1.3828666995623367,"MBTPS1":-0.6543586185092419,"TACSTD2":0.0,"IGSF6":-0.010164300964797873}},"NPM1 Subtype":{"min":-37.0,"max":37.0,"top_text":"Committed NPM1 Subtype","bottom_text":"Primative NPM1 Subtype","map":{"PLPPR3":-1.6552020373051983,"HSPA5":5.471162936873546,"CHMP2A":6.830563856745675,"CUL2":1.336767534314438,"HPRT1":0.9933407704837638,"ITPRID2":5.661917336193205,"SPAST":5.176211498580371,"GALC":0.285658569607005,"GPS1":-0.4803765343875011,"ZYG11B":2.8718123032754916,"KRAS":6.744270177015504,"STAM2":5.698298091606378,"MAFB":11.348208818603966,"CLEC11A":0.0062926089722831246,"AP3D1":13.841814155808189,"CHMP4B":14.961101394093026,"PLEC":19.44646647538618,"IPO9":1.3180589299364192,"MFSD10":1.762251140296432,"TACSTD2":0.0,"SCYL2":-0.03766757638638341,"PRPS1":0.08735990524280479,"AHNAK":8.715866106867677,"LAMB2":-1.6291590680620787,"PRPS2":0.8736661052578496,"UBE2D1":0.0,"AP3B1":14.82272629478956,"RBMS1":7.626614945270684,"TBCK":4.281440552672362,"IL17RA":15.036429700586773,"VTA1":1.8938173303289894,"GFI1":-3.621446118626166,"PANK4":2.7459708761422403,"PEX6":-0.2910969672008568,"PACS2":4.208979814701271,"PAPOLA":-1.0311244389815064,"NUFIP2":4.628433883975153,"LRP1":31.6657276321637,"TLR8":33.143119765919366,"PRPSAP2":-0.42802562898863034,"PRPSAP1":2.3246520710536633,"AP3S1":14.432198839000735,"NACC2":8.96863495006149,"ATP6V1F":8.846734781333087,"CD14":26.81407849171288,"CAPN2":18.330086346619684,"IGSF6":32.194183293984075,"ARHGDIA":12.965197759518935,"MBTPS1":0.08509415018355618,"EPB41L3":11.629988300448083,"AP3M1":7.538076606514288}},"MuSiC CD14 Mono":{"min":-50.0,"max":50.0,"top_text":"High CD14 Mono Correlation","bottom_text":"Low CD14 Mono Correlation","map":{"EPB41L3":15.28031390284737,"GFI1":-3.9274687949229237,"TACSTD2":0.0,"AP3B1":17.433991339930415,"HPRT1":1.7847805512298123,"PRPSAP2":-0.5512344735728644,"CLEC11A":-0.25546666872030815,"PLPPR3":-1.2676120069375836,"PEX6":-0.1793359822877532,"CHMP2A":11.07036490408461,"IL17RA":15.698120922361307,"VTA1":3.16586724307682,"MAFB":16.6299236921064,"AHNAK":9.114723368547178,"SCYL2":0.26944047409165667,"NUFIP2":3.85759875446223,"CUL2":3.6143691229224224,"CAPN2":19.93090707061585,"NACC2":11.644265658627058,"ARHGDIA":13.09137818636643,"PACS2":7.1586097199710474,"PRPSAP1":3.538228836889811,"ATP6V1F":12.809566995221427,"MBTPS1":-0.006142608740474696,"RBMS1":8.627284823366258,"ZYG11B":5.73483084621121,"LRP1":38.91544560323843,"GPS1":-0.3572703712803937,"AP3M1":11.588994597616034,"STAM2":10.926267644769036,"TBCK":3.748243148670413,"LAMB2":-1.8941249304305103,"GALC":0.012689456654189416,"CD14":36.76744024455036,"TLR8":48.240138500737594,"IGSF6":43.77765471171112,"AP3D1":18.321180480706836,"MFSD10":1.6407974885340306,"AP3S1":15.221854479702317,"KRAS":10.118181926267097,"UBE2D1":0.0,"ITPRID2":7.985532915446548,"CHMP4B":17.825615272255245,"PANK4":6.366418768090444,"HSPA5":4.97179697442953,"SPAST":7.094959629095197,"PRPS2":0.7952204051705511,"IPO9":1.786006002384883,"PAPOLA":-0.6892920959557493,"PLEC":24.45724582910285,"PRPS1":-0.32367028748375465}},"Blast Percent":{"min":-11.0,"max":11.0,"top_text":"High Blast Percent Correlation","bottom_text":"Low Blast Percent Correlation","map":{"AP3S1":-2.1147192876726,"UBE2D1":0.0,"STAM2":-0.6713380748392511,"PRPSAP1":-1.7444242782624022,"PLPPR3":-0.007886954507294259,"MFSD10":-1.1792346764026722,"AP3M1":-0.32576122754156334,"CHMP4B":-4.09547560925909,"PRPS1":-2.0934964180386,"RBMS1":-0.17970417489603216,"GFI1":1.7997113172975021,"AP3B1":-2.1997637469573816,"MAFB":-0.710311753034598,"SCYL2":-0.028664307200413092,"CLEC11A":0.4540717866495244,"LRP1":-4.171799497621999,"GALC":-0.8488985448016185,"TLR8":-4.162279905677805,"AHNAK":0.4641908640782172,"CUL2":-2.087471471563317,"ATP6V1F":-3.856239488993906,"ARHGDIA":-1.7154710652155942,"TACSTD2":0.0,"MBTPS1":-0.5618779191571011,"CHMP2A":-6.605151556170215,"HSPA5":-2.6282094107148257,"VTA1":-2.6700128433451065,"IL17RA":-0.8399715377597017,"PAPOLA":1.5402637609613334,"HPRT1":-0.8512865192324124,"PACS2":-0.9728019957426266,"AP3D1":-1.9911543053873106,"IGSF6":-6.064146327082331,"PRPS2":-0.772430437501643,"PRPSAP2":-0.49668289326519155,"ZYG11B":-3.2613930461654683,"GPS1":-1.7050674893529298,"IPO9":-5.792400235445854,"KRAS":-2.1693013764878573,"PLEC":-1.7408485955401931,"SPAST":-0.1633829837937478,"EPB41L3":-3.7194701817005456,"PANK4":-3.17229326097943,"ITPRID2":0.09623234791958897,"LAMB2":0.0610630557541017,"TBCK":-0.8247682451139333,"NUFIP2":0.1018579873256032,"NACC2":-0.5971795410348845,"PEX6":-0.16304360770892723,"CD14":-3.8561023156161527,"CAPN2":-1.28746202512261}},"Overall Survival":{"min":-6.0,"max":6.0,"top_text":"High Survival Correlation","bottom_text":"Low Survival Correlation","map":{"MFSD10":0.00871731112896009,"PRPS2":-0.6640062925098099,"HSPA5":-0.34616600396811514,"PACS2":0.14210544780138745,"AP3S1":0.24961271122214054,"RBMS1":-0.9866254562025891,"CUL2":-0.151290640702952,"PLPPR3":0.9308306702820609,"CHMP2A":0.1335160388213157,"IL17RA":0.3375888550375257,"EPB41L3":0.34504026541408106,"VTA1":0.657541435084354,"TBCK":-0.3807094972107316,"NUFIP2":0.26459316985840114,"LRP1":-0.12504985072056685,"PEX6":0.07549147017875144,"AP3D1":0.06570090106688503,"CAPN2":0.6090870469572697,"PRPSAP2":-0.27714143808249825,"MAFB":0.12068739060165312,"ARHGDIA":0.3203229696456129,"LAMB2":-0.49647291682853434,"KRAS":0.32504972471163424,"UBE2D1":0.0,"TLR8":-0.1729226712594077,"ATP6V1F":-0.3370212252869361,"PAPOLA":-0.5593969827114949,"HPRT1":-1.4183502751593104,"PANK4":0.012386337972361485,"PLEC":-0.049794416499835396,"PRPS1":-0.7540941258826764,"IPO9":-0.21860513967938197,"GPS1":-0.6943687510044153,"PRPSAP1":-0.12593332573243018,"IGSF6":-0.1470602874198284,"MBTPS1":-0.11839824733892661,"CD14":0.09774012993357803,"CLEC11A":0.03232869451043911,"AP3M1":0.5218844287614766,"ITPRID2":-0.34264505762303643,"CHMP4B":0.08966193312235235,"TACSTD2":0.0,"STAM2":-0.036636620678676936,"AP3B1":-0.0899923061616714,"ZYG11B":0.12694068525587385,"SCYL2":-0.06231533550620665,"GALC":0.3770789081063941,"AHNAK":0.12630329616322175,"NACC2":0.0033382672830486325,"SPAST":0.6465898104498089,"GFI1":-0.3469989643583201}},"Mutation NPM1":{"min":-30.0,"max":30.0,"top_text":"High NPM1 Correlation","bottom_text":"Low NPM1 Correlation","map":{"KRAS":0.3120119779791907,"AP3S1":0.5626363739750216,"HSPA5":-1.4044340475369372,"PEX6":5.182755413182593,"ARHGDIA":-0.5313651619137226,"GALC":-2.7025991141133474,"PAPOLA":1.8847931025984768,"AP3D1":1.3139884190167803,"ATP6V1F":0.7467859587369279,"SPAST":5.780122823986852,"TBCK":4.4671683410211,